run_id,dataset,variant,big_window_s,split_protocol,split_seed,split_fingerprint,eval_side,n_classes,model,feature_config,window,seq_len,n_features,training_seed,batch_size,n_flows_train,n_flows_val,metric_state,best_epoch,eval_seed,selection_state_entries,weighted_loss,deterministic,grad_clip_max_norm,grad_norm_max,grad_pct_clipped,epochs_run,train_macro_f1,val_macro_f1_best,flow_acc,flow_macro_f1,flow_per_f1,flow_per_precision,flow_per_recall,flow_support,class_weights,train_counts,params,checkpoint,checkpoint_bytes,runtime_s,status,error,environment,finished
VNAT_1s_tcpdur_random70_stratified_flowlevel_splitseed42_3feat_timesnet_20ms_seed0,VNAT,VNAT_5s_tcp_duration,1,random70_stratified_flowlevel_splitseed42,42,8894961661c52ef7,Validation,4,timesnet,3feat,20ms,51,3,0,256,1694,727,best_val,20,12345,0,True,True,1.0,7.0228,90.73,37,90.3075,92.6928,94.6355,92.6928,"{""Chat"": 94.34, ""Control"": 94.681, ""File Transfer"": 86.111, ""Streaming"": 95.64}","{""Chat"": 90.361, ""Control"": 91.282, ""File Transfer"": 96.875, ""Streaming"": 98.503}","{""Chat"": 98.684, ""Control"": 98.343, ""File Transfer"": 77.5, ""Streaming"": 92.938}","{""Chat"": 152, ""Control"": 181, ""File Transfer"": 40, ""Streaming"": 354}","{""Chat"": 1.199717, ""Control"": 1.001182, ""File Transfer"": 4.553763, ""Streaming"": 0.513333}","{""Chat"": 353, ""Control"": 423, ""File Transfer"": 93, ""Streaming"": 825}",9388036,checkpoints/VNAT_1s_tcp_duration_3feat_seed0/VNAT_1s_tcpdur_random70_stratified_flowlevel_splitseed42_3feat_timesnet_20ms_seed0.pth,38861570,47.5,OK,,"{""torch"": ""2.4.1+cu121"", ""cuda"": ""12.1"", ""gpu"": ""NVIDIA RTX A4500"", ""numpy"": ""1.26.0"", ""python"": ""3.10.12"", ""deterministic"": true, ""grad_clip_max_norm"": 1.0, ""CUBLAS_WORKSPACE_CONFIG"": "":4096:8"", ""CUDA_VISIBLE_DEVICES"": ""0""}",2026-08-21T20:41:45
VNAT_1s_tcpdur_random70_stratified_flowlevel_splitseed42_3feat_timesnet_20ms_seed1,VNAT,VNAT_5s_tcp_duration,1,random70_stratified_flowlevel_splitseed42,42,8894961661c52ef7,Validation,4,timesnet,3feat,20ms,51,3,1,256,1694,727,best_val,15,12345,0,True,True,1.0,9.2011,93.09,31,87.2148,90.7303,92.7098,90.7303,"{""Chat"": 91.793, ""Control"": 93.834, ""File Transfer"": 83.784, ""Streaming"": 93.51}","{""Chat"": 85.311, ""Control"": 91.146, ""File Transfer"": 91.176, ""Streaming"": 97.84}","{""Chat"": 99.342, ""Control"": 96.685, ""File Transfer"": 77.5, ""Streaming"": 89.548}","{""Chat"": 152, ""Control"": 181, ""File Transfer"": 40, ""Streaming"": 354}","{""Chat"": 1.199717, ""Control"": 1.001182, ""File Transfer"": 4.553763, ""Streaming"": 0.513333}","{""Chat"": 353, ""Control"": 423, ""File Transfer"": 93, ""Streaming"": 825}",9388036,checkpoints/VNAT_1s_tcp_duration_3feat_seed1/VNAT_1s_tcpdur_random70_stratified_flowlevel_splitseed42_3feat_timesnet_20ms_seed1.pth,38861570,39.7,OK,,"{""torch"": ""2.4.1+cu121"", ""cuda"": ""12.1"", ""gpu"": ""NVIDIA RTX A4500"", ""numpy"": ""1.26.0"", ""python"": ""3.10.12"", ""deterministic"": true, ""grad_clip_max_norm"": 1.0, ""CUBLAS_WORKSPACE_CONFIG"": "":4096:8"", ""CUDA_VISIBLE_DEVICES"": ""0""}",2026-08-21T20:42:25
VNAT_1s_tcpdur_random70_stratified_flowlevel_splitseed42_3feat_timesnet_20ms_seed2,VNAT,VNAT_5s_tcp_duration,1,random70_stratified_flowlevel_splitseed42,42,8894961661c52ef7,Validation,4,timesnet,3feat,20ms,51,3,2,256,1694,727,best_val,23,12345,0,True,True,1.0,6.0259,88.57,35,90.1706,93.3147,93.9477,93.3147,"{""Chat"": 91.743, ""Control"": 94.933, ""File Transfer"": 91.892, ""Streaming"": 94.69}","{""Chat"": 85.714, ""Control"": 91.753, ""File Transfer"": 100.0, ""Streaming"": 99.074}","{""Chat"": 98.684, ""Control"": 98.343, ""File Transfer"": 85.0, ""Streaming"": 90.678}","{""Chat"": 152, ""Control"": 181, ""File Transfer"": 40, ""Streaming"": 354}","{""Chat"": 1.199717, ""Control"": 1.001182, ""File Transfer"": 4.553763, ""Streaming"": 0.513333}","{""Chat"": 353, ""Control"": 423, ""File Transfer"": 93, ""Streaming"": 825}",9388036,checkpoints/VNAT_1s_tcp_duration_3feat_seed2/VNAT_1s_tcpdur_random70_stratified_flowlevel_splitseed42_3feat_timesnet_20ms_seed2.pth,38861570,44.5,OK,,"{""torch"": ""2.4.1+cu121"", ""cuda"": ""12.1"", ""gpu"": ""NVIDIA RTX A4500"", ""numpy"": ""1.26.0"", ""python"": ""3.10.12"", ""deterministic"": true, ""grad_clip_max_norm"": 1.0, ""CUBLAS_WORKSPACE_CONFIG"": "":4096:8"", ""CUDA_VISIBLE_DEVICES"": ""0""}",2026-08-21T20:43:10
VNAT_1s_tcpdur_random70_stratified_flowlevel_splitseed42_3feat_informer_20ms_seed0,VNAT,VNAT_5s_tcp_duration,1,random70_stratified_flowlevel_splitseed42,42,8894961661c52ef7,Validation,4,informer,3feat,20ms,51,3,0,64,1694,727,best_val,12,12345,0,True,True,1.0,25.015,96.3,27,94.561,95.1209,96.4237,94.8087,"{""Chat"": 95.238, ""Control"": 96.685, ""File Transfer"": 89.744, ""Streaming"": 97.568}","{""Chat"": 92.025, ""Control"": 96.685, ""File Transfer"": 92.105, ""Streaming"": 98.841}","{""Chat"": 98.684, ""Control"": 96.685, ""File Transfer"": 87.5, ""Streaming"": 96.328}","{""Chat"": 152, ""Control"": 181, ""File Transfer"": 40, ""Streaming"": 354}","{""Chat"": 1.199717, ""Control"": 1.001182, ""File Transfer"": 4.553763, ""Streaming"": 0.513333}","{""Chat"": 353, ""Control"": 423, ""File Transfer"": 93, ""Streaming"": 825}",2728965,checkpoints/VNAT_1s_tcp_duration_3feat_seed0/VNAT_1s_tcpdur_random70_stratified_flowlevel_splitseed42_3feat_informer_20ms_seed0.pth,21199874,29.1,OK,,"{""torch"": ""2.4.1+cu121"", ""cuda"": ""12.1"", ""gpu"": ""NVIDIA RTX A4500"", ""numpy"": ""1.26.0"", ""python"": ""3.10.12"", ""deterministic"": true, ""grad_clip_max_norm"": 1.0, ""CUBLAS_WORKSPACE_CONFIG"": "":4096:8"", ""CUDA_VISIBLE_DEVICES"": ""0""}",2026-08-21T20:43:39
VNAT_1s_tcpdur_random70_stratified_flowlevel_splitseed42_3feat_informer_20ms_seed1,VNAT,VNAT_5s_tcp_duration,1,random70_stratified_flowlevel_splitseed42,42,8894961661c52ef7,Validation,4,informer,3feat,20ms,51,3,1,64,1694,727,best_val,11,12345,0,True,True,1.0,27.8681,94.44,32,93.5228,94.959,95.8735,94.8171,"{""Chat"": 94.34, ""Control"": 96.216, ""File Transfer"": 91.892, ""Streaming"": 96.821}","{""Chat"": 90.361, ""Control"": 94.18, ""File Transfer"": 100.0, ""Streaming"": 99.112}","{""Chat"": 98.684, ""Control"": 98.343, ""File Transfer"": 85.0, ""Streaming"": 94.633}","{""Chat"": 152, ""Control"": 181, ""File Transfer"": 40, ""Streaming"": 354}","{""Chat"": 1.199717, ""Control"": 1.001182, ""File Transfer"": 4.553763, ""Streaming"": 0.513333}","{""Chat"": 353, ""Control"": 423, ""File Transfer"": 93, ""Streaming"": 825}",2728965,checkpoints/VNAT_1s_tcp_duration_3feat_seed1/VNAT_1s_tcpdur_random70_stratified_flowlevel_splitseed42_3feat_informer_20ms_seed1.pth,21199874,38.2,OK,,"{""torch"": ""2.4.1+cu121"", ""cuda"": ""12.1"", ""gpu"": ""NVIDIA RTX A4500"", ""numpy"": ""1.26.0"", ""python"": ""3.10.12"", ""deterministic"": true, ""grad_clip_max_norm"": 1.0, ""CUBLAS_WORKSPACE_CONFIG"": "":4096:8"", ""CUDA_VISIBLE_DEVICES"": ""2""}",2026-08-21T20:45:03
VNAT_1s_tcpdur_random70_stratified_flowlevel_splitseed42_3feat_informer_20ms_seed2,VNAT,VNAT_5s_tcp_duration,1,random70_stratified_flowlevel_splitseed42,42,8894961661c52ef7,Validation,4,informer,3feat,20ms,51,3,2,64,1694,727,best_val,21,12345,0,True,True,1.0,21.9368,100.0,29,93.0392,94.1528,94.6355,93.1129,"{""Chat"": 93.75, ""Control"": 94.624, ""File Transfer"": 88.312, ""Streaming"": 95.766}","{""Chat"": 89.286, ""Control"": 92.147, ""File Transfer"": 91.892, ""Streaming"": 99.094}","{""Chat"": 98.684, ""Control"": 97.238, ""File Transfer"": 85.0, ""Streaming"": 92.655}","{""Chat"": 152, ""Control"": 181, ""File Transfer"": 40, ""Streaming"": 354}","{""Chat"": 1.199717, ""Control"": 1.001182, ""File Transfer"": 4.553763, ""Streaming"": 0.513333}","{""Chat"": 353, ""Control"": 423, ""File Transfer"": 93, ""Streaming"": 825}",2728965,checkpoints/VNAT_1s_tcp_duration_3feat_seed2/VNAT_1s_tcpdur_random70_stratified_flowlevel_splitseed42_3feat_informer_20ms_seed2.pth,21199874,33.0,OK,,"{""torch"": ""2.4.1+cu121"", ""cuda"": ""12.1"", ""gpu"": ""NVIDIA RTX A4500"", ""numpy"": ""1.26.0"", ""python"": ""3.10.12"", ""deterministic"": true, ""grad_clip_max_norm"": 1.0, ""CUBLAS_WORKSPACE_CONFIG"": "":4096:8"", ""CUDA_VISIBLE_DEVICES"": ""2""}",2026-08-21T20:45:36
VNAT_1s_tcpdur_random70_stratified_flowlevel_splitseed42_3feat_nst_20ms_seed0,VNAT,VNAT_5s_tcp_duration,1,random70_stratified_flowlevel_splitseed42,42,8894961661c52ef7,Validation,4,nst,3feat,20ms,51,3,0,64,1694,727,best_val,16,12345,0,True,True,1.0,13.6096,100.0,26,90.9939,93.2669,94.6355,93.2669,"{""Chat"": 92.308, ""Control"": 95.957, ""File Transfer"": 89.189, ""Streaming"": 95.614}","{""Chat"": 86.705, ""Control"": 93.684, ""File Transfer"": 97.059, ""Streaming"": 99.091}","{""Chat"": 98.684, ""Control"": 98.343, ""File Transfer"": 82.5, ""Streaming"": 92.373}","{""Chat"": 152, ""Control"": 181, ""File Transfer"": 40, ""Streaming"": 354}","{""Chat"": 1.199717, ""Control"": 1.001182, ""File Transfer"": 4.553763, ""Streaming"": 0.513333}","{""Chat"": 353, ""Control"": 423, ""File Transfer"": 93, ""Streaming"": 825}",135990,checkpoints/VNAT_1s_tcp_duration_3feat_seed0/VNAT_1s_tcpdur_random70_stratified_flowlevel_splitseed42_3feat_nst_20ms_seed0.pth,1851978,28.7,OK,,"{""torch"": ""2.4.1+cu121"", ""cuda"": ""12.1"", ""gpu"": ""NVIDIA RTX A4500"", ""numpy"": ""1.26.0"", ""python"": ""3.10.12"", ""deterministic"": true, ""grad_clip_max_norm"": 1.0, ""CUBLAS_WORKSPACE_CONFIG"": "":4096:8"", ""CUDA_VISIBLE_DEVICES"": ""2""}",2026-08-21T20:46:05
VNAT_1s_tcpdur_random70_stratified_flowlevel_splitseed42_3feat_nst_20ms_seed1,VNAT,VNAT_5s_tcp_duration,1,random70_stratified_flowlevel_splitseed42,42,8894961661c52ef7,Validation,4,nst,3feat,20ms,51,3,1,64,1694,727,best_val,15,12345,0,True,True,1.0,12.9204,100.0,26,90.7014,93.6129,95.0481,93.6129,"{""Chat"": 93.75, ""Control"": 95.442, ""File Transfer"": 89.189, ""Streaming"": 96.07}","{""Chat"": 89.286, ""Control"": 92.708, ""File Transfer"": 97.059, ""Streaming"": 99.099}","{""Chat"": 98.684, ""Control"": 98.343, ""File Transfer"": 82.5, ""Streaming"": 93.22}","{""Chat"": 152, ""Control"": 181, ""File Transfer"": 40, ""Streaming"": 354}","{""Chat"": 1.199717, ""Control"": 1.001182, ""File Transfer"": 4.553763, ""Streaming"": 0.513333}","{""Chat"": 353, ""Control"": 423, ""File Transfer"": 93, ""Streaming"": 825}",135990,checkpoints/VNAT_1s_tcp_duration_3feat_seed1/VNAT_1s_tcpdur_random70_stratified_flowlevel_splitseed42_3feat_nst_20ms_seed1.pth,1851978,28.0,OK,,"{""torch"": ""2.4.1+cu121"", ""cuda"": ""12.1"", ""gpu"": ""NVIDIA RTX A4500"", ""numpy"": ""1.26.0"", ""python"": ""3.10.12"", ""deterministic"": true, ""grad_clip_max_norm"": 1.0, ""CUBLAS_WORKSPACE_CONFIG"": "":4096:8"", ""CUDA_VISIBLE_DEVICES"": ""2""}",2026-08-21T20:46:33
VNAT_1s_tcpdur_random70_stratified_flowlevel_splitseed42_3feat_nst_20ms_seed2,VNAT,VNAT_5s_tcp_duration,1,random70_stratified_flowlevel_splitseed42,42,8894961661c52ef7,Validation,4,nst,3feat,20ms,51,3,2,64,1694,727,best_val,13,12345,0,True,True,1.0,10.8365,100.0,26,90.7117,92.537,93.6726,92.537,"{""Chat"": 91.743, ""Control"": 94.681, ""File Transfer"": 89.189, ""Streaming"": 94.535}","{""Chat"": 85.714, ""Control"": 91.282, ""File Transfer"": 97.059, ""Streaming"": 99.071}","{""Chat"": 98.684, ""Control"": 98.343, ""File Transfer"": 82.5, ""Streaming"": 90.395}","{""Chat"": 152, ""Control"": 181, ""File Transfer"": 40, ""Streaming"": 354}","{""Chat"": 1.199717, ""Control"": 1.001182, ""File Transfer"": 4.553763, ""Streaming"": 0.513333}","{""Chat"": 353, ""Control"": 423, ""File Transfer"": 93, ""Streaming"": 825}",135990,checkpoints/VNAT_1s_tcp_duration_3feat_seed2/VNAT_1s_tcpdur_random70_stratified_flowlevel_splitseed42_3feat_nst_20ms_seed2.pth,1851978,29.3,OK,,"{""torch"": ""2.4.1+cu121"", ""cuda"": ""12.1"", ""gpu"": ""NVIDIA RTX A4500"", ""numpy"": ""1.26.0"", ""python"": ""3.10.12"", ""deterministic"": true, ""grad_clip_max_norm"": 1.0, ""CUBLAS_WORKSPACE_CONFIG"": "":4096:8"", ""CUDA_VISIBLE_DEVICES"": ""2""}",2026-08-21T20:47:02
VNAT_1s_tcpdur_random70_stratified_flowlevel_splitseed42_3feat_autoformer_20ms_seed0,VNAT,VNAT_5s_tcp_duration,1,random70_stratified_flowlevel_splitseed42,42,8894961661c52ef7,Validation,4,autoformer,3feat,20ms,51,3,0,256,1694,727,best_val,15,12345,0,True,True,1.0,4.8762,100.0,28,86.7566,82.695,85.0069,82.695,"{""Chat"": 65.823, ""Control"": 93.143, ""File Transfer"": 84.615, ""Streaming"": 87.199}","{""Chat"": 91.765, ""Control"": 96.45, ""File Transfer"": 86.842, ""Streaming"": 79.08}","{""Chat"": 51.316, ""Control"": 90.055, ""File Transfer"": 82.5, ""Streaming"": 97.175}","{""Chat"": 152, ""Control"": 181, ""File Transfer"": 40, ""Streaming"": 354}","{""Chat"": 1.199717, ""Control"": 1.001182, ""File Transfer"": 4.553763, ""Streaming"": 0.513333}","{""Chat"": 353, ""Control"": 423, ""File Transfer"": 93, ""Streaming"": 825}",112900,checkpoints/VNAT_1s_tcp_duration_3feat_seed0/VNAT_1s_tcpdur_random70_stratified_flowlevel_splitseed42_3feat_autoformer_20ms_seed0.pth,1749090,11.6,OK,,"{""torch"": ""2.4.1+cu121"", ""cuda"": ""12.1"", ""gpu"": ""NVIDIA RTX A4500"", ""numpy"": ""1.26.0"", ""python"": ""3.10.12"", ""deterministic"": true, ""grad_clip_max_norm"": 1.0, ""CUBLAS_WORKSPACE_CONFIG"": "":4096:8"", ""CUDA_VISIBLE_DEVICES"": ""2""}",2026-08-21T20:47:14
VNAT_1s_tcpdur_random70_stratified_flowlevel_splitseed42_3feat_autoformer_20ms_seed1,VNAT,VNAT_5s_tcp_duration,1,random70_stratified_flowlevel_splitseed42,42,8894961661c52ef7,Validation,4,autoformer,3feat,20ms,51,3,1,256,1694,727,best_val,16,12345,0,True,True,1.0,5.6922,100.0,29,86.2456,84.0492,86.795,84.0492,"{""Chat"": 74.603, ""Control"": 92.877, ""File Transfer"": 80.0, ""Streaming"": 88.716}","{""Chat"": 94.0, ""Control"": 95.882, ""File Transfer"": 80.0, ""Streaming"": 82.014}","{""Chat"": 61.842, ""Control"": 90.055, ""File Transfer"": 80.0, ""Streaming"": 96.61}","{""Chat"": 152, ""Control"": 181, ""File Transfer"": 40, ""Streaming"": 354}","{""Chat"": 1.199717, ""Control"": 1.001182, ""File Transfer"": 4.553763, ""Streaming"": 0.513333}","{""Chat"": 353, ""Control"": 423, ""File Transfer"": 93, ""Streaming"": 825}",112900,checkpoints/VNAT_1s_tcp_duration_3feat_seed1/VNAT_1s_tcpdur_random70_stratified_flowlevel_splitseed42_3feat_autoformer_20ms_seed1.pth,1749090,11.8,OK,,"{""torch"": ""2.4.1+cu121"", ""cuda"": ""12.1"", ""gpu"": ""NVIDIA RTX A4500"", ""numpy"": ""1.26.0"", ""python"": ""3.10.12"", ""deterministic"": true, ""grad_clip_max_norm"": 1.0, ""CUBLAS_WORKSPACE_CONFIG"": "":4096:8"", ""CUDA_VISIBLE_DEVICES"": ""2""}",2026-08-21T20:47:26
VNAT_1s_tcpdur_random70_stratified_flowlevel_splitseed42_3feat_autoformer_20ms_seed2,VNAT,VNAT_5s_tcp_duration,1,random70_stratified_flowlevel_splitseed42,42,8894961661c52ef7,Validation,4,autoformer,3feat,20ms,51,3,2,256,1694,727,best_val,13,12345,0,True,True,1.0,5.4844,100.0,28,86.7216,88.5325,90.0963,88.5325,"{""Chat"": 83.088, ""Control"": 92.877, ""File Transfer"": 86.486, ""Streaming"": 91.678}","{""Chat"": 94.167, ""Control"": 95.882, ""File Transfer"": 94.118, ""Streaming"": 86.104}","{""Chat"": 74.342, ""Control"": 90.055, ""File Transfer"": 80.0, ""Streaming"": 98.023}","{""Chat"": 152, ""Control"": 181, ""File Transfer"": 40, ""Streaming"": 354}","{""Chat"": 1.199717, ""Control"": 1.001182, ""File Transfer"": 4.553763, ""Streaming"": 0.513333}","{""Chat"": 353, ""Control"": 423, ""File Transfer"": 93, ""Streaming"": 825}",112900,checkpoints/VNAT_1s_tcp_duration_3feat_seed2/VNAT_1s_tcpdur_random70_stratified_flowlevel_splitseed42_3feat_autoformer_20ms_seed2.pth,1749090,11.5,OK,,"{""torch"": ""2.4.1+cu121"", ""cuda"": ""12.1"", ""gpu"": ""NVIDIA RTX A4500"", ""numpy"": ""1.26.0"", ""python"": ""3.10.12"", ""deterministic"": true, ""grad_clip_max_norm"": 1.0, ""CUBLAS_WORKSPACE_CONFIG"": "":4096:8"", ""CUDA_VISIBLE_DEVICES"": ""2""}",2026-08-21T20:47:38
VNAT_1s_tcpdur_random70_stratified_flowlevel_splitseed42_3feat_fedformer_20ms_seed0,VNAT,VNAT_5s_tcp_duration,1,random70_stratified_flowlevel_splitseed42,42,8894961661c52ef7,Validation,4,fedformer,3feat,20ms,51,3,0,256,1694,727,best_val,35,12345,4,True,True,1.0,6.9798,85.99,51,92.3777,91.6382,93.1224,91.6382,"{""Chat"": 91.018, ""Control"": 94.681, ""File Transfer"": 86.842, ""Streaming"": 94.012}","{""Chat"": 83.516, ""Control"": 91.282, ""File Transfer"": 91.667, ""Streaming"": 100.0}","{""Chat"": 100.0, ""Control"": 98.343, ""File Transfer"": 82.5, ""Streaming"": 88.701}","{""Chat"": 152, ""Control"": 181, ""File Transfer"": 40, ""Streaming"": 354}","{""Chat"": 1.199717, ""Control"": 1.001182, ""File Transfer"": 4.553763, ""Streaming"": 0.513333}","{""Chat"": 353, ""Control"": 423, ""File Transfer"": 93, ""Streaming"": 825}",280197,checkpoints/VNAT_1s_tcp_duration_3feat_seed0/VNAT_1s_tcpdur_random70_stratified_flowlevel_splitseed42_3feat_fedformer_20ms_seed0.pth,3716779,93.6,OK,,"{""torch"": ""2.4.1+cu121"", ""cuda"": ""12.1"", ""gpu"": ""NVIDIA RTX A4500"", ""numpy"": ""1.26.0"", ""python"": ""3.10.12"", ""deterministic"": true, ""grad_clip_max_norm"": 1.0, ""CUBLAS_WORKSPACE_CONFIG"": "":4096:8"", ""CUDA_VISIBLE_DEVICES"": ""2""}",2026-08-21T20:49:11
VNAT_1s_tcpdur_random70_stratified_flowlevel_splitseed42_3feat_fedformer_20ms_seed1,VNAT,VNAT_5s_tcp_duration,1,random70_stratified_flowlevel_splitseed42,42,8894961661c52ef7,Validation,4,fedformer,3feat,20ms,51,3,1,256,1694,727,best_val,46,12345,4,True,True,1.0,6.2447,83.81,60,92.6398,92.2842,93.6726,92.2842,"{""Chat"": 91.515, ""Control"": 94.34, ""File Transfer"": 88.312, ""Streaming"": 94.97}","{""Chat"": 84.831, ""Control"": 92.105, ""File Transfer"": 91.892, ""Streaming"": 99.689}","{""Chat"": 99.342, ""Control"": 96.685, ""File Transfer"": 85.0, ""Streaming"": 90.678}","{""Chat"": 152, ""Control"": 181, ""File Transfer"": 40, ""Streaming"": 354}","{""Chat"": 1.199717, ""Control"": 1.001182, ""File Transfer"": 4.553763, ""Streaming"": 0.513333}","{""Chat"": 353, ""Control"": 423, ""File Transfer"": 93, ""Streaming"": 825}",280197,checkpoints/VNAT_1s_tcp_duration_3feat_seed1/VNAT_1s_tcpdur_random70_stratified_flowlevel_splitseed42_3feat_fedformer_20ms_seed1.pth,3716779,109.7,OK,,"{""torch"": ""2.4.1+cu121"", ""cuda"": ""12.1"", ""gpu"": ""NVIDIA RTX A4500"", ""numpy"": ""1.26.0"", ""python"": ""3.10.12"", ""deterministic"": true, ""grad_clip_max_norm"": 1.0, ""CUBLAS_WORKSPACE_CONFIG"": "":4096:8"", ""CUDA_VISIBLE_DEVICES"": ""2""}",2026-08-21T20:51:01
VNAT_1s_tcpdur_random70_stratified_flowlevel_splitseed42_3feat_fedformer_20ms_seed2,VNAT,VNAT_5s_tcp_duration,1,random70_stratified_flowlevel_splitseed42,42,8894961661c52ef7,Validation,4,fedformer,3feat,20ms,51,3,2,256,1694,727,best_val,30,12345,4,True,True,1.0,6.2067,95.36,40,89.0007,91.0234,92.022,91.0234,"{""Chat"": 89.941, ""Control"": 93.404, ""File Transfer"": 88.0, ""Streaming"": 92.749}","{""Chat"": 81.72, ""Control"": 89.394, ""File Transfer"": 94.286, ""Streaming"": 99.675}","{""Chat"": 100.0, ""Control"": 97.79, ""File Transfer"": 82.5, ""Streaming"": 86.723}","{""Chat"": 152, ""Control"": 181, ""File Transfer"": 40, ""Streaming"": 354}","{""Chat"": 1.199717, ""Control"": 1.001182, ""File Transfer"": 4.553763, ""Streaming"": 0.513333}","{""Chat"": 353, ""Control"": 423, ""File Transfer"": 93, ""Streaming"": 825}",280197,checkpoints/VNAT_1s_tcp_duration_3feat_seed2/VNAT_1s_tcpdur_random70_stratified_flowlevel_splitseed42_3feat_fedformer_20ms_seed2.pth,3716779,73.1,OK,,"{""torch"": ""2.4.1+cu121"", ""cuda"": ""12.1"", ""gpu"": ""NVIDIA RTX A4500"", ""numpy"": ""1.26.0"", ""python"": ""3.10.12"", ""deterministic"": true, ""grad_clip_max_norm"": 1.0, ""CUBLAS_WORKSPACE_CONFIG"": "":4096:8"", ""CUDA_VISIBLE_DEVICES"": ""2""}",2026-08-21T20:52:15
VNAT_1s_tcpdur_random70_stratified_flowlevel_splitseed42_3feat_timemixer_20ms_seed0,VNAT,VNAT_5s_tcp_duration,1,random70_stratified_flowlevel_splitseed42,42,8894961661c52ef7,Validation,4,timemixer,3feat,20ms,51,3,0,256,1694,727,best_val,11,12345,0,True,True,1.0,2.0216,8.0,25,46.286,43.8742,40.7153,43.8742,"{""Chat"": 42.105, ""Control"": 0.0, ""File Transfer"": 86.111, ""Streaming"": 47.28}","{""Chat"": 26.667, ""Control"": 0.0, ""File Transfer"": 96.875, ""Streaming"": 91.129}","{""Chat"": 100.0, ""Control"": 0.0, ""File Transfer"": 77.5, ""Streaming"": 31.921}","{""Chat"": 152, ""Control"": 181, ""File Transfer"": 40, ""Streaming"": 354}","{""Chat"": 1.199717, ""Control"": 1.001182, ""File Transfer"": 4.553763, ""Streaming"": 0.513333}","{""Chat"": 353, ""Control"": 423, ""File Transfer"": 93, ""Streaming"": 825}",161324,checkpoints/VNAT_1s_tcp_duration_3feat_seed0/VNAT_1s_tcpdur_random70_stratified_flowlevel_splitseed42_3feat_timemixer_20ms_seed0.pth,1961670,10.1,OK,,"{""torch"": ""2.4.1+cu121"", ""cuda"": ""12.1"", ""gpu"": ""NVIDIA RTX A4500"", ""numpy"": ""1.26.0"", ""python"": ""3.10.12"", ""deterministic"": true, ""grad_clip_max_norm"": 1.0, ""CUBLAS_WORKSPACE_CONFIG"": "":4096:8"", ""CUDA_VISIBLE_DEVICES"": ""2""}",2026-08-21T20:52:25
VNAT_1s_tcpdur_random70_stratified_flowlevel_splitseed42_3feat_timemixer_20ms_seed1,VNAT,VNAT_5s_tcp_duration,1,random70_stratified_flowlevel_splitseed42,42,8894961661c52ef7,Validation,4,timemixer,3feat,20ms,51,3,1,256,1694,727,best_val,52,12345,0,True,True,1.0,10.1311,45.12,63,91.6999,91.6572,93.5351,91.6572,"{""Chat"": 92.308, ""Control"": 95.393, ""File Transfer"": 84.706, ""Streaming"": 94.222}","{""Chat"": 86.705, ""Control"": 93.617, ""File Transfer"": 80.0, ""Streaming"": 99.065}","{""Chat"": 98.684, ""Control"": 97.238, ""File Transfer"": 90.0, ""Streaming"": 89.831}","{""Chat"": 152, ""Control"": 181, ""File Transfer"": 40, ""Streaming"": 354}","{""Chat"": 1.199717, ""Control"": 1.001182, ""File Transfer"": 4.553763, ""Streaming"": 0.513333}","{""Chat"": 353, ""Control"": 423, ""File Transfer"": 93, ""Streaming"": 825}",161324,checkpoints/VNAT_1s_tcp_duration_3feat_seed1/VNAT_1s_tcpdur_random70_stratified_flowlevel_splitseed42_3feat_timemixer_20ms_seed1.pth,1961670,24.1,OK,,"{""torch"": ""2.4.1+cu121"", ""cuda"": ""12.1"", ""gpu"": ""NVIDIA RTX A4500"", ""numpy"": ""1.26.0"", ""python"": ""3.10.12"", ""deterministic"": true, ""grad_clip_max_norm"": 1.0, ""CUBLAS_WORKSPACE_CONFIG"": "":4096:8"", ""CUDA_VISIBLE_DEVICES"": ""2""}",2026-08-21T20:52:49
VNAT_1s_tcpdur_random70_stratified_flowlevel_splitseed42_3feat_timemixer_20ms_seed2,VNAT,VNAT_5s_tcp_duration,1,random70_stratified_flowlevel_splitseed42,42,8894961661c52ef7,Validation,4,timemixer,3feat,20ms,51,3,2,256,1694,727,best_val,43,12345,0,True,True,1.0,34.5378,38.33,60,90.877,92.0976,93.5351,92.0976,"{""Chat"": 92.308, ""Control"": 94.681, ""File Transfer"": 87.179, ""Streaming"": 94.222}","{""Chat"": 86.705, ""Control"": 91.282, ""File Transfer"": 89.474, ""Streaming"": 99.065}","{""Chat"": 98.684, ""Control"": 98.343, ""File Transfer"": 85.0, ""Streaming"": 89.831}","{""Chat"": 152, ""Control"": 181, ""File Transfer"": 40, ""Streaming"": 354}","{""Chat"": 1.199717, ""Control"": 1.001182, ""File Transfer"": 4.553763, ""Streaming"": 0.513333}","{""Chat"": 353, ""Control"": 423, ""File Transfer"": 93, ""Streaming"": 825}",161324,checkpoints/VNAT_1s_tcp_duration_3feat_seed2/VNAT_1s_tcpdur_random70_stratified_flowlevel_splitseed42_3feat_timemixer_20ms_seed2.pth,1961670,25.2,OK,,"{""torch"": ""2.4.1+cu121"", ""cuda"": ""12.1"", ""gpu"": ""NVIDIA RTX A4500"", ""numpy"": ""1.26.0"", ""python"": ""3.10.12"", ""deterministic"": true, ""grad_clip_max_norm"": 1.0, ""CUBLAS_WORKSPACE_CONFIG"": "":4096:8"", ""CUDA_VISIBLE_DEVICES"": ""2""}",2026-08-21T20:53:14
VNAT_1s_tcpdur_random70_stratified_flowlevel_splitseed42_3feat_timesnet_30ms_seed0,VNAT,VNAT_5s_tcp_duration,1,random70_stratified_flowlevel_splitseed42,42,8894961661c52ef7,Validation,4,timesnet,3feat,30ms,34,3,0,256,1694,727,best_val,19,12345,0,True,True,1.0,5.7569,86.22,28,89.1642,90.9834,92.022,90.9834,"{""Chat"": 87.464, ""Control"": 95.699, ""File Transfer"": 88.0, ""Streaming"": 92.771}","{""Chat"": 78.534, ""Control"": 93.194, ""File Transfer"": 94.286, ""Streaming"": 99.355}","{""Chat"": 98.684, ""Control"": 98.343, ""File Transfer"": 82.5, ""Streaming"": 87.006}","{""Chat"": 152, ""Control"": 181, ""File Transfer"": 40, ""Streaming"": 354}","{""Chat"": 1.199717, ""Control"": 1.001182, ""File Transfer"": 4.553763, ""Streaming"": 0.513333}","{""Chat"": 353, ""Control"": 423, ""File Transfer"": 93, ""Streaming"": 825}",9383684,checkpoints/VNAT_1s_tcp_duration_3feat_seed0/VNAT_1s_tcpdur_random70_stratified_flowlevel_splitseed42_3feat_timesnet_30ms_seed0.pth,38844162,25.8,OK,,"{""torch"": ""2.4.1+cu121"", ""cuda"": ""12.1"", ""gpu"": ""NVIDIA RTX A4500"", ""numpy"": ""1.26.0"", ""python"": ""3.10.12"", ""deterministic"": true, ""grad_clip_max_norm"": 1.0, ""CUBLAS_WORKSPACE_CONFIG"": "":4096:8"", ""CUDA_VISIBLE_DEVICES"": ""2""}",2026-08-21T20:53:40
VNAT_1s_tcpdur_random70_stratified_flowlevel_splitseed42_3feat_timesnet_30ms_seed1,VNAT,VNAT_5s_tcp_duration,1,random70_stratified_flowlevel_splitseed42,42,8894961661c52ef7,Validation,4,timesnet,3feat,30ms,34,3,1,256,1694,727,best_val,15,12345,0,True,True,1.0,6.5748,88.27,28,88.2901,91.1685,92.7098,91.1685,"{""Chat"": 88.757, ""Control"": 95.699, ""File Transfer"": 86.486, ""Streaming"": 93.731}","{""Chat"": 80.645, ""Control"": 93.194, ""File Transfer"": 94.118, ""Streaming"": 99.367}","{""Chat"": 98.684, ""Control"": 98.343, ""File Transfer"": 80.0, ""Streaming"": 88.701}","{""Chat"": 152, ""Control"": 181, ""File Transfer"": 40, ""Streaming"": 354}","{""Chat"": 1.199717, ""Control"": 1.001182, ""File Transfer"": 4.553763, ""Streaming"": 0.513333}","{""Chat"": 353, ""Control"": 423, ""File Transfer"": 93, ""Streaming"": 825}",9383684,checkpoints/VNAT_1s_tcp_duration_3feat_seed1/VNAT_1s_tcpdur_random70_stratified_flowlevel_splitseed42_3feat_timesnet_30ms_seed1.pth,38844162,25.6,OK,,"{""torch"": ""2.4.1+cu121"", ""cuda"": ""12.1"", ""gpu"": ""NVIDIA RTX A4500"", ""numpy"": ""1.26.0"", ""python"": ""3.10.12"", ""deterministic"": true, ""grad_clip_max_norm"": 1.0, ""CUBLAS_WORKSPACE_CONFIG"": "":4096:8"", ""CUDA_VISIBLE_DEVICES"": ""2""}",2026-08-21T20:54:06
VNAT_1s_tcpdur_random70_stratified_flowlevel_splitseed42_3feat_timesnet_30ms_seed2,VNAT,VNAT_5s_tcp_duration,1,random70_stratified_flowlevel_splitseed42,42,8894961661c52ef7,Validation,4,timesnet,3feat,30ms,34,3,2,256,1694,727,best_val,15,12345,0,True,True,1.0,5.6153,87.76,28,89.0926,88.743,89.1334,88.743,"{""Chat"": 82.418, ""Control"": 95.442, ""File Transfer"": 87.671, ""Streaming"": 89.441}","{""Chat"": 70.755, ""Control"": 92.708, ""File Transfer"": 96.97, ""Streaming"": 99.31}","{""Chat"": 98.684, ""Control"": 98.343, ""File Transfer"": 80.0, ""Streaming"": 81.356}","{""Chat"": 152, ""Control"": 181, ""File Transfer"": 40, ""Streaming"": 354}","{""Chat"": 1.199717, ""Control"": 1.001182, ""File Transfer"": 4.553763, ""Streaming"": 0.513333}","{""Chat"": 353, ""Control"": 423, ""File Transfer"": 93, ""Streaming"": 825}",9383684,checkpoints/VNAT_1s_tcp_duration_3feat_seed2/VNAT_1s_tcpdur_random70_stratified_flowlevel_splitseed42_3feat_timesnet_30ms_seed2.pth,38844162,25.9,OK,,"{""torch"": ""2.4.1+cu121"", ""cuda"": ""12.1"", ""gpu"": ""NVIDIA RTX A4500"", ""numpy"": ""1.26.0"", ""python"": ""3.10.12"", ""deterministic"": true, ""grad_clip_max_norm"": 1.0, ""CUBLAS_WORKSPACE_CONFIG"": "":4096:8"", ""CUDA_VISIBLE_DEVICES"": ""2""}",2026-08-21T20:54:33
VNAT_1s_tcpdur_random70_stratified_flowlevel_splitseed42_3feat_informer_30ms_seed0,VNAT,VNAT_5s_tcp_duration,1,random70_stratified_flowlevel_splitseed42,42,8894961661c52ef7,Validation,4,informer,3feat,30ms,34,3,0,64,1694,727,best_val,28,12345,0,True,True,1.0,14.9819,99.9,36,91.5104,94.6531,94.2228,94.1472,"{""Chat"": 89.759, ""Control"": 97.268, ""File Transfer"": 94.872, ""Streaming"": 94.69}","{""Chat"": 82.778, ""Control"": 96.216, ""File Transfer"": 97.368, ""Streaming"": 99.074}","{""Chat"": 98.026, ""Control"": 98.343, ""File Transfer"": 92.5, ""Streaming"": 90.678}","{""Chat"": 152, ""Control"": 181, ""File Transfer"": 40, ""Streaming"": 354}","{""Chat"": 1.199717, ""Control"": 1.001182, ""File Transfer"": 4.553763, ""Streaming"": 0.513333}","{""Chat"": 353, ""Control"": 423, ""File Transfer"": 93, ""Streaming"": 825}",2711557,checkpoints/VNAT_1s_tcp_duration_3feat_seed0/VNAT_1s_tcpdur_random70_stratified_flowlevel_splitseed42_3feat_informer_30ms_seed0.pth,21130242,41.9,OK,,"{""torch"": ""2.4.1+cu121"", ""cuda"": ""12.1"", ""gpu"": ""NVIDIA RTX A4500"", ""numpy"": ""1.26.0"", ""python"": ""3.10.12"", ""deterministic"": true, ""grad_clip_max_norm"": 1.0, ""CUBLAS_WORKSPACE_CONFIG"": "":4096:8"", ""CUDA_VISIBLE_DEVICES"": ""2""}",2026-08-21T20:55:15
VNAT_1s_tcpdur_random70_stratified_flowlevel_splitseed42_3feat_informer_30ms_seed1,VNAT,VNAT_5s_tcp_duration,1,random70_stratified_flowlevel_splitseed42,42,8894961661c52ef7,Validation,4,informer,3feat,30ms,34,3,1,64,1694,727,best_val,16,12345,0,True,True,1.0,17.7254,99.85,24,90.2599,92.1581,93.1224,91.7127,"{""Chat"": 88.235, ""Control"": 96.739, ""File Transfer"": 87.671, ""Streaming"": 94.205}","{""Chat"": 79.787, ""Control"": 95.187, ""File Transfer"": 96.97, ""Streaming"": 99.373}","{""Chat"": 98.684, ""Control"": 98.343, ""File Transfer"": 80.0, ""Streaming"": 89.548}","{""Chat"": 152, ""Control"": 181, ""File Transfer"": 40, ""Streaming"": 354}","{""Chat"": 1.199717, ""Control"": 1.001182, ""File Transfer"": 4.553763, ""Streaming"": 0.513333}","{""Chat"": 353, ""Control"": 423, ""File Transfer"": 93, ""Streaming"": 825}",2711557,checkpoints/VNAT_1s_tcp_duration_3feat_seed1/VNAT_1s_tcpdur_random70_stratified_flowlevel_splitseed42_3feat_informer_30ms_seed1.pth,21130242,17.8,OK,,"{""torch"": ""2.4.1+cu121"", ""cuda"": ""12.1"", ""gpu"": ""NVIDIA RTX A4500"", ""numpy"": ""1.26.0"", ""python"": ""3.10.12"", ""deterministic"": true, ""grad_clip_max_norm"": 1.0, ""CUBLAS_WORKSPACE_CONFIG"": "":4096:8"", ""CUDA_VISIBLE_DEVICES"": ""2""}",2026-08-21T20:55:33
VNAT_1s_tcpdur_random70_stratified_flowlevel_splitseed42_3feat_informer_30ms_seed2,VNAT,VNAT_5s_tcp_duration,1,random70_stratified_flowlevel_splitseed42,42,8894961661c52ef7,Validation,4,informer,3feat,30ms,34,3,2,64,1694,727,best_val,9,12345,0,True,True,1.0,19.0517,98.15,26,91.4816,94.2957,94.4979,94.1449,"{""Chat"": 91.692, ""Control"": 96.216, ""File Transfer"": 93.671, ""Streaming"": 95.0}","{""Chat"": 86.127, ""Control"": 94.18, ""File Transfer"": 94.872, ""Streaming"": 99.08}","{""Chat"": 98.026, ""Control"": 98.343, ""File Transfer"": 92.5, ""Streaming"": 91.243}","{""Chat"": 152, ""Control"": 181, ""File Transfer"": 40, ""Streaming"": 354}","{""Chat"": 1.199717, ""Control"": 1.001182, ""File Transfer"": 4.553763, ""Streaming"": 0.513333}","{""Chat"": 353, ""Control"": 423, ""File Transfer"": 93, ""Streaming"": 825}",2711557,checkpoints/VNAT_1s_tcp_duration_3feat_seed2/VNAT_1s_tcpdur_random70_stratified_flowlevel_splitseed42_3feat_informer_30ms_seed2.pth,21130242,20.4,OK,,"{""torch"": ""2.4.1+cu121"", ""cuda"": ""12.1"", ""gpu"": ""NVIDIA RTX A4500"", ""numpy"": ""1.26.0"", ""python"": ""3.10.12"", ""deterministic"": true, ""grad_clip_max_norm"": 1.0, ""CUBLAS_WORKSPACE_CONFIG"": "":4096:8"", ""CUDA_VISIBLE_DEVICES"": ""2""}",2026-08-21T20:55:53
VNAT_1s_tcpdur_random70_stratified_flowlevel_splitseed42_3feat_nst_30ms_seed0,VNAT,VNAT_5s_tcp_duration,1,random70_stratified_flowlevel_splitseed42,42,8894961661c52ef7,Validation,4,nst,3feat,30ms,34,3,0,64,1694,727,best_val,9,12345,0,True,True,1.0,9.8415,99.85,24,88.4855,92.0514,93.5351,92.0514,"{""Chat"": 88.889, ""Control"": 97.003, ""File Transfer"": 87.671, ""Streaming"": 94.643}","{""Chat"": 80.0, ""Control"": 95.699, ""File Transfer"": 96.97, ""Streaming"": 100.0}","{""Chat"": 100.0, ""Control"": 98.343, ""File Transfer"": 80.0, ""Streaming"": 89.831}","{""Chat"": 152, ""Control"": 181, ""File Transfer"": 40, ""Streaming"": 354}","{""Chat"": 1.199717, ""Control"": 1.001182, ""File Transfer"": 4.553763, ""Streaming"": 0.513333}","{""Chat"": 353, ""Control"": 423, ""File Transfer"": 93, ""Streaming"": 825}",130448,checkpoints/VNAT_1s_tcp_duration_3feat_seed0/VNAT_1s_tcpdur_random70_stratified_flowlevel_splitseed42_3feat_nst_30ms_seed0.pth,1829834,17.1,OK,,"{""torch"": ""2.4.1+cu121"", ""cuda"": ""12.1"", ""gpu"": ""NVIDIA RTX A4500"", ""numpy"": ""1.26.0"", ""python"": ""3.10.12"", ""deterministic"": true, ""grad_clip_max_norm"": 1.0, ""CUBLAS_WORKSPACE_CONFIG"": "":4096:8"", ""CUDA_VISIBLE_DEVICES"": ""2""}",2026-08-21T20:56:10
VNAT_1s_tcpdur_random70_stratified_flowlevel_splitseed42_3feat_nst_30ms_seed1,VNAT,VNAT_5s_tcp_duration,1,random70_stratified_flowlevel_splitseed42,42,8894961661c52ef7,Validation,4,nst,3feat,30ms,34,3,1,64,1694,727,best_val,11,12345,0,True,True,1.0,8.3155,99.59,27,88.721,90.7127,92.1596,90.7127,"{""Chat"": 86.471, ""Control"": 96.739, ""File Transfer"": 86.486, ""Streaming"": 93.155}","{""Chat"": 78.191, ""Control"": 95.187, ""File Transfer"": 94.118, ""Streaming"": 98.428}","{""Chat"": 96.711, ""Control"": 98.343, ""File Transfer"": 80.0, ""Streaming"": 88.418}","{""Chat"": 152, ""Control"": 181, ""File Transfer"": 40, ""Streaming"": 354}","{""Chat"": 1.199717, ""Control"": 1.001182, ""File Transfer"": 4.553763, ""Streaming"": 0.513333}","{""Chat"": 353, ""Control"": 423, ""File Transfer"": 93, ""Streaming"": 825}",130448,checkpoints/VNAT_1s_tcp_duration_3feat_seed1/VNAT_1s_tcpdur_random70_stratified_flowlevel_splitseed42_3feat_nst_30ms_seed1.pth,1829834,30.9,OK,,"{""torch"": ""2.4.1+cu121"", ""cuda"": ""12.1"", ""gpu"": ""NVIDIA RTX A4500"", ""numpy"": ""1.26.0"", ""python"": ""3.10.12"", ""deterministic"": true, ""grad_clip_max_norm"": 1.0, ""CUBLAS_WORKSPACE_CONFIG"": "":4096:8"", ""CUDA_VISIBLE_DEVICES"": ""2""}",2026-08-21T20:56:41
VNAT_1s_tcpdur_random70_stratified_flowlevel_splitseed42_3feat_nst_30ms_seed2,VNAT,VNAT_5s_tcp_duration,1,random70_stratified_flowlevel_splitseed42,42,8894961661c52ef7,Validation,4,nst,3feat,30ms,34,3,2,64,1694,727,best_val,14,12345,0,True,True,1.0,8.9969,99.62,29,89.1681,90.9194,92.022,90.9194,"{""Chat"": 87.536, ""Control"": 95.699, ""File Transfer"": 87.671, ""Streaming"": 92.771}","{""Chat"": 78.238, ""Control"": 93.194, ""File Transfer"": 96.97, ""Streaming"": 99.355}","{""Chat"": 99.342, ""Control"": 98.343, ""File Transfer"": 80.0, ""Streaming"": 87.006}","{""Chat"": 152, ""Control"": 181, ""File Transfer"": 40, ""Streaming"": 354}","{""Chat"": 1.199717, ""Control"": 1.001182, ""File Transfer"": 4.553763, ""Streaming"": 0.513333}","{""Chat"": 353, ""Control"": 423, ""File Transfer"": 93, ""Streaming"": 825}",130448,checkpoints/VNAT_1s_tcp_duration_3feat_seed2/VNAT_1s_tcpdur_random70_stratified_flowlevel_splitseed42_3feat_nst_30ms_seed2.pth,1829834,32.8,OK,,"{""torch"": ""2.4.1+cu121"", ""cuda"": ""12.1"", ""gpu"": ""NVIDIA RTX A4500"", ""numpy"": ""1.26.0"", ""python"": ""3.10.12"", ""deterministic"": true, ""grad_clip_max_norm"": 1.0, ""CUBLAS_WORKSPACE_CONFIG"": "":4096:8"", ""CUDA_VISIBLE_DEVICES"": ""2""}",2026-08-21T20:57:14
VNAT_1s_tcpdur_random70_stratified_flowlevel_splitseed42_3feat_autoformer_30ms_seed0,VNAT,VNAT_5s_tcp_duration,1,random70_stratified_flowlevel_splitseed42,42,8894961661c52ef7,Validation,4,autoformer,3feat,30ms,34,3,0,256,1694,727,best_val,4,12345,0,True,True,1.0,4.929,100.0,29,68.2496,67.9512,74.1403,67.9512,"{""Chat"": 15.789, ""Control"": 94.054, ""File Transfer"": 84.211, ""Streaming"": 77.751}","{""Chat"": 39.474, ""Control"": 92.063, ""File Transfer"": 88.889, ""Streaming"": 68.534}","{""Chat"": 9.868, ""Control"": 96.133, ""File Transfer"": 80.0, ""Streaming"": 89.831}","{""Chat"": 152, ""Control"": 181, ""File Transfer"": 40, ""Streaming"": 354}","{""Chat"": 1.199717, ""Control"": 1.001182, ""File Transfer"": 4.553763, ""Streaming"": 0.513333}","{""Chat"": 353, ""Control"": 423, ""File Transfer"": 93, ""Streaming"": 825}",108548,checkpoints/VNAT_1s_tcp_duration_3feat_seed0/VNAT_1s_tcpdur_random70_stratified_flowlevel_splitseed42_3feat_autoformer_30ms_seed0.pth,1731682,8.9,OK,,"{""torch"": ""2.4.1+cu121"", ""cuda"": ""12.1"", ""gpu"": ""NVIDIA RTX A4500"", ""numpy"": ""1.26.0"", ""python"": ""3.10.12"", ""deterministic"": true, ""grad_clip_max_norm"": 1.0, ""CUBLAS_WORKSPACE_CONFIG"": "":4096:8"", ""CUDA_VISIBLE_DEVICES"": ""2""}",2026-08-21T20:57:23
VNAT_1s_tcpdur_random70_stratified_flowlevel_splitseed42_3feat_autoformer_30ms_seed1,VNAT,VNAT_5s_tcp_duration,1,random70_stratified_flowlevel_splitseed42,42,8894961661c52ef7,Validation,4,autoformer,3feat,30ms,34,3,1,256,1694,727,best_val,18,12345,0,True,True,1.0,4.4898,100.0,30,86.0617,67.6828,74.9656,67.6828,"{""Chat"": 14.286, ""Control"": 94.382, ""File Transfer"": 82.927, ""Streaming"": 79.137}","{""Chat"": 43.333, ""Control"": 96.0, ""File Transfer"": 80.952, ""Streaming"": 68.75}","{""Chat"": 8.553, ""Control"": 92.818, ""File Transfer"": 85.0, ""Streaming"": 93.22}","{""Chat"": 152, ""Control"": 181, ""File Transfer"": 40, ""Streaming"": 354}","{""Chat"": 1.199717, ""Control"": 1.001182, ""File Transfer"": 4.553763, ""Streaming"": 0.513333}","{""Chat"": 353, ""Control"": 423, ""File Transfer"": 93, ""Streaming"": 825}",108548,checkpoints/VNAT_1s_tcp_duration_3feat_seed1/VNAT_1s_tcpdur_random70_stratified_flowlevel_splitseed42_3feat_autoformer_30ms_seed1.pth,1731682,12.4,OK,,"{""torch"": ""2.4.1+cu121"", ""cuda"": ""12.1"", ""gpu"": ""NVIDIA RTX A4500"", ""numpy"": ""1.26.0"", ""python"": ""3.10.12"", ""deterministic"": true, ""grad_clip_max_norm"": 1.0, ""CUBLAS_WORKSPACE_CONFIG"": "":4096:8"", ""CUDA_VISIBLE_DEVICES"": ""2""}",2026-08-21T20:57:36
VNAT_1s_tcpdur_random70_stratified_flowlevel_splitseed42_3feat_autoformer_30ms_seed2,VNAT,VNAT_5s_tcp_duration,1,random70_stratified_flowlevel_splitseed42,42,8894961661c52ef7,Validation,4,autoformer,3feat,30ms,34,3,2,256,1694,727,best_val,21,12345,0,True,True,1.0,4.7008,100.0,31,86.2489,82.1336,84.8693,82.1336,"{""Chat"": 61.224, ""Control"": 97.003, ""File Transfer"": 83.544, ""Streaming"": 86.763}","{""Chat"": 80.645, ""Control"": 95.699, ""File Transfer"": 84.615, ""Streaming"": 80.929}","{""Chat"": 49.342, ""Control"": 98.343, ""File Transfer"": 82.5, ""Streaming"": 93.503}","{""Chat"": 152, ""Control"": 181, ""File Transfer"": 40, ""Streaming"": 354}","{""Chat"": 1.199717, ""Control"": 1.001182, ""File Transfer"": 4.553763, ""Streaming"": 0.513333}","{""Chat"": 353, ""Control"": 423, ""File Transfer"": 93, ""Streaming"": 825}",108548,checkpoints/VNAT_1s_tcp_duration_3feat_seed2/VNAT_1s_tcpdur_random70_stratified_flowlevel_splitseed42_3feat_autoformer_30ms_seed2.pth,1731682,12.6,OK,,"{""torch"": ""2.4.1+cu121"", ""cuda"": ""12.1"", ""gpu"": ""NVIDIA RTX A4500"", ""numpy"": ""1.26.0"", ""python"": ""3.10.12"", ""deterministic"": true, ""grad_clip_max_norm"": 1.0, ""CUBLAS_WORKSPACE_CONFIG"": "":4096:8"", ""CUDA_VISIBLE_DEVICES"": ""2""}",2026-08-21T20:57:48
VNAT_1s_tcpdur_random70_stratified_flowlevel_splitseed42_3feat_fedformer_30ms_seed0,VNAT,VNAT_5s_tcp_duration,1,random70_stratified_flowlevel_splitseed42,42,8894961661c52ef7,Validation,4,fedformer,3feat,30ms,34,3,0,256,1694,727,best_val,18,12345,4,True,True,1.0,5.7144,88.03,37,85.8277,89.7223,90.5089,89.7223,"{""Chat"": 84.507, ""Control"": 95.467, ""File Transfer"": 87.671, ""Streaming"": 91.244}","{""Chat"": 73.892, ""Control"": 92.268, ""File Transfer"": 96.97, ""Streaming"": 100.0}","{""Chat"": 98.684, ""Control"": 98.895, ""File Transfer"": 80.0, ""Streaming"": 83.898}","{""Chat"": 152, ""Control"": 181, ""File Transfer"": 40, ""Streaming"": 354}","{""Chat"": 1.199717, ""Control"": 1.001182, ""File Transfer"": 4.553763, ""Streaming"": 0.513333}","{""Chat"": 353, ""Control"": 423, ""File Transfer"": 93, ""Streaming"": 825}",243077,checkpoints/VNAT_1s_tcp_duration_3feat_seed0/VNAT_1s_tcpdur_random70_stratified_flowlevel_splitseed42_3feat_fedformer_30ms_seed0.pth,3568235,46.5,OK,,"{""torch"": ""2.4.1+cu121"", ""cuda"": ""12.1"", ""gpu"": ""NVIDIA RTX A4500"", ""numpy"": ""1.26.0"", ""python"": ""3.10.12"", ""deterministic"": true, ""grad_clip_max_norm"": 1.0, ""CUBLAS_WORKSPACE_CONFIG"": "":4096:8"", ""CUDA_VISIBLE_DEVICES"": ""2""}",2026-08-21T20:58:35
VNAT_1s_tcpdur_random70_stratified_flowlevel_splitseed42_3feat_fedformer_30ms_seed1,VNAT,VNAT_5s_tcp_duration,1,random70_stratified_flowlevel_splitseed42,42,8894961661c52ef7,Validation,4,fedformer,3feat,30ms,34,3,1,256,1694,727,best_val,25,12345,4,True,True,1.0,5.9886,90.48,39,86.7983,89.7268,90.5089,89.7268,"{""Chat"": 84.27, ""Control"": 95.722, ""File Transfer"": 87.671, ""Streaming"": 91.244}","{""Chat"": 73.529, ""Control"": 92.746, ""File Transfer"": 96.97, ""Streaming"": 100.0}","{""Chat"": 98.684, ""Control"": 98.895, ""File Transfer"": 80.0, ""Streaming"": 83.898}","{""Chat"": 152, ""Control"": 181, ""File Transfer"": 40, ""Streaming"": 354}","{""Chat"": 1.199717, ""Control"": 1.001182, ""File Transfer"": 4.553763, ""Streaming"": 0.513333}","{""Chat"": 353, ""Control"": 423, ""File Transfer"": 93, ""Streaming"": 825}",243077,checkpoints/VNAT_1s_tcp_duration_3feat_seed1/VNAT_1s_tcpdur_random70_stratified_flowlevel_splitseed42_3feat_fedformer_30ms_seed1.pth,3568235,49.3,OK,,"{""torch"": ""2.4.1+cu121"", ""cuda"": ""12.1"", ""gpu"": ""NVIDIA RTX A4500"", ""numpy"": ""1.26.0"", ""python"": ""3.10.12"", ""deterministic"": true, ""grad_clip_max_norm"": 1.0, ""CUBLAS_WORKSPACE_CONFIG"": "":4096:8"", ""CUDA_VISIBLE_DEVICES"": ""2""}",2026-08-21T20:59:24
VNAT_1s_tcpdur_random70_stratified_flowlevel_splitseed42_3feat_fedformer_30ms_seed2,VNAT,VNAT_5s_tcp_duration,1,random70_stratified_flowlevel_splitseed42,42,8894961661c52ef7,Validation,4,fedformer,3feat,30ms,34,3,2,256,1694,727,best_val,28,12345,4,True,True,1.0,5.8538,87.71,43,88.4085,89.7379,90.5089,89.7379,"{""Chat"": 84.594, ""Control"": 95.442, ""File Transfer"": 87.671, ""Streaming"": 91.244}","{""Chat"": 73.659, ""Control"": 92.708, ""File Transfer"": 96.97, ""Streaming"": 100.0}","{""Chat"": 99.342, ""Control"": 98.343, ""File Transfer"": 80.0, ""Streaming"": 83.898}","{""Chat"": 152, ""Control"": 181, ""File Transfer"": 40, ""Streaming"": 354}","{""Chat"": 1.199717, ""Control"": 1.001182, ""File Transfer"": 4.553763, ""Streaming"": 0.513333}","{""Chat"": 353, ""Control"": 423, ""File Transfer"": 93, ""Streaming"": 825}",243077,checkpoints/VNAT_1s_tcp_duration_3feat_seed2/VNAT_1s_tcpdur_random70_stratified_flowlevel_splitseed42_3feat_fedformer_30ms_seed2.pth,3568235,54.0,OK,,"{""torch"": ""2.4.1+cu121"", ""cuda"": ""12.1"", ""gpu"": ""NVIDIA RTX A4500"", ""numpy"": ""1.26.0"", ""python"": ""3.10.12"", ""deterministic"": true, ""grad_clip_max_norm"": 1.0, ""CUBLAS_WORKSPACE_CONFIG"": "":4096:8"", ""CUDA_VISIBLE_DEVICES"": ""2""}",2026-08-21T21:00:18
VNAT_1s_tcpdur_random70_stratified_flowlevel_splitseed42_3feat_timemixer_30ms_seed0,VNAT,VNAT_5s_tcp_duration,1,random70_stratified_flowlevel_splitseed42,42,8894961661c52ef7,Validation,4,timemixer,3feat,30ms,34,3,0,256,1694,727,best_val,43,12345,0,True,True,1.0,44.0376,25.53,61,89.837,91.2454,92.2971,91.2454,"{""Chat"": 86.782, ""Control"": 97.268, ""File Transfer"": 88.0, ""Streaming"": 92.932}","{""Chat"": 77.041, ""Control"": 96.216, ""File Transfer"": 94.286, ""Streaming"": 99.357}","{""Chat"": 99.342, ""Control"": 98.343, ""File Transfer"": 82.5, ""Streaming"": 87.288}","{""Chat"": 152, ""Control"": 181, ""File Transfer"": 40, ""Streaming"": 354}","{""Chat"": 1.199717, ""Control"": 1.001182, ""File Transfer"": 4.553763, ""Streaming"": 0.513333}","{""Chat"": 353, ""Control"": 423, ""File Transfer"": 93, ""Streaming"": 825}",148986,checkpoints/VNAT_1s_tcp_duration_3feat_seed0/VNAT_1s_tcpdur_random70_stratified_flowlevel_splitseed42_3feat_timemixer_30ms_seed0.pth,1912902,11.6,OK,,"{""torch"": ""2.4.1+cu121"", ""cuda"": ""12.1"", ""gpu"": ""NVIDIA RTX A4500"", ""numpy"": ""1.26.0"", ""python"": ""3.10.12"", ""deterministic"": true, ""grad_clip_max_norm"": 1.0, ""CUBLAS_WORKSPACE_CONFIG"": "":4096:8"", ""CUDA_VISIBLE_DEVICES"": ""2""}",2026-08-21T21:00:30
VNAT_1s_tcpdur_random70_stratified_flowlevel_splitseed42_3feat_timemixer_30ms_seed1,VNAT,VNAT_5s_tcp_duration,1,random70_stratified_flowlevel_splitseed42,42,8894961661c52ef7,Validation,4,timemixer,3feat,30ms,34,3,1,256,1694,727,best_val,43,12345,0,True,True,1.0,121.2794,43.29,66,89.3109,90.2332,91.8845,90.2332,"{""Chat"": 86.705, ""Control"": 97.003, ""File Transfer"": 84.615, ""Streaming"": 92.609}","{""Chat"": 77.32, ""Control"": 95.699, ""File Transfer"": 86.842, ""Streaming"": 99.353}","{""Chat"": 98.684, ""Control"": 98.343, ""File Transfer"": 82.5, ""Streaming"": 86.723}","{""Chat"": 152, ""Control"": 181, ""File Transfer"": 40, ""Streaming"": 354}","{""Chat"": 1.199717, ""Control"": 1.001182, ""File Transfer"": 4.553763, ""Streaming"": 0.513333}","{""Chat"": 353, ""Control"": 423, ""File Transfer"": 93, ""Streaming"": 825}",148986,checkpoints/VNAT_1s_tcp_duration_3feat_seed1/VNAT_1s_tcpdur_random70_stratified_flowlevel_splitseed42_3feat_timemixer_30ms_seed1.pth,1912902,22.9,OK,,"{""torch"": ""2.4.1+cu121"", ""cuda"": ""12.1"", ""gpu"": ""NVIDIA RTX A4500"", ""numpy"": ""1.26.0"", ""python"": ""3.10.12"", ""deterministic"": true, ""grad_clip_max_norm"": 1.0, ""CUBLAS_WORKSPACE_CONFIG"": "":4096:8"", ""CUDA_VISIBLE_DEVICES"": ""2""}",2026-08-21T21:00:53
VNAT_1s_tcpdur_random70_stratified_flowlevel_splitseed42_3feat_timemixer_30ms_seed2,VNAT,VNAT_5s_tcp_duration,1,random70_stratified_flowlevel_splitseed42,42,8894961661c52ef7,Validation,4,timemixer,3feat,30ms,34,3,2,256,1694,727,best_val,48,12345,0,True,True,1.0,35.8033,32.72,62,89.4899,91.5926,92.4347,91.5926,"{""Chat"": 87.106, ""Control"": 97.003, ""File Transfer"": 89.189, ""Streaming"": 93.072}","{""Chat"": 77.157, ""Control"": 95.699, ""File Transfer"": 97.059, ""Streaming"": 99.677}","{""Chat"": 100.0, ""Control"": 98.343, ""File Transfer"": 82.5, ""Streaming"": 87.288}","{""Chat"": 152, ""Control"": 181, ""File Transfer"": 40, ""Streaming"": 354}","{""Chat"": 1.199717, ""Control"": 1.001182, ""File Transfer"": 4.553763, ""Streaming"": 0.513333}","{""Chat"": 353, ""Control"": 423, ""File Transfer"": 93, ""Streaming"": 825}",148986,checkpoints/VNAT_1s_tcp_duration_3feat_seed2/VNAT_1s_tcpdur_random70_stratified_flowlevel_splitseed42_3feat_timemixer_30ms_seed2.pth,1912902,26.1,OK,,"{""torch"": ""2.4.1+cu121"", ""cuda"": ""12.1"", ""gpu"": ""NVIDIA RTX A4500"", ""numpy"": ""1.26.0"", ""python"": ""3.10.12"", ""deterministic"": true, ""grad_clip_max_norm"": 1.0, ""CUBLAS_WORKSPACE_CONFIG"": "":4096:8"", ""CUDA_VISIBLE_DEVICES"": ""2""}",2026-08-21T21:01:19
VNAT_1s_tcpdur_random70_stratified_flowlevel_splitseed42_3feat_timesnet_40ms_seed0,VNAT,VNAT_5s_tcp_duration,1,random70_stratified_flowlevel_splitseed42,42,8894961661c52ef7,Validation,4,timesnet,3feat,40ms,26,3,0,256,1694,727,best_val,15,12345,0,True,True,1.0,4.0621,80.0,25,83.0439,83.7357,83.0812,83.7357,"{""Chat"": 76.562, ""Control"": 90.863, ""File Transfer"": 85.714, ""Streaming"": 81.803}","{""Chat"": 63.362, ""Control"": 84.038, ""File Transfer"": 89.189, ""Streaming"": 100.0}","{""Chat"": 96.711, ""Control"": 98.895, ""File Transfer"": 82.5, ""Streaming"": 69.209}","{""Chat"": 152, ""Control"": 181, ""File Transfer"": 40, ""Streaming"": 354}","{""Chat"": 1.199717, ""Control"": 1.001182, ""File Transfer"": 4.553763, ""Streaming"": 0.513333}","{""Chat"": 353, ""Control"": 423, ""File Transfer"": 93, ""Streaming"": 825}",9381636,checkpoints/VNAT_1s_tcp_duration_3feat_seed0/VNAT_1s_tcpdur_random70_stratified_flowlevel_splitseed42_3feat_timesnet_40ms_seed0.pth,38835970,19.2,OK,,"{""torch"": ""2.4.1+cu121"", ""cuda"": ""12.1"", ""gpu"": ""NVIDIA RTX A4500"", ""numpy"": ""1.26.0"", ""python"": ""3.10.12"", ""deterministic"": true, ""grad_clip_max_norm"": 1.0, ""CUBLAS_WORKSPACE_CONFIG"": "":4096:8"", ""CUDA_VISIBLE_DEVICES"": ""2""}",2026-08-21T21:01:39
VNAT_1s_tcpdur_random70_stratified_flowlevel_splitseed42_3feat_timesnet_40ms_seed1,VNAT,VNAT_5s_tcp_duration,1,random70_stratified_flowlevel_splitseed42,42,8894961661c52ef7,Validation,4,timesnet,3feat,40ms,26,3,1,256,1694,727,best_val,13,12345,0,True,True,1.0,6.0899,77.47,26,81.3462,82.7076,82.2558,82.7076,"{""Chat"": 74.129, ""Control"": 93.931, ""File Transfer"": 82.5, ""Streaming"": 80.27}","{""Chat"": 59.6, ""Control"": 89.899, ""File Transfer"": 82.5, ""Streaming"": 99.582}","{""Chat"": 98.026, ""Control"": 98.343, ""File Transfer"": 82.5, ""Streaming"": 67.232}","{""Chat"": 152, ""Control"": 181, ""File Transfer"": 40, ""Streaming"": 354}","{""Chat"": 1.199717, ""Control"": 1.001182, ""File Transfer"": 4.553763, ""Streaming"": 0.513333}","{""Chat"": 353, ""Control"": 423, ""File Transfer"": 93, ""Streaming"": 825}",9381636,checkpoints/VNAT_1s_tcp_duration_3feat_seed1/VNAT_1s_tcpdur_random70_stratified_flowlevel_splitseed42_3feat_timesnet_40ms_seed1.pth,38835970,19.6,OK,,"{""torch"": ""2.4.1+cu121"", ""cuda"": ""12.1"", ""gpu"": ""NVIDIA RTX A4500"", ""numpy"": ""1.26.0"", ""python"": ""3.10.12"", ""deterministic"": true, ""grad_clip_max_norm"": 1.0, ""CUBLAS_WORKSPACE_CONFIG"": "":4096:8"", ""CUDA_VISIBLE_DEVICES"": ""2""}",2026-08-21T21:01:59
VNAT_1s_tcpdur_random70_stratified_flowlevel_splitseed42_3feat_timesnet_40ms_seed2,VNAT,VNAT_5s_tcp_duration,1,random70_stratified_flowlevel_splitseed42,42,8894961661c52ef7,Validation,4,timesnet,3feat,40ms,26,3,2,256,1694,727,best_val,12,12345,0,True,True,1.0,5.0265,91.67,24,81.5209,81.2606,80.1926,81.2606,"{""Chat"": 71.671, ""Control"": 92.746, ""File Transfer"": 83.117, ""Streaming"": 77.509}","{""Chat"": 56.705, ""Control"": 87.317, ""File Transfer"": 86.486, ""Streaming"": 100.0}","{""Chat"": 97.368, ""Control"": 98.895, ""File Transfer"": 80.0, ""Streaming"": 63.277}","{""Chat"": 152, ""Control"": 181, ""File Transfer"": 40, ""Streaming"": 354}","{""Chat"": 1.199717, ""Control"": 1.001182, ""File Transfer"": 4.553763, ""Streaming"": 0.513333}","{""Chat"": 353, ""Control"": 423, ""File Transfer"": 93, ""Streaming"": 825}",9381636,checkpoints/VNAT_1s_tcp_duration_3feat_seed2/VNAT_1s_tcpdur_random70_stratified_flowlevel_splitseed42_3feat_timesnet_40ms_seed2.pth,38835970,18.2,OK,,"{""torch"": ""2.4.1+cu121"", ""cuda"": ""12.1"", ""gpu"": ""NVIDIA RTX A4500"", ""numpy"": ""1.26.0"", ""python"": ""3.10.12"", ""deterministic"": true, ""grad_clip_max_norm"": 1.0, ""CUBLAS_WORKSPACE_CONFIG"": "":4096:8"", ""CUDA_VISIBLE_DEVICES"": ""2""}",2026-08-21T21:02:17
VNAT_1s_tcpdur_random70_stratified_flowlevel_splitseed42_3feat_informer_40ms_seed0,VNAT,VNAT_5s_tcp_duration,1,random70_stratified_flowlevel_splitseed42,42,8894961661c52ef7,Validation,4,informer,3feat,40ms,26,3,0,64,1694,727,best_val,14,12345,0,True,True,1.0,12.2962,100.0,34,88.392,89.9206,89.271,89.3499,"{""Chat"": 81.337, ""Control"": 95.442, ""File Transfer"": 90.667, ""Streaming"": 89.954}","{""Chat"": 70.531, ""Control"": 92.708, ""File Transfer"": 97.143, ""Streaming"": 99.317}","{""Chat"": 96.053, ""Control"": 98.343, ""File Transfer"": 85.0, ""Streaming"": 82.203}","{""Chat"": 152, ""Control"": 181, ""File Transfer"": 40, ""Streaming"": 354}","{""Chat"": 1.199717, ""Control"": 1.001182, ""File Transfer"": 4.553763, ""Streaming"": 0.513333}","{""Chat"": 353, ""Control"": 423, ""File Transfer"": 93, ""Streaming"": 825}",2703365,checkpoints/VNAT_1s_tcp_duration_3feat_seed0/VNAT_1s_tcpdur_random70_stratified_flowlevel_splitseed42_3feat_informer_40ms_seed0.pth,21097474,30.0,OK,,"{""torch"": ""2.4.1+cu121"", ""cuda"": ""12.1"", ""gpu"": ""NVIDIA RTX A4500"", ""numpy"": ""1.26.0"", ""python"": ""3.10.12"", ""deterministic"": true, ""grad_clip_max_norm"": 1.0, ""CUBLAS_WORKSPACE_CONFIG"": "":4096:8"", ""CUDA_VISIBLE_DEVICES"": ""2""}",2026-08-21T21:02:47
VNAT_1s_tcpdur_random70_stratified_flowlevel_splitseed42_3feat_informer_40ms_seed1,VNAT,VNAT_5s_tcp_duration,1,random70_stratified_flowlevel_splitseed42,42,8894961661c52ef7,Validation,4,informer,3feat,40ms,26,3,1,64,1694,727,best_val,25,12345,0,True,True,1.0,16.7311,99.78,33,89.3482,90.1356,89.5461,89.6939,"{""Chat"": 82.353, ""Control"": 95.699, ""File Transfer"": 90.909, ""Streaming"": 89.815}","{""Chat"": 71.707, ""Control"": 93.194, ""File Transfer"": 94.595, ""Streaming"": 98.98}","{""Chat"": 96.711, ""Control"": 98.343, ""File Transfer"": 87.5, ""Streaming"": 82.203}","{""Chat"": 152, ""Control"": 181, ""File Transfer"": 40, ""Streaming"": 354}","{""Chat"": 1.199717, ""Control"": 1.001182, ""File Transfer"": 4.553763, ""Streaming"": 0.513333}","{""Chat"": 353, ""Control"": 423, ""File Transfer"": 93, ""Streaming"": 825}",2703365,checkpoints/VNAT_1s_tcp_duration_3feat_seed1/VNAT_1s_tcpdur_random70_stratified_flowlevel_splitseed42_3feat_informer_40ms_seed1.pth,21097474,36.9,OK,,"{""torch"": ""2.4.1+cu121"", ""cuda"": ""12.1"", ""gpu"": ""NVIDIA RTX A4500"", ""numpy"": ""1.26.0"", ""python"": ""3.10.12"", ""deterministic"": true, ""grad_clip_max_norm"": 1.0, ""CUBLAS_WORKSPACE_CONFIG"": "":4096:8"", ""CUDA_VISIBLE_DEVICES"": ""2""}",2026-08-21T21:03:24
VNAT_1s_tcpdur_random70_stratified_flowlevel_splitseed42_3feat_informer_40ms_seed2,VNAT,VNAT_5s_tcp_duration,1,random70_stratified_flowlevel_splitseed42,42,8894961661c52ef7,Validation,4,informer,3feat,40ms,26,3,2,64,1694,727,best_val,37,12345,0,True,True,1.0,18.5731,99.01,45,90.0619,90.4101,90.0963,89.83,"{""Chat"": 82.955, ""Control"": 95.935, ""File Transfer"": 89.744, ""Streaming"": 90.687}","{""Chat"": 73.0, ""Control"": 94.149, ""File Transfer"": 92.105, ""Streaming"": 98.671}","{""Chat"": 96.053, ""Control"": 97.79, ""File Transfer"": 87.5, ""Streaming"": 83.898}","{""Chat"": 152, ""Control"": 181, ""File Transfer"": 40, ""Streaming"": 354}","{""Chat"": 1.199717, ""Control"": 1.001182, ""File Transfer"": 4.553763, ""Streaming"": 0.513333}","{""Chat"": 353, ""Control"": 423, ""File Transfer"": 93, ""Streaming"": 825}",2703365,checkpoints/VNAT_1s_tcp_duration_3feat_seed2/VNAT_1s_tcpdur_random70_stratified_flowlevel_splitseed42_3feat_informer_40ms_seed2.pth,21097474,47.4,OK,,"{""torch"": ""2.4.1+cu121"", ""cuda"": ""12.1"", ""gpu"": ""NVIDIA RTX A4500"", ""numpy"": ""1.26.0"", ""python"": ""3.10.12"", ""deterministic"": true, ""grad_clip_max_norm"": 1.0, ""CUBLAS_WORKSPACE_CONFIG"": "":4096:8"", ""CUDA_VISIBLE_DEVICES"": ""2""}",2026-08-21T21:04:12
VNAT_1s_tcpdur_random70_stratified_flowlevel_splitseed42_3feat_nst_40ms_seed0,VNAT,VNAT_5s_tcp_duration,1,random70_stratified_flowlevel_splitseed42,42,8894961661c52ef7,Validation,4,nst,3feat,40ms,26,3,0,64,1694,727,best_val,14,12345,0,True,True,1.0,11.1585,100.0,24,84.6892,85.7356,85.8322,85.7356,"{""Chat"": 78.515, ""Control"": 93.473, ""File Transfer"": 85.333, ""Streaming"": 85.622}","{""Chat"": 65.778, ""Control"": 88.614, ""File Transfer"": 91.429, ""Streaming"": 100.0}","{""Chat"": 97.368, ""Control"": 98.895, ""File Transfer"": 80.0, ""Streaming"": 74.859}","{""Chat"": 152, ""Control"": 181, ""File Transfer"": 40, ""Streaming"": 354}","{""Chat"": 1.199717, ""Control"": 1.001182, ""File Transfer"": 4.553763, ""Streaming"": 0.513333}","{""Chat"": 353, ""Control"": 423, ""File Transfer"": 93, ""Streaming"": 825}",127840,checkpoints/VNAT_1s_tcp_duration_3feat_seed0/VNAT_1s_tcpdur_random70_stratified_flowlevel_splitseed42_3feat_nst_40ms_seed0.pth,1819338,20.8,OK,,"{""torch"": ""2.4.1+cu121"", ""cuda"": ""12.1"", ""gpu"": ""NVIDIA RTX A4500"", ""numpy"": ""1.26.0"", ""python"": ""3.10.12"", ""deterministic"": true, ""grad_clip_max_norm"": 1.0, ""CUBLAS_WORKSPACE_CONFIG"": "":4096:8"", ""CUDA_VISIBLE_DEVICES"": ""2""}",2026-08-21T21:04:33
VNAT_1s_tcpdur_random70_stratified_flowlevel_splitseed42_3feat_nst_40ms_seed1,VNAT,VNAT_5s_tcp_duration,1,random70_stratified_flowlevel_splitseed42,42,8894961661c52ef7,Validation,4,nst,3feat,40ms,26,3,1,64,1694,727,best_val,9,12345,0,True,True,1.0,6.6422,99.84,23,81.6707,85.1755,85.0069,85.1755,"{""Chat"": 75.969, ""Control"": 94.709, ""File Transfer"": 85.333, ""Streaming"": 84.691}","{""Chat"": 62.553, ""Control"": 90.863, ""File Transfer"": 91.429, ""Streaming"": 100.0}","{""Chat"": 96.711, ""Control"": 98.895, ""File Transfer"": 80.0, ""Streaming"": 73.446}","{""Chat"": 152, ""Control"": 181, ""File Transfer"": 40, ""Streaming"": 354}","{""Chat"": 1.199717, ""Control"": 1.001182, ""File Transfer"": 4.553763, ""Streaming"": 0.513333}","{""Chat"": 353, ""Control"": 423, ""File Transfer"": 93, ""Streaming"": 825}",127840,checkpoints/VNAT_1s_tcp_duration_3feat_seed1/VNAT_1s_tcpdur_random70_stratified_flowlevel_splitseed42_3feat_nst_40ms_seed1.pth,1819338,26.2,OK,,"{""torch"": ""2.4.1+cu121"", ""cuda"": ""12.1"", ""gpu"": ""NVIDIA RTX A4500"", ""numpy"": ""1.26.0"", ""python"": ""3.10.12"", ""deterministic"": true, ""grad_clip_max_norm"": 1.0, ""CUBLAS_WORKSPACE_CONFIG"": "":4096:8"", ""CUDA_VISIBLE_DEVICES"": ""2""}",2026-08-21T21:04:59
VNAT_1s_tcpdur_random70_stratified_flowlevel_splitseed42_3feat_nst_40ms_seed2,VNAT,VNAT_5s_tcp_duration,1,random70_stratified_flowlevel_splitseed42,42,8894961661c52ef7,Validation,4,nst,3feat,40ms,26,3,2,64,1694,727,best_val,17,12345,0,True,True,1.0,8.6755,99.62,29,84.1922,87.8207,88.033,87.8207,"{""Chat"": 80.886, ""Control"": 93.717, ""File Transfer"": 88.0, ""Streaming"": 88.679}","{""Chat"": 69.856, ""Control"": 89.055, ""File Transfer"": 94.286, ""Streaming"": 100.0}","{""Chat"": 96.053, ""Control"": 98.895, ""File Transfer"": 82.5, ""Streaming"": 79.661}","{""Chat"": 152, ""Control"": 181, ""File Transfer"": 40, ""Streaming"": 354}","{""Chat"": 1.199717, ""Control"": 1.001182, ""File Transfer"": 4.553763, ""Streaming"": 0.513333}","{""Chat"": 353, ""Control"": 423, ""File Transfer"": 93, ""Streaming"": 825}",127840,checkpoints/VNAT_1s_tcp_duration_3feat_seed2/VNAT_1s_tcpdur_random70_stratified_flowlevel_splitseed42_3feat_nst_40ms_seed2.pth,1819338,16.5,OK,,"{""torch"": ""2.4.1+cu121"", ""cuda"": ""12.1"", ""gpu"": ""NVIDIA RTX A4500"", ""numpy"": ""1.26.0"", ""python"": ""3.10.12"", ""deterministic"": true, ""grad_clip_max_norm"": 1.0, ""CUBLAS_WORKSPACE_CONFIG"": "":4096:8"", ""CUDA_VISIBLE_DEVICES"": ""2""}",2026-08-21T21:05:16
VNAT_1s_tcpdur_random70_stratified_flowlevel_splitseed42_3feat_autoformer_40ms_seed0,VNAT,VNAT_5s_tcp_duration,1,random70_stratified_flowlevel_splitseed42,42,8894961661c52ef7,Validation,4,autoformer,3feat,40ms,26,3,0,256,1694,727,best_val,21,12345,0,True,True,1.0,4.0139,98.66,32,81.092,67.0546,73.4525,67.0546,"{""Chat"": 13.131, ""Control"": 95.491, ""File Transfer"": 82.5, ""Streaming"": 77.096}","{""Chat"": 28.261, ""Control"": 91.837, ""File Transfer"": 82.5, ""Streaming"": 69.213}","{""Chat"": 8.553, ""Control"": 99.448, ""File Transfer"": 82.5, ""Streaming"": 87.006}","{""Chat"": 152, ""Control"": 181, ""File Transfer"": 40, ""Streaming"": 354}","{""Chat"": 1.199717, ""Control"": 1.001182, ""File Transfer"": 4.553763, ""Streaming"": 0.513333}","{""Chat"": 353, ""Control"": 423, ""File Transfer"": 93, ""Streaming"": 825}",106500,checkpoints/VNAT_1s_tcp_duration_3feat_seed0/VNAT_1s_tcpdur_random70_stratified_flowlevel_splitseed42_3feat_autoformer_40ms_seed0.pth,1723490,5.4,OK,,"{""torch"": ""2.4.1+cu121"", ""cuda"": ""12.1"", ""gpu"": ""NVIDIA RTX A4500"", ""numpy"": ""1.26.0"", ""python"": ""3.10.12"", ""deterministic"": true, ""grad_clip_max_norm"": 1.0, ""CUBLAS_WORKSPACE_CONFIG"": "":4096:8"", ""CUDA_VISIBLE_DEVICES"": ""2""}",2026-08-21T21:05:21
VNAT_1s_tcpdur_random70_stratified_flowlevel_splitseed42_3feat_autoformer_40ms_seed1,VNAT,VNAT_5s_tcp_duration,1,random70_stratified_flowlevel_splitseed42,42,8894961661c52ef7,Validation,4,autoformer,3feat,40ms,26,3,1,256,1694,727,best_val,3,12345,0,True,True,1.0,4.9071,93.77,39,47.9457,68.7108,67.4003,68.7108,"{""Chat"": 63.547, ""Control"": 80.089, ""File Transfer"": 72.727, ""Streaming"": 58.48}","{""Chat"": 50.787, ""Control"": 67.293, ""File Transfer"": 66.667, ""Streaming"": 94.34}","{""Chat"": 84.868, ""Control"": 98.895, ""File Transfer"": 80.0, ""Streaming"": 42.373}","{""Chat"": 152, ""Control"": 181, ""File Transfer"": 40, ""Streaming"": 354}","{""Chat"": 1.199717, ""Control"": 1.001182, ""File Transfer"": 4.553763, ""Streaming"": 0.513333}","{""Chat"": 353, ""Control"": 423, ""File Transfer"": 93, ""Streaming"": 825}",106500,checkpoints/VNAT_1s_tcp_duration_3feat_seed1/VNAT_1s_tcpdur_random70_stratified_flowlevel_splitseed42_3feat_autoformer_40ms_seed1.pth,1723490,8.7,OK,,"{""torch"": ""2.4.1+cu121"", ""cuda"": ""12.1"", ""gpu"": ""NVIDIA RTX A4500"", ""numpy"": ""1.26.0"", ""python"": ""3.10.12"", ""deterministic"": true, ""grad_clip_max_norm"": 1.0, ""CUBLAS_WORKSPACE_CONFIG"": "":4096:8"", ""CUDA_VISIBLE_DEVICES"": ""2""}",2026-08-21T21:05:30
VNAT_1s_tcpdur_random70_stratified_flowlevel_splitseed42_3feat_autoformer_40ms_seed2,VNAT,VNAT_5s_tcp_duration,1,random70_stratified_flowlevel_splitseed42,42,8894961661c52ef7,Validation,4,autoformer,3feat,40ms,26,3,2,256,1694,727,best_val,33,12345,0,True,True,1.0,4.7005,97.21,41,82.0126,69.4832,74.6905,69.4832,"{""Chat"": 21.053, ""Control"": 95.979, ""File Transfer"": 82.927, ""Streaming"": 77.975}","{""Chat"": 38.596, ""Control"": 93.229, ""File Transfer"": 80.952, ""Streaming"": 70.642}","{""Chat"": 14.474, ""Control"": 98.895, ""File Transfer"": 85.0, ""Streaming"": 87.006}","{""Chat"": 152, ""Control"": 181, ""File Transfer"": 40, ""Streaming"": 354}","{""Chat"": 1.199717, ""Control"": 1.001182, ""File Transfer"": 4.553763, ""Streaming"": 0.513333}","{""Chat"": 353, ""Control"": 423, ""File Transfer"": 93, ""Streaming"": 825}",106500,checkpoints/VNAT_1s_tcp_duration_3feat_seed2/VNAT_1s_tcpdur_random70_stratified_flowlevel_splitseed42_3feat_autoformer_40ms_seed2.pth,1723490,6.7,OK,,"{""torch"": ""2.4.1+cu121"", ""cuda"": ""12.1"", ""gpu"": ""NVIDIA RTX A4500"", ""numpy"": ""1.26.0"", ""python"": ""3.10.12"", ""deterministic"": true, ""grad_clip_max_norm"": 1.0, ""CUBLAS_WORKSPACE_CONFIG"": "":4096:8"", ""CUDA_VISIBLE_DEVICES"": ""2""}",2026-08-21T21:05:37
VNAT_1s_tcpdur_random70_stratified_flowlevel_splitseed42_3feat_fedformer_40ms_seed0,VNAT,VNAT_5s_tcp_duration,1,random70_stratified_flowlevel_splitseed42,42,8894961661c52ef7,Validation,4,fedformer,3feat,40ms,26,3,0,256,1694,727,best_val,9,12345,4,True,True,1.0,5.2357,84.85,33,74.7303,83.4647,83.2187,83.4647,"{""Chat"": 80.769, ""Control"": 86.683, ""File Transfer"": 84.211, ""Streaming"": 82.196}","{""Chat"": 69.34, ""Control"": 77.155, ""File Transfer"": 88.889, ""Streaming"": 100.0}","{""Chat"": 96.711, ""Control"": 98.895, ""File Transfer"": 80.0, ""Streaming"": 69.774}","{""Chat"": 152, ""Control"": 181, ""File Transfer"": 40, ""Streaming"": 354}","{""Chat"": 1.199717, ""Control"": 1.001182, ""File Transfer"": 4.553763, ""Streaming"": 0.513333}","{""Chat"": 353, ""Control"": 423, ""File Transfer"": 93, ""Streaming"": 825}",224645,checkpoints/VNAT_1s_tcp_duration_3feat_seed0/VNAT_1s_tcpdur_random70_stratified_flowlevel_splitseed42_3feat_fedformer_40ms_seed0.pth,3494507,18.7,OK,,"{""torch"": ""2.4.1+cu121"", ""cuda"": ""12.1"", ""gpu"": ""NVIDIA RTX A4500"", ""numpy"": ""1.26.0"", ""python"": ""3.10.12"", ""deterministic"": true, ""grad_clip_max_norm"": 1.0, ""CUBLAS_WORKSPACE_CONFIG"": "":4096:8"", ""CUDA_VISIBLE_DEVICES"": ""2""}",2026-08-21T21:05:55
VNAT_1s_tcpdur_random70_stratified_flowlevel_splitseed42_3feat_fedformer_40ms_seed1,VNAT,VNAT_5s_tcp_duration,1,random70_stratified_flowlevel_splitseed42,42,8894961661c52ef7,Validation,4,fedformer,3feat,40ms,26,3,1,256,1694,727,best_val,14,12345,4,True,True,1.0,4.8445,82.45,35,78.6318,80.7163,79.7799,80.7163,"{""Chat"": 76.41, ""Control"": 86.683, ""File Transfer"": 83.117, ""Streaming"": 76.655}","{""Chat"": 62.605, ""Control"": 77.155, ""File Transfer"": 86.486, ""Streaming"": 100.0}","{""Chat"": 98.026, ""Control"": 98.895, ""File Transfer"": 80.0, ""Streaming"": 62.147}","{""Chat"": 152, ""Control"": 181, ""File Transfer"": 40, ""Streaming"": 354}","{""Chat"": 1.199717, ""Control"": 1.001182, ""File Transfer"": 4.553763, ""Streaming"": 0.513333}","{""Chat"": 353, ""Control"": 423, ""File Transfer"": 93, ""Streaming"": 825}",224645,checkpoints/VNAT_1s_tcp_duration_3feat_seed1/VNAT_1s_tcpdur_random70_stratified_flowlevel_splitseed42_3feat_fedformer_40ms_seed1.pth,3494507,31.6,OK,,"{""torch"": ""2.4.1+cu121"", ""cuda"": ""12.1"", ""gpu"": ""NVIDIA RTX A4500"", ""numpy"": ""1.26.0"", ""python"": ""3.10.12"", ""deterministic"": true, ""grad_clip_max_norm"": 1.0, ""CUBLAS_WORKSPACE_CONFIG"": "":4096:8"", ""CUDA_VISIBLE_DEVICES"": ""2""}",2026-08-21T21:06:27
VNAT_1s_tcpdur_random70_stratified_flowlevel_splitseed42_3feat_fedformer_40ms_seed2,VNAT,VNAT_5s_tcp_duration,1,random70_stratified_flowlevel_splitseed42,42,8894961661c52ef7,Validation,4,fedformer,3feat,40ms,26,3,2,256,1694,727,best_val,7,12345,4,True,True,1.0,5.3412,89.61,33,67.7436,82.7137,82.8061,82.7137,"{""Chat"": 84.457, ""Control"": 82.759, ""File Transfer"": 81.579, ""Streaming"": 82.06}","{""Chat"": 76.19, ""Control"": 70.866, ""File Transfer"": 86.111, ""Streaming"": 99.597}","{""Chat"": 94.737, ""Control"": 99.448, ""File Transfer"": 77.5, ""Streaming"": 69.774}","{""Chat"": 152, ""Control"": 181, ""File Transfer"": 40, ""Streaming"": 354}","{""Chat"": 1.199717, ""Control"": 1.001182, ""File Transfer"": 4.553763, ""Streaming"": 0.513333}","{""Chat"": 353, ""Control"": 423, ""File Transfer"": 93, ""Streaming"": 825}",224645,checkpoints/VNAT_1s_tcp_duration_3feat_seed2/VNAT_1s_tcpdur_random70_stratified_flowlevel_splitseed42_3feat_fedformer_40ms_seed2.pth,3494507,34.1,OK,,"{""torch"": ""2.4.1+cu121"", ""cuda"": ""12.1"", ""gpu"": ""NVIDIA RTX A4500"", ""numpy"": ""1.26.0"", ""python"": ""3.10.12"", ""deterministic"": true, ""grad_clip_max_norm"": 1.0, ""CUBLAS_WORKSPACE_CONFIG"": "":4096:8"", ""CUDA_VISIBLE_DEVICES"": ""2""}",2026-08-21T21:07:01
VNAT_1s_tcpdur_random70_stratified_flowlevel_splitseed42_3feat_timemixer_40ms_seed0,VNAT,VNAT_5s_tcp_duration,1,random70_stratified_flowlevel_splitseed42,42,8894961661c52ef7,Validation,4,timemixer,3feat,40ms,26,3,0,256,1694,727,best_val,46,12345,0,True,True,1.0,6.382,28.16,69,83.3366,84.2626,84.4567,84.2626,"{""Chat"": 79.045, ""Control"": 91.282, ""File Transfer"": 83.117, ""Streaming"": 83.607}","{""Chat"": 66.222, ""Control"": 85.167, ""File Transfer"": 86.486, ""Streaming"": 99.609}","{""Chat"": 98.026, ""Control"": 98.343, ""File Transfer"": 80.0, ""Streaming"": 72.034}","{""Chat"": 152, ""Control"": 181, ""File Transfer"": 40, ""Streaming"": 354}","{""Chat"": 1.199717, ""Control"": 1.001182, ""File Transfer"": 4.553763, ""Streaming"": 0.513333}","{""Chat"": 353, ""Control"": 423, ""File Transfer"": 93, ""Streaming"": 825}",144178,checkpoints/VNAT_1s_tcp_duration_3feat_seed0/VNAT_1s_tcpdur_random70_stratified_flowlevel_splitseed42_3feat_timemixer_40ms_seed0.pth,1893638,28.8,OK,,"{""torch"": ""2.4.1+cu121"", ""cuda"": ""12.1"", ""gpu"": ""NVIDIA RTX A4500"", ""numpy"": ""1.26.0"", ""python"": ""3.10.12"", ""deterministic"": true, ""grad_clip_max_norm"": 1.0, ""CUBLAS_WORKSPACE_CONFIG"": "":4096:8"", ""CUDA_VISIBLE_DEVICES"": ""2""}",2026-08-21T21:07:30
VNAT_1s_tcpdur_random70_stratified_flowlevel_splitseed42_3feat_timemixer_40ms_seed1,VNAT,VNAT_5s_tcp_duration,1,random70_stratified_flowlevel_splitseed42,42,8894961661c52ef7,Validation,4,timemixer,3feat,40ms,26,3,1,256,1694,727,best_val,43,12345,0,True,True,1.0,41.1465,44.56,67,82.983,83.9608,84.7318,83.9608,"{""Chat"": 79.133, ""Control"": 91.282, ""File Transfer"": 81.013, ""Streaming"": 84.416}","{""Chat"": 67.281, ""Control"": 85.167, ""File Transfer"": 82.051, ""Streaming"": 99.237}","{""Chat"": 96.053, ""Control"": 98.343, ""File Transfer"": 80.0, ""Streaming"": 73.446}","{""Chat"": 152, ""Control"": 181, ""File Transfer"": 40, ""Streaming"": 354}","{""Chat"": 1.199717, ""Control"": 1.001182, ""File Transfer"": 4.553763, ""Streaming"": 0.513333}","{""Chat"": 353, ""Control"": 423, ""File Transfer"": 93, ""Streaming"": 825}",144178,checkpoints/VNAT_1s_tcp_duration_3feat_seed1/VNAT_1s_tcpdur_random70_stratified_flowlevel_splitseed42_3feat_timemixer_40ms_seed1.pth,1893638,28.0,OK,,"{""torch"": ""2.4.1+cu121"", ""cuda"": ""12.1"", ""gpu"": ""NVIDIA RTX A4500"", ""numpy"": ""1.26.0"", ""python"": ""3.10.12"", ""deterministic"": true, ""grad_clip_max_norm"": 1.0, ""CUBLAS_WORKSPACE_CONFIG"": "":4096:8"", ""CUDA_VISIBLE_DEVICES"": ""2""}",2026-08-21T21:07:58
VNAT_1s_tcpdur_random70_stratified_flowlevel_splitseed42_3feat_timemixer_40ms_seed2,VNAT,VNAT_5s_tcp_duration,1,random70_stratified_flowlevel_splitseed42,42,8894961661c52ef7,Validation,4,timemixer,3feat,40ms,26,3,2,256,1694,727,best_val,57,12345,0,True,True,1.0,14.5025,37.42,71,85.0286,85.4823,85.0069,85.4823,"{""Chat"": 77.867, ""Control"": 92.468, ""File Transfer"": 87.179, ""Streaming"": 84.416}","{""Chat"": 65.471, ""Control"": 87.255, ""File Transfer"": 89.474, ""Streaming"": 99.237}","{""Chat"": 96.053, ""Control"": 98.343, ""File Transfer"": 85.0, ""Streaming"": 73.446}","{""Chat"": 152, ""Control"": 181, ""File Transfer"": 40, ""Streaming"": 354}","{""Chat"": 1.199717, ""Control"": 1.001182, ""File Transfer"": 4.553763, ""Streaming"": 0.513333}","{""Chat"": 353, ""Control"": 423, ""File Transfer"": 93, ""Streaming"": 825}",144178,checkpoints/VNAT_1s_tcp_duration_3feat_seed2/VNAT_1s_tcpdur_random70_stratified_flowlevel_splitseed42_3feat_timemixer_40ms_seed2.pth,1893638,15.2,OK,,"{""torch"": ""2.4.1+cu121"", ""cuda"": ""12.1"", ""gpu"": ""NVIDIA RTX A4500"", ""numpy"": ""1.26.0"", ""python"": ""3.10.12"", ""deterministic"": true, ""grad_clip_max_norm"": 1.0, ""CUBLAS_WORKSPACE_CONFIG"": "":4096:8"", ""CUDA_VISIBLE_DEVICES"": ""2""}",2026-08-21T21:08:13
VNAT_1s_tcpdur_random70_stratified_flowlevel_splitseed42_3feat_timesnet_50ms_seed0,VNAT,VNAT_5s_tcp_duration,1,random70_stratified_flowlevel_splitseed42,42,8894961661c52ef7,Validation,4,timesnet,3feat,50ms,21,3,0,256,1694,727,best_val,11,12345,0,True,True,1.0,6.7242,76.72,27,76.044,77.7128,75.6534,77.7128,"{""Chat"": 70.755, ""Control"": 87.255, ""File Transfer"": 83.117, ""Streaming"": 69.725}","{""Chat"": 55.147, ""Control"": 78.414, ""File Transfer"": 86.486, ""Streaming"": 99.476}","{""Chat"": 98.684, ""Control"": 98.343, ""File Transfer"": 80.0, ""Streaming"": 53.672}","{""Chat"": 152, ""Control"": 181, ""File Transfer"": 40, ""Streaming"": 354}","{""Chat"": 1.199717, ""Control"": 1.001182, ""File Transfer"": 4.553763, ""Streaming"": 0.513333}","{""Chat"": 353, ""Control"": 423, ""File Transfer"": 93, ""Streaming"": 825}",9380356,checkpoints/VNAT_1s_tcp_duration_3feat_seed0/VNAT_1s_tcpdur_random70_stratified_flowlevel_splitseed42_3feat_timesnet_50ms_seed0.pth,38830850,18.7,OK,,"{""torch"": ""2.4.1+cu121"", ""cuda"": ""12.1"", ""gpu"": ""NVIDIA RTX A4500"", ""numpy"": ""1.26.0"", ""python"": ""3.10.12"", ""deterministic"": true, ""grad_clip_max_norm"": 1.0, ""CUBLAS_WORKSPACE_CONFIG"": "":4096:8"", ""CUDA_VISIBLE_DEVICES"": ""2""}",2026-08-21T21:08:32
VNAT_1s_tcpdur_random70_stratified_flowlevel_splitseed42_3feat_timesnet_50ms_seed1,VNAT,VNAT_5s_tcp_duration,1,random70_stratified_flowlevel_splitseed42,42,8894961661c52ef7,Validation,4,timesnet,3feat,50ms,21,3,1,256,1694,727,best_val,14,12345,0,True,True,1.0,7.2295,71.43,33,76.8032,76.2528,73.7276,76.2528,"{""Chat"": 68.65, ""Control"": 86.829, ""File Transfer"": 83.117, ""Streaming"": 66.415}","{""Chat"": 52.632, ""Control"": 77.729, ""File Transfer"": 86.486, ""Streaming"": 100.0}","{""Chat"": 98.684, ""Control"": 98.343, ""File Transfer"": 80.0, ""Streaming"": 49.718}","{""Chat"": 152, ""Control"": 181, ""File Transfer"": 40, ""Streaming"": 354}","{""Chat"": 1.199717, ""Control"": 1.001182, ""File Transfer"": 4.553763, ""Streaming"": 0.513333}","{""Chat"": 353, ""Control"": 423, ""File Transfer"": 93, ""Streaming"": 825}",9380356,checkpoints/VNAT_1s_tcp_duration_3feat_seed1/VNAT_1s_tcpdur_random70_stratified_flowlevel_splitseed42_3feat_timesnet_50ms_seed1.pth,38830850,22.6,OK,,"{""torch"": ""2.4.1+cu121"", ""cuda"": ""12.1"", ""gpu"": ""NVIDIA RTX A4500"", ""numpy"": ""1.26.0"", ""python"": ""3.10.12"", ""deterministic"": true, ""grad_clip_max_norm"": 1.0, ""CUBLAS_WORKSPACE_CONFIG"": "":4096:8"", ""CUDA_VISIBLE_DEVICES"": ""2""}",2026-08-21T21:08:55
VNAT_1s_tcpdur_random70_stratified_flowlevel_splitseed42_3feat_timesnet_50ms_seed2,VNAT,VNAT_5s_tcp_duration,1,random70_stratified_flowlevel_splitseed42,42,8894961661c52ef7,Validation,4,timesnet,3feat,50ms,21,3,2,256,1694,727,best_val,12,12345,0,True,True,1.0,4.4447,75.27,26,76.0647,77.4078,76.2036,77.4078,"{""Chat"": 72.861, ""Control"": 85.99, ""File Transfer"": 80.0, ""Streaming"": 70.78}","{""Chat"": 57.977, ""Control"": 76.395, ""File Transfer"": 80.0, ""Streaming"": 98.985}","{""Chat"": 98.026, ""Control"": 98.343, ""File Transfer"": 80.0, ""Streaming"": 55.085}","{""Chat"": 152, ""Control"": 181, ""File Transfer"": 40, ""Streaming"": 354}","{""Chat"": 1.199717, ""Control"": 1.001182, ""File Transfer"": 4.553763, ""Streaming"": 0.513333}","{""Chat"": 353, ""Control"": 423, ""File Transfer"": 93, ""Streaming"": 825}",9380356,checkpoints/VNAT_1s_tcp_duration_3feat_seed2/VNAT_1s_tcpdur_random70_stratified_flowlevel_splitseed42_3feat_timesnet_50ms_seed2.pth,38830850,18.2,OK,,"{""torch"": ""2.4.1+cu121"", ""cuda"": ""12.1"", ""gpu"": ""NVIDIA RTX A4500"", ""numpy"": ""1.26.0"", ""python"": ""3.10.12"", ""deterministic"": true, ""grad_clip_max_norm"": 1.0, ""CUBLAS_WORKSPACE_CONFIG"": "":4096:8"", ""CUDA_VISIBLE_DEVICES"": ""2""}",2026-08-21T21:09:14
VNAT_1s_tcpdur_random70_stratified_flowlevel_splitseed42_3feat_informer_50ms_seed0,VNAT,VNAT_5s_tcp_duration,1,random70_stratified_flowlevel_splitseed42,42,8894961661c52ef7,Validation,4,informer,3feat,50ms,21,3,0,64,1694,727,best_val,9,12345,0,True,True,1.0,16.7251,100.0,24,85.9619,88.3731,88.4457,88.4544,"{""Chat"": 80.791, ""Control"": 95.187, ""File Transfer"": 89.189, ""Streaming"": 88.65}","{""Chat"": 70.792, ""Control"": 92.228, ""File Transfer"": 97.059, ""Streaming"": 96.98}","{""Chat"": 94.079, ""Control"": 98.343, ""File Transfer"": 82.5, ""Streaming"": 81.638}","{""Chat"": 152, ""Control"": 181, ""File Transfer"": 40, ""Streaming"": 354}","{""Chat"": 1.199717, ""Control"": 1.001182, ""File Transfer"": 4.553763, ""Streaming"": 0.513333}","{""Chat"": 353, ""Control"": 423, ""File Transfer"": 93, ""Streaming"": 825}",2698245,checkpoints/VNAT_1s_tcp_duration_3feat_seed0/VNAT_1s_tcpdur_random70_stratified_flowlevel_splitseed42_3feat_informer_50ms_seed0.pth,21076994,27.7,OK,,"{""torch"": ""2.4.1+cu121"", ""cuda"": ""12.1"", ""gpu"": ""NVIDIA RTX A4500"", ""numpy"": ""1.26.0"", ""python"": ""3.10.12"", ""deterministic"": true, ""grad_clip_max_norm"": 1.0, ""CUBLAS_WORKSPACE_CONFIG"": "":4096:8"", ""CUDA_VISIBLE_DEVICES"": ""2""}",2026-08-21T21:09:42
VNAT_1s_tcpdur_random70_stratified_flowlevel_splitseed42_3feat_informer_50ms_seed1,VNAT,VNAT_5s_tcp_duration,1,random70_stratified_flowlevel_splitseed42,42,8894961661c52ef7,Validation,4,informer,3feat,50ms,21,3,1,64,1694,727,best_val,16,12345,0,True,True,1.0,16.261,100.0,24,86.8384,89.6329,89.6836,89.4049,"{""Chat"": 82.184, ""Control"": 96.216, ""File Transfer"": 89.189, ""Streaming"": 90.03}","{""Chat"": 72.959, ""Control"": 94.18, ""File Transfer"": 97.059, ""Streaming"": 96.753}","{""Chat"": 94.079, ""Control"": 98.343, ""File Transfer"": 82.5, ""Streaming"": 84.181}","{""Chat"": 152, ""Control"": 181, ""File Transfer"": 40, ""Streaming"": 354}","{""Chat"": 1.199717, ""Control"": 1.001182, ""File Transfer"": 4.553763, ""Streaming"": 0.513333}","{""Chat"": 353, ""Control"": 423, ""File Transfer"": 93, ""Streaming"": 825}",2698245,checkpoints/VNAT_1s_tcp_duration_3feat_seed1/VNAT_1s_tcpdur_random70_stratified_flowlevel_splitseed42_3feat_informer_50ms_seed1.pth,21076994,17.7,OK,,"{""torch"": ""2.4.1+cu121"", ""cuda"": ""12.1"", ""gpu"": ""NVIDIA RTX A4500"", ""numpy"": ""1.26.0"", ""python"": ""3.10.12"", ""deterministic"": true, ""grad_clip_max_norm"": 1.0, ""CUBLAS_WORKSPACE_CONFIG"": "":4096:8"", ""CUDA_VISIBLE_DEVICES"": ""2""}",2026-08-21T21:10:00
VNAT_1s_tcpdur_random70_stratified_flowlevel_splitseed42_3feat_informer_50ms_seed2,VNAT,VNAT_5s_tcp_duration,1,random70_stratified_flowlevel_splitseed42,42,8894961661c52ef7,Validation,4,informer,3feat,50ms,21,3,2,64,1694,727,best_val,11,12345,0,True,True,1.0,14.2598,100.0,27,85.0989,89.1796,89.1334,88.9973,"{""Chat"": 81.481, ""Control"": 95.957, ""File Transfer"": 89.189, ""Streaming"": 89.362}","{""Chat"": 71.859, ""Control"": 93.684, ""File Transfer"": 97.059, ""Streaming"": 96.711}","{""Chat"": 94.079, ""Control"": 98.343, ""File Transfer"": 82.5, ""Streaming"": 83.051}","{""Chat"": 152, ""Control"": 181, ""File Transfer"": 40, ""Streaming"": 354}","{""Chat"": 1.199717, ""Control"": 1.001182, ""File Transfer"": 4.553763, ""Streaming"": 0.513333}","{""Chat"": 353, ""Control"": 423, ""File Transfer"": 93, ""Streaming"": 825}",2698245,checkpoints/VNAT_1s_tcp_duration_3feat_seed2/VNAT_1s_tcpdur_random70_stratified_flowlevel_splitseed42_3feat_informer_50ms_seed2.pth,21076994,27.4,OK,,"{""torch"": ""2.4.1+cu121"", ""cuda"": ""12.1"", ""gpu"": ""NVIDIA RTX A4500"", ""numpy"": ""1.26.0"", ""python"": ""3.10.12"", ""deterministic"": true, ""grad_clip_max_norm"": 1.0, ""CUBLAS_WORKSPACE_CONFIG"": "":4096:8"", ""CUDA_VISIBLE_DEVICES"": ""2""}",2026-08-21T21:10:27
VNAT_1s_tcpdur_random70_stratified_flowlevel_splitseed42_3feat_nst_50ms_seed0,VNAT,VNAT_5s_tcp_duration,1,random70_stratified_flowlevel_splitseed42,42,8894961661c52ef7,Validation,4,nst,3feat,50ms,21,3,0,64,1694,727,best_val,15,12345,0,True,True,1.0,9.2528,100.0,29,82.2783,82.2299,81.5681,82.2299,"{""Chat"": 72.449, ""Control"": 93.684, ""File Transfer"": 83.117, ""Streaming"": 79.669}","{""Chat"": 59.167, ""Control"": 89.447, ""File Transfer"": 86.486, ""Streaming"": 96.016}","{""Chat"": 93.421, ""Control"": 98.343, ""File Transfer"": 80.0, ""Streaming"": 68.079}","{""Chat"": 152, ""Control"": 181, ""File Transfer"": 40, ""Streaming"": 354}","{""Chat"": 1.199717, ""Control"": 1.001182, ""File Transfer"": 4.553763, ""Streaming"": 0.513333}","{""Chat"": 353, ""Control"": 423, ""File Transfer"": 93, ""Streaming"": 825}",126210,checkpoints/VNAT_1s_tcp_duration_3feat_seed0/VNAT_1s_tcpdur_random70_stratified_flowlevel_splitseed42_3feat_nst_50ms_seed0.pth,1812938,33.2,OK,,"{""torch"": ""2.4.1+cu121"", ""cuda"": ""12.1"", ""gpu"": ""NVIDIA RTX A4500"", ""numpy"": ""1.26.0"", ""python"": ""3.10.12"", ""deterministic"": true, ""grad_clip_max_norm"": 1.0, ""CUBLAS_WORKSPACE_CONFIG"": "":4096:8"", ""CUDA_VISIBLE_DEVICES"": ""2""}",2026-08-21T21:11:00
VNAT_1s_tcpdur_random70_stratified_flowlevel_splitseed42_3feat_nst_50ms_seed1,VNAT,VNAT_5s_tcp_duration,1,random70_stratified_flowlevel_splitseed42,42,8894961661c52ef7,Validation,4,nst,3feat,50ms,21,3,1,64,1694,727,best_val,26,12345,0,True,True,1.0,13.4638,99.81,38,85.6119,85.2674,85.0069,85.2674,"{""Chat"": 76.44, ""Control"": 95.187, ""File Transfer"": 85.333, ""Streaming"": 84.109}","{""Chat"": 63.478, ""Control"": 92.228, ""File Transfer"": 91.429, ""Streaming"": 97.398}","{""Chat"": 96.053, ""Control"": 98.343, ""File Transfer"": 80.0, ""Streaming"": 74.011}","{""Chat"": 152, ""Control"": 181, ""File Transfer"": 40, ""Streaming"": 354}","{""Chat"": 1.199717, ""Control"": 1.001182, ""File Transfer"": 4.553763, ""Streaming"": 0.513333}","{""Chat"": 353, ""Control"": 423, ""File Transfer"": 93, ""Streaming"": 825}",126210,checkpoints/VNAT_1s_tcp_duration_3feat_seed1/VNAT_1s_tcpdur_random70_stratified_flowlevel_splitseed42_3feat_nst_50ms_seed1.pth,1812938,43.5,OK,,"{""torch"": ""2.4.1+cu121"", ""cuda"": ""12.1"", ""gpu"": ""NVIDIA RTX A4500"", ""numpy"": ""1.26.0"", ""python"": ""3.10.12"", ""deterministic"": true, ""grad_clip_max_norm"": 1.0, ""CUBLAS_WORKSPACE_CONFIG"": "":4096:8"", ""CUDA_VISIBLE_DEVICES"": ""2""}",2026-08-21T21:11:44
VNAT_1s_tcpdur_random70_stratified_flowlevel_splitseed42_3feat_nst_50ms_seed2,VNAT,VNAT_5s_tcp_duration,1,random70_stratified_flowlevel_splitseed42,42,8894961661c52ef7,Validation,4,nst,3feat,50ms,21,3,2,64,1694,727,best_val,17,12345,0,True,True,1.0,7.7117,99.89,33,80.2142,82.2187,80.1926,82.2187,"{""Chat"": 71.394, ""Control"": 92.468, ""File Transfer"": 87.671, ""Streaming"": 77.342}","{""Chat"": 56.809, ""Control"": 87.255, ""File Transfer"": 96.97, ""Streaming"": 97.425}","{""Chat"": 96.053, ""Control"": 98.343, ""File Transfer"": 80.0, ""Streaming"": 64.124}","{""Chat"": 152, ""Control"": 181, ""File Transfer"": 40, ""Streaming"": 354}","{""Chat"": 1.199717, ""Control"": 1.001182, ""File Transfer"": 4.553763, ""Streaming"": 0.513333}","{""Chat"": 353, ""Control"": 423, ""File Transfer"": 93, ""Streaming"": 825}",126210,checkpoints/VNAT_1s_tcp_duration_3feat_seed2/VNAT_1s_tcpdur_random70_stratified_flowlevel_splitseed42_3feat_nst_50ms_seed2.pth,1812938,35.8,OK,,"{""torch"": ""2.4.1+cu121"", ""cuda"": ""12.1"", ""gpu"": ""NVIDIA RTX A4500"", ""numpy"": ""1.26.0"", ""python"": ""3.10.12"", ""deterministic"": true, ""grad_clip_max_norm"": 1.0, ""CUBLAS_WORKSPACE_CONFIG"": "":4096:8"", ""CUDA_VISIBLE_DEVICES"": ""2""}",2026-08-21T21:12:20
VNAT_1s_tcpdur_random70_stratified_flowlevel_splitseed42_3feat_autoformer_50ms_seed0,VNAT,VNAT_5s_tcp_duration,1,random70_stratified_flowlevel_splitseed42,42,8894961661c52ef7,Validation,4,autoformer,3feat,50ms,21,3,0,256,1694,727,best_val,10,12345,0,True,True,1.0,3.9964,85.42,48,69.2664,78.7255,77.8542,78.7255,"{""Chat"": 70.286, ""Control"": 86.618, ""File Transfer"": 82.192, ""Streaming"": 75.806}","{""Chat"": 62.121, ""Control"": 77.391, ""File Transfer"": 90.909, ""Streaming"": 88.346}","{""Chat"": 80.921, ""Control"": 98.343, ""File Transfer"": 75.0, ""Streaming"": 66.384}","{""Chat"": 152, ""Control"": 181, ""File Transfer"": 40, ""Streaming"": 354}","{""Chat"": 1.199717, ""Control"": 1.001182, ""File Transfer"": 4.553763, ""Streaming"": 0.513333}","{""Chat"": 353, ""Control"": 423, ""File Transfer"": 93, ""Streaming"": 825}",105220,checkpoints/VNAT_1s_tcp_duration_3feat_seed0/VNAT_1s_tcpdur_random70_stratified_flowlevel_splitseed42_3feat_autoformer_50ms_seed0.pth,1718370,19.4,OK,,"{""torch"": ""2.4.1+cu121"", ""cuda"": ""12.1"", ""gpu"": ""NVIDIA RTX A4500"", ""numpy"": ""1.26.0"", ""python"": ""3.10.12"", ""deterministic"": true, ""grad_clip_max_norm"": 1.0, ""CUBLAS_WORKSPACE_CONFIG"": "":4096:8"", ""CUDA_VISIBLE_DEVICES"": ""2""}",2026-08-21T21:12:39
VNAT_1s_tcpdur_random70_stratified_flowlevel_splitseed42_3feat_autoformer_50ms_seed1,VNAT,VNAT_5s_tcp_duration,1,random70_stratified_flowlevel_splitseed42,42,8894961661c52ef7,Validation,4,autoformer,3feat,50ms,21,3,1,256,1694,727,best_val,17,12345,0,True,True,1.0,3.9993,78.98,53,71.6041,79.7978,80.055,79.7978,"{""Chat"": 66.265, ""Control"": 92.95, ""File Transfer"": 80.519, ""Streaming"": 79.456}","{""Chat"": 61.111, ""Control"": 88.119, ""File Transfer"": 83.784, ""Streaming"": 85.39}","{""Chat"": 72.368, ""Control"": 98.343, ""File Transfer"": 77.5, ""Streaming"": 74.294}","{""Chat"": 152, ""Control"": 181, ""File Transfer"": 40, ""Streaming"": 354}","{""Chat"": 1.199717, ""Control"": 1.001182, ""File Transfer"": 4.553763, ""Streaming"": 0.513333}","{""Chat"": 353, ""Control"": 423, ""File Transfer"": 93, ""Streaming"": 825}",105220,checkpoints/VNAT_1s_tcp_duration_3feat_seed1/VNAT_1s_tcpdur_random70_stratified_flowlevel_splitseed42_3feat_autoformer_50ms_seed1.pth,1718370,21.1,OK,,"{""torch"": ""2.4.1+cu121"", ""cuda"": ""12.1"", ""gpu"": ""NVIDIA RTX A4500"", ""numpy"": ""1.26.0"", ""python"": ""3.10.12"", ""deterministic"": true, ""grad_clip_max_norm"": 1.0, ""CUBLAS_WORKSPACE_CONFIG"": "":4096:8"", ""CUDA_VISIBLE_DEVICES"": ""2""}",2026-08-21T21:13:01
VNAT_1s_tcpdur_random70_stratified_flowlevel_splitseed42_3feat_autoformer_50ms_seed2,VNAT,VNAT_5s_tcp_duration,1,random70_stratified_flowlevel_splitseed42,42,8894961661c52ef7,Validation,4,autoformer,3feat,50ms,21,3,2,256,1694,727,best_val,47,12345,0,True,True,1.0,3.7509,83.64,62,82.8535,84.9621,85.0069,84.9621,"{""Chat"": 70.288, ""Control"": 96.216, ""File Transfer"": 88.0, ""Streaming"": 85.345}","{""Chat"": 68.323, ""Control"": 94.18, ""File Transfer"": 94.286, ""Streaming"": 86.842}","{""Chat"": 72.368, ""Control"": 98.343, ""File Transfer"": 82.5, ""Streaming"": 83.898}","{""Chat"": 152, ""Control"": 181, ""File Transfer"": 40, ""Streaming"": 354}","{""Chat"": 1.199717, ""Control"": 1.001182, ""File Transfer"": 4.553763, ""Streaming"": 0.513333}","{""Chat"": 353, ""Control"": 423, ""File Transfer"": 93, ""Streaming"": 825}",105220,checkpoints/VNAT_1s_tcp_duration_3feat_seed2/VNAT_1s_tcpdur_random70_stratified_flowlevel_splitseed42_3feat_autoformer_50ms_seed2.pth,1718370,24.8,OK,,"{""torch"": ""2.4.1+cu121"", ""cuda"": ""12.1"", ""gpu"": ""NVIDIA RTX A4500"", ""numpy"": ""1.26.0"", ""python"": ""3.10.12"", ""deterministic"": true, ""grad_clip_max_norm"": 1.0, ""CUBLAS_WORKSPACE_CONFIG"": "":4096:8"", ""CUDA_VISIBLE_DEVICES"": ""2""}",2026-08-21T21:13:25
VNAT_1s_tcpdur_random70_stratified_flowlevel_splitseed42_3feat_fedformer_50ms_seed0,VNAT,VNAT_5s_tcp_duration,1,random70_stratified_flowlevel_splitseed42,42,8894961661c52ef7,Validation,4,fedformer,3feat,50ms,21,3,0,256,1694,727,best_val,7,12345,4,True,True,1.0,4.8315,78.4,41,64.2802,77.697,76.7538,77.697,"{""Chat"": 78.142, ""Control"": 79.111, ""File Transfer"": 80.0, ""Streaming"": 73.535}","{""Chat"": 66.822, ""Control"": 66.171, ""File Transfer"": 85.714, ""Streaming"": 99.043}","{""Chat"": 94.079, ""Control"": 98.343, ""File Transfer"": 75.0, ""Streaming"": 58.475}","{""Chat"": 152, ""Control"": 181, ""File Transfer"": 40, ""Streaming"": 354}","{""Chat"": 1.199717, ""Control"": 1.001182, ""File Transfer"": 4.553763, ""Streaming"": 0.513333}","{""Chat"": 353, ""Control"": 423, ""File Transfer"": 93, ""Streaming"": 825}",213125,checkpoints/VNAT_1s_tcp_duration_3feat_seed0/VNAT_1s_tcpdur_random70_stratified_flowlevel_splitseed42_3feat_fedformer_50ms_seed0.pth,3448363,35.9,OK,,"{""torch"": ""2.4.1+cu121"", ""cuda"": ""12.1"", ""gpu"": ""NVIDIA RTX A4500"", ""numpy"": ""1.26.0"", ""python"": ""3.10.12"", ""deterministic"": true, ""grad_clip_max_norm"": 1.0, ""CUBLAS_WORKSPACE_CONFIG"": "":4096:8"", ""CUDA_VISIBLE_DEVICES"": ""2""}",2026-08-21T21:14:01
VNAT_1s_tcpdur_random70_stratified_flowlevel_splitseed42_3feat_fedformer_50ms_seed1,VNAT,VNAT_5s_tcp_duration,1,random70_stratified_flowlevel_splitseed42,42,8894961661c52ef7,Validation,4,fedformer,3feat,50ms,21,3,1,256,1694,727,best_val,35,12345,4,True,True,1.0,5.1478,70.52,47,78.1935,78.5849,75.6534,78.5849,"{""Chat"": 68.793, ""Control"": 89.447, ""File Transfer"": 86.486, ""Streaming"": 69.613}","{""Chat"": 52.613, ""Control"": 82.028, ""File Transfer"": 94.118, ""Streaming"": 100.0}","{""Chat"": 99.342, ""Control"": 98.343, ""File Transfer"": 80.0, ""Streaming"": 53.39}","{""Chat"": 152, ""Control"": 181, ""File Transfer"": 40, ""Streaming"": 354}","{""Chat"": 1.199717, ""Control"": 1.001182, ""File Transfer"": 4.553763, ""Streaming"": 0.513333}","{""Chat"": 353, ""Control"": 423, ""File Transfer"": 93, ""Streaming"": 825}",213125,checkpoints/VNAT_1s_tcp_duration_3feat_seed1/VNAT_1s_tcpdur_random70_stratified_flowlevel_splitseed42_3feat_fedformer_50ms_seed1.pth,3448363,41.6,OK,,"{""torch"": ""2.4.1+cu121"", ""cuda"": ""12.1"", ""gpu"": ""NVIDIA RTX A4500"", ""numpy"": ""1.26.0"", ""python"": ""3.10.12"", ""deterministic"": true, ""grad_clip_max_norm"": 1.0, ""CUBLAS_WORKSPACE_CONFIG"": "":4096:8"", ""CUDA_VISIBLE_DEVICES"": ""2""}",2026-08-21T21:14:43
VNAT_1s_tcpdur_random70_stratified_flowlevel_splitseed42_3feat_fedformer_50ms_seed2,VNAT,VNAT_5s_tcp_duration,1,random70_stratified_flowlevel_splitseed42,42,8894961661c52ef7,Validation,4,fedformer,3feat,50ms,21,3,2,256,1694,727,best_val,21,12345,4,True,True,1.0,4.3821,79.59,35,74.6037,76.0456,73.4525,76.0456,"{""Chat"": 68.793, ""Control"": 86.618, ""File Transfer"": 83.117, ""Streaming"": 65.655}","{""Chat"": 52.613, ""Control"": 77.391, ""File Transfer"": 86.486, ""Streaming"": 100.0}","{""Chat"": 99.342, ""Control"": 98.343, ""File Transfer"": 80.0, ""Streaming"": 48.87}","{""Chat"": 152, ""Control"": 181, ""File Transfer"": 40, ""Streaming"": 354}","{""Chat"": 1.199717, ""Control"": 1.001182, ""File Transfer"": 4.553763, ""Streaming"": 0.513333}","{""Chat"": 353, ""Control"": 423, ""File Transfer"": 93, ""Streaming"": 825}",213125,checkpoints/VNAT_1s_tcp_duration_3feat_seed2/VNAT_1s_tcpdur_random70_stratified_flowlevel_splitseed42_3feat_fedformer_50ms_seed2.pth,3448363,30.7,OK,,"{""torch"": ""2.4.1+cu121"", ""cuda"": ""12.1"", ""gpu"": ""NVIDIA RTX A4500"", ""numpy"": ""1.26.0"", ""python"": ""3.10.12"", ""deterministic"": true, ""grad_clip_max_norm"": 1.0, ""CUBLAS_WORKSPACE_CONFIG"": "":4096:8"", ""CUDA_VISIBLE_DEVICES"": ""2""}",2026-08-21T21:15:14
VNAT_1s_tcpdur_random70_stratified_flowlevel_splitseed42_3feat_timemixer_50ms_seed0,VNAT,VNAT_5s_tcp_duration,1,random70_stratified_flowlevel_splitseed42,42,8894961661c52ef7,Validation,4,timemixer,3feat,50ms,21,3,0,256,1694,727,best_val,43,12345,0,True,True,1.0,85.5044,23.04,62,78.1137,80.4548,79.3673,80.4548,"{""Chat"": 73.659, ""Control"": 90.0, ""File Transfer"": 82.051, ""Streaming"": 76.109}","{""Chat"": 58.527, ""Control"": 85.93, ""File Transfer"": 84.211, ""Streaming"": 96.121}","{""Chat"": 99.342, ""Control"": 94.475, ""File Transfer"": 80.0, ""Streaming"": 62.994}","{""Chat"": 152, ""Control"": 181, ""File Transfer"": 40, ""Streaming"": 354}","{""Chat"": 1.199717, ""Control"": 1.001182, ""File Transfer"": 4.553763, ""Streaming"": 0.513333}","{""Chat"": 353, ""Control"": 423, ""File Transfer"": 93, ""Streaming"": 825}",141458,checkpoints/VNAT_1s_tcp_duration_3feat_seed0/VNAT_1s_tcpdur_random70_stratified_flowlevel_splitseed42_3feat_timemixer_50ms_seed0.pth,1882438,23.8,OK,,"{""torch"": ""2.4.1+cu121"", ""cuda"": ""12.1"", ""gpu"": ""NVIDIA RTX A4500"", ""numpy"": ""1.26.0"", ""python"": ""3.10.12"", ""deterministic"": true, ""grad_clip_max_norm"": 1.0, ""CUBLAS_WORKSPACE_CONFIG"": "":4096:8"", ""CUDA_VISIBLE_DEVICES"": ""2""}",2026-08-21T21:15:38
VNAT_1s_tcpdur_random70_stratified_flowlevel_splitseed42_3feat_timemixer_50ms_seed1,VNAT,VNAT_5s_tcp_duration,1,random70_stratified_flowlevel_splitseed42,42,8894961661c52ef7,Validation,4,timemixer,3feat,50ms,21,3,1,256,1694,727,best_val,34,12345,0,True,True,1.0,46.2936,22.38,60,77.2002,80.7204,79.2297,80.7204,"{""Chat"": 70.702, ""Control"": 91.795, ""File Transfer"": 84.211, ""Streaming"": 76.174}","{""Chat"": 55.939, ""Control"": 85.646, ""File Transfer"": 88.889, ""Streaming"": 99.095}","{""Chat"": 96.053, ""Control"": 98.895, ""File Transfer"": 80.0, ""Streaming"": 61.864}","{""Chat"": 152, ""Control"": 181, ""File Transfer"": 40, ""Streaming"": 354}","{""Chat"": 1.199717, ""Control"": 1.001182, ""File Transfer"": 4.553763, ""Streaming"": 0.513333}","{""Chat"": 353, ""Control"": 423, ""File Transfer"": 93, ""Streaming"": 825}",141458,checkpoints/VNAT_1s_tcp_duration_3feat_seed1/VNAT_1s_tcpdur_random70_stratified_flowlevel_splitseed42_3feat_timemixer_50ms_seed1.pth,1882438,22.1,OK,,"{""torch"": ""2.4.1+cu121"", ""cuda"": ""12.1"", ""gpu"": ""NVIDIA RTX A4500"", ""numpy"": ""1.26.0"", ""python"": ""3.10.12"", ""deterministic"": true, ""grad_clip_max_norm"": 1.0, ""CUBLAS_WORKSPACE_CONFIG"": "":4096:8"", ""CUDA_VISIBLE_DEVICES"": ""2""}",2026-08-21T21:16:00
VNAT_1s_tcpdur_random70_stratified_flowlevel_splitseed42_3feat_timemixer_50ms_seed2,VNAT,VNAT_5s_tcp_duration,1,random70_stratified_flowlevel_splitseed42,42,8894961661c52ef7,Validation,4,timemixer,3feat,50ms,21,3,2,256,1694,727,best_val,37,12345,0,True,True,1.0,99.9248,29.3,78,75.3499,81.4563,79.3673,81.4563,"{""Chat"": 71.394, ""Control"": 90.076, ""File Transfer"": 87.671, ""Streaming"": 76.684}","{""Chat"": 56.809, ""Control"": 83.491, ""File Transfer"": 96.97, ""Streaming"": 98.667}","{""Chat"": 96.053, ""Control"": 97.79, ""File Transfer"": 80.0, ""Streaming"": 62.712}","{""Chat"": 152, ""Control"": 181, ""File Transfer"": 40, ""Streaming"": 354}","{""Chat"": 1.199717, ""Control"": 1.001182, ""File Transfer"": 4.553763, ""Streaming"": 0.513333}","{""Chat"": 353, ""Control"": 423, ""File Transfer"": 93, ""Streaming"": 825}",141458,checkpoints/VNAT_1s_tcp_duration_3feat_seed2/VNAT_1s_tcpdur_random70_stratified_flowlevel_splitseed42_3feat_timemixer_50ms_seed2.pth,1882438,32.1,OK,,"{""torch"": ""2.4.1+cu121"", ""cuda"": ""12.1"", ""gpu"": ""NVIDIA RTX A4500"", ""numpy"": ""1.26.0"", ""python"": ""3.10.12"", ""deterministic"": true, ""grad_clip_max_norm"": 1.0, ""CUBLAS_WORKSPACE_CONFIG"": "":4096:8"", ""CUDA_VISIBLE_DEVICES"": ""2""}",2026-08-21T21:16:32
VNAT_1s_tcpdur_random70_stratified_flowlevel_splitseed42_3feat_timesnet_75ms_seed0,VNAT,VNAT_5s_tcp_duration,1,random70_stratified_flowlevel_splitseed42,42,8894961661c52ef7,Validation,4,timesnet,3feat,75ms,14,3,0,256,1694,727,best_val,14,12345,0,True,True,1.0,3.8699,53.9,22,70.9917,72.8856,69.6011,72.8856,"{""Chat"": 61.088, ""Control"": 91.049, ""File Transfer"": 80.0, ""Streaming"": 59.406}","{""Chat"": 44.785, ""Control"": 84.762, ""File Transfer"": 80.0, ""Streaming"": 99.338}","{""Chat"": 96.053, ""Control"": 98.343, ""File Transfer"": 80.0, ""Streaming"": 42.373}","{""Chat"": 152, ""Control"": 181, ""File Transfer"": 40, ""Streaming"": 354}","{""Chat"": 1.199717, ""Control"": 1.001182, ""File Transfer"": 4.553763, ""Streaming"": 0.513333}","{""Chat"": 353, ""Control"": 423, ""File Transfer"": 93, ""Streaming"": 825}",9378564,checkpoints/VNAT_1s_tcp_duration_3feat_seed0/VNAT_1s_tcpdur_random70_stratified_flowlevel_splitseed42_3feat_timesnet_75ms_seed0.pth,38823682,11.0,OK,,"{""torch"": ""2.4.1+cu121"", ""cuda"": ""12.1"", ""gpu"": ""NVIDIA RTX A4500"", ""numpy"": ""1.26.0"", ""python"": ""3.10.12"", ""deterministic"": true, ""grad_clip_max_norm"": 1.0, ""CUBLAS_WORKSPACE_CONFIG"": "":4096:8"", ""CUDA_VISIBLE_DEVICES"": ""2""}",2026-08-21T21:16:44
VNAT_1s_tcpdur_random70_stratified_flowlevel_splitseed42_3feat_timesnet_75ms_seed1,VNAT,VNAT_5s_tcp_duration,1,random70_stratified_flowlevel_splitseed42,42,8894961661c52ef7,Validation,4,timesnet,3feat,75ms,14,3,1,256,1694,727,best_val,16,12345,0,True,True,1.0,3.6238,53.12,32,72.7755,72.9027,69.4635,72.9027,"{""Chat"": 61.345, ""Control"": 90.127, ""File Transfer"": 81.013, ""Streaming"": 59.127}","{""Chat"": 45.062, ""Control"": 83.178, ""File Transfer"": 82.051, ""Streaming"": 99.333}","{""Chat"": 96.053, ""Control"": 98.343, ""File Transfer"": 80.0, ""Streaming"": 42.09}","{""Chat"": 152, ""Control"": 181, ""File Transfer"": 40, ""Streaming"": 354}","{""Chat"": 1.199717, ""Control"": 1.001182, ""File Transfer"": 4.553763, ""Streaming"": 0.513333}","{""Chat"": 353, ""Control"": 423, ""File Transfer"": 93, ""Streaming"": 825}",9378564,checkpoints/VNAT_1s_tcp_duration_3feat_seed1/VNAT_1s_tcpdur_random70_stratified_flowlevel_splitseed42_3feat_timesnet_75ms_seed1.pth,38823682,15.5,OK,,"{""torch"": ""2.4.1+cu121"", ""cuda"": ""12.1"", ""gpu"": ""NVIDIA RTX A4500"", ""numpy"": ""1.26.0"", ""python"": ""3.10.12"", ""deterministic"": true, ""grad_clip_max_norm"": 1.0, ""CUBLAS_WORKSPACE_CONFIG"": "":4096:8"", ""CUDA_VISIBLE_DEVICES"": ""2""}",2026-08-21T21:16:59
VNAT_1s_tcpdur_random70_stratified_flowlevel_splitseed42_3feat_timesnet_75ms_seed2,VNAT,VNAT_5s_tcp_duration,1,random70_stratified_flowlevel_splitseed42,42,8894961661c52ef7,Validation,4,timesnet,3feat,75ms,14,3,2,256,1694,727,best_val,11,12345,0,True,True,1.0,3.3521,58.86,25,69.5541,77.6167,76.7538,77.6167,"{""Chat"": 68.409, ""Control"": 91.282, ""File Transfer"": 78.049, ""Streaming"": 72.727}","{""Chat"": 53.532, ""Control"": 85.167, ""File Transfer"": 76.19, ""Streaming"": 98.551}","{""Chat"": 94.737, ""Control"": 98.343, ""File Transfer"": 80.0, ""Streaming"": 57.627}","{""Chat"": 152, ""Control"": 181, ""File Transfer"": 40, ""Streaming"": 354}","{""Chat"": 1.199717, ""Control"": 1.001182, ""File Transfer"": 4.553763, ""Streaming"": 0.513333}","{""Chat"": 353, ""Control"": 423, ""File Transfer"": 93, ""Streaming"": 825}",9378564,checkpoints/VNAT_1s_tcp_duration_3feat_seed2/VNAT_1s_tcpdur_random70_stratified_flowlevel_splitseed42_3feat_timesnet_75ms_seed2.pth,38823682,11.9,OK,,"{""torch"": ""2.4.1+cu121"", ""cuda"": ""12.1"", ""gpu"": ""NVIDIA RTX A4500"", ""numpy"": ""1.26.0"", ""python"": ""3.10.12"", ""deterministic"": true, ""grad_clip_max_norm"": 1.0, ""CUBLAS_WORKSPACE_CONFIG"": "":4096:8"", ""CUDA_VISIBLE_DEVICES"": ""2""}",2026-08-21T21:17:12
VNAT_1s_tcpdur_random70_stratified_flowlevel_splitseed42_3feat_informer_75ms_seed0,VNAT,VNAT_5s_tcp_duration,1,random70_stratified_flowlevel_splitseed42,42,8894961661c52ef7,Validation,4,informer,3feat,75ms,14,3,0,64,1694,727,best_val,8,12345,0,True,True,1.0,11.7809,100.0,22,76.2832,84.0123,83.7689,84.0123,"{""Chat"": 74.595, ""Control"": 92.468, ""File Transfer"": 85.333, ""Streaming"": 83.654}","{""Chat"": 63.303, ""Control"": 87.255, ""File Transfer"": 91.429, ""Streaming"": 96.667}","{""Chat"": 90.789, ""Control"": 98.343, ""File Transfer"": 80.0, ""Streaming"": 73.729}","{""Chat"": 152, ""Control"": 181, ""File Transfer"": 40, ""Streaming"": 354}","{""Chat"": 1.199717, ""Control"": 1.001182, ""File Transfer"": 4.553763, ""Streaming"": 0.513333}","{""Chat"": 353, ""Control"": 423, ""File Transfer"": 93, ""Streaming"": 825}",2691077,checkpoints/VNAT_1s_tcp_duration_3feat_seed0/VNAT_1s_tcpdur_random70_stratified_flowlevel_splitseed42_3feat_informer_75ms_seed0.pth,21048322,20.0,OK,,"{""torch"": ""2.4.1+cu121"", ""cuda"": ""12.1"", ""gpu"": ""NVIDIA RTX A4500"", ""numpy"": ""1.26.0"", ""python"": ""3.10.12"", ""deterministic"": true, ""grad_clip_max_norm"": 1.0, ""CUBLAS_WORKSPACE_CONFIG"": "":4096:8"", ""CUDA_VISIBLE_DEVICES"": ""2""}",2026-08-21T21:17:32
VNAT_1s_tcpdur_random70_stratified_flowlevel_splitseed42_3feat_informer_75ms_seed1,VNAT,VNAT_5s_tcp_duration,1,random70_stratified_flowlevel_splitseed42,42,8894961661c52ef7,Validation,4,informer,3feat,75ms,14,3,1,64,1694,727,best_val,20,12345,0,True,True,1.0,12.2889,100.0,38,84.9875,89.6696,88.7208,89.6696,"{""Chat"": 80.466, ""Control"": 94.18, ""File Transfer"": 94.872, ""Streaming"": 89.16}","{""Chat"": 72.251, ""Control"": 90.355, ""File Transfer"": 97.368, ""Streaming"": 97.01}","{""Chat"": 90.789, ""Control"": 98.343, ""File Transfer"": 92.5, ""Streaming"": 82.486}","{""Chat"": 152, ""Control"": 181, ""File Transfer"": 40, ""Streaming"": 354}","{""Chat"": 1.199717, ""Control"": 1.001182, ""File Transfer"": 4.553763, ""Streaming"": 0.513333}","{""Chat"": 353, ""Control"": 423, ""File Transfer"": 93, ""Streaming"": 825}",2691077,checkpoints/VNAT_1s_tcp_duration_3feat_seed1/VNAT_1s_tcpdur_random70_stratified_flowlevel_splitseed42_3feat_informer_75ms_seed1.pth,21048322,34.5,OK,,"{""torch"": ""2.4.1+cu121"", ""cuda"": ""12.1"", ""gpu"": ""NVIDIA RTX A4500"", ""numpy"": ""1.26.0"", ""python"": ""3.10.12"", ""deterministic"": true, ""grad_clip_max_norm"": 1.0, ""CUBLAS_WORKSPACE_CONFIG"": "":4096:8"", ""CUDA_VISIBLE_DEVICES"": ""2""}",2026-08-21T21:18:06
VNAT_1s_tcpdur_random70_stratified_flowlevel_splitseed42_3feat_informer_75ms_seed2,VNAT,VNAT_5s_tcp_duration,1,random70_stratified_flowlevel_splitseed42,42,8894961661c52ef7,Validation,4,informer,3feat,75ms,14,3,2,64,1694,727,best_val,12,12345,0,True,True,1.0,14.1982,100.0,24,83.5367,85.6088,85.8322,85.6088,"{""Chat"": 78.09, ""Control"": 92.468, ""File Transfer"": 85.714, ""Streaming"": 86.164}","{""Chat"": 68.137, ""Control"": 87.255, ""File Transfer"": 89.189, ""Streaming"": 97.163}","{""Chat"": 91.447, ""Control"": 98.343, ""File Transfer"": 82.5, ""Streaming"": 77.401}","{""Chat"": 152, ""Control"": 181, ""File Transfer"": 40, ""Streaming"": 354}","{""Chat"": 1.199717, ""Control"": 1.001182, ""File Transfer"": 4.553763, ""Streaming"": 0.513333}","{""Chat"": 353, ""Control"": 423, ""File Transfer"": 93, ""Streaming"": 825}",2691077,checkpoints/VNAT_1s_tcp_duration_3feat_seed2/VNAT_1s_tcpdur_random70_stratified_flowlevel_splitseed42_3feat_informer_75ms_seed2.pth,21048322,26.9,OK,,"{""torch"": ""2.4.1+cu121"", ""cuda"": ""12.1"", ""gpu"": ""NVIDIA RTX A4500"", ""numpy"": ""1.26.0"", ""python"": ""3.10.12"", ""deterministic"": true, ""grad_clip_max_norm"": 1.0, ""CUBLAS_WORKSPACE_CONFIG"": "":4096:8"", ""CUDA_VISIBLE_DEVICES"": ""2""}",2026-08-21T21:18:33
VNAT_1s_tcpdur_random70_stratified_flowlevel_splitseed42_3feat_nst_75ms_seed0,VNAT,VNAT_5s_tcp_duration,1,random70_stratified_flowlevel_splitseed42,42,8894961661c52ef7,Validation,4,nst,3feat,75ms,14,3,0,64,1694,727,best_val,17,12345,0,True,True,1.0,6.4318,99.76,31,75.3832,75.2703,71.9395,75.2703,"{""Chat"": 62.931, ""Control"": 91.049, ""File Transfer"": 83.117, ""Streaming"": 63.985}","{""Chat"": 46.795, ""Control"": 84.762, ""File Transfer"": 86.486, ""Streaming"": 99.405}","{""Chat"": 96.053, ""Control"": 98.343, ""File Transfer"": 80.0, ""Streaming"": 47.175}","{""Chat"": 152, ""Control"": 181, ""File Transfer"": 40, ""Streaming"": 354}","{""Chat"": 1.199717, ""Control"": 1.001182, ""File Transfer"": 4.553763, ""Streaming"": 0.513333}","{""Chat"": 353, ""Control"": 423, ""File Transfer"": 93, ""Streaming"": 825}",123928,checkpoints/VNAT_1s_tcp_duration_3feat_seed0/VNAT_1s_tcpdur_random70_stratified_flowlevel_splitseed42_3feat_nst_75ms_seed0.pth,1803722,34.5,OK,,"{""torch"": ""2.4.1+cu121"", ""cuda"": ""12.1"", ""gpu"": ""NVIDIA RTX A4500"", ""numpy"": ""1.26.0"", ""python"": ""3.10.12"", ""deterministic"": true, ""grad_clip_max_norm"": 1.0, ""CUBLAS_WORKSPACE_CONFIG"": "":4096:8"", ""CUDA_VISIBLE_DEVICES"": ""2""}",2026-08-21T21:19:08
VNAT_1s_tcpdur_random70_stratified_flowlevel_splitseed42_3feat_nst_75ms_seed1,VNAT,VNAT_5s_tcp_duration,1,random70_stratified_flowlevel_splitseed42,42,8894961661c52ef7,Validation,4,nst,3feat,75ms,14,3,1,64,1694,727,best_val,7,12345,0,True,True,1.0,6.4239,100.0,30,69.5341,76.36,74.1403,76.36,"{""Chat"": 65.463, ""Control"": 90.816, ""File Transfer"": 81.013, ""Streaming"": 68.148}","{""Chat"": 49.828, ""Control"": 84.36, ""File Transfer"": 82.051, ""Streaming"": 98.925}","{""Chat"": 95.395, ""Control"": 98.343, ""File Transfer"": 80.0, ""Streaming"": 51.977}","{""Chat"": 152, ""Control"": 181, ""File Transfer"": 40, ""Streaming"": 354}","{""Chat"": 1.199717, ""Control"": 1.001182, ""File Transfer"": 4.553763, ""Streaming"": 0.513333}","{""Chat"": 353, ""Control"": 423, ""File Transfer"": 93, ""Streaming"": 825}",123928,checkpoints/VNAT_1s_tcp_duration_3feat_seed1/VNAT_1s_tcpdur_random70_stratified_flowlevel_splitseed42_3feat_nst_75ms_seed1.pth,1803722,33.8,OK,,"{""torch"": ""2.4.1+cu121"", ""cuda"": ""12.1"", ""gpu"": ""NVIDIA RTX A4500"", ""numpy"": ""1.26.0"", ""python"": ""3.10.12"", ""deterministic"": true, ""grad_clip_max_norm"": 1.0, ""CUBLAS_WORKSPACE_CONFIG"": "":4096:8"", ""CUDA_VISIBLE_DEVICES"": ""2""}",2026-08-21T21:19:42
VNAT_1s_tcpdur_random70_stratified_flowlevel_splitseed42_3feat_nst_75ms_seed2,VNAT,VNAT_5s_tcp_duration,1,random70_stratified_flowlevel_splitseed42,42,8894961661c52ef7,Validation,4,nst,3feat,75ms,14,3,2,64,1694,727,best_val,4,12345,0,True,True,1.0,5.3109,99.85,25,60.0701,76.5773,74.4154,76.5773,"{""Chat"": 65.766, ""Control"": 90.769, ""File Transfer"": 81.013, ""Streaming"": 68.762}","{""Chat"": 50.0, ""Control"": 84.689, ""File Transfer"": 82.051, ""Streaming"": 99.465}","{""Chat"": 96.053, ""Control"": 97.79, ""File Transfer"": 80.0, ""Streaming"": 52.542}","{""Chat"": 152, ""Control"": 181, ""File Transfer"": 40, ""Streaming"": 354}","{""Chat"": 1.199717, ""Control"": 1.001182, ""File Transfer"": 4.553763, ""Streaming"": 0.513333}","{""Chat"": 353, ""Control"": 423, ""File Transfer"": 93, ""Streaming"": 825}",123928,checkpoints/VNAT_1s_tcp_duration_3feat_seed2/VNAT_1s_tcpdur_random70_stratified_flowlevel_splitseed42_3feat_nst_75ms_seed2.pth,1803722,27.9,OK,,"{""torch"": ""2.4.1+cu121"", ""cuda"": ""12.1"", ""gpu"": ""NVIDIA RTX A4500"", ""numpy"": ""1.26.0"", ""python"": ""3.10.12"", ""deterministic"": true, ""grad_clip_max_norm"": 1.0, ""CUBLAS_WORKSPACE_CONFIG"": "":4096:8"", ""CUDA_VISIBLE_DEVICES"": ""2""}",2026-08-21T21:20:10
VNAT_1s_tcpdur_random70_stratified_flowlevel_splitseed42_3feat_autoformer_75ms_seed0,VNAT,VNAT_5s_tcp_duration,1,random70_stratified_flowlevel_splitseed42,42,8894961661c52ef7,Validation,4,autoformer,3feat,75ms,14,3,0,256,1694,727,best_val,20,12345,0,True,True,1.0,3.5155,64.29,34,69.8755,77.3925,76.2036,77.3925,"{""Chat"": 66.313, ""Control"": 89.0, ""File Transfer"": 81.013, ""Streaming"": 73.244}","{""Chat"": 55.556, ""Control"": 81.279, ""File Transfer"": 82.051, ""Streaming"": 89.754}","{""Chat"": 82.237, ""Control"": 98.343, ""File Transfer"": 80.0, ""Streaming"": 61.864}","{""Chat"": 152, ""Control"": 181, ""File Transfer"": 40, ""Streaming"": 354}","{""Chat"": 1.199717, ""Control"": 1.001182, ""File Transfer"": 4.553763, ""Streaming"": 0.513333}","{""Chat"": 353, ""Control"": 423, ""File Transfer"": 93, ""Streaming"": 825}",103428,checkpoints/VNAT_1s_tcp_duration_3feat_seed0/VNAT_1s_tcpdur_random70_stratified_flowlevel_splitseed42_3feat_autoformer_75ms_seed0.pth,1711202,13.2,OK,,"{""torch"": ""2.4.1+cu121"", ""cuda"": ""12.1"", ""gpu"": ""NVIDIA RTX A4500"", ""numpy"": ""1.26.0"", ""python"": ""3.10.12"", ""deterministic"": true, ""grad_clip_max_norm"": 1.0, ""CUBLAS_WORKSPACE_CONFIG"": "":4096:8"", ""CUDA_VISIBLE_DEVICES"": ""2""}",2026-08-21T21:20:23
VNAT_1s_tcpdur_random70_stratified_flowlevel_splitseed42_3feat_autoformer_75ms_seed1,VNAT,VNAT_5s_tcp_duration,1,random70_stratified_flowlevel_splitseed42,42,8894961661c52ef7,Validation,4,autoformer,3feat,75ms,14,3,1,256,1694,727,best_val,18,12345,0,True,True,1.0,3.6994,64.73,32,67.8791,77.6476,77.0289,77.6476,"{""Chat"": 66.489, ""Control"": 90.585, ""File Transfer"": 79.012, ""Streaming"": 74.503}","{""Chat"": 55.804, ""Control"": 83.962, ""File Transfer"": 78.049, ""Streaming"": 90.0}","{""Chat"": 82.237, ""Control"": 98.343, ""File Transfer"": 80.0, ""Streaming"": 63.559}","{""Chat"": 152, ""Control"": 181, ""File Transfer"": 40, ""Streaming"": 354}","{""Chat"": 1.199717, ""Control"": 1.001182, ""File Transfer"": 4.553763, ""Streaming"": 0.513333}","{""Chat"": 353, ""Control"": 423, ""File Transfer"": 93, ""Streaming"": 825}",103428,checkpoints/VNAT_1s_tcp_duration_3feat_seed1/VNAT_1s_tcpdur_random70_stratified_flowlevel_splitseed42_3feat_autoformer_75ms_seed1.pth,1711202,12.5,OK,,"{""torch"": ""2.4.1+cu121"", ""cuda"": ""12.1"", ""gpu"": ""NVIDIA RTX A4500"", ""numpy"": ""1.26.0"", ""python"": ""3.10.12"", ""deterministic"": true, ""grad_clip_max_norm"": 1.0, ""CUBLAS_WORKSPACE_CONFIG"": "":4096:8"", ""CUDA_VISIBLE_DEVICES"": ""2""}",2026-08-21T21:20:36
VNAT_1s_tcpdur_random70_stratified_flowlevel_splitseed42_3feat_autoformer_75ms_seed2,VNAT,VNAT_5s_tcp_duration,1,random70_stratified_flowlevel_splitseed42,42,8894961661c52ef7,Validation,4,autoformer,3feat,75ms,14,3,2,256,1694,727,best_val,28,12345,0,True,True,1.0,4.0837,67.03,39,70.7298,77.1542,75.9285,77.1542,"{""Chat"": 66.667, ""Control"": 88.119, ""File Transfer"": 81.013, ""Streaming"": 72.819}","{""Chat"": 56.054, ""Control"": 79.821, ""File Transfer"": 82.051, ""Streaming"": 89.669}","{""Chat"": 82.237, ""Control"": 98.343, ""File Transfer"": 80.0, ""Streaming"": 61.299}","{""Chat"": 152, ""Control"": 181, ""File Transfer"": 40, ""Streaming"": 354}","{""Chat"": 1.199717, ""Control"": 1.001182, ""File Transfer"": 4.553763, ""Streaming"": 0.513333}","{""Chat"": 353, ""Control"": 423, ""File Transfer"": 93, ""Streaming"": 825}",103428,checkpoints/VNAT_1s_tcp_duration_3feat_seed2/VNAT_1s_tcpdur_random70_stratified_flowlevel_splitseed42_3feat_autoformer_75ms_seed2.pth,1711202,15.3,OK,,"{""torch"": ""2.4.1+cu121"", ""cuda"": ""12.1"", ""gpu"": ""NVIDIA RTX A4500"", ""numpy"": ""1.26.0"", ""python"": ""3.10.12"", ""deterministic"": true, ""grad_clip_max_norm"": 1.0, ""CUBLAS_WORKSPACE_CONFIG"": "":4096:8"", ""CUDA_VISIBLE_DEVICES"": ""2""}",2026-08-21T21:20:51
VNAT_1s_tcpdur_random70_stratified_flowlevel_splitseed42_3feat_fedformer_75ms_seed0,VNAT,VNAT_5s_tcp_duration,1,random70_stratified_flowlevel_splitseed42,42,8894961661c52ef7,Validation,4,fedformer,3feat,75ms,14,3,0,256,1694,727,best_val,16,12345,4,True,True,1.0,4.1747,65.71,30,67.8614,71.7757,67.5378,71.7757,"{""Chat"": 58.824, ""Control"": 90.537, ""File Transfer"": 82.051, ""Streaming"": 55.691}","{""Chat"": 42.522, ""Control"": 84.286, ""File Transfer"": 84.211, ""Streaming"": 99.275}","{""Chat"": 95.395, ""Control"": 97.79, ""File Transfer"": 80.0, ""Streaming"": 38.701}","{""Chat"": 152, ""Control"": 181, ""File Transfer"": 40, ""Streaming"": 354}","{""Chat"": 1.199717, ""Control"": 1.001182, ""File Transfer"": 4.553763, ""Streaming"": 0.513333}","{""Chat"": 353, ""Control"": 423, ""File Transfer"": 93, ""Streaming"": 825}",196997,checkpoints/VNAT_1s_tcp_duration_3feat_seed0/VNAT_1s_tcpdur_random70_stratified_flowlevel_splitseed42_3feat_fedformer_75ms_seed0.pth,3383851,21.5,OK,,"{""torch"": ""2.4.1+cu121"", ""cuda"": ""12.1"", ""gpu"": ""NVIDIA RTX A4500"", ""numpy"": ""1.26.0"", ""python"": ""3.10.12"", ""deterministic"": true, ""grad_clip_max_norm"": 1.0, ""CUBLAS_WORKSPACE_CONFIG"": "":4096:8"", ""CUDA_VISIBLE_DEVICES"": ""2""}",2026-08-21T21:21:13
VNAT_1s_tcpdur_random70_stratified_flowlevel_splitseed42_3feat_fedformer_75ms_seed1,VNAT,VNAT_5s_tcp_duration,1,random70_stratified_flowlevel_splitseed42,42,8894961661c52ef7,Validation,4,fedformer,3feat,75ms,14,3,1,256,1694,727,best_val,26,12345,4,True,True,1.0,3.4638,54.51,38,70.0371,70.6783,65.7497,70.6783,"{""Chat"": 57.255, ""Control"": 90.769, ""File Transfer"": 83.117, ""Streaming"": 51.572}","{""Chat"": 40.782, ""Control"": 84.689, ""File Transfer"": 86.486, ""Streaming"": 100.0}","{""Chat"": 96.053, ""Control"": 97.79, ""File Transfer"": 80.0, ""Streaming"": 34.746}","{""Chat"": 152, ""Control"": 181, ""File Transfer"": 40, ""Streaming"": 354}","{""Chat"": 1.199717, ""Control"": 1.001182, ""File Transfer"": 4.553763, ""Streaming"": 0.513333}","{""Chat"": 353, ""Control"": 423, ""File Transfer"": 93, ""Streaming"": 825}",196997,checkpoints/VNAT_1s_tcp_duration_3feat_seed1/VNAT_1s_tcpdur_random70_stratified_flowlevel_splitseed42_3feat_fedformer_75ms_seed1.pth,3383851,25.9,OK,,"{""torch"": ""2.4.1+cu121"", ""cuda"": ""12.1"", ""gpu"": ""NVIDIA RTX A4500"", ""numpy"": ""1.26.0"", ""python"": ""3.10.12"", ""deterministic"": true, ""grad_clip_max_norm"": 1.0, ""CUBLAS_WORKSPACE_CONFIG"": "":4096:8"", ""CUDA_VISIBLE_DEVICES"": ""2""}",2026-08-21T21:21:39
VNAT_1s_tcpdur_random70_stratified_flowlevel_splitseed42_3feat_fedformer_75ms_seed2,VNAT,VNAT_5s_tcp_duration,1,random70_stratified_flowlevel_splitseed42,42,8894961661c52ef7,Validation,4,fedformer,3feat,75ms,14,3,2,256,1694,727,best_val,10,12345,4,True,True,1.0,3.4761,61.22,42,62.1578,74.7373,71.8019,74.7373,"{""Chat"": 62.931, ""Control"": 91.282, ""File Transfer"": 81.013, ""Streaming"": 63.724}","{""Chat"": 46.795, ""Control"": 85.167, ""File Transfer"": 82.051, ""Streaming"": 99.401}","{""Chat"": 96.053, ""Control"": 98.343, ""File Transfer"": 80.0, ""Streaming"": 46.893}","{""Chat"": 152, ""Control"": 181, ""File Transfer"": 40, ""Streaming"": 354}","{""Chat"": 1.199717, ""Control"": 1.001182, ""File Transfer"": 4.553763, ""Streaming"": 0.513333}","{""Chat"": 353, ""Control"": 423, ""File Transfer"": 93, ""Streaming"": 825}",196997,checkpoints/VNAT_1s_tcp_duration_3feat_seed2/VNAT_1s_tcpdur_random70_stratified_flowlevel_splitseed42_3feat_fedformer_75ms_seed2.pth,3383851,30.3,OK,,"{""torch"": ""2.4.1+cu121"", ""cuda"": ""12.1"", ""gpu"": ""NVIDIA RTX A4500"", ""numpy"": ""1.26.0"", ""python"": ""3.10.12"", ""deterministic"": true, ""grad_clip_max_norm"": 1.0, ""CUBLAS_WORKSPACE_CONFIG"": "":4096:8"", ""CUDA_VISIBLE_DEVICES"": ""2""}",2026-08-21T21:22:09
VNAT_1s_tcpdur_random70_stratified_flowlevel_splitseed42_3feat_timemixer_75ms_seed0,VNAT,VNAT_5s_tcp_duration,1,random70_stratified_flowlevel_splitseed42,42,8894961661c52ef7,Validation,4,timemixer,3feat,75ms,14,3,0,256,1694,727,best_val,42,12345,0,True,True,1.0,25.2517,32.05,74,72.2205,76.915,74.1403,76.915,"{""Chat"": 64.732, ""Control"": 91.429, ""File Transfer"": 83.117, ""Streaming"": 68.382}","{""Chat"": 48.986, ""Control"": 86.275, ""File Transfer"": 86.486, ""Streaming"": 97.895}","{""Chat"": 95.395, ""Control"": 97.238, ""File Transfer"": 80.0, ""Streaming"": 52.542}","{""Chat"": 152, ""Control"": 181, ""File Transfer"": 40, ""Streaming"": 354}","{""Chat"": 1.199717, ""Control"": 1.001182, ""File Transfer"": 4.553763, ""Streaming"": 0.513333}","{""Chat"": 353, ""Control"": 423, ""File Transfer"": 93, ""Streaming"": 825}",138316,checkpoints/VNAT_1s_tcp_duration_3feat_seed0/VNAT_1s_tcpdur_random70_stratified_flowlevel_splitseed42_3feat_timemixer_75ms_seed0.pth,1870150,19.8,OK,,"{""torch"": ""2.4.1+cu121"", ""cuda"": ""12.1"", ""gpu"": ""NVIDIA RTX A4500"", ""numpy"": ""1.26.0"", ""python"": ""3.10.12"", ""deterministic"": true, ""grad_clip_max_norm"": 1.0, ""CUBLAS_WORKSPACE_CONFIG"": "":4096:8"", ""CUDA_VISIBLE_DEVICES"": ""2""}",2026-08-21T21:22:29
VNAT_1s_tcpdur_random70_stratified_flowlevel_splitseed42_3feat_timemixer_75ms_seed1,VNAT,VNAT_5s_tcp_duration,1,random70_stratified_flowlevel_splitseed42,42,8894961661c52ef7,Validation,4,timemixer,3feat,75ms,14,3,1,256,1694,727,best_val,62,12345,0,True,True,1.0,14.0353,22.37,76,80.2394,82.7448,82.1183,82.7448,"{""Chat"": 72.449, ""Control"": 93.194, ""File Transfer"": 84.211, ""Streaming"": 81.126}","{""Chat"": 59.167, ""Control"": 88.557, ""File Transfer"": 88.889, ""Streaming"": 98.0}","{""Chat"": 93.421, ""Control"": 98.343, ""File Transfer"": 80.0, ""Streaming"": 69.209}","{""Chat"": 152, ""Control"": 181, ""File Transfer"": 40, ""Streaming"": 354}","{""Chat"": 1.199717, ""Control"": 1.001182, ""File Transfer"": 4.553763, ""Streaming"": 0.513333}","{""Chat"": 353, ""Control"": 423, ""File Transfer"": 93, ""Streaming"": 825}",138316,checkpoints/VNAT_1s_tcp_duration_3feat_seed1/VNAT_1s_tcpdur_random70_stratified_flowlevel_splitseed42_3feat_timemixer_75ms_seed1.pth,1870150,25.4,OK,,"{""torch"": ""2.4.1+cu121"", ""cuda"": ""12.1"", ""gpu"": ""NVIDIA RTX A4500"", ""numpy"": ""1.26.0"", ""python"": ""3.10.12"", ""deterministic"": true, ""grad_clip_max_norm"": 1.0, ""CUBLAS_WORKSPACE_CONFIG"": "":4096:8"", ""CUDA_VISIBLE_DEVICES"": ""2""}",2026-08-21T21:22:55
VNAT_1s_tcpdur_random70_stratified_flowlevel_splitseed42_3feat_timemixer_75ms_seed2,VNAT,VNAT_5s_tcp_duration,1,random70_stratified_flowlevel_splitseed42,42,8894961661c52ef7,Validation,4,timemixer,3feat,75ms,14,3,2,256,1694,727,best_val,60,12345,0,True,True,1.0,36.9625,20.04,77,77.7157,78.8839,76.7538,78.8839,"{""Chat"": 66.826, ""Control"": 91.517, ""File Transfer"": 84.211, ""Streaming"": 72.982}","{""Chat"": 52.434, ""Control"": 85.577, ""File Transfer"": 88.889, ""Streaming"": 96.296}","{""Chat"": 92.105, ""Control"": 98.343, ""File Transfer"": 80.0, ""Streaming"": 58.757}","{""Chat"": 152, ""Control"": 181, ""File Transfer"": 40, ""Streaming"": 354}","{""Chat"": 1.199717, ""Control"": 1.001182, ""File Transfer"": 4.553763, ""Streaming"": 0.513333}","{""Chat"": 353, ""Control"": 423, ""File Transfer"": 93, ""Streaming"": 825}",138316,checkpoints/VNAT_1s_tcp_duration_3feat_seed2/VNAT_1s_tcpdur_random70_stratified_flowlevel_splitseed42_3feat_timemixer_75ms_seed2.pth,1870150,23.3,OK,,"{""torch"": ""2.4.1+cu121"", ""cuda"": ""12.1"", ""gpu"": ""NVIDIA RTX A4500"", ""numpy"": ""1.26.0"", ""python"": ""3.10.12"", ""deterministic"": true, ""grad_clip_max_norm"": 1.0, ""CUBLAS_WORKSPACE_CONFIG"": "":4096:8"", ""CUDA_VISIBLE_DEVICES"": ""2""}",2026-08-21T21:23:18
VNAT_1s_tcpdur_random70_stratified_flowlevel_splitseed42_8feat_timesnet_20ms_seed0,VNAT,VNAT_5s_tcp_duration,1,random70_stratified_flowlevel_splitseed42,42,8894961661c52ef7,Validation,4,timesnet,8feat,20ms,51,8,0,256,1694,727,best_val,20,12345,0,True,True,1.0,9.1021,87.56,31,90.1428,89.6737,91.1967,89.6737,"{""Chat"": 86.127, ""Control"": 95.531, ""File Transfer"": 84.706, ""Streaming"": 92.331}","{""Chat"": 76.804, ""Control"": 96.61, ""File Transfer"": 80.0, ""Streaming"": 98.714}","{""Chat"": 98.026, ""Control"": 94.475, ""File Transfer"": 90.0, ""Streaming"": 86.723}","{""Chat"": 152, ""Control"": 181, ""File Transfer"": 40, ""Streaming"": 354}","{""Chat"": 1.199717, ""Control"": 1.001182, ""File Transfer"": 4.553763, ""Streaming"": 0.513333}","{""Chat"": 353, ""Control"": 423, ""File Transfer"": 93, ""Streaming"": 825}",9388996,checkpoints/VNAT_1s_tcp_duration_8feat_seed0/VNAT_1s_tcpdur_random70_stratified_flowlevel_splitseed42_8feat_timesnet_20ms_seed0.pth,38865410,38.6,OK,,"{""torch"": ""2.4.1+cu121"", ""cuda"": ""12.1"", ""gpu"": ""NVIDIA RTX A4500"", ""numpy"": ""1.26.0"", ""python"": ""3.10.12"", ""deterministic"": true, ""grad_clip_max_norm"": 1.0, ""CUBLAS_WORKSPACE_CONFIG"": "":4096:8"", ""CUDA_VISIBLE_DEVICES"": ""2""}",2026-08-21T21:23:57
VNAT_1s_tcpdur_random70_stratified_flowlevel_splitseed42_8feat_timesnet_20ms_seed1,VNAT,VNAT_5s_tcp_duration,1,random70_stratified_flowlevel_splitseed42,42,8894961661c52ef7,Validation,4,timesnet,8feat,20ms,51,8,1,256,1694,727,best_val,19,12345,0,True,True,1.0,5.2036,82.25,33,87.1986,91.6618,92.4347,91.6618,"{""Chat"": 87.952, ""Control"": 95.342, ""File Transfer"": 90.0, ""Streaming"": 93.353}","{""Chat"": 81.111, ""Control"": 94.565, ""File Transfer"": 90.0, ""Streaming"": 97.833}","{""Chat"": 96.053, ""Control"": 96.133, ""File Transfer"": 90.0, ""Streaming"": 89.266}","{""Chat"": 152, ""Control"": 181, ""File Transfer"": 40, ""Streaming"": 354}","{""Chat"": 1.199717, ""Control"": 1.001182, ""File Transfer"": 4.553763, ""Streaming"": 0.513333}","{""Chat"": 353, ""Control"": 423, ""File Transfer"": 93, ""Streaming"": 825}",9388996,checkpoints/VNAT_1s_tcp_duration_8feat_seed1/VNAT_1s_tcpdur_random70_stratified_flowlevel_splitseed42_8feat_timesnet_20ms_seed1.pth,38865410,41.2,OK,,"{""torch"": ""2.4.1+cu121"", ""cuda"": ""12.1"", ""gpu"": ""NVIDIA RTX A4500"", ""numpy"": ""1.26.0"", ""python"": ""3.10.12"", ""deterministic"": true, ""grad_clip_max_norm"": 1.0, ""CUBLAS_WORKSPACE_CONFIG"": "":4096:8"", ""CUDA_VISIBLE_DEVICES"": ""2""}",2026-08-21T21:24:39
VNAT_1s_tcpdur_random70_stratified_flowlevel_splitseed42_8feat_timesnet_20ms_seed2,VNAT,VNAT_5s_tcp_duration,1,random70_stratified_flowlevel_splitseed42,42,8894961661c52ef7,Validation,4,timesnet,8feat,20ms,51,8,2,256,1694,727,best_val,12,12345,0,True,True,1.0,6.58,83.74,29,88.2279,89.1266,90.2338,89.1266,"{""Chat"": 85.057, ""Control"": 95.368, ""File Transfer"": 85.366, ""Streaming"": 90.715}","{""Chat"": 75.51, ""Control"": 94.086, ""File Transfer"": 83.333, ""Streaming"": 98.35}","{""Chat"": 97.368, ""Control"": 96.685, ""File Transfer"": 87.5, ""Streaming"": 84.181}","{""Chat"": 152, ""Control"": 181, ""File Transfer"": 40, ""Streaming"": 354}","{""Chat"": 1.199717, ""Control"": 1.001182, ""File Transfer"": 4.553763, ""Streaming"": 0.513333}","{""Chat"": 353, ""Control"": 423, ""File Transfer"": 93, ""Streaming"": 825}",9388996,checkpoints/VNAT_1s_tcp_duration_8feat_seed2/VNAT_1s_tcpdur_random70_stratified_flowlevel_splitseed42_8feat_timesnet_20ms_seed2.pth,38865410,36.7,OK,,"{""torch"": ""2.4.1+cu121"", ""cuda"": ""12.1"", ""gpu"": ""NVIDIA RTX A4500"", ""numpy"": ""1.26.0"", ""python"": ""3.10.12"", ""deterministic"": true, ""grad_clip_max_norm"": 1.0, ""CUBLAS_WORKSPACE_CONFIG"": "":4096:8"", ""CUDA_VISIBLE_DEVICES"": ""2""}",2026-08-21T21:25:16
VNAT_1s_tcpdur_random70_stratified_flowlevel_splitseed42_8feat_informer_20ms_seed0,VNAT,VNAT_5s_tcp_duration,1,random70_stratified_flowlevel_splitseed42,42,8894961661c52ef7,Validation,4,informer,8feat,20ms,51,8,0,64,1694,727,best_val,9,12345,0,True,True,1.0,24.1682,78.01,32,95.5282,95.8772,97.7992,95.8772,"{""Chat"": 98.675, ""Control"": 97.207, ""File Transfer"": 88.889, ""Streaming"": 98.738}","{""Chat"": 99.333, ""Control"": 98.305, ""File Transfer"": 87.805, ""Streaming"": 98.05}","{""Chat"": 98.026, ""Control"": 96.133, ""File Transfer"": 90.0, ""Streaming"": 99.435}","{""Chat"": 152, ""Control"": 181, ""File Transfer"": 40, ""Streaming"": 354}","{""Chat"": 1.199717, ""Control"": 1.001182, ""File Transfer"": 4.553763, ""Streaming"": 0.513333}","{""Chat"": 353, ""Control"": 423, ""File Transfer"": 93, ""Streaming"": 825}",2732805,checkpoints/VNAT_1s_tcp_duration_8feat_seed0/VNAT_1s_tcpdur_random70_stratified_flowlevel_splitseed42_8feat_informer_20ms_seed0.pth,21215234,20.7,OK,,"{""torch"": ""2.4.1+cu121"", ""cuda"": ""12.1"", ""gpu"": ""NVIDIA RTX A4500"", ""numpy"": ""1.26.0"", ""python"": ""3.10.12"", ""deterministic"": true, ""grad_clip_max_norm"": 1.0, ""CUBLAS_WORKSPACE_CONFIG"": "":4096:8"", ""CUDA_VISIBLE_DEVICES"": ""2""}",2026-08-21T21:25:36
VNAT_1s_tcpdur_random70_stratified_flowlevel_splitseed42_8feat_informer_20ms_seed1,VNAT,VNAT_5s_tcp_duration,1,random70_stratified_flowlevel_splitseed42,42,8894961661c52ef7,Validation,4,informer,8feat,20ms,51,8,1,64,1694,727,best_val,10,12345,0,True,True,1.0,22.8564,87.71,22,96.0493,95.9955,97.9367,95.9955,"{""Chat"": 99.01, ""Control"": 97.207, ""File Transfer"": 88.889, ""Streaming"": 98.876}","{""Chat"": 99.338, ""Control"": 98.305, ""File Transfer"": 87.805, ""Streaming"": 98.324}","{""Chat"": 98.684, ""Control"": 96.133, ""File Transfer"": 90.0, ""Streaming"": 99.435}","{""Chat"": 152, ""Control"": 181, ""File Transfer"": 40, ""Streaming"": 354}","{""Chat"": 1.199717, ""Control"": 1.001182, ""File Transfer"": 4.553763, ""Streaming"": 0.513333}","{""Chat"": 353, ""Control"": 423, ""File Transfer"": 93, ""Streaming"": 825}",2732805,checkpoints/VNAT_1s_tcp_duration_8feat_seed1/VNAT_1s_tcpdur_random70_stratified_flowlevel_splitseed42_8feat_informer_20ms_seed1.pth,21215234,25.9,OK,,"{""torch"": ""2.4.1+cu121"", ""cuda"": ""12.1"", ""gpu"": ""NVIDIA RTX A4500"", ""numpy"": ""1.26.0"", ""python"": ""3.10.12"", ""deterministic"": true, ""grad_clip_max_norm"": 1.0, ""CUBLAS_WORKSPACE_CONFIG"": "":4096:8"", ""CUDA_VISIBLE_DEVICES"": ""2""}",2026-08-21T21:26:03
VNAT_1s_tcpdur_random70_stratified_flowlevel_splitseed42_8feat_informer_20ms_seed2,VNAT,VNAT_5s_tcp_duration,1,random70_stratified_flowlevel_splitseed42,42,8894961661c52ef7,Validation,4,informer,8feat,20ms,51,8,2,64,1694,727,best_val,11,12345,0,True,True,1.0,20.9941,82.67,25,96.5504,96.1402,97.7992,96.5099,"{""Chat"": 98.361, ""Control"": 96.986, ""File Transfer"": 92.105, ""Streaming"": 98.588}","{""Chat"": 98.039, ""Control"": 96.196, ""File Transfer"": 97.222, ""Streaming"": 98.588}","{""Chat"": 98.684, ""Control"": 97.79, ""File Transfer"": 87.5, ""Streaming"": 98.588}","{""Chat"": 152, ""Control"": 181, ""File Transfer"": 40, ""Streaming"": 354}","{""Chat"": 1.199717, ""Control"": 1.001182, ""File Transfer"": 4.553763, ""Streaming"": 0.513333}","{""Chat"": 353, ""Control"": 423, ""File Transfer"": 93, ""Streaming"": 825}",2732805,checkpoints/VNAT_1s_tcp_duration_8feat_seed2/VNAT_1s_tcpdur_random70_stratified_flowlevel_splitseed42_8feat_informer_20ms_seed2.pth,21215234,29.6,OK,,"{""torch"": ""2.4.1+cu121"", ""cuda"": ""12.1"", ""gpu"": ""NVIDIA RTX A4500"", ""numpy"": ""1.26.0"", ""python"": ""3.10.12"", ""deterministic"": true, ""grad_clip_max_norm"": 1.0, ""CUBLAS_WORKSPACE_CONFIG"": "":4096:8"", ""CUDA_VISIBLE_DEVICES"": ""2""}",2026-08-21T21:26:32
VNAT_1s_tcpdur_random70_stratified_flowlevel_splitseed42_8feat_nst_20ms_seed0,VNAT,VNAT_5s_tcp_duration,1,random70_stratified_flowlevel_splitseed42,42,8894961661c52ef7,Validation,4,nst,8feat,20ms,51,8,0,64,1694,727,best_val,24,12345,0,True,True,1.0,10.4366,89.32,34,96.2899,95.7795,97.6616,95.7795,"{""Chat"": 98.693, ""Control"": 96.953, ""File Transfer"": 88.889, ""Streaming"": 98.584}","{""Chat"": 98.052, ""Control"": 97.222, ""File Transfer"": 87.805, ""Streaming"": 98.864}","{""Chat"": 99.342, ""Control"": 96.685, ""File Transfer"": 90.0, ""Streaming"": 98.305}","{""Chat"": 152, ""Control"": 181, ""File Transfer"": 40, ""Streaming"": 354}","{""Chat"": 1.199717, ""Control"": 1.001182, ""File Transfer"": 4.553763, ""Streaming"": 0.513333}","{""Chat"": 353, ""Control"": 423, ""File Transfer"": 93, ""Streaming"": 825}",139510,checkpoints/VNAT_1s_tcp_duration_8feat_seed0/VNAT_1s_tcpdur_random70_stratified_flowlevel_splitseed42_8feat_nst_20ms_seed0.pth,1866058,37.2,OK,,"{""torch"": ""2.4.1+cu121"", ""cuda"": ""12.1"", ""gpu"": ""NVIDIA RTX A4500"", ""numpy"": ""1.26.0"", ""python"": ""3.10.12"", ""deterministic"": true, ""grad_clip_max_norm"": 1.0, ""CUBLAS_WORKSPACE_CONFIG"": "":4096:8"", ""CUDA_VISIBLE_DEVICES"": ""2""}",2026-08-21T21:27:10
VNAT_1s_tcpdur_random70_stratified_flowlevel_splitseed42_8feat_nst_20ms_seed1,VNAT,VNAT_5s_tcp_duration,1,random70_stratified_flowlevel_splitseed42,42,8894961661c52ef7,Validation,4,nst,8feat,20ms,51,8,1,64,1694,727,best_val,18,12345,0,True,True,1.0,11.5148,85.6,36,95.0876,95.4481,97.249,95.4481,"{""Chat"": 98.328, ""Control"": 96.399, ""File Transfer"": 88.889, ""Streaming"": 98.177}","{""Chat"": 100.0, ""Control"": 96.667, ""File Transfer"": 87.805, ""Streaming"": 97.493}","{""Chat"": 96.711, ""Control"": 96.133, ""File Transfer"": 90.0, ""Streaming"": 98.87}","{""Chat"": 152, ""Control"": 181, ""File Transfer"": 40, ""Streaming"": 354}","{""Chat"": 1.199717, ""Control"": 1.001182, ""File Transfer"": 4.553763, ""Streaming"": 0.513333}","{""Chat"": 353, ""Control"": 423, ""File Transfer"": 93, ""Streaming"": 825}",139510,checkpoints/VNAT_1s_tcp_duration_8feat_seed1/VNAT_1s_tcpdur_random70_stratified_flowlevel_splitseed42_8feat_nst_20ms_seed1.pth,1866058,41.0,OK,,"{""torch"": ""2.4.1+cu121"", ""cuda"": ""12.1"", ""gpu"": ""NVIDIA RTX A4500"", ""numpy"": ""1.26.0"", ""python"": ""3.10.12"", ""deterministic"": true, ""grad_clip_max_norm"": 1.0, ""CUBLAS_WORKSPACE_CONFIG"": "":4096:8"", ""CUDA_VISIBLE_DEVICES"": ""2""}",2026-08-21T21:27:51
VNAT_1s_tcpdur_random70_stratified_flowlevel_splitseed42_8feat_nst_20ms_seed2,VNAT,VNAT_5s_tcp_duration,1,random70_stratified_flowlevel_splitseed42,42,8894961661c52ef7,Validation,4,nst,8feat,20ms,51,8,2,64,1694,727,best_val,10,12345,0,True,True,1.0,13.0326,98.86,26,90.4131,92.6739,94.3604,92.6739,"{""Chat"": 90.798, ""Control"": 96.739, ""File Transfer"": 87.671, ""Streaming"": 95.488}","{""Chat"": 85.057, ""Control"": 95.187, ""File Transfer"": 96.97, ""Streaming"": 98.498}","{""Chat"": 97.368, ""Control"": 98.343, ""File Transfer"": 80.0, ""Streaming"": 92.655}","{""Chat"": 152, ""Control"": 181, ""File Transfer"": 40, ""Streaming"": 354}","{""Chat"": 1.199717, ""Control"": 1.001182, ""File Transfer"": 4.553763, ""Streaming"": 0.513333}","{""Chat"": 353, ""Control"": 423, ""File Transfer"": 93, ""Streaming"": 825}",139510,checkpoints/VNAT_1s_tcp_duration_8feat_seed2/VNAT_1s_tcpdur_random70_stratified_flowlevel_splitseed42_8feat_nst_20ms_seed2.pth,1866058,28.2,OK,,"{""torch"": ""2.4.1+cu121"", ""cuda"": ""12.1"", ""gpu"": ""NVIDIA RTX A4500"", ""numpy"": ""1.26.0"", ""python"": ""3.10.12"", ""deterministic"": true, ""grad_clip_max_norm"": 1.0, ""CUBLAS_WORKSPACE_CONFIG"": "":4096:8"", ""CUDA_VISIBLE_DEVICES"": ""2""}",2026-08-21T21:28:19
VNAT_1s_tcpdur_random70_stratified_flowlevel_splitseed42_8feat_autoformer_20ms_seed0,VNAT,VNAT_5s_tcp_duration,1,random70_stratified_flowlevel_splitseed42,42,8894961661c52ef7,Validation,4,autoformer,8feat,20ms,51,8,0,256,1694,727,best_val,20,12345,0,True,True,1.0,6.62,88.84,32,91.7307,91.8613,93.1224,91.8613,"{""Chat"": 89.846, ""Control"": 95.187, ""File Transfer"": 88.312, ""Streaming"": 94.1}","{""Chat"": 84.393, ""Control"": 92.228, ""File Transfer"": 91.892, ""Streaming"": 98.457}","{""Chat"": 96.053, ""Control"": 98.343, ""File Transfer"": 85.0, ""Streaming"": 90.113}","{""Chat"": 152, ""Control"": 181, ""File Transfer"": 40, ""Streaming"": 354}","{""Chat"": 1.199717, ""Control"": 1.001182, ""File Transfer"": 4.553763, ""Streaming"": 0.513333}","{""Chat"": 353, ""Control"": 423, ""File Transfer"": 93, ""Streaming"": 825}",113860,checkpoints/VNAT_1s_tcp_duration_8feat_seed0/VNAT_1s_tcpdur_random70_stratified_flowlevel_splitseed42_8feat_autoformer_20ms_seed0.pth,1752930,12.8,OK,,"{""torch"": ""2.4.1+cu121"", ""cuda"": ""12.1"", ""gpu"": ""NVIDIA RTX A4500"", ""numpy"": ""1.26.0"", ""python"": ""3.10.12"", ""deterministic"": true, ""grad_clip_max_norm"": 1.0, ""CUBLAS_WORKSPACE_CONFIG"": "":4096:8"", ""CUDA_VISIBLE_DEVICES"": ""2""}",2026-08-21T21:28:32
VNAT_1s_tcpdur_random70_stratified_flowlevel_splitseed42_8feat_autoformer_20ms_seed1,VNAT,VNAT_5s_tcp_duration,1,random70_stratified_flowlevel_splitseed42,42,8894961661c52ef7,Validation,4,autoformer,8feat,20ms,51,8,1,256,1694,727,best_val,27,12345,0,True,True,1.0,6.7789,77.55,42,94.1632,93.7441,95.1857,93.7441,"{""Chat"": 93.968, ""Control"": 96.154, ""File Transfer"": 88.889, ""Streaming"": 95.965}","{""Chat"": 90.798, ""Control"": 95.628, ""File Transfer"": 87.805, ""Streaming"": 97.941}","{""Chat"": 97.368, ""Control"": 96.685, ""File Transfer"": 90.0, ""Streaming"": 94.068}","{""Chat"": 152, ""Control"": 181, ""File Transfer"": 40, ""Streaming"": 354}","{""Chat"": 1.199717, ""Control"": 1.001182, ""File Transfer"": 4.553763, ""Streaming"": 0.513333}","{""Chat"": 353, ""Control"": 423, ""File Transfer"": 93, ""Streaming"": 825}",113860,checkpoints/VNAT_1s_tcp_duration_8feat_seed1/VNAT_1s_tcpdur_random70_stratified_flowlevel_splitseed42_8feat_autoformer_20ms_seed1.pth,1752930,17.0,OK,,"{""torch"": ""2.4.1+cu121"", ""cuda"": ""12.1"", ""gpu"": ""NVIDIA RTX A4500"", ""numpy"": ""1.26.0"", ""python"": ""3.10.12"", ""deterministic"": true, ""grad_clip_max_norm"": 1.0, ""CUBLAS_WORKSPACE_CONFIG"": "":4096:8"", ""CUDA_VISIBLE_DEVICES"": ""2""}",2026-08-21T21:28:49
VNAT_1s_tcpdur_random70_stratified_flowlevel_splitseed42_8feat_autoformer_20ms_seed2,VNAT,VNAT_5s_tcp_duration,1,random70_stratified_flowlevel_splitseed42,42,8894961661c52ef7,Validation,4,autoformer,8feat,20ms,51,8,2,256,1694,727,best_val,29,12345,0,True,True,1.0,5.9255,79.09,41,93.19,92.9925,94.0853,92.9925,"{""Chat"": 90.691, ""Control"": 96.154, ""File Transfer"": 90.0, ""Streaming"": 95.126}","{""Chat"": 83.425, ""Control"": 95.628, ""File Transfer"": 90.0, ""Streaming"": 99.69}","{""Chat"": 99.342, ""Control"": 96.685, ""File Transfer"": 90.0, ""Streaming"": 90.96}","{""Chat"": 152, ""Control"": 181, ""File Transfer"": 40, ""Streaming"": 354}","{""Chat"": 1.199717, ""Control"": 1.001182, ""File Transfer"": 4.553763, ""Streaming"": 0.513333}","{""Chat"": 353, ""Control"": 423, ""File Transfer"": 93, ""Streaming"": 825}",113860,checkpoints/VNAT_1s_tcp_duration_8feat_seed2/VNAT_1s_tcpdur_random70_stratified_flowlevel_splitseed42_8feat_autoformer_20ms_seed2.pth,1752930,16.2,OK,,"{""torch"": ""2.4.1+cu121"", ""cuda"": ""12.1"", ""gpu"": ""NVIDIA RTX A4500"", ""numpy"": ""1.26.0"", ""python"": ""3.10.12"", ""deterministic"": true, ""grad_clip_max_norm"": 1.0, ""CUBLAS_WORKSPACE_CONFIG"": "":4096:8"", ""CUDA_VISIBLE_DEVICES"": ""2""}",2026-08-21T21:29:05
VNAT_1s_tcpdur_random70_stratified_flowlevel_splitseed42_8feat_fedformer_20ms_seed0,VNAT,VNAT_5s_tcp_duration,1,random70_stratified_flowlevel_splitseed42,42,8894961661c52ef7,Validation,4,fedformer,8feat,20ms,51,8,0,256,1694,727,best_val,25,12345,4,True,True,1.0,6.5044,76.92,39,93.1237,91.7545,93.1224,91.7545,"{""Chat"": 89.759, ""Control"": 95.109, ""File Transfer"": 87.805, ""Streaming"": 94.345}","{""Chat"": 82.778, ""Control"": 93.583, ""File Transfer"": 85.714, ""Streaming"": 99.686}","{""Chat"": 98.026, ""Control"": 96.685, ""File Transfer"": 90.0, ""Streaming"": 89.548}","{""Chat"": 152, ""Control"": 181, ""File Transfer"": 40, ""Streaming"": 354}","{""Chat"": 1.199717, ""Control"": 1.001182, ""File Transfer"": 4.553763, ""Streaming"": 0.513333}","{""Chat"": 353, ""Control"": 423, ""File Transfer"": 93, ""Streaming"": 825}",281157,checkpoints/VNAT_1s_tcp_duration_8feat_seed0/VNAT_1s_tcpdur_random70_stratified_flowlevel_splitseed42_8feat_fedformer_20ms_seed0.pth,3720619,64.6,OK,,"{""torch"": ""2.4.1+cu121"", ""cuda"": ""12.1"", ""gpu"": ""NVIDIA RTX A4500"", ""numpy"": ""1.26.0"", ""python"": ""3.10.12"", ""deterministic"": true, ""grad_clip_max_norm"": 1.0, ""CUBLAS_WORKSPACE_CONFIG"": "":4096:8"", ""CUDA_VISIBLE_DEVICES"": ""2""}",2026-08-21T21:30:10
VNAT_1s_tcpdur_random70_stratified_flowlevel_splitseed42_8feat_fedformer_20ms_seed1,VNAT,VNAT_5s_tcp_duration,1,random70_stratified_flowlevel_splitseed42,42,8894961661c52ef7,Validation,4,fedformer,8feat,20ms,51,8,1,256,1694,727,best_val,31,12345,4,True,True,1.0,9.2403,69.81,44,93.5819,91.4801,93.26,91.4801,"{""Chat"": 90.361, ""Control"": 95.342, ""File Transfer"": 85.714, ""Streaming"": 94.502}","{""Chat"": 83.333, ""Control"": 94.565, ""File Transfer"": 81.818, ""Streaming"": 99.687}","{""Chat"": 98.684, ""Control"": 96.133, ""File Transfer"": 90.0, ""Streaming"": 89.831}","{""Chat"": 152, ""Control"": 181, ""File Transfer"": 40, ""Streaming"": 354}","{""Chat"": 1.199717, ""Control"": 1.001182, ""File Transfer"": 4.553763, ""Streaming"": 0.513333}","{""Chat"": 353, ""Control"": 423, ""File Transfer"": 93, ""Streaming"": 825}",281157,checkpoints/VNAT_1s_tcp_duration_8feat_seed1/VNAT_1s_tcpdur_random70_stratified_flowlevel_splitseed42_8feat_fedformer_20ms_seed1.pth,3720619,67.5,OK,,"{""torch"": ""2.4.1+cu121"", ""cuda"": ""12.1"", ""gpu"": ""NVIDIA RTX A4500"", ""numpy"": ""1.26.0"", ""python"": ""3.10.12"", ""deterministic"": true, ""grad_clip_max_norm"": 1.0, ""CUBLAS_WORKSPACE_CONFIG"": "":4096:8"", ""CUDA_VISIBLE_DEVICES"": ""2""}",2026-08-21T21:31:18
VNAT_1s_tcpdur_random70_stratified_flowlevel_splitseed42_8feat_fedformer_20ms_seed2,VNAT,VNAT_5s_tcp_duration,1,random70_stratified_flowlevel_splitseed42,42,8894961661c52ef7,Validation,4,fedformer,8feat,20ms,51,8,2,256,1694,727,best_val,20,12345,4,True,True,1.0,6.8991,80.09,33,91.703,91.5298,92.2971,91.5298,"{""Chat"": 88.095, ""Control"": 95.187, ""File Transfer"": 89.744, ""Streaming"": 93.093}","{""Chat"": 80.435, ""Control"": 92.228, ""File Transfer"": 92.105, ""Streaming"": 99.359}","{""Chat"": 97.368, ""Control"": 98.343, ""File Transfer"": 87.5, ""Streaming"": 87.571}","{""Chat"": 152, ""Control"": 181, ""File Transfer"": 40, ""Streaming"": 354}","{""Chat"": 1.199717, ""Control"": 1.001182, ""File Transfer"": 4.553763, ""Streaming"": 0.513333}","{""Chat"": 353, ""Control"": 423, ""File Transfer"": 93, ""Streaming"": 825}",281157,checkpoints/VNAT_1s_tcp_duration_8feat_seed2/VNAT_1s_tcpdur_random70_stratified_flowlevel_splitseed42_8feat_fedformer_20ms_seed2.pth,3720619,57.2,OK,,"{""torch"": ""2.4.1+cu121"", ""cuda"": ""12.1"", ""gpu"": ""NVIDIA RTX A4500"", ""numpy"": ""1.26.0"", ""python"": ""3.10.12"", ""deterministic"": true, ""grad_clip_max_norm"": 1.0, ""CUBLAS_WORKSPACE_CONFIG"": "":4096:8"", ""CUDA_VISIBLE_DEVICES"": ""2""}",2026-08-21T21:32:15
VNAT_1s_tcpdur_random70_stratified_flowlevel_splitseed42_8feat_timemixer_20ms_seed0,VNAT,VNAT_5s_tcp_duration,1,random70_stratified_flowlevel_splitseed42,42,8894961661c52ef7,Validation,4,timemixer,8feat,20ms,51,8,0,256,1694,727,best_val,26,12345,0,True,True,1.0,22.1164,58.76,53,87.8618,89.9747,90.784,89.9747,"{""Chat"": 87.164, ""Control"": 93.194, ""File Transfer"": 88.0, ""Streaming"": 91.541}","{""Chat"": 79.781, ""Control"": 88.557, ""File Transfer"": 94.286, ""Streaming"": 98.377}","{""Chat"": 96.053, ""Control"": 98.343, ""File Transfer"": 82.5, ""Streaming"": 85.593}","{""Chat"": 152, ""Control"": 181, ""File Transfer"": 40, ""Streaming"": 354}","{""Chat"": 1.199717, ""Control"": 1.001182, ""File Transfer"": 4.553763, ""Streaming"": 0.513333}","{""Chat"": 353, ""Control"": 423, ""File Transfer"": 93, ""Streaming"": 825}",162314,checkpoints/VNAT_1s_tcp_duration_8feat_seed0/VNAT_1s_tcpdur_random70_stratified_flowlevel_splitseed42_8feat_timemixer_20ms_seed0.pth,1965510,19.0,OK,,"{""torch"": ""2.4.1+cu121"", ""cuda"": ""12.1"", ""gpu"": ""NVIDIA RTX A4500"", ""numpy"": ""1.26.0"", ""python"": ""3.10.12"", ""deterministic"": true, ""grad_clip_max_norm"": 1.0, ""CUBLAS_WORKSPACE_CONFIG"": "":4096:8"", ""CUDA_VISIBLE_DEVICES"": ""2""}",2026-08-21T21:32:34
VNAT_1s_tcpdur_random70_stratified_flowlevel_splitseed42_8feat_timemixer_20ms_seed1,VNAT,VNAT_5s_tcp_duration,1,random70_stratified_flowlevel_splitseed42,42,8894961661c52ef7,Validation,4,timemixer,8feat,20ms,51,8,1,256,1694,727,best_val,36,12345,0,True,True,1.0,6.9247,63.53,47,91.0364,88.3288,90.5089,88.3288,"{""Chat"": 87.349, ""Control"": 93.151, ""File Transfer"": 80.899, ""Streaming"": 91.916}","{""Chat"": 80.556, ""Control"": 92.391, ""File Transfer"": 73.469, ""Streaming"": 97.771}","{""Chat"": 95.395, ""Control"": 93.923, ""File Transfer"": 90.0, ""Streaming"": 86.723}","{""Chat"": 152, ""Control"": 181, ""File Transfer"": 40, ""Streaming"": 354}","{""Chat"": 1.199717, ""Control"": 1.001182, ""File Transfer"": 4.553763, ""Streaming"": 0.513333}","{""Chat"": 353, ""Control"": 423, ""File Transfer"": 93, ""Streaming"": 825}",162314,checkpoints/VNAT_1s_tcp_duration_8feat_seed1/VNAT_1s_tcpdur_random70_stratified_flowlevel_splitseed42_8feat_timemixer_20ms_seed1.pth,1965510,15.3,OK,,"{""torch"": ""2.4.1+cu121"", ""cuda"": ""12.1"", ""gpu"": ""NVIDIA RTX A4500"", ""numpy"": ""1.26.0"", ""python"": ""3.10.12"", ""deterministic"": true, ""grad_clip_max_norm"": 1.0, ""CUBLAS_WORKSPACE_CONFIG"": "":4096:8"", ""CUDA_VISIBLE_DEVICES"": ""2""}",2026-08-21T21:32:50
VNAT_1s_tcpdur_random70_stratified_flowlevel_splitseed42_8feat_timemixer_20ms_seed2,VNAT,VNAT_5s_tcp_duration,1,random70_stratified_flowlevel_splitseed42,42,8894961661c52ef7,Validation,4,timemixer,8feat,20ms,51,8,2,256,1694,727,best_val,39,12345,0,True,True,1.0,6.947,40.06,51,91.9657,89.969,91.6094,89.969,"{""Chat"": 88.623, ""Control"": 93.733, ""File Transfer"": 84.706, ""Streaming"": 92.814}","{""Chat"": 81.319, ""Control"": 92.473, ""File Transfer"": 80.0, ""Streaming"": 98.726}","{""Chat"": 97.368, ""Control"": 95.028, ""File Transfer"": 90.0, ""Streaming"": 87.571}","{""Chat"": 152, ""Control"": 181, ""File Transfer"": 40, ""Streaming"": 354}","{""Chat"": 1.199717, ""Control"": 1.001182, ""File Transfer"": 4.553763, ""Streaming"": 0.513333}","{""Chat"": 353, ""Control"": 423, ""File Transfer"": 93, ""Streaming"": 825}",162314,checkpoints/VNAT_1s_tcp_duration_8feat_seed2/VNAT_1s_tcpdur_random70_stratified_flowlevel_splitseed42_8feat_timemixer_20ms_seed2.pth,1965510,18.3,OK,,"{""torch"": ""2.4.1+cu121"", ""cuda"": ""12.1"", ""gpu"": ""NVIDIA RTX A4500"", ""numpy"": ""1.26.0"", ""python"": ""3.10.12"", ""deterministic"": true, ""grad_clip_max_norm"": 1.0, ""CUBLAS_WORKSPACE_CONFIG"": "":4096:8"", ""CUDA_VISIBLE_DEVICES"": ""2""}",2026-08-21T21:33:08
VNAT_1s_tcpdur_random70_stratified_flowlevel_splitseed42_8feat_timesnet_30ms_seed0,VNAT,VNAT_5s_tcp_duration,1,random70_stratified_flowlevel_splitseed42,42,8894961661c52ef7,Validation,4,timesnet,8feat,30ms,34,8,0,256,1694,727,best_val,21,12345,0,True,True,1.0,4.5873,73.87,41,87.5133,89.8581,91.6094,89.8581,"{""Chat"": 89.222, ""Control"": 92.857, ""File Transfer"": 84.337, ""Streaming"": 93.016}","{""Chat"": 81.868, ""Control"": 92.35, ""File Transfer"": 81.395, ""Streaming"": 98.119}","{""Chat"": 98.026, ""Control"": 93.37, ""File Transfer"": 87.5, ""Streaming"": 88.418}","{""Chat"": 152, ""Control"": 181, ""File Transfer"": 40, ""Streaming"": 354}","{""Chat"": 1.199717, ""Control"": 1.001182, ""File Transfer"": 4.553763, ""Streaming"": 0.513333}","{""Chat"": 353, ""Control"": 423, ""File Transfer"": 93, ""Streaming"": 825}",9384644,checkpoints/VNAT_1s_tcp_duration_8feat_seed0/VNAT_1s_tcpdur_random70_stratified_flowlevel_splitseed42_8feat_timesnet_30ms_seed0.pth,38848002,37.0,OK,,"{""torch"": ""2.4.1+cu121"", ""cuda"": ""12.1"", ""gpu"": ""NVIDIA RTX A4500"", ""numpy"": ""1.26.0"", ""python"": ""3.10.12"", ""deterministic"": true, ""grad_clip_max_norm"": 1.0, ""CUBLAS_WORKSPACE_CONFIG"": "":4096:8"", ""CUDA_VISIBLE_DEVICES"": ""2""}",2026-08-21T21:33:46
VNAT_1s_tcpdur_random70_stratified_flowlevel_splitseed42_8feat_timesnet_30ms_seed1,VNAT,VNAT_5s_tcp_duration,1,random70_stratified_flowlevel_splitseed42,42,8894961661c52ef7,Validation,4,timesnet,8feat,30ms,34,8,1,256,1694,727,best_val,18,12345,0,True,True,1.0,9.0826,68.91,34,89.4771,90.6161,91.3343,90.6161,"{""Chat"": 86.127, ""Control"": 95.442, ""File Transfer"": 88.889, ""Streaming"": 92.006}","{""Chat"": 76.804, ""Control"": 92.708, ""File Transfer"": 100.0, ""Streaming"": 98.706}","{""Chat"": 98.026, ""Control"": 98.343, ""File Transfer"": 80.0, ""Streaming"": 86.158}","{""Chat"": 152, ""Control"": 181, ""File Transfer"": 40, ""Streaming"": 354}","{""Chat"": 1.199717, ""Control"": 1.001182, ""File Transfer"": 4.553763, ""Streaming"": 0.513333}","{""Chat"": 353, ""Control"": 423, ""File Transfer"": 93, ""Streaming"": 825}",9384644,checkpoints/VNAT_1s_tcp_duration_8feat_seed1/VNAT_1s_tcpdur_random70_stratified_flowlevel_splitseed42_8feat_timesnet_30ms_seed1.pth,38848002,31.2,OK,,"{""torch"": ""2.4.1+cu121"", ""cuda"": ""12.1"", ""gpu"": ""NVIDIA RTX A4500"", ""numpy"": ""1.26.0"", ""python"": ""3.10.12"", ""deterministic"": true, ""grad_clip_max_norm"": 1.0, ""CUBLAS_WORKSPACE_CONFIG"": "":4096:8"", ""CUDA_VISIBLE_DEVICES"": ""2""}",2026-08-21T21:34:17
VNAT_1s_tcpdur_random70_stratified_flowlevel_splitseed42_8feat_timesnet_30ms_seed2,VNAT,VNAT_5s_tcp_duration,1,random70_stratified_flowlevel_splitseed42,42,8894961661c52ef7,Validation,4,timesnet,8feat,30ms,34,8,2,256,1694,727,best_val,14,12345,0,True,True,1.0,5.6554,69.2,32,87.2821,89.4369,89.9587,89.4369,"{""Chat"": 86.628, ""Control"": 92.876, ""File Transfer"": 88.0, ""Streaming"": 90.244}","{""Chat"": 77.604, ""Control"": 88.889, ""File Transfer"": 94.286, ""Streaming"": 98.013}","{""Chat"": 98.026, ""Control"": 97.238, ""File Transfer"": 82.5, ""Streaming"": 83.616}","{""Chat"": 152, ""Control"": 181, ""File Transfer"": 40, ""Streaming"": 354}","{""Chat"": 1.199717, ""Control"": 1.001182, ""File Transfer"": 4.553763, ""Streaming"": 0.513333}","{""Chat"": 353, ""Control"": 423, ""File Transfer"": 93, ""Streaming"": 825}",9384644,checkpoints/VNAT_1s_tcp_duration_8feat_seed2/VNAT_1s_tcpdur_random70_stratified_flowlevel_splitseed42_8feat_timesnet_30ms_seed2.pth,38848002,29.5,OK,,"{""torch"": ""2.4.1+cu121"", ""cuda"": ""12.1"", ""gpu"": ""NVIDIA RTX A4500"", ""numpy"": ""1.26.0"", ""python"": ""3.10.12"", ""deterministic"": true, ""grad_clip_max_norm"": 1.0, ""CUBLAS_WORKSPACE_CONFIG"": "":4096:8"", ""CUDA_VISIBLE_DEVICES"": ""2""}",2026-08-21T21:34:47
VNAT_1s_tcpdur_random70_stratified_flowlevel_splitseed42_8feat_informer_30ms_seed0,VNAT,VNAT_5s_tcp_duration,1,random70_stratified_flowlevel_splitseed42,42,8894961661c52ef7,Validation,4,informer,8feat,30ms,34,8,0,64,1694,727,best_val,16,12345,0,True,True,1.0,14.5165,98.46,24,93.2826,94.5356,97.1114,94.3454,"{""Chat"": 98.371, ""Control"": 96.089, ""File Transfer"": 84.337, ""Streaming"": 98.584}","{""Chat"": 97.419, ""Control"": 97.175, ""File Transfer"": 81.395, ""Streaming"": 98.864}","{""Chat"": 99.342, ""Control"": 95.028, ""File Transfer"": 87.5, ""Streaming"": 98.305}","{""Chat"": 152, ""Control"": 181, ""File Transfer"": 40, ""Streaming"": 354}","{""Chat"": 1.199717, ""Control"": 1.001182, ""File Transfer"": 4.553763, ""Streaming"": 0.513333}","{""Chat"": 353, ""Control"": 423, ""File Transfer"": 93, ""Streaming"": 825}",2715397,checkpoints/VNAT_1s_tcp_duration_8feat_seed0/VNAT_1s_tcpdur_random70_stratified_flowlevel_splitseed42_8feat_informer_30ms_seed0.pth,21145602,27.3,OK,,"{""torch"": ""2.4.1+cu121"", ""cuda"": ""12.1"", ""gpu"": ""NVIDIA RTX A4500"", ""numpy"": ""1.26.0"", ""python"": ""3.10.12"", ""deterministic"": true, ""grad_clip_max_norm"": 1.0, ""CUBLAS_WORKSPACE_CONFIG"": "":4096:8"", ""CUDA_VISIBLE_DEVICES"": ""2""}",2026-08-21T21:35:14
VNAT_1s_tcpdur_random70_stratified_flowlevel_splitseed42_8feat_informer_30ms_seed1,VNAT,VNAT_5s_tcp_duration,1,random70_stratified_flowlevel_splitseed42,42,8894961661c52ef7,Validation,4,informer,8feat,30ms,34,8,1,64,1694,727,best_val,16,12345,0,True,True,1.0,16.4477,94.99,34,94.7844,96.1096,97.5241,95.9938,"{""Chat"": 97.72, ""Control"": 97.479, ""File Transfer"": 90.476, ""Streaming"": 98.3}","{""Chat"": 96.774, ""Control"": 98.864, ""File Transfer"": 86.364, ""Streaming"": 98.58}","{""Chat"": 98.684, ""Control"": 96.133, ""File Transfer"": 95.0, ""Streaming"": 98.023}","{""Chat"": 152, ""Control"": 181, ""File Transfer"": 40, ""Streaming"": 354}","{""Chat"": 1.199717, ""Control"": 1.001182, ""File Transfer"": 4.553763, ""Streaming"": 0.513333}","{""Chat"": 353, ""Control"": 423, ""File Transfer"": 93, ""Streaming"": 825}",2715397,checkpoints/VNAT_1s_tcp_duration_8feat_seed1/VNAT_1s_tcpdur_random70_stratified_flowlevel_splitseed42_8feat_informer_30ms_seed1.pth,21145602,40.1,OK,,"{""torch"": ""2.4.1+cu121"", ""cuda"": ""12.1"", ""gpu"": ""NVIDIA RTX A4500"", ""numpy"": ""1.26.0"", ""python"": ""3.10.12"", ""deterministic"": true, ""grad_clip_max_norm"": 1.0, ""CUBLAS_WORKSPACE_CONFIG"": "":4096:8"", ""CUDA_VISIBLE_DEVICES"": ""2""}",2026-08-21T21:35:55
VNAT_1s_tcpdur_random70_stratified_flowlevel_splitseed42_8feat_informer_30ms_seed2,VNAT,VNAT_5s_tcp_duration,1,random70_stratified_flowlevel_splitseed42,42,8894961661c52ef7,Validation,4,informer,8feat,30ms,34,8,2,64,1694,727,best_val,26,12345,0,True,True,1.0,16.4392,96.62,34,94.1186,95.8511,97.1114,94.6021,"{""Chat"": 98.039, ""Control"": 96.067, ""File Transfer"": 85.714, ""Streaming"": 98.588}","{""Chat"": 97.403, ""Control"": 97.714, ""File Transfer"": 81.818, ""Streaming"": 98.588}","{""Chat"": 98.684, ""Control"": 94.475, ""File Transfer"": 90.0, ""Streaming"": 98.588}","{""Chat"": 152, ""Control"": 181, ""File Transfer"": 40, ""Streaming"": 354}","{""Chat"": 1.199717, ""Control"": 1.001182, ""File Transfer"": 4.553763, ""Streaming"": 0.513333}","{""Chat"": 353, ""Control"": 423, ""File Transfer"": 93, ""Streaming"": 825}",2715397,checkpoints/VNAT_1s_tcp_duration_8feat_seed2/VNAT_1s_tcpdur_random70_stratified_flowlevel_splitseed42_8feat_informer_30ms_seed2.pth,21145602,35.7,OK,,"{""torch"": ""2.4.1+cu121"", ""cuda"": ""12.1"", ""gpu"": ""NVIDIA RTX A4500"", ""numpy"": ""1.26.0"", ""python"": ""3.10.12"", ""deterministic"": true, ""grad_clip_max_norm"": 1.0, ""CUBLAS_WORKSPACE_CONFIG"": "":4096:8"", ""CUDA_VISIBLE_DEVICES"": ""2""}",2026-08-21T21:36:31
VNAT_1s_tcpdur_random70_stratified_flowlevel_splitseed42_8feat_nst_30ms_seed0,VNAT,VNAT_5s_tcp_duration,1,random70_stratified_flowlevel_splitseed42,42,8894961661c52ef7,Validation,4,nst,8feat,30ms,34,8,0,64,1694,727,best_val,18,12345,0,True,True,1.0,17.4059,97.6,34,91.2309,94.2302,97.1114,94.2302,"{""Chat"": 98.684, ""Control"": 95.556, ""File Transfer"": 83.951, ""Streaming"": 98.731}","{""Chat"": 98.684, ""Control"": 96.089, ""File Transfer"": 82.927, ""Streaming"": 98.592}","{""Chat"": 98.684, ""Control"": 95.028, ""File Transfer"": 85.0, ""Streaming"": 98.87}","{""Chat"": 152, ""Control"": 181, ""File Transfer"": 40, ""Streaming"": 354}","{""Chat"": 1.199717, ""Control"": 1.001182, ""File Transfer"": 4.553763, ""Streaming"": 0.513333}","{""Chat"": 353, ""Control"": 423, ""File Transfer"": 93, ""Streaming"": 825}",133968,checkpoints/VNAT_1s_tcp_duration_8feat_seed0/VNAT_1s_tcpdur_random70_stratified_flowlevel_splitseed42_8feat_nst_30ms_seed0.pth,1843914,35.7,OK,,"{""torch"": ""2.4.1+cu121"", ""cuda"": ""12.1"", ""gpu"": ""NVIDIA RTX A4500"", ""numpy"": ""1.26.0"", ""python"": ""3.10.12"", ""deterministic"": true, ""grad_clip_max_norm"": 1.0, ""CUBLAS_WORKSPACE_CONFIG"": "":4096:8"", ""CUDA_VISIBLE_DEVICES"": ""2""}",2026-08-21T21:37:06
VNAT_1s_tcpdur_random70_stratified_flowlevel_splitseed42_8feat_nst_30ms_seed1,VNAT,VNAT_5s_tcp_duration,1,random70_stratified_flowlevel_splitseed42,42,8894961661c52ef7,Validation,4,nst,8feat,30ms,34,8,1,64,1694,727,best_val,23,12345,0,True,True,1.0,12.1549,95.66,35,92.9365,95.1878,97.249,95.1878,"{""Chat"": 97.735, ""Control"": 96.721, ""File Transfer"": 88.0, ""Streaming"": 98.295}","{""Chat"": 96.178, ""Control"": 95.676, ""File Transfer"": 94.286, ""Streaming"": 98.857}","{""Chat"": 99.342, ""Control"": 97.79, ""File Transfer"": 82.5, ""Streaming"": 97.74}","{""Chat"": 152, ""Control"": 181, ""File Transfer"": 40, ""Streaming"": 354}","{""Chat"": 1.199717, ""Control"": 1.001182, ""File Transfer"": 4.553763, ""Streaming"": 0.513333}","{""Chat"": 353, ""Control"": 423, ""File Transfer"": 93, ""Streaming"": 825}",133968,checkpoints/VNAT_1s_tcp_duration_8feat_seed1/VNAT_1s_tcpdur_random70_stratified_flowlevel_splitseed42_8feat_nst_30ms_seed1.pth,1843914,38.6,OK,,"{""torch"": ""2.4.1+cu121"", ""cuda"": ""12.1"", ""gpu"": ""NVIDIA RTX A4500"", ""numpy"": ""1.26.0"", ""python"": ""3.10.12"", ""deterministic"": true, ""grad_clip_max_norm"": 1.0, ""CUBLAS_WORKSPACE_CONFIG"": "":4096:8"", ""CUDA_VISIBLE_DEVICES"": ""2""}",2026-08-21T21:37:45
VNAT_1s_tcpdur_random70_stratified_flowlevel_splitseed42_8feat_nst_30ms_seed2,VNAT,VNAT_5s_tcp_duration,1,random70_stratified_flowlevel_splitseed42,42,8894961661c52ef7,Validation,4,nst,8feat,30ms,34,8,2,64,1694,727,best_val,14,12345,0,True,True,1.0,8.1342,97.49,34,88.437,92.6684,94.0853,92.6684,"{""Chat"": 91.857, ""Control"": 95.604, ""File Transfer"": 88.312, ""Streaming"": 94.901}","{""Chat"": 90.968, ""Control"": 95.082, ""File Transfer"": 91.892, ""Streaming"": 95.17}","{""Chat"": 92.763, ""Control"": 96.133, ""File Transfer"": 85.0, ""Streaming"": 94.633}","{""Chat"": 152, ""Control"": 181, ""File Transfer"": 40, ""Streaming"": 354}","{""Chat"": 1.199717, ""Control"": 1.001182, ""File Transfer"": 4.553763, ""Streaming"": 0.513333}","{""Chat"": 353, ""Control"": 423, ""File Transfer"": 93, ""Streaming"": 825}",133968,checkpoints/VNAT_1s_tcp_duration_8feat_seed2/VNAT_1s_tcpdur_random70_stratified_flowlevel_splitseed42_8feat_nst_30ms_seed2.pth,1843914,36.6,OK,,"{""torch"": ""2.4.1+cu121"", ""cuda"": ""12.1"", ""gpu"": ""NVIDIA RTX A4500"", ""numpy"": ""1.26.0"", ""python"": ""3.10.12"", ""deterministic"": true, ""grad_clip_max_norm"": 1.0, ""CUBLAS_WORKSPACE_CONFIG"": "":4096:8"", ""CUDA_VISIBLE_DEVICES"": ""2""}",2026-08-21T21:38:22
VNAT_1s_tcpdur_random70_stratified_flowlevel_splitseed42_8feat_autoformer_30ms_seed0,VNAT,VNAT_5s_tcp_duration,1,random70_stratified_flowlevel_splitseed42,42,8894961661c52ef7,Validation,4,autoformer,8feat,30ms,34,8,0,256,1694,727,best_val,18,12345,0,True,True,1.0,5.6036,84.38,32,88.6105,91.9709,92.9849,91.9709,"{""Chat"": 88.288, ""Control"": 96.739, ""File Transfer"": 89.189, ""Streaming"": 93.667}","{""Chat"": 81.215, ""Control"": 95.187, ""File Transfer"": 97.059, ""Streaming"": 97.846}","{""Chat"": 96.711, ""Control"": 98.343, ""File Transfer"": 82.5, ""Streaming"": 89.831}","{""Chat"": 152, ""Control"": 181, ""File Transfer"": 40, ""Streaming"": 354}","{""Chat"": 1.199717, ""Control"": 1.001182, ""File Transfer"": 4.553763, ""Streaming"": 0.513333}","{""Chat"": 353, ""Control"": 423, ""File Transfer"": 93, ""Streaming"": 825}",109508,checkpoints/VNAT_1s_tcp_duration_8feat_seed0/VNAT_1s_tcpdur_random70_stratified_flowlevel_splitseed42_8feat_autoformer_30ms_seed0.pth,1735522,11.6,OK,,"{""torch"": ""2.4.1+cu121"", ""cuda"": ""12.1"", ""gpu"": ""NVIDIA RTX A4500"", ""numpy"": ""1.26.0"", ""python"": ""3.10.12"", ""deterministic"": true, ""grad_clip_max_norm"": 1.0, ""CUBLAS_WORKSPACE_CONFIG"": "":4096:8"", ""CUDA_VISIBLE_DEVICES"": ""2""}",2026-08-21T21:38:34
VNAT_1s_tcpdur_random70_stratified_flowlevel_splitseed42_8feat_autoformer_30ms_seed1,VNAT,VNAT_5s_tcp_duration,1,random70_stratified_flowlevel_splitseed42,42,8894961661c52ef7,Validation,4,autoformer,8feat,30ms,34,8,1,256,1694,727,best_val,19,12345,0,True,True,1.0,6.1569,81.09,34,90.7402,91.6269,92.5722,91.6269,"{""Chat"": 86.982, ""Control"": 97.003, ""File Transfer"": 89.189, ""Streaming"": 93.333}","{""Chat"": 79.032, ""Control"": 95.699, ""File Transfer"": 97.059, ""Streaming"": 98.131}","{""Chat"": 96.711, ""Control"": 98.343, ""File Transfer"": 82.5, ""Streaming"": 88.983}","{""Chat"": 152, ""Control"": 181, ""File Transfer"": 40, ""Streaming"": 354}","{""Chat"": 1.199717, ""Control"": 1.001182, ""File Transfer"": 4.553763, ""Streaming"": 0.513333}","{""Chat"": 353, ""Control"": 423, ""File Transfer"": 93, ""Streaming"": 825}",109508,checkpoints/VNAT_1s_tcp_duration_8feat_seed1/VNAT_1s_tcpdur_random70_stratified_flowlevel_splitseed42_8feat_autoformer_30ms_seed1.pth,1735522,11.9,OK,,"{""torch"": ""2.4.1+cu121"", ""cuda"": ""12.1"", ""gpu"": ""NVIDIA RTX A4500"", ""numpy"": ""1.26.0"", ""python"": ""3.10.12"", ""deterministic"": true, ""grad_clip_max_norm"": 1.0, ""CUBLAS_WORKSPACE_CONFIG"": "":4096:8"", ""CUDA_VISIBLE_DEVICES"": ""2""}",2026-08-21T21:38:45
VNAT_1s_tcpdur_random70_stratified_flowlevel_splitseed42_8feat_autoformer_30ms_seed2,VNAT,VNAT_5s_tcp_duration,1,random70_stratified_flowlevel_splitseed42,42,8894961661c52ef7,Validation,4,autoformer,8feat,30ms,34,8,2,256,1694,727,best_val,26,12345,0,True,True,1.0,5.776,76.07,40,89.8736,91.7166,92.7098,91.7166,"{""Chat"": 87.164, ""Control"": 97.003, ""File Transfer"": 89.189, ""Streaming"": 93.51}","{""Chat"": 79.781, ""Control"": 95.699, ""File Transfer"": 97.059, ""Streaming"": 97.84}","{""Chat"": 96.053, ""Control"": 98.343, ""File Transfer"": 82.5, ""Streaming"": 89.548}","{""Chat"": 152, ""Control"": 181, ""File Transfer"": 40, ""Streaming"": 354}","{""Chat"": 1.199717, ""Control"": 1.001182, ""File Transfer"": 4.553763, ""Streaming"": 0.513333}","{""Chat"": 353, ""Control"": 423, ""File Transfer"": 93, ""Streaming"": 825}",109508,checkpoints/VNAT_1s_tcp_duration_8feat_seed2/VNAT_1s_tcpdur_random70_stratified_flowlevel_splitseed42_8feat_autoformer_30ms_seed2.pth,1735522,14.5,OK,,"{""torch"": ""2.4.1+cu121"", ""cuda"": ""12.1"", ""gpu"": ""NVIDIA RTX A4500"", ""numpy"": ""1.26.0"", ""python"": ""3.10.12"", ""deterministic"": true, ""grad_clip_max_norm"": 1.0, ""CUBLAS_WORKSPACE_CONFIG"": "":4096:8"", ""CUDA_VISIBLE_DEVICES"": ""2""}",2026-08-21T21:39:00
VNAT_1s_tcpdur_random70_stratified_flowlevel_splitseed42_8feat_fedformer_30ms_seed0,VNAT,VNAT_5s_tcp_duration,1,random70_stratified_flowlevel_splitseed42,42,8894961661c52ef7,Validation,4,fedformer,8feat,30ms,34,8,0,256,1694,727,best_val,22,12345,4,True,True,1.0,5.7931,79.15,37,88.8002,91.0948,91.8845,91.0948,"{""Chat"": 85.797, ""Control"": 96.739, ""File Transfer"": 89.189, ""Streaming"": 92.654}","{""Chat"": 76.684, ""Control"": 95.187, ""File Transfer"": 97.059, ""Streaming"": 98.722}","{""Chat"": 97.368, ""Control"": 98.343, ""File Transfer"": 82.5, ""Streaming"": 87.288}","{""Chat"": 152, ""Control"": 181, ""File Transfer"": 40, ""Streaming"": 354}","{""Chat"": 1.199717, ""Control"": 1.001182, ""File Transfer"": 4.553763, ""Streaming"": 0.513333}","{""Chat"": 353, ""Control"": 423, ""File Transfer"": 93, ""Streaming"": 825}",244037,checkpoints/VNAT_1s_tcp_duration_8feat_seed0/VNAT_1s_tcpdur_random70_stratified_flowlevel_splitseed42_8feat_fedformer_30ms_seed0.pth,3572075,48.8,OK,,"{""torch"": ""2.4.1+cu121"", ""cuda"": ""12.1"", ""gpu"": ""NVIDIA RTX A4500"", ""numpy"": ""1.26.0"", ""python"": ""3.10.12"", ""deterministic"": true, ""grad_clip_max_norm"": 1.0, ""CUBLAS_WORKSPACE_CONFIG"": "":4096:8"", ""CUDA_VISIBLE_DEVICES"": ""2""}",2026-08-21T21:39:49
VNAT_1s_tcpdur_random70_stratified_flowlevel_splitseed42_8feat_fedformer_30ms_seed1,VNAT,VNAT_5s_tcp_duration,1,random70_stratified_flowlevel_splitseed42,42,8894961661c52ef7,Validation,4,fedformer,8feat,30ms,34,8,1,256,1694,727,best_val,20,12345,4,True,True,1.0,5.0064,75.97,44,87.6487,91.3098,92.1596,91.3098,"{""Chat"": 86.88, ""Control"": 96.216, ""File Transfer"": 89.189, ""Streaming"": 92.954}","{""Chat"": 78.01, ""Control"": 94.18, ""File Transfer"": 97.059, ""Streaming"": 99.042}","{""Chat"": 98.026, ""Control"": 98.343, ""File Transfer"": 82.5, ""Streaming"": 87.571}","{""Chat"": 152, ""Control"": 181, ""File Transfer"": 40, ""Streaming"": 354}","{""Chat"": 1.199717, ""Control"": 1.001182, ""File Transfer"": 4.553763, ""Streaming"": 0.513333}","{""Chat"": 353, ""Control"": 423, ""File Transfer"": 93, ""Streaming"": 825}",244037,checkpoints/VNAT_1s_tcp_duration_8feat_seed1/VNAT_1s_tcpdur_random70_stratified_flowlevel_splitseed42_8feat_fedformer_30ms_seed1.pth,3572075,58.2,OK,,"{""torch"": ""2.4.1+cu121"", ""cuda"": ""12.1"", ""gpu"": ""NVIDIA RTX A4500"", ""numpy"": ""1.26.0"", ""python"": ""3.10.12"", ""deterministic"": true, ""grad_clip_max_norm"": 1.0, ""CUBLAS_WORKSPACE_CONFIG"": "":4096:8"", ""CUDA_VISIBLE_DEVICES"": ""2""}",2026-08-21T21:40:48
VNAT_1s_tcpdur_random70_stratified_flowlevel_splitseed42_8feat_fedformer_30ms_seed2,VNAT,VNAT_5s_tcp_duration,1,random70_stratified_flowlevel_splitseed42,42,8894961661c52ef7,Validation,4,fedformer,8feat,30ms,34,8,2,256,1694,727,best_val,22,12345,4,True,True,1.0,4.6178,77.29,39,88.4151,90.6872,91.3343,90.6872,"{""Chat"": 85.879, ""Control"": 95.699, ""File Transfer"": 89.189, ""Streaming"": 91.982}","{""Chat"": 76.41, ""Control"": 93.194, ""File Transfer"": 97.059, ""Streaming"": 99.023}","{""Chat"": 98.026, ""Control"": 98.343, ""File Transfer"": 82.5, ""Streaming"": 85.876}","{""Chat"": 152, ""Control"": 181, ""File Transfer"": 40, ""Streaming"": 354}","{""Chat"": 1.199717, ""Control"": 1.001182, ""File Transfer"": 4.553763, ""Streaming"": 0.513333}","{""Chat"": 353, ""Control"": 423, ""File Transfer"": 93, ""Streaming"": 825}",244037,checkpoints/VNAT_1s_tcp_duration_8feat_seed2/VNAT_1s_tcpdur_random70_stratified_flowlevel_splitseed42_8feat_fedformer_30ms_seed2.pth,3572075,51.3,OK,,"{""torch"": ""2.4.1+cu121"", ""cuda"": ""12.1"", ""gpu"": ""NVIDIA RTX A4500"", ""numpy"": ""1.26.0"", ""python"": ""3.10.12"", ""deterministic"": true, ""grad_clip_max_norm"": 1.0, ""CUBLAS_WORKSPACE_CONFIG"": "":4096:8"", ""CUDA_VISIBLE_DEVICES"": ""2""}",2026-08-21T21:41:39
VNAT_1s_tcpdur_random70_stratified_flowlevel_splitseed42_8feat_timemixer_30ms_seed0,VNAT,VNAT_5s_tcp_duration,1,random70_stratified_flowlevel_splitseed42,42,8894961661c52ef7,Validation,4,timemixer,8feat,30ms,34,8,0,256,1694,727,best_val,35,12345,0,True,True,1.0,19.0062,44.61,49,85.8207,87.1642,89.1334,87.1642,"{""Chat"": 88.427, ""Control"": 90.11, ""File Transfer"": 80.0, ""Streaming"": 90.12}","{""Chat"": 80.541, ""Control"": 89.617, ""File Transfer"": 75.556, ""Streaming"": 95.86}","{""Chat"": 98.026, ""Control"": 90.608, ""File Transfer"": 85.0, ""Streaming"": 85.028}","{""Chat"": 152, ""Control"": 181, ""File Transfer"": 40, ""Streaming"": 354}","{""Chat"": 1.199717, ""Control"": 1.001182, ""File Transfer"": 4.553763, ""Streaming"": 0.513333}","{""Chat"": 353, ""Control"": 423, ""File Transfer"": 93, ""Streaming"": 825}",149976,checkpoints/VNAT_1s_tcp_duration_8feat_seed0/VNAT_1s_tcpdur_random70_stratified_flowlevel_splitseed42_8feat_timemixer_30ms_seed0.pth,1916742,16.7,OK,,"{""torch"": ""2.4.1+cu121"", ""cuda"": ""12.1"", ""gpu"": ""NVIDIA RTX A4500"", ""numpy"": ""1.26.0"", ""python"": ""3.10.12"", ""deterministic"": true, ""grad_clip_max_norm"": 1.0, ""CUBLAS_WORKSPACE_CONFIG"": "":4096:8"", ""CUDA_VISIBLE_DEVICES"": ""2""}",2026-08-21T21:41:56
VNAT_1s_tcpdur_random70_stratified_flowlevel_splitseed42_8feat_timemixer_30ms_seed1,VNAT,VNAT_5s_tcp_duration,1,random70_stratified_flowlevel_splitseed42,42,8894961661c52ef7,Validation,4,timemixer,8feat,30ms,34,8,1,256,1694,727,best_val,47,12345,0,True,True,1.0,5.9965,44.29,60,88.0624,90.8544,92.1596,90.8544,"{""Chat"": 87.761, ""Control"": 95.979, ""File Transfer"": 86.842, ""Streaming"": 92.836}","{""Chat"": 80.328, ""Control"": 93.229, ""File Transfer"": 91.667, ""Streaming"": 98.418}","{""Chat"": 96.711, ""Control"": 98.895, ""File Transfer"": 82.5, ""Streaming"": 87.853}","{""Chat"": 152, ""Control"": 181, ""File Transfer"": 40, ""Streaming"": 354}","{""Chat"": 1.199717, ""Control"": 1.001182, ""File Transfer"": 4.553763, ""Streaming"": 0.513333}","{""Chat"": 353, ""Control"": 423, ""File Transfer"": 93, ""Streaming"": 825}",149976,checkpoints/VNAT_1s_tcp_duration_8feat_seed1/VNAT_1s_tcpdur_random70_stratified_flowlevel_splitseed42_8feat_timemixer_30ms_seed1.pth,1916742,21.0,OK,,"{""torch"": ""2.4.1+cu121"", ""cuda"": ""12.1"", ""gpu"": ""NVIDIA RTX A4500"", ""numpy"": ""1.26.0"", ""python"": ""3.10.12"", ""deterministic"": true, ""grad_clip_max_norm"": 1.0, ""CUBLAS_WORKSPACE_CONFIG"": "":4096:8"", ""CUDA_VISIBLE_DEVICES"": ""2""}",2026-08-21T21:42:17
VNAT_1s_tcpdur_random70_stratified_flowlevel_splitseed42_8feat_timemixer_30ms_seed2,VNAT,VNAT_5s_tcp_duration,1,random70_stratified_flowlevel_splitseed42,42,8894961661c52ef7,Validation,4,timemixer,8feat,30ms,34,8,2,256,1694,727,best_val,48,12345,0,True,True,1.0,17.3998,36.19,60,88.3857,90.9402,93.1224,90.9402,"{""Chat"": 90.854, ""Control"": 96.175, ""File Transfer"": 82.927, ""Streaming"": 93.805}","{""Chat"": 84.659, ""Control"": 95.135, ""File Transfer"": 80.952, ""Streaming"": 98.148}","{""Chat"": 98.026, ""Control"": 97.238, ""File Transfer"": 85.0, ""Streaming"": 89.831}","{""Chat"": 152, ""Control"": 181, ""File Transfer"": 40, ""Streaming"": 354}","{""Chat"": 1.199717, ""Control"": 1.001182, ""File Transfer"": 4.553763, ""Streaming"": 0.513333}","{""Chat"": 353, ""Control"": 423, ""File Transfer"": 93, ""Streaming"": 825}",149976,checkpoints/VNAT_1s_tcp_duration_8feat_seed2/VNAT_1s_tcpdur_random70_stratified_flowlevel_splitseed42_8feat_timemixer_30ms_seed2.pth,1916742,20.3,OK,,"{""torch"": ""2.4.1+cu121"", ""cuda"": ""12.1"", ""gpu"": ""NVIDIA RTX A4500"", ""numpy"": ""1.26.0"", ""python"": ""3.10.12"", ""deterministic"": true, ""grad_clip_max_norm"": 1.0, ""CUBLAS_WORKSPACE_CONFIG"": "":4096:8"", ""CUDA_VISIBLE_DEVICES"": ""2""}",2026-08-21T21:42:37
VNAT_1s_tcpdur_random70_stratified_flowlevel_splitseed42_8feat_timesnet_40ms_seed0,VNAT,VNAT_5s_tcp_duration,1,random70_stratified_flowlevel_splitseed42,42,8894961661c52ef7,Validation,4,timesnet,8feat,40ms,26,8,0,256,1694,727,best_val,31,12345,0,True,True,1.0,5.586,58.97,39,87.5799,89.776,89.9587,89.776,"{""Chat"": 85.714, ""Control"": 93.931, ""File Transfer"": 89.474, ""Streaming"": 89.985}","{""Chat"": 75.758, ""Control"": 89.899, ""File Transfer"": 94.444, ""Streaming"": 98.983}","{""Chat"": 98.684, ""Control"": 98.343, ""File Transfer"": 85.0, ""Streaming"": 82.486}","{""Chat"": 152, ""Control"": 181, ""File Transfer"": 40, ""Streaming"": 354}","{""Chat"": 1.199717, ""Control"": 1.001182, ""File Transfer"": 4.553763, ""Streaming"": 0.513333}","{""Chat"": 353, ""Control"": 423, ""File Transfer"": 93, ""Streaming"": 825}",9382596,checkpoints/VNAT_1s_tcp_duration_8feat_seed0/VNAT_1s_tcpdur_random70_stratified_flowlevel_splitseed42_8feat_timesnet_40ms_seed0.pth,38839810,30.1,OK,,"{""torch"": ""2.4.1+cu121"", ""cuda"": ""12.1"", ""gpu"": ""NVIDIA RTX A4500"", ""numpy"": ""1.26.0"", ""python"": ""3.10.12"", ""deterministic"": true, ""grad_clip_max_norm"": 1.0, ""CUBLAS_WORKSPACE_CONFIG"": "":4096:8"", ""CUDA_VISIBLE_DEVICES"": ""2""}",2026-08-21T21:43:08
VNAT_1s_tcpdur_random70_stratified_flowlevel_splitseed42_8feat_timesnet_40ms_seed1,VNAT,VNAT_5s_tcp_duration,1,random70_stratified_flowlevel_splitseed42,42,8894961661c52ef7,Validation,4,timesnet,8feat,40ms,26,8,1,256,1694,727,best_val,16,12345,0,True,True,1.0,6.2589,60.17,33,86.065,89.0512,89.6836,89.0512,"{""Chat"": 83.473, ""Control"": 95.368, ""File Transfer"": 87.179, ""Streaming"": 90.184}","{""Chat"": 72.683, ""Control"": 94.086, ""File Transfer"": 89.474, ""Streaming"": 98.658}","{""Chat"": 98.026, ""Control"": 96.685, ""File Transfer"": 85.0, ""Streaming"": 83.051}","{""Chat"": 152, ""Control"": 181, ""File Transfer"": 40, ""Streaming"": 354}","{""Chat"": 1.199717, ""Control"": 1.001182, ""File Transfer"": 4.553763, ""Streaming"": 0.513333}","{""Chat"": 353, ""Control"": 423, ""File Transfer"": 93, ""Streaming"": 825}",9382596,checkpoints/VNAT_1s_tcp_duration_8feat_seed1/VNAT_1s_tcpdur_random70_stratified_flowlevel_splitseed42_8feat_timesnet_40ms_seed1.pth,38839810,25.3,OK,,"{""torch"": ""2.4.1+cu121"", ""cuda"": ""12.1"", ""gpu"": ""NVIDIA RTX A4500"", ""numpy"": ""1.26.0"", ""python"": ""3.10.12"", ""deterministic"": true, ""grad_clip_max_norm"": 1.0, ""CUBLAS_WORKSPACE_CONFIG"": "":4096:8"", ""CUDA_VISIBLE_DEVICES"": ""2""}",2026-08-21T21:43:33
VNAT_1s_tcpdur_random70_stratified_flowlevel_splitseed42_8feat_timesnet_40ms_seed2,VNAT,VNAT_5s_tcp_duration,1,random70_stratified_flowlevel_splitseed42,42,8894961661c52ef7,Validation,4,timesnet,8feat,40ms,26,8,2,256,1694,727,best_val,13,12345,0,True,True,1.0,5.4192,68.78,27,85.5606,88.9804,89.1334,88.9804,"{""Chat"": 83.799, ""Control"": 93.931, ""File Transfer"": 88.889, ""Streaming"": 89.302}","{""Chat"": 72.816, ""Control"": 89.899, ""File Transfer"": 100.0, ""Streaming"": 98.969}","{""Chat"": 98.684, ""Control"": 98.343, ""File Transfer"": 80.0, ""Streaming"": 81.356}","{""Chat"": 152, ""Control"": 181, ""File Transfer"": 40, ""Streaming"": 354}","{""Chat"": 1.199717, ""Control"": 1.001182, ""File Transfer"": 4.553763, ""Streaming"": 0.513333}","{""Chat"": 353, ""Control"": 423, ""File Transfer"": 93, ""Streaming"": 825}",9382596,checkpoints/VNAT_1s_tcp_duration_8feat_seed2/VNAT_1s_tcpdur_random70_stratified_flowlevel_splitseed42_8feat_timesnet_40ms_seed2.pth,38839810,20.9,OK,,"{""torch"": ""2.4.1+cu121"", ""cuda"": ""12.1"", ""gpu"": ""NVIDIA RTX A4500"", ""numpy"": ""1.26.0"", ""python"": ""3.10.12"", ""deterministic"": true, ""grad_clip_max_norm"": 1.0, ""CUBLAS_WORKSPACE_CONFIG"": "":4096:8"", ""CUDA_VISIBLE_DEVICES"": ""2""}",2026-08-21T21:43:55
VNAT_1s_tcpdur_random70_stratified_flowlevel_splitseed42_8feat_informer_40ms_seed0,VNAT,VNAT_5s_tcp_duration,1,random70_stratified_flowlevel_splitseed42,42,8894961661c52ef7,Validation,4,informer,8feat,40ms,26,8,0,64,1694,727,best_val,12,12345,0,True,True,1.0,16.2671,97.33,25,93.2899,96.2393,97.1114,96.2393,"{""Chat"": 96.774, ""Control"": 97.268, ""File Transfer"": 93.333, ""Streaming"": 97.582}","{""Chat"": 94.937, ""Control"": 96.216, ""File Transfer"": 100.0, ""Streaming"": 98.281}","{""Chat"": 98.684, ""Control"": 98.343, ""File Transfer"": 87.5, ""Streaming"": 96.893}","{""Chat"": 152, ""Control"": 181, ""File Transfer"": 40, ""Streaming"": 354}","{""Chat"": 1.199717, ""Control"": 1.001182, ""File Transfer"": 4.553763, ""Streaming"": 0.513333}","{""Chat"": 353, ""Control"": 423, ""File Transfer"": 93, ""Streaming"": 825}",2707205,checkpoints/VNAT_1s_tcp_duration_8feat_seed0/VNAT_1s_tcpdur_random70_stratified_flowlevel_splitseed42_8feat_informer_40ms_seed0.pth,21112834,27.7,OK,,"{""torch"": ""2.4.1+cu121"", ""cuda"": ""12.1"", ""gpu"": ""NVIDIA RTX A4500"", ""numpy"": ""1.26.0"", ""python"": ""3.10.12"", ""deterministic"": true, ""grad_clip_max_norm"": 1.0, ""CUBLAS_WORKSPACE_CONFIG"": "":4096:8"", ""CUDA_VISIBLE_DEVICES"": ""2""}",2026-08-21T21:44:22
VNAT_1s_tcpdur_random70_stratified_flowlevel_splitseed42_8feat_informer_40ms_seed1,VNAT,VNAT_5s_tcp_duration,1,random70_stratified_flowlevel_splitseed42,42,8894961661c52ef7,Validation,4,informer,8feat,40ms,26,8,1,64,1694,727,best_val,11,12345,0,True,True,1.0,17.472,98.84,35,93.0557,95.3277,96.2861,95.3277,"{""Chat"": 95.484, ""Control"": 97.003, ""File Transfer"": 92.105, ""Streaming"": 96.719}","{""Chat"": 93.671, ""Control"": 95.699, ""File Transfer"": 97.222, ""Streaming"": 97.695}","{""Chat"": 97.368, ""Control"": 98.343, ""File Transfer"": 87.5, ""Streaming"": 95.763}","{""Chat"": 152, ""Control"": 181, ""File Transfer"": 40, ""Streaming"": 354}","{""Chat"": 1.199717, ""Control"": 1.001182, ""File Transfer"": 4.553763, ""Streaming"": 0.513333}","{""Chat"": 353, ""Control"": 423, ""File Transfer"": 93, ""Streaming"": 825}",2707205,checkpoints/VNAT_1s_tcp_duration_8feat_seed1/VNAT_1s_tcpdur_random70_stratified_flowlevel_splitseed42_8feat_informer_40ms_seed1.pth,21112834,40.2,OK,,"{""torch"": ""2.4.1+cu121"", ""cuda"": ""12.1"", ""gpu"": ""NVIDIA RTX A4500"", ""numpy"": ""1.26.0"", ""python"": ""3.10.12"", ""deterministic"": true, ""grad_clip_max_norm"": 1.0, ""CUBLAS_WORKSPACE_CONFIG"": "":4096:8"", ""CUDA_VISIBLE_DEVICES"": ""2""}",2026-08-21T21:45:03
VNAT_1s_tcpdur_random70_stratified_flowlevel_splitseed42_8feat_informer_40ms_seed2,VNAT,VNAT_5s_tcp_duration,1,random70_stratified_flowlevel_splitseed42,42,8894961661c52ef7,Validation,4,informer,8feat,40ms,26,8,2,64,1694,727,best_val,14,12345,0,True,True,1.0,14.4001,96.3,27,94.3268,96.0069,96.8363,96.0069,"{""Chat"": 96.129, ""Control"": 97.268, ""File Transfer"": 93.333, ""Streaming"": 97.297}","{""Chat"": 94.304, ""Control"": 96.216, ""File Transfer"": 100.0, ""Streaming"": 97.994}","{""Chat"": 98.026, ""Control"": 98.343, ""File Transfer"": 87.5, ""Streaming"": 96.61}","{""Chat"": 152, ""Control"": 181, ""File Transfer"": 40, ""Streaming"": 354}","{""Chat"": 1.199717, ""Control"": 1.001182, ""File Transfer"": 4.553763, ""Streaming"": 0.513333}","{""Chat"": 353, ""Control"": 423, ""File Transfer"": 93, ""Streaming"": 825}",2707205,checkpoints/VNAT_1s_tcp_duration_8feat_seed2/VNAT_1s_tcpdur_random70_stratified_flowlevel_splitseed42_8feat_informer_40ms_seed2.pth,21112834,31.6,OK,,"{""torch"": ""2.4.1+cu121"", ""cuda"": ""12.1"", ""gpu"": ""NVIDIA RTX A4500"", ""numpy"": ""1.26.0"", ""python"": ""3.10.12"", ""deterministic"": true, ""grad_clip_max_norm"": 1.0, ""CUBLAS_WORKSPACE_CONFIG"": "":4096:8"", ""CUDA_VISIBLE_DEVICES"": ""2""}",2026-08-21T21:45:35
VNAT_1s_tcpdur_random70_stratified_flowlevel_splitseed42_8feat_nst_40ms_seed0,VNAT,VNAT_5s_tcp_duration,1,random70_stratified_flowlevel_splitseed42,42,8894961661c52ef7,Validation,4,nst,8feat,40ms,26,8,0,64,1694,727,best_val,17,12345,0,True,True,1.0,8.3449,96.86,33,90.6516,95.4887,96.5612,95.4887,"{""Chat"": 94.904, ""Control"": 97.802, ""File Transfer"": 92.105, ""Streaming"": 97.143}","{""Chat"": 91.975, ""Control"": 97.268, ""File Transfer"": 97.222, ""Streaming"": 98.266}","{""Chat"": 98.026, ""Control"": 98.343, ""File Transfer"": 87.5, ""Streaming"": 96.045}","{""Chat"": 152, ""Control"": 181, ""File Transfer"": 40, ""Streaming"": 354}","{""Chat"": 1.199717, ""Control"": 1.001182, ""File Transfer"": 4.553763, ""Streaming"": 0.513333}","{""Chat"": 353, ""Control"": 423, ""File Transfer"": 93, ""Streaming"": 825}",131360,checkpoints/VNAT_1s_tcp_duration_8feat_seed0/VNAT_1s_tcpdur_random70_stratified_flowlevel_splitseed42_8feat_nst_40ms_seed0.pth,1833418,31.4,OK,,"{""torch"": ""2.4.1+cu121"", ""cuda"": ""12.1"", ""gpu"": ""NVIDIA RTX A4500"", ""numpy"": ""1.26.0"", ""python"": ""3.10.12"", ""deterministic"": true, ""grad_clip_max_norm"": 1.0, ""CUBLAS_WORKSPACE_CONFIG"": "":4096:8"", ""CUDA_VISIBLE_DEVICES"": ""2""}",2026-08-21T21:46:06
VNAT_1s_tcpdur_random70_stratified_flowlevel_splitseed42_8feat_nst_40ms_seed1,VNAT,VNAT_5s_tcp_duration,1,random70_stratified_flowlevel_splitseed42,42,8894961661c52ef7,Validation,4,nst,8feat,40ms,26,8,1,64,1694,727,best_val,15,12345,0,True,True,1.0,8.7817,97.94,27,88.7708,91.7534,92.4347,91.7534,"{""Chat"": 87.209, ""Control"": 97.268, ""File Transfer"": 89.744, ""Streaming"": 92.793}","{""Chat"": 78.125, ""Control"": 96.216, ""File Transfer"": 92.105, ""Streaming"": 99.038}","{""Chat"": 98.684, ""Control"": 98.343, ""File Transfer"": 87.5, ""Streaming"": 87.288}","{""Chat"": 152, ""Control"": 181, ""File Transfer"": 40, ""Streaming"": 354}","{""Chat"": 1.199717, ""Control"": 1.001182, ""File Transfer"": 4.553763, ""Streaming"": 0.513333}","{""Chat"": 353, ""Control"": 423, ""File Transfer"": 93, ""Streaming"": 825}",131360,checkpoints/VNAT_1s_tcp_duration_8feat_seed1/VNAT_1s_tcpdur_random70_stratified_flowlevel_splitseed42_8feat_nst_40ms_seed1.pth,1833418,27.9,OK,,"{""torch"": ""2.4.1+cu121"", ""cuda"": ""12.1"", ""gpu"": ""NVIDIA RTX A4500"", ""numpy"": ""1.26.0"", ""python"": ""3.10.12"", ""deterministic"": true, ""grad_clip_max_norm"": 1.0, ""CUBLAS_WORKSPACE_CONFIG"": "":4096:8"", ""CUDA_VISIBLE_DEVICES"": ""2""}",2026-08-21T21:46:34
VNAT_1s_tcpdur_random70_stratified_flowlevel_splitseed42_8feat_nst_40ms_seed2,VNAT,VNAT_5s_tcp_duration,1,random70_stratified_flowlevel_splitseed42,42,8894961661c52ef7,Validation,4,nst,8feat,40ms,26,8,2,64,1694,727,best_val,22,12345,0,True,True,1.0,6.7791,97.02,36,90.2925,95.1041,96.6988,95.1041,"{""Chat"": 95.847, ""Control"": 97.814, ""File Transfer"": 89.474, ""Streaming"": 97.282}","{""Chat"": 93.168, ""Control"": 96.757, ""File Transfer"": 94.444, ""Streaming"": 98.551}","{""Chat"": 98.684, ""Control"": 98.895, ""File Transfer"": 85.0, ""Streaming"": 96.045}","{""Chat"": 152, ""Control"": 181, ""File Transfer"": 40, ""Streaming"": 354}","{""Chat"": 1.199717, ""Control"": 1.001182, ""File Transfer"": 4.553763, ""Streaming"": 0.513333}","{""Chat"": 353, ""Control"": 423, ""File Transfer"": 93, ""Streaming"": 825}",131360,checkpoints/VNAT_1s_tcp_duration_8feat_seed2/VNAT_1s_tcpdur_random70_stratified_flowlevel_splitseed42_8feat_nst_40ms_seed2.pth,1833418,39.4,OK,,"{""torch"": ""2.4.1+cu121"", ""cuda"": ""12.1"", ""gpu"": ""NVIDIA RTX A4500"", ""numpy"": ""1.26.0"", ""python"": ""3.10.12"", ""deterministic"": true, ""grad_clip_max_norm"": 1.0, ""CUBLAS_WORKSPACE_CONFIG"": "":4096:8"", ""CUDA_VISIBLE_DEVICES"": ""2""}",2026-08-21T21:47:14
VNAT_1s_tcpdur_random70_stratified_flowlevel_splitseed42_8feat_autoformer_40ms_seed0,VNAT,VNAT_5s_tcp_duration,1,random70_stratified_flowlevel_splitseed42,42,8894961661c52ef7,Validation,4,autoformer,8feat,40ms,26,8,0,256,1694,727,best_val,21,12345,0,True,True,1.0,4.5297,69.39,35,85.7846,89.6125,90.5089,89.6125,"{""Chat"": 84.483, ""Control"": 96.216, ""File Transfer"": 86.842, ""Streaming"": 90.909}","{""Chat"": 75.0, ""Control"": 94.18, ""File Transfer"": 91.667, ""Streaming"": 98.039}","{""Chat"": 96.711, ""Control"": 98.343, ""File Transfer"": 82.5, ""Streaming"": 84.746}","{""Chat"": 152, ""Control"": 181, ""File Transfer"": 40, ""Streaming"": 354}","{""Chat"": 1.199717, ""Control"": 1.001182, ""File Transfer"": 4.553763, ""Streaming"": 0.513333}","{""Chat"": 353, ""Control"": 423, ""File Transfer"": 93, ""Streaming"": 825}",107460,checkpoints/VNAT_1s_tcp_duration_8feat_seed0/VNAT_1s_tcpdur_random70_stratified_flowlevel_splitseed42_8feat_autoformer_40ms_seed0.pth,1727330,12.0,OK,,"{""torch"": ""2.4.1+cu121"", ""cuda"": ""12.1"", ""gpu"": ""NVIDIA RTX A4500"", ""numpy"": ""1.26.0"", ""python"": ""3.10.12"", ""deterministic"": true, ""grad_clip_max_norm"": 1.0, ""CUBLAS_WORKSPACE_CONFIG"": "":4096:8"", ""CUDA_VISIBLE_DEVICES"": ""2""}",2026-08-21T21:47:26
VNAT_1s_tcpdur_random70_stratified_flowlevel_splitseed42_8feat_autoformer_40ms_seed1,VNAT,VNAT_5s_tcp_duration,1,random70_stratified_flowlevel_splitseed42,42,8894961661c52ef7,Validation,4,autoformer,8feat,40ms,26,8,1,256,1694,727,best_val,42,12345,0,True,True,1.0,4.7984,52.04,56,91.4863,92.581,93.26,92.581,"{""Chat"": 88.889, ""Control"": 96.739, ""File Transfer"": 90.909, ""Streaming"": 93.787}","{""Chat"": 81.768, ""Control"": 95.187, ""File Transfer"": 94.595, ""Streaming"": 98.447}","{""Chat"": 97.368, ""Control"": 98.343, ""File Transfer"": 87.5, ""Streaming"": 89.548}","{""Chat"": 152, ""Control"": 181, ""File Transfer"": 40, ""Streaming"": 354}","{""Chat"": 1.199717, ""Control"": 1.001182, ""File Transfer"": 4.553763, ""Streaming"": 0.513333}","{""Chat"": 353, ""Control"": 423, ""File Transfer"": 93, ""Streaming"": 825}",107460,checkpoints/VNAT_1s_tcp_duration_8feat_seed1/VNAT_1s_tcpdur_random70_stratified_flowlevel_splitseed42_8feat_autoformer_40ms_seed1.pth,1727330,19.1,OK,,"{""torch"": ""2.4.1+cu121"", ""cuda"": ""12.1"", ""gpu"": ""NVIDIA RTX A4500"", ""numpy"": ""1.26.0"", ""python"": ""3.10.12"", ""deterministic"": true, ""grad_clip_max_norm"": 1.0, ""CUBLAS_WORKSPACE_CONFIG"": "":4096:8"", ""CUDA_VISIBLE_DEVICES"": ""2""}",2026-08-21T21:47:45
VNAT_1s_tcpdur_random70_stratified_flowlevel_splitseed42_8feat_autoformer_40ms_seed2,VNAT,VNAT_5s_tcp_duration,1,random70_stratified_flowlevel_splitseed42,42,8894961661c52ef7,Validation,4,autoformer,8feat,40ms,26,8,2,256,1694,727,best_val,25,12345,0,True,True,1.0,4.7936,66.27,36,86.9625,89.6003,90.784,89.6003,"{""Chat"": 84.971, ""Control"": 96.477, ""File Transfer"": 85.714, ""Streaming"": 91.239}","{""Chat"": 75.773, ""Control"": 94.681, ""File Transfer"": 89.189, ""Streaming"": 98.052}","{""Chat"": 96.711, ""Control"": 98.343, ""File Transfer"": 82.5, ""Streaming"": 85.311}","{""Chat"": 152, ""Control"": 181, ""File Transfer"": 40, ""Streaming"": 354}","{""Chat"": 1.199717, ""Control"": 1.001182, ""File Transfer"": 4.553763, ""Streaming"": 0.513333}","{""Chat"": 353, ""Control"": 423, ""File Transfer"": 93, ""Streaming"": 825}",107460,checkpoints/VNAT_1s_tcp_duration_8feat_seed2/VNAT_1s_tcpdur_random70_stratified_flowlevel_splitseed42_8feat_autoformer_40ms_seed2.pth,1727330,12.6,OK,,"{""torch"": ""2.4.1+cu121"", ""cuda"": ""12.1"", ""gpu"": ""NVIDIA RTX A4500"", ""numpy"": ""1.26.0"", ""python"": ""3.10.12"", ""deterministic"": true, ""grad_clip_max_norm"": 1.0, ""CUBLAS_WORKSPACE_CONFIG"": "":4096:8"", ""CUDA_VISIBLE_DEVICES"": ""2""}",2026-08-21T21:47:58
VNAT_1s_tcpdur_random70_stratified_flowlevel_splitseed42_8feat_fedformer_40ms_seed0,VNAT,VNAT_5s_tcp_duration,1,random70_stratified_flowlevel_splitseed42,42,8894961661c52ef7,Validation,4,fedformer,8feat,40ms,26,8,0,256,1694,727,best_val,29,12345,4,True,True,1.0,4.9824,62.24,42,85.5924,89.1923,89.9587,89.1923,"{""Chat"": 84.241, ""Control"": 95.442, ""File Transfer"": 86.842, ""Streaming"": 90.244}","{""Chat"": 74.619, ""Control"": 92.708, ""File Transfer"": 91.667, ""Streaming"": 98.013}","{""Chat"": 96.711, ""Control"": 98.343, ""File Transfer"": 82.5, ""Streaming"": 83.616}","{""Chat"": 152, ""Control"": 181, ""File Transfer"": 40, ""Streaming"": 354}","{""Chat"": 1.199717, ""Control"": 1.001182, ""File Transfer"": 4.553763, ""Streaming"": 0.513333}","{""Chat"": 353, ""Control"": 423, ""File Transfer"": 93, ""Streaming"": 825}",225605,checkpoints/VNAT_1s_tcp_duration_8feat_seed0/VNAT_1s_tcpdur_random70_stratified_flowlevel_splitseed42_8feat_fedformer_40ms_seed0.pth,3498347,44.8,OK,,"{""torch"": ""2.4.1+cu121"", ""cuda"": ""12.1"", ""gpu"": ""NVIDIA RTX A4500"", ""numpy"": ""1.26.0"", ""python"": ""3.10.12"", ""deterministic"": true, ""grad_clip_max_norm"": 1.0, ""CUBLAS_WORKSPACE_CONFIG"": "":4096:8"", ""CUDA_VISIBLE_DEVICES"": ""2""}",2026-08-21T21:48:43
VNAT_1s_tcpdur_random70_stratified_flowlevel_splitseed42_8feat_fedformer_40ms_seed1,VNAT,VNAT_5s_tcp_duration,1,random70_stratified_flowlevel_splitseed42,42,8894961661c52ef7,Validation,4,fedformer,8feat,40ms,26,8,1,256,1694,727,best_val,33,12345,4,True,True,1.0,5.8588,55.56,45,86.9139,90.451,91.7469,90.451,"{""Chat"": 87.059, ""Control"": 96.477, ""File Transfer"": 86.076, ""Streaming"": 92.192}","{""Chat"": 78.723, ""Control"": 94.681, ""File Transfer"": 87.179, ""Streaming"": 98.397}","{""Chat"": 97.368, ""Control"": 98.343, ""File Transfer"": 85.0, ""Streaming"": 86.723}","{""Chat"": 152, ""Control"": 181, ""File Transfer"": 40, ""Streaming"": 354}","{""Chat"": 1.199717, ""Control"": 1.001182, ""File Transfer"": 4.553763, ""Streaming"": 0.513333}","{""Chat"": 353, ""Control"": 423, ""File Transfer"": 93, ""Streaming"": 825}",225605,checkpoints/VNAT_1s_tcp_duration_8feat_seed1/VNAT_1s_tcpdur_random70_stratified_flowlevel_splitseed42_8feat_fedformer_40ms_seed1.pth,3498347,47.6,OK,,"{""torch"": ""2.4.1+cu121"", ""cuda"": ""12.1"", ""gpu"": ""NVIDIA RTX A4500"", ""numpy"": ""1.26.0"", ""python"": ""3.10.12"", ""deterministic"": true, ""grad_clip_max_norm"": 1.0, ""CUBLAS_WORKSPACE_CONFIG"": "":4096:8"", ""CUDA_VISIBLE_DEVICES"": ""2""}",2026-08-21T21:49:30
VNAT_1s_tcpdur_random70_stratified_flowlevel_splitseed42_8feat_fedformer_40ms_seed2,VNAT,VNAT_5s_tcp_duration,1,random70_stratified_flowlevel_splitseed42,42,8894961661c52ef7,Validation,4,fedformer,8feat,40ms,26,8,2,256,1694,727,best_val,26,12345,4,True,True,1.0,5.4175,66.8,37,85.7607,88.3654,89.4085,88.3654,"{""Chat"": 84.659, ""Control"": 94.681, ""File Transfer"": 84.615, ""Streaming"": 89.506}","{""Chat"": 74.5, ""Control"": 91.282, ""File Transfer"": 86.842, ""Streaming"": 98.639}","{""Chat"": 98.026, ""Control"": 98.343, ""File Transfer"": 82.5, ""Streaming"": 81.921}","{""Chat"": 152, ""Control"": 181, ""File Transfer"": 40, ""Streaming"": 354}","{""Chat"": 1.199717, ""Control"": 1.001182, ""File Transfer"": 4.553763, ""Streaming"": 0.513333}","{""Chat"": 353, ""Control"": 423, ""File Transfer"": 93, ""Streaming"": 825}",225605,checkpoints/VNAT_1s_tcp_duration_8feat_seed2/VNAT_1s_tcpdur_random70_stratified_flowlevel_splitseed42_8feat_fedformer_40ms_seed2.pth,3498347,38.8,OK,,"{""torch"": ""2.4.1+cu121"", ""cuda"": ""12.1"", ""gpu"": ""NVIDIA RTX A4500"", ""numpy"": ""1.26.0"", ""python"": ""3.10.12"", ""deterministic"": true, ""grad_clip_max_norm"": 1.0, ""CUBLAS_WORKSPACE_CONFIG"": "":4096:8"", ""CUDA_VISIBLE_DEVICES"": ""2""}",2026-08-21T21:50:09
VNAT_1s_tcpdur_random70_stratified_flowlevel_splitseed42_8feat_timemixer_40ms_seed0,VNAT,VNAT_5s_tcp_duration,1,random70_stratified_flowlevel_splitseed42,42,8894961661c52ef7,Validation,4,timemixer,8feat,40ms,26,8,0,256,1694,727,best_val,40,12345,0,True,True,1.0,2.5889,27.71,50,83.1753,87.7744,88.4457,87.7744,"{""Chat"": 82.081, ""Control"": 95.442, ""File Transfer"": 85.366, ""Streaming"": 88.208}","{""Chat"": 73.196, ""Control"": 92.708, ""File Transfer"": 83.333, ""Streaming"": 96.321}","{""Chat"": 93.421, ""Control"": 98.343, ""File Transfer"": 87.5, ""Streaming"": 81.356}","{""Chat"": 152, ""Control"": 181, ""File Transfer"": 40, ""Streaming"": 354}","{""Chat"": 1.199717, ""Control"": 1.001182, ""File Transfer"": 4.553763, ""Streaming"": 0.513333}","{""Chat"": 353, ""Control"": 423, ""File Transfer"": 93, ""Streaming"": 825}",145168,checkpoints/VNAT_1s_tcp_duration_8feat_seed0/VNAT_1s_tcpdur_random70_stratified_flowlevel_splitseed42_8feat_timemixer_40ms_seed0.pth,1897478,18.3,OK,,"{""torch"": ""2.4.1+cu121"", ""cuda"": ""12.1"", ""gpu"": ""NVIDIA RTX A4500"", ""numpy"": ""1.26.0"", ""python"": ""3.10.12"", ""deterministic"": true, ""grad_clip_max_norm"": 1.0, ""CUBLAS_WORKSPACE_CONFIG"": "":4096:8"", ""CUDA_VISIBLE_DEVICES"": ""2""}",2026-08-21T21:50:28
VNAT_1s_tcpdur_random70_stratified_flowlevel_splitseed42_8feat_timemixer_40ms_seed1,VNAT,VNAT_5s_tcp_duration,1,random70_stratified_flowlevel_splitseed42,42,8894961661c52ef7,Validation,4,timemixer,8feat,40ms,26,8,1,256,1694,727,best_val,50,12345,0,True,True,1.0,5.56,32.26,62,85.5582,89.1872,91.1967,89.1872,"{""Chat"": 88.166, ""Control"": 95.699, ""File Transfer"": 81.481, ""Streaming"": 91.403}","{""Chat"": 80.108, ""Control"": 93.194, ""File Transfer"": 80.488, ""Streaming"": 98.058}","{""Chat"": 98.026, ""Control"": 98.343, ""File Transfer"": 82.5, ""Streaming"": 85.593}","{""Chat"": 152, ""Control"": 181, ""File Transfer"": 40, ""Streaming"": 354}","{""Chat"": 1.199717, ""Control"": 1.001182, ""File Transfer"": 4.553763, ""Streaming"": 0.513333}","{""Chat"": 353, ""Control"": 423, ""File Transfer"": 93, ""Streaming"": 825}",145168,checkpoints/VNAT_1s_tcp_duration_8feat_seed1/VNAT_1s_tcpdur_random70_stratified_flowlevel_splitseed42_8feat_timemixer_40ms_seed1.pth,1897478,21.0,OK,,"{""torch"": ""2.4.1+cu121"", ""cuda"": ""12.1"", ""gpu"": ""NVIDIA RTX A4500"", ""numpy"": ""1.26.0"", ""python"": ""3.10.12"", ""deterministic"": true, ""grad_clip_max_norm"": 1.0, ""CUBLAS_WORKSPACE_CONFIG"": "":4096:8"", ""CUDA_VISIBLE_DEVICES"": ""2""}",2026-08-21T21:50:49
VNAT_1s_tcpdur_random70_stratified_flowlevel_splitseed42_8feat_timemixer_40ms_seed2,VNAT,VNAT_5s_tcp_duration,1,random70_stratified_flowlevel_splitseed42,42,8894961661c52ef7,Validation,4,timemixer,8feat,40ms,26,8,2,256,1694,727,best_val,57,12345,0,True,True,1.0,2.8144,42.86,77,86.746,89.9574,91.4718,89.9574,"{""Chat"": 87.39, ""Control"": 95.957, ""File Transfer"": 84.615, ""Streaming"": 91.867}","{""Chat"": 78.836, ""Control"": 93.684, ""File Transfer"": 86.842, ""Streaming"": 98.387}","{""Chat"": 98.026, ""Control"": 98.343, ""File Transfer"": 82.5, ""Streaming"": 86.158}","{""Chat"": 152, ""Control"": 181, ""File Transfer"": 40, ""Streaming"": 354}","{""Chat"": 1.199717, ""Control"": 1.001182, ""File Transfer"": 4.553763, ""Streaming"": 0.513333}","{""Chat"": 353, ""Control"": 423, ""File Transfer"": 93, ""Streaming"": 825}",145168,checkpoints/VNAT_1s_tcp_duration_8feat_seed2/VNAT_1s_tcpdur_random70_stratified_flowlevel_splitseed42_8feat_timemixer_40ms_seed2.pth,1897478,28.5,OK,,"{""torch"": ""2.4.1+cu121"", ""cuda"": ""12.1"", ""gpu"": ""NVIDIA RTX A4500"", ""numpy"": ""1.26.0"", ""python"": ""3.10.12"", ""deterministic"": true, ""grad_clip_max_norm"": 1.0, ""CUBLAS_WORKSPACE_CONFIG"": "":4096:8"", ""CUDA_VISIBLE_DEVICES"": ""2""}",2026-08-21T21:51:17
VNAT_1s_tcpdur_random70_stratified_flowlevel_splitseed42_8feat_timesnet_50ms_seed0,VNAT,VNAT_5s_tcp_duration,1,random70_stratified_flowlevel_splitseed42,42,8894961661c52ef7,Validation,4,timesnet,8feat,50ms,21,8,0,256,1694,727,best_val,19,12345,0,True,True,1.0,5.6828,57.96,35,85.925,86.6892,86.795,86.6892,"{""Chat"": 81.564, ""Control"": 92.228, ""File Transfer"": 86.486, ""Streaming"": 86.478}","{""Chat"": 70.874, ""Control"": 86.829, ""File Transfer"": 94.118, ""Streaming"": 97.518}","{""Chat"": 96.053, ""Control"": 98.343, ""File Transfer"": 80.0, ""Streaming"": 77.684}","{""Chat"": 152, ""Control"": 181, ""File Transfer"": 40, ""Streaming"": 354}","{""Chat"": 1.199717, ""Control"": 1.001182, ""File Transfer"": 4.553763, ""Streaming"": 0.513333}","{""Chat"": 353, ""Control"": 423, ""File Transfer"": 93, ""Streaming"": 825}",9381316,checkpoints/VNAT_1s_tcp_duration_8feat_seed0/VNAT_1s_tcpdur_random70_stratified_flowlevel_splitseed42_8feat_timesnet_50ms_seed0.pth,38834690,24.2,OK,,"{""torch"": ""2.4.1+cu121"", ""cuda"": ""12.1"", ""gpu"": ""NVIDIA RTX A4500"", ""numpy"": ""1.26.0"", ""python"": ""3.10.12"", ""deterministic"": true, ""grad_clip_max_norm"": 1.0, ""CUBLAS_WORKSPACE_CONFIG"": "":4096:8"", ""CUDA_VISIBLE_DEVICES"": ""2""}",2026-08-21T21:51:42
VNAT_1s_tcpdur_random70_stratified_flowlevel_splitseed42_8feat_timesnet_50ms_seed1,VNAT,VNAT_5s_tcp_duration,1,random70_stratified_flowlevel_splitseed42,42,8894961661c52ef7,Validation,4,timesnet,8feat,50ms,21,8,1,256,1694,727,best_val,17,12345,0,True,True,1.0,4.8597,69.39,28,85.2409,86.4084,85.6946,86.4084,"{""Chat"": 79.224, ""Control"": 92.228, ""File Transfer"": 89.189, ""Streaming"": 84.992}","{""Chat"": 68.421, ""Control"": 86.829, ""File Transfer"": 97.059, ""Streaming"": 96.416}","{""Chat"": 94.079, ""Control"": 98.343, ""File Transfer"": 82.5, ""Streaming"": 75.989}","{""Chat"": 152, ""Control"": 181, ""File Transfer"": 40, ""Streaming"": 354}","{""Chat"": 1.199717, ""Control"": 1.001182, ""File Transfer"": 4.553763, ""Streaming"": 0.513333}","{""Chat"": 353, ""Control"": 423, ""File Transfer"": 93, ""Streaming"": 825}",9381316,checkpoints/VNAT_1s_tcp_duration_8feat_seed1/VNAT_1s_tcpdur_random70_stratified_flowlevel_splitseed42_8feat_timesnet_50ms_seed1.pth,38834690,19.3,OK,,"{""torch"": ""2.4.1+cu121"", ""cuda"": ""12.1"", ""gpu"": ""NVIDIA RTX A4500"", ""numpy"": ""1.26.0"", ""python"": ""3.10.12"", ""deterministic"": true, ""grad_clip_max_norm"": 1.0, ""CUBLAS_WORKSPACE_CONFIG"": "":4096:8"", ""CUDA_VISIBLE_DEVICES"": ""2""}",2026-08-21T21:52:01
VNAT_1s_tcpdur_random70_stratified_flowlevel_splitseed42_8feat_timesnet_50ms_seed2,VNAT,VNAT_5s_tcp_duration,1,random70_stratified_flowlevel_splitseed42,42,8894961661c52ef7,Validation,4,timesnet,8feat,50ms,21,8,2,256,1694,727,best_val,14,12345,0,True,True,1.0,4.5649,65.71,30,83.9397,86.1441,85.6946,86.1441,"{""Chat"": 80.217, ""Control"": 91.753, ""File Transfer"": 87.671, ""Streaming"": 84.936}","{""Chat"": 68.203, ""Control"": 85.99, ""File Transfer"": 96.97, ""Streaming"": 98.148}","{""Chat"": 97.368, ""Control"": 98.343, ""File Transfer"": 80.0, ""Streaming"": 74.859}","{""Chat"": 152, ""Control"": 181, ""File Transfer"": 40, ""Streaming"": 354}","{""Chat"": 1.199717, ""Control"": 1.001182, ""File Transfer"": 4.553763, ""Streaming"": 0.513333}","{""Chat"": 353, ""Control"": 423, ""File Transfer"": 93, ""Streaming"": 825}",9381316,checkpoints/VNAT_1s_tcp_duration_8feat_seed2/VNAT_1s_tcpdur_random70_stratified_flowlevel_splitseed42_8feat_timesnet_50ms_seed2.pth,38834690,20.8,OK,,"{""torch"": ""2.4.1+cu121"", ""cuda"": ""12.1"", ""gpu"": ""NVIDIA RTX A4500"", ""numpy"": ""1.26.0"", ""python"": ""3.10.12"", ""deterministic"": true, ""grad_clip_max_norm"": 1.0, ""CUBLAS_WORKSPACE_CONFIG"": "":4096:8"", ""CUDA_VISIBLE_DEVICES"": ""2""}",2026-08-21T21:52:23
VNAT_1s_tcpdur_random70_stratified_flowlevel_splitseed42_8feat_informer_50ms_seed0,VNAT,VNAT_5s_tcp_duration,1,random70_stratified_flowlevel_splitseed42,42,8894961661c52ef7,Validation,4,informer,8feat,50ms,21,8,0,64,1694,727,best_val,11,12345,0,True,True,1.0,17.2742,97.22,28,90.5142,93.9497,95.4608,93.9497,"{""Chat"": 93.082, ""Control"": 97.253, ""File Transfer"": 89.189, ""Streaming"": 96.275}","{""Chat"": 89.157, ""Control"": 96.721, ""File Transfer"": 97.059, ""Streaming"": 97.674}","{""Chat"": 97.368, ""Control"": 97.79, ""File Transfer"": 82.5, ""Streaming"": 94.915}","{""Chat"": 152, ""Control"": 181, ""File Transfer"": 40, ""Streaming"": 354}","{""Chat"": 1.199717, ""Control"": 1.001182, ""File Transfer"": 4.553763, ""Streaming"": 0.513333}","{""Chat"": 353, ""Control"": 423, ""File Transfer"": 93, ""Streaming"": 825}",2702085,checkpoints/VNAT_1s_tcp_duration_8feat_seed0/VNAT_1s_tcpdur_random70_stratified_flowlevel_splitseed42_8feat_informer_50ms_seed0.pth,21092354,32.6,OK,,"{""torch"": ""2.4.1+cu121"", ""cuda"": ""12.1"", ""gpu"": ""NVIDIA RTX A4500"", ""numpy"": ""1.26.0"", ""python"": ""3.10.12"", ""deterministic"": true, ""grad_clip_max_norm"": 1.0, ""CUBLAS_WORKSPACE_CONFIG"": "":4096:8"", ""CUDA_VISIBLE_DEVICES"": ""2""}",2026-08-21T21:52:55
VNAT_1s_tcpdur_random70_stratified_flowlevel_splitseed42_8feat_informer_50ms_seed1,VNAT,VNAT_5s_tcp_duration,1,random70_stratified_flowlevel_splitseed42,42,8894961661c52ef7,Validation,4,informer,8feat,50ms,21,8,1,64,1694,727,best_val,9,12345,0,True,True,1.0,15.9295,99.84,23,91.6501,91.884,93.9477,91.884,"{""Chat"": 91.304, ""Control"": 96.986, ""File Transfer"": 84.615, ""Streaming"": 94.63}","{""Chat"": 86.471, ""Control"": 96.196, ""File Transfer"": 86.842, ""Streaming"": 97.313}","{""Chat"": 96.711, ""Control"": 97.79, ""File Transfer"": 82.5, ""Streaming"": 92.09}","{""Chat"": 152, ""Control"": 181, ""File Transfer"": 40, ""Streaming"": 354}","{""Chat"": 1.199717, ""Control"": 1.001182, ""File Transfer"": 4.553763, ""Streaming"": 0.513333}","{""Chat"": 353, ""Control"": 423, ""File Transfer"": 93, ""Streaming"": 825}",2702085,checkpoints/VNAT_1s_tcp_duration_8feat_seed1/VNAT_1s_tcpdur_random70_stratified_flowlevel_splitseed42_8feat_informer_50ms_seed1.pth,21092354,26.9,OK,,"{""torch"": ""2.4.1+cu121"", ""cuda"": ""12.1"", ""gpu"": ""NVIDIA RTX A4500"", ""numpy"": ""1.26.0"", ""python"": ""3.10.12"", ""deterministic"": true, ""grad_clip_max_norm"": 1.0, ""CUBLAS_WORKSPACE_CONFIG"": "":4096:8"", ""CUDA_VISIBLE_DEVICES"": ""2""}",2026-08-21T21:53:22
VNAT_1s_tcpdur_random70_stratified_flowlevel_splitseed42_8feat_informer_50ms_seed2,VNAT,VNAT_5s_tcp_duration,1,random70_stratified_flowlevel_splitseed42,42,8894961661c52ef7,Validation,4,informer,8feat,50ms,21,8,2,64,1694,727,best_val,6,12345,0,True,True,1.0,12.5783,99.72,26,90.0101,94.5469,95.8735,94.5469,"{""Chat"": 93.671, ""Control"": 97.534, ""File Transfer"": 90.411, ""Streaming"": 96.571}","{""Chat"": 90.244, ""Control"": 96.739, ""File Transfer"": 100.0, ""Streaming"": 97.688}","{""Chat"": 97.368, ""Control"": 98.343, ""File Transfer"": 82.5, ""Streaming"": 95.48}","{""Chat"": 152, ""Control"": 181, ""File Transfer"": 40, ""Streaming"": 354}","{""Chat"": 1.199717, ""Control"": 1.001182, ""File Transfer"": 4.553763, ""Streaming"": 0.513333}","{""Chat"": 353, ""Control"": 423, ""File Transfer"": 93, ""Streaming"": 825}",2702085,checkpoints/VNAT_1s_tcp_duration_8feat_seed2/VNAT_1s_tcpdur_random70_stratified_flowlevel_splitseed42_8feat_informer_50ms_seed2.pth,21092354,30.5,OK,,"{""torch"": ""2.4.1+cu121"", ""cuda"": ""12.1"", ""gpu"": ""NVIDIA RTX A4500"", ""numpy"": ""1.26.0"", ""python"": ""3.10.12"", ""deterministic"": true, ""grad_clip_max_norm"": 1.0, ""CUBLAS_WORKSPACE_CONFIG"": "":4096:8"", ""CUDA_VISIBLE_DEVICES"": ""2""}",2026-08-21T21:53:53
VNAT_1s_tcpdur_random70_stratified_flowlevel_splitseed42_8feat_nst_50ms_seed0,VNAT,VNAT_5s_tcp_duration,1,random70_stratified_flowlevel_splitseed42,42,8894961661c52ef7,Validation,4,nst,8feat,50ms,21,8,0,64,1694,727,best_val,21,12345,0,True,True,1.0,9.8205,97.84,36,89.6551,92.1197,93.5351,92.1197,"{""Chat"": 90.578, ""Control"": 95.957, ""File Transfer"": 87.671, ""Streaming"": 94.273}","{""Chat"": 84.181, ""Control"": 93.684, ""File Transfer"": 96.97, ""Streaming"": 98.165}","{""Chat"": 98.026, ""Control"": 98.343, ""File Transfer"": 80.0, ""Streaming"": 90.678}","{""Chat"": 152, ""Control"": 181, ""File Transfer"": 40, ""Streaming"": 354}","{""Chat"": 1.199717, ""Control"": 1.001182, ""File Transfer"": 4.553763, ""Streaming"": 0.513333}","{""Chat"": 353, ""Control"": 423, ""File Transfer"": 93, ""Streaming"": 825}",129730,checkpoints/VNAT_1s_tcp_duration_8feat_seed0/VNAT_1s_tcpdur_random70_stratified_flowlevel_splitseed42_8feat_nst_50ms_seed0.pth,1827018,41.5,OK,,"{""torch"": ""2.4.1+cu121"", ""cuda"": ""12.1"", ""gpu"": ""NVIDIA RTX A4500"", ""numpy"": ""1.26.0"", ""python"": ""3.10.12"", ""deterministic"": true, ""grad_clip_max_norm"": 1.0, ""CUBLAS_WORKSPACE_CONFIG"": "":4096:8"", ""CUDA_VISIBLE_DEVICES"": ""2""}",2026-08-21T21:54:35
VNAT_1s_tcpdur_random70_stratified_flowlevel_splitseed42_8feat_nst_50ms_seed1,VNAT,VNAT_5s_tcp_duration,1,random70_stratified_flowlevel_splitseed42,42,8894961661c52ef7,Validation,4,nst,8feat,50ms,21,8,1,64,1694,727,best_val,23,12345,0,True,True,1.0,9.8434,98.41,35,89.0431,91.6162,92.8473,91.6162,"{""Chat"": 88.358, ""Control"": 96.477, ""File Transfer"": 88.0, ""Streaming"": 93.63}","{""Chat"": 80.874, ""Control"": 94.681, ""File Transfer"": 94.286, ""Streaming"": 98.442}","{""Chat"": 97.368, ""Control"": 98.343, ""File Transfer"": 82.5, ""Streaming"": 89.266}","{""Chat"": 152, ""Control"": 181, ""File Transfer"": 40, ""Streaming"": 354}","{""Chat"": 1.199717, ""Control"": 1.001182, ""File Transfer"": 4.553763, ""Streaming"": 0.513333}","{""Chat"": 353, ""Control"": 423, ""File Transfer"": 93, ""Streaming"": 825}",129730,checkpoints/VNAT_1s_tcp_duration_8feat_seed1/VNAT_1s_tcpdur_random70_stratified_flowlevel_splitseed42_8feat_nst_50ms_seed1.pth,1827018,40.3,OK,,"{""torch"": ""2.4.1+cu121"", ""cuda"": ""12.1"", ""gpu"": ""NVIDIA RTX A4500"", ""numpy"": ""1.26.0"", ""python"": ""3.10.12"", ""deterministic"": true, ""grad_clip_max_norm"": 1.0, ""CUBLAS_WORKSPACE_CONFIG"": "":4096:8"", ""CUDA_VISIBLE_DEVICES"": ""2""}",2026-08-21T21:55:15
VNAT_1s_tcpdur_random70_stratified_flowlevel_splitseed42_8feat_nst_50ms_seed2,VNAT,VNAT_5s_tcp_duration,1,random70_stratified_flowlevel_splitseed42,42,8894961661c52ef7,Validation,4,nst,8feat,50ms,21,8,2,64,1694,727,best_val,17,12345,0,True,True,1.0,9.0125,98.09,31,88.3963,89.5854,90.2338,89.5854,"{""Chat"": 83.616, ""Control"": 96.477, ""File Transfer"": 87.671, ""Streaming"": 90.578}","{""Chat"": 73.267, ""Control"": 94.681, ""File Transfer"": 96.97, ""Streaming"": 98.026}","{""Chat"": 97.368, ""Control"": 98.343, ""File Transfer"": 80.0, ""Streaming"": 84.181}","{""Chat"": 152, ""Control"": 181, ""File Transfer"": 40, ""Streaming"": 354}","{""Chat"": 1.199717, ""Control"": 1.001182, ""File Transfer"": 4.553763, ""Streaming"": 0.513333}","{""Chat"": 353, ""Control"": 423, ""File Transfer"": 93, ""Streaming"": 825}",129730,checkpoints/VNAT_1s_tcp_duration_8feat_seed2/VNAT_1s_tcpdur_random70_stratified_flowlevel_splitseed42_8feat_nst_50ms_seed2.pth,1827018,35.7,OK,,"{""torch"": ""2.4.1+cu121"", ""cuda"": ""12.1"", ""gpu"": ""NVIDIA RTX A4500"", ""numpy"": ""1.26.0"", ""python"": ""3.10.12"", ""deterministic"": true, ""grad_clip_max_norm"": 1.0, ""CUBLAS_WORKSPACE_CONFIG"": "":4096:8"", ""CUDA_VISIBLE_DEVICES"": ""2""}",2026-08-21T21:55:51
VNAT_1s_tcpdur_random70_stratified_flowlevel_splitseed42_8feat_autoformer_50ms_seed0,VNAT,VNAT_5s_tcp_duration,1,random70_stratified_flowlevel_splitseed42,42,8894961661c52ef7,Validation,4,autoformer,8feat,50ms,21,8,0,256,1694,727,best_val,36,12345,0,True,True,1.0,4.4484,65.84,46,85.3478,87.2482,87.4828,87.2482,"{""Chat"": 79.564, ""Control"": 95.442, ""File Transfer"": 86.486, ""Streaming"": 87.5}","{""Chat"": 67.907, ""Control"": 92.708, ""File Transfer"": 94.118, ""Streaming"": 97.902}","{""Chat"": 96.053, ""Control"": 98.343, ""File Transfer"": 80.0, ""Streaming"": 79.096}","{""Chat"": 152, ""Control"": 181, ""File Transfer"": 40, ""Streaming"": 354}","{""Chat"": 1.199717, ""Control"": 1.001182, ""File Transfer"": 4.553763, ""Streaming"": 0.513333}","{""Chat"": 353, ""Control"": 423, ""File Transfer"": 93, ""Streaming"": 825}",106180,checkpoints/VNAT_1s_tcp_duration_8feat_seed0/VNAT_1s_tcpdur_random70_stratified_flowlevel_splitseed42_8feat_autoformer_50ms_seed0.pth,1722210,16.8,OK,,"{""torch"": ""2.4.1+cu121"", ""cuda"": ""12.1"", ""gpu"": ""NVIDIA RTX A4500"", ""numpy"": ""1.26.0"", ""python"": ""3.10.12"", ""deterministic"": true, ""grad_clip_max_norm"": 1.0, ""CUBLAS_WORKSPACE_CONFIG"": "":4096:8"", ""CUDA_VISIBLE_DEVICES"": ""2""}",2026-08-21T21:56:08
VNAT_1s_tcpdur_random70_stratified_flowlevel_splitseed42_8feat_autoformer_50ms_seed1,VNAT,VNAT_5s_tcp_duration,1,random70_stratified_flowlevel_splitseed42,42,8894961661c52ef7,Validation,4,autoformer,8feat,50ms,21,8,1,256,1694,727,best_val,45,12345,0,True,True,1.0,5.2677,55.87,56,88.2124,91.9278,93.3975,91.9278,"{""Chat"": 88.889, ""Control"": 96.739, ""File Transfer"": 87.671, ""Streaming"": 94.412}","{""Chat"": 81.768, ""Control"": 95.187, ""File Transfer"": 96.97, ""Streaming"": 98.466}","{""Chat"": 97.368, ""Control"": 98.343, ""File Transfer"": 80.0, ""Streaming"": 90.678}","{""Chat"": 152, ""Control"": 181, ""File Transfer"": 40, ""Streaming"": 354}","{""Chat"": 1.199717, ""Control"": 1.001182, ""File Transfer"": 4.553763, ""Streaming"": 0.513333}","{""Chat"": 353, ""Control"": 423, ""File Transfer"": 93, ""Streaming"": 825}",106180,checkpoints/VNAT_1s_tcp_duration_8feat_seed1/VNAT_1s_tcpdur_random70_stratified_flowlevel_splitseed42_8feat_autoformer_50ms_seed1.pth,1722210,21.3,OK,,"{""torch"": ""2.4.1+cu121"", ""cuda"": ""12.1"", ""gpu"": ""NVIDIA RTX A4500"", ""numpy"": ""1.26.0"", ""python"": ""3.10.12"", ""deterministic"": true, ""grad_clip_max_norm"": 1.0, ""CUBLAS_WORKSPACE_CONFIG"": "":4096:8"", ""CUDA_VISIBLE_DEVICES"": ""2""}",2026-08-21T21:56:29
VNAT_1s_tcpdur_random70_stratified_flowlevel_splitseed42_8feat_autoformer_50ms_seed2,VNAT,VNAT_5s_tcp_duration,1,random70_stratified_flowlevel_splitseed42,42,8894961661c52ef7,Validation,4,autoformer,8feat,50ms,21,8,2,256,1694,727,best_val,27,12345,0,True,True,1.0,5.07,73.52,41,85.9451,86.0367,86.2448,86.0367,"{""Chat"": 77.808, ""Control"": 94.933, ""File Transfer"": 85.333, ""Streaming"": 86.072}","{""Chat"": 66.667, ""Control"": 91.753, ""File Transfer"": 91.429, ""Streaming"": 96.491}","{""Chat"": 93.421, ""Control"": 98.343, ""File Transfer"": 80.0, ""Streaming"": 77.684}","{""Chat"": 152, ""Control"": 181, ""File Transfer"": 40, ""Streaming"": 354}","{""Chat"": 1.199717, ""Control"": 1.001182, ""File Transfer"": 4.553763, ""Streaming"": 0.513333}","{""Chat"": 353, ""Control"": 423, ""File Transfer"": 93, ""Streaming"": 825}",106180,checkpoints/VNAT_1s_tcp_duration_8feat_seed2/VNAT_1s_tcpdur_random70_stratified_flowlevel_splitseed42_8feat_autoformer_50ms_seed2.pth,1722210,15.4,OK,,"{""torch"": ""2.4.1+cu121"", ""cuda"": ""12.1"", ""gpu"": ""NVIDIA RTX A4500"", ""numpy"": ""1.26.0"", ""python"": ""3.10.12"", ""deterministic"": true, ""grad_clip_max_norm"": 1.0, ""CUBLAS_WORKSPACE_CONFIG"": "":4096:8"", ""CUDA_VISIBLE_DEVICES"": ""2""}",2026-08-21T21:56:44
VNAT_1s_tcpdur_random70_stratified_flowlevel_splitseed42_8feat_fedformer_50ms_seed0,VNAT,VNAT_5s_tcp_duration,1,random70_stratified_flowlevel_splitseed42,42,8894961661c52ef7,Validation,4,fedformer,8feat,50ms,21,8,0,256,1694,727,best_val,31,12345,4,True,True,1.0,5.4282,66.67,39,84.4088,85.3706,85.0069,85.3706,"{""Chat"": 78.284, ""Control"": 92.468, ""File Transfer"": 86.486, ""Streaming"": 84.244}","{""Chat"": 66.063, ""Control"": 87.255, ""File Transfer"": 94.118, ""Streaming"": 97.761}","{""Chat"": 96.053, ""Control"": 98.343, ""File Transfer"": 80.0, ""Streaming"": 74.011}","{""Chat"": 152, ""Control"": 181, ""File Transfer"": 40, ""Streaming"": 354}","{""Chat"": 1.199717, ""Control"": 1.001182, ""File Transfer"": 4.553763, ""Streaming"": 0.513333}","{""Chat"": 353, ""Control"": 423, ""File Transfer"": 93, ""Streaming"": 825}",214085,checkpoints/VNAT_1s_tcp_duration_8feat_seed0/VNAT_1s_tcpdur_random70_stratified_flowlevel_splitseed42_8feat_fedformer_50ms_seed0.pth,3452203,34.3,OK,,"{""torch"": ""2.4.1+cu121"", ""cuda"": ""12.1"", ""gpu"": ""NVIDIA RTX A4500"", ""numpy"": ""1.26.0"", ""python"": ""3.10.12"", ""deterministic"": true, ""grad_clip_max_norm"": 1.0, ""CUBLAS_WORKSPACE_CONFIG"": "":4096:8"", ""CUDA_VISIBLE_DEVICES"": ""2""}",2026-08-21T21:57:19
VNAT_1s_tcpdur_random70_stratified_flowlevel_splitseed42_8feat_fedformer_50ms_seed1,VNAT,VNAT_5s_tcp_duration,1,random70_stratified_flowlevel_splitseed42,42,8894961661c52ef7,Validation,4,fedformer,8feat,50ms,21,8,1,256,1694,727,best_val,35,12345,4,True,True,1.0,3.6687,64.44,45,85.9419,86.0819,86.2448,86.0819,"{""Chat"": 78.919, ""Control"": 94.18, ""File Transfer"": 85.333, ""Streaming"": 85.895}","{""Chat"": 66.972, ""Control"": 90.355, ""File Transfer"": 91.429, ""Streaming"": 97.834}","{""Chat"": 96.053, ""Control"": 98.343, ""File Transfer"": 80.0, ""Streaming"": 76.554}","{""Chat"": 152, ""Control"": 181, ""File Transfer"": 40, ""Streaming"": 354}","{""Chat"": 1.199717, ""Control"": 1.001182, ""File Transfer"": 4.553763, ""Streaming"": 0.513333}","{""Chat"": 353, ""Control"": 423, ""File Transfer"": 93, ""Streaming"": 825}",214085,checkpoints/VNAT_1s_tcp_duration_8feat_seed1/VNAT_1s_tcpdur_random70_stratified_flowlevel_splitseed42_8feat_fedformer_50ms_seed1.pth,3452203,39.4,OK,,"{""torch"": ""2.4.1+cu121"", ""cuda"": ""12.1"", ""gpu"": ""NVIDIA RTX A4500"", ""numpy"": ""1.26.0"", ""python"": ""3.10.12"", ""deterministic"": true, ""grad_clip_max_norm"": 1.0, ""CUBLAS_WORKSPACE_CONFIG"": "":4096:8"", ""CUDA_VISIBLE_DEVICES"": ""2""}",2026-08-21T21:57:58
VNAT_1s_tcpdur_random70_stratified_flowlevel_splitseed42_8feat_fedformer_50ms_seed2,VNAT,VNAT_5s_tcp_duration,1,random70_stratified_flowlevel_splitseed42,42,8894961661c52ef7,Validation,4,fedformer,8feat,50ms,21,8,2,256,1694,727,best_val,25,12345,4,True,True,1.0,3.6082,70.7,39,83.5016,84.3168,83.6314,84.3168,"{""Chat"": 76.267, ""Control"": 91.99, ""File Transfer"": 86.486, ""Streaming"": 82.524}","{""Chat"": 64.126, ""Control"": 86.408, ""File Transfer"": 94.118, ""Streaming"": 96.591}","{""Chat"": 94.079, ""Control"": 98.343, ""File Transfer"": 80.0, ""Streaming"": 72.034}","{""Chat"": 152, ""Control"": 181, ""File Transfer"": 40, ""Streaming"": 354}","{""Chat"": 1.199717, ""Control"": 1.001182, ""File Transfer"": 4.553763, ""Streaming"": 0.513333}","{""Chat"": 353, ""Control"": 423, ""File Transfer"": 93, ""Streaming"": 825}",214085,checkpoints/VNAT_1s_tcp_duration_8feat_seed2/VNAT_1s_tcpdur_random70_stratified_flowlevel_splitseed42_8feat_fedformer_50ms_seed2.pth,3452203,34.4,OK,,"{""torch"": ""2.4.1+cu121"", ""cuda"": ""12.1"", ""gpu"": ""NVIDIA RTX A4500"", ""numpy"": ""1.26.0"", ""python"": ""3.10.12"", ""deterministic"": true, ""grad_clip_max_norm"": 1.0, ""CUBLAS_WORKSPACE_CONFIG"": "":4096:8"", ""CUDA_VISIBLE_DEVICES"": ""2""}",2026-08-21T21:58:33
VNAT_1s_tcpdur_random70_stratified_flowlevel_splitseed42_8feat_timemixer_50ms_seed0,VNAT,VNAT_5s_tcp_duration,1,random70_stratified_flowlevel_splitseed42,42,8894961661c52ef7,Validation,4,timemixer,8feat,50ms,21,8,0,256,1694,727,best_val,51,12345,0,True,True,1.0,4.5903,40.44,65,85.4987,86.8494,87.2077,86.8494,"{""Chat"": 78.09, ""Control"": 96.477, ""File Transfer"": 85.714, ""Streaming"": 87.117}","{""Chat"": 68.137, ""Control"": 94.681, ""File Transfer"": 89.189, ""Streaming"": 95.302}","{""Chat"": 91.447, ""Control"": 98.343, ""File Transfer"": 82.5, ""Streaming"": 80.226}","{""Chat"": 152, ""Control"": 181, ""File Transfer"": 40, ""Streaming"": 354}","{""Chat"": 1.199717, ""Control"": 1.001182, ""File Transfer"": 4.553763, ""Streaming"": 0.513333}","{""Chat"": 353, ""Control"": 423, ""File Transfer"": 93, ""Streaming"": 825}",142448,checkpoints/VNAT_1s_tcp_duration_8feat_seed0/VNAT_1s_tcpdur_random70_stratified_flowlevel_splitseed42_8feat_timemixer_50ms_seed0.pth,1886278,23.1,OK,,"{""torch"": ""2.4.1+cu121"", ""cuda"": ""12.1"", ""gpu"": ""NVIDIA RTX A4500"", ""numpy"": ""1.26.0"", ""python"": ""3.10.12"", ""deterministic"": true, ""grad_clip_max_norm"": 1.0, ""CUBLAS_WORKSPACE_CONFIG"": "":4096:8"", ""CUDA_VISIBLE_DEVICES"": ""2""}",2026-08-21T21:58:56
VNAT_1s_tcpdur_random70_stratified_flowlevel_splitseed42_8feat_timemixer_50ms_seed1,VNAT,VNAT_5s_tcp_duration,1,random70_stratified_flowlevel_splitseed42,42,8894961661c52ef7,Validation,4,timemixer,8feat,50ms,21,8,1,256,1694,727,best_val,48,12345,0,True,True,1.0,4.2897,37.33,62,85.2345,87.2697,87.2077,87.2697,"{""Chat"": 77.966, ""Control"": 95.957, ""File Transfer"": 88.0, ""Streaming"": 87.156}","{""Chat"": 68.317, ""Control"": 93.684, ""File Transfer"": 94.286, ""Streaming"": 95.0}","{""Chat"": 90.789, ""Control"": 98.343, ""File Transfer"": 82.5, ""Streaming"": 80.508}","{""Chat"": 152, ""Control"": 181, ""File Transfer"": 40, ""Streaming"": 354}","{""Chat"": 1.199717, ""Control"": 1.001182, ""File Transfer"": 4.553763, ""Streaming"": 0.513333}","{""Chat"": 353, ""Control"": 423, ""File Transfer"": 93, ""Streaming"": 825}",142448,checkpoints/VNAT_1s_tcp_duration_8feat_seed1/VNAT_1s_tcpdur_random70_stratified_flowlevel_splitseed42_8feat_timemixer_50ms_seed1.pth,1886278,12.7,OK,,"{""torch"": ""2.4.1+cu121"", ""cuda"": ""12.1"", ""gpu"": ""NVIDIA RTX A4500"", ""numpy"": ""1.26.0"", ""python"": ""3.10.12"", ""deterministic"": true, ""grad_clip_max_norm"": 1.0, ""CUBLAS_WORKSPACE_CONFIG"": "":4096:8"", ""CUDA_VISIBLE_DEVICES"": ""2""}",2026-08-21T21:59:09
VNAT_1s_tcpdur_random70_stratified_flowlevel_splitseed42_8feat_timemixer_50ms_seed2,VNAT,VNAT_5s_tcp_duration,1,random70_stratified_flowlevel_splitseed42,42,8894961661c52ef7,Validation,4,timemixer,8feat,50ms,21,8,2,256,1694,727,best_val,41,12345,0,True,True,1.0,5.3791,31.43,60,83.9259,85.0646,85.0069,85.0646,"{""Chat"": 77.364, ""Control"": 92.708, ""File Transfer"": 85.714, ""Streaming"": 84.472}","{""Chat"": 68.528, ""Control"": 87.685, ""File Transfer"": 89.189, ""Streaming"": 93.793}","{""Chat"": 88.816, ""Control"": 98.343, ""File Transfer"": 82.5, ""Streaming"": 76.836}","{""Chat"": 152, ""Control"": 181, ""File Transfer"": 40, ""Streaming"": 354}","{""Chat"": 1.199717, ""Control"": 1.001182, ""File Transfer"": 4.553763, ""Streaming"": 0.513333}","{""Chat"": 353, ""Control"": 423, ""File Transfer"": 93, ""Streaming"": 825}",142448,checkpoints/VNAT_1s_tcp_duration_8feat_seed2/VNAT_1s_tcpdur_random70_stratified_flowlevel_splitseed42_8feat_timemixer_50ms_seed2.pth,1886278,10.4,OK,,"{""torch"": ""2.4.1+cu121"", ""cuda"": ""12.1"", ""gpu"": ""NVIDIA RTX A4500"", ""numpy"": ""1.26.0"", ""python"": ""3.10.12"", ""deterministic"": true, ""grad_clip_max_norm"": 1.0, ""CUBLAS_WORKSPACE_CONFIG"": "":4096:8"", ""CUDA_VISIBLE_DEVICES"": ""2""}",2026-08-21T21:59:19
VNAT_1s_tcpdur_random70_stratified_flowlevel_splitseed42_8feat_timesnet_75ms_seed0,VNAT,VNAT_5s_tcp_duration,1,random70_stratified_flowlevel_splitseed42,42,8894961661c52ef7,Validation,4,timesnet,8feat,75ms,14,8,0,256,1694,727,best_val,11,12345,0,True,True,1.0,3.7082,59.43,25,80.3141,83.1644,82.3934,83.1644,"{""Chat"": 70.845, ""Control"": 93.122, ""File Transfer"": 86.486, ""Streaming"": 82.205}","{""Chat"": 60.465, ""Control"": 89.34, ""File Transfer"": 94.118, ""Streaming"": 92.883}","{""Chat"": 85.526, ""Control"": 97.238, ""File Transfer"": 80.0, ""Streaming"": 73.729}","{""Chat"": 152, ""Control"": 181, ""File Transfer"": 40, ""Streaming"": 354}","{""Chat"": 1.199717, ""Control"": 1.001182, ""File Transfer"": 4.553763, ""Streaming"": 0.513333}","{""Chat"": 353, ""Control"": 423, ""File Transfer"": 93, ""Streaming"": 825}",9379524,checkpoints/VNAT_1s_tcp_duration_8feat_seed0/VNAT_1s_tcpdur_random70_stratified_flowlevel_splitseed42_8feat_timesnet_75ms_seed0.pth,38827522,11.1,OK,,"{""torch"": ""2.4.1+cu121"", ""cuda"": ""12.1"", ""gpu"": ""NVIDIA RTX A4500"", ""numpy"": ""1.26.0"", ""python"": ""3.10.12"", ""deterministic"": true, ""grad_clip_max_norm"": 1.0, ""CUBLAS_WORKSPACE_CONFIG"": "":4096:8"", ""CUDA_VISIBLE_DEVICES"": ""2""}",2026-08-21T21:59:31
VNAT_1s_tcpdur_random70_stratified_flowlevel_splitseed42_8feat_timesnet_75ms_seed1,VNAT,VNAT_5s_tcp_duration,1,random70_stratified_flowlevel_splitseed42,42,8894961661c52ef7,Validation,4,timesnet,8feat,75ms,14,8,1,256,1694,727,best_val,12,12345,0,True,True,1.0,4.6649,53.57,28,82.1697,84.1345,82.5309,84.1345,"{""Chat"": 71.159, ""Control"": 92.876, ""File Transfer"": 90.411, ""Streaming"": 82.092}","{""Chat"": 60.274, ""Control"": 88.889, ""File Transfer"": 100.0, ""Streaming"": 93.502}","{""Chat"": 86.842, ""Control"": 97.238, ""File Transfer"": 82.5, ""Streaming"": 73.164}","{""Chat"": 152, ""Control"": 181, ""File Transfer"": 40, ""Streaming"": 354}","{""Chat"": 1.199717, ""Control"": 1.001182, ""File Transfer"": 4.553763, ""Streaming"": 0.513333}","{""Chat"": 353, ""Control"": 423, ""File Transfer"": 93, ""Streaming"": 825}",9379524,checkpoints/VNAT_1s_tcp_duration_8feat_seed1/VNAT_1s_tcpdur_random70_stratified_flowlevel_splitseed42_8feat_timesnet_75ms_seed1.pth,38827522,12.0,OK,,"{""torch"": ""2.4.1+cu121"", ""cuda"": ""12.1"", ""gpu"": ""NVIDIA RTX A4500"", ""numpy"": ""1.26.0"", ""python"": ""3.10.12"", ""deterministic"": true, ""grad_clip_max_norm"": 1.0, ""CUBLAS_WORKSPACE_CONFIG"": "":4096:8"", ""CUDA_VISIBLE_DEVICES"": ""2""}",2026-08-21T21:59:43
VNAT_1s_tcpdur_random70_stratified_flowlevel_splitseed42_8feat_timesnet_75ms_seed2,VNAT,VNAT_5s_tcp_duration,1,random70_stratified_flowlevel_splitseed42,42,8894961661c52ef7,Validation,4,timesnet,8feat,75ms,14,8,2,256,1694,727,best_val,11,12345,0,True,True,1.0,4.4917,54.29,25,80.2068,83.0969,81.5681,83.0969,"{""Chat"": 70.933, ""Control"": 91.667, ""File Transfer"": 88.889, ""Streaming"": 80.899}","{""Chat"": 59.641, ""Control"": 86.7, ""File Transfer"": 100.0, ""Streaming"": 93.68}","{""Chat"": 87.5, ""Control"": 97.238, ""File Transfer"": 80.0, ""Streaming"": 71.186}","{""Chat"": 152, ""Control"": 181, ""File Transfer"": 40, ""Streaming"": 354}","{""Chat"": 1.199717, ""Control"": 1.001182, ""File Transfer"": 4.553763, ""Streaming"": 0.513333}","{""Chat"": 353, ""Control"": 423, ""File Transfer"": 93, ""Streaming"": 825}",9379524,checkpoints/VNAT_1s_tcp_duration_8feat_seed2/VNAT_1s_tcpdur_random70_stratified_flowlevel_splitseed42_8feat_timesnet_75ms_seed2.pth,38827522,10.6,OK,,"{""torch"": ""2.4.1+cu121"", ""cuda"": ""12.1"", ""gpu"": ""NVIDIA RTX A4500"", ""numpy"": ""1.26.0"", ""python"": ""3.10.12"", ""deterministic"": true, ""grad_clip_max_norm"": 1.0, ""CUBLAS_WORKSPACE_CONFIG"": "":4096:8"", ""CUDA_VISIBLE_DEVICES"": ""2""}",2026-08-21T21:59:54
VNAT_1s_tcpdur_random70_stratified_flowlevel_splitseed42_8feat_informer_75ms_seed0,VNAT,VNAT_5s_tcp_duration,1,random70_stratified_flowlevel_splitseed42,42,8894961661c52ef7,Validation,4,informer,8feat,75ms,14,8,0,64,1694,727,best_val,9,12345,0,True,True,1.0,11.1469,100.0,26,86.8696,90.4499,90.9216,90.4499,"{""Chat"": 84.659, ""Control"": 96.739, ""File Transfer"": 89.189, ""Streaming"": 91.212}","{""Chat"": 74.5, ""Control"": 95.187, ""File Transfer"": 97.059, ""Streaming"": 98.366}","{""Chat"": 98.026, ""Control"": 98.343, ""File Transfer"": 82.5, ""Streaming"": 85.028}","{""Chat"": 152, ""Control"": 181, ""File Transfer"": 40, ""Streaming"": 354}","{""Chat"": 1.199717, ""Control"": 1.001182, ""File Transfer"": 4.553763, ""Streaming"": 0.513333}","{""Chat"": 353, ""Control"": 423, ""File Transfer"": 93, ""Streaming"": 825}",2694917,checkpoints/VNAT_1s_tcp_duration_8feat_seed0/VNAT_1s_tcpdur_random70_stratified_flowlevel_splitseed42_8feat_informer_75ms_seed0.pth,21063682,20.3,OK,,"{""torch"": ""2.4.1+cu121"", ""cuda"": ""12.1"", ""gpu"": ""NVIDIA RTX A4500"", ""numpy"": ""1.26.0"", ""python"": ""3.10.12"", ""deterministic"": true, ""grad_clip_max_norm"": 1.0, ""CUBLAS_WORKSPACE_CONFIG"": "":4096:8"", ""CUDA_VISIBLE_DEVICES"": ""2""}",2026-08-21T22:00:14
VNAT_1s_tcpdur_random70_stratified_flowlevel_splitseed42_8feat_informer_75ms_seed1,VNAT,VNAT_5s_tcp_duration,1,random70_stratified_flowlevel_splitseed42,42,8894961661c52ef7,Validation,4,informer,8feat,75ms,14,8,1,64,1694,727,best_val,3,12345,0,True,True,1.0,14.1236,100.0,25,82.4794,85.6416,85.9697,85.6416,"{""Chat"": 76.331, ""Control"": 92.95, ""File Transfer"": 86.486, ""Streaming"": 86.798}","{""Chat"": 69.355, ""Control"": 88.119, ""File Transfer"": 94.118, ""Streaming"": 93.77}","{""Chat"": 84.868, ""Control"": 98.343, ""File Transfer"": 80.0, ""Streaming"": 80.791}","{""Chat"": 152, ""Control"": 181, ""File Transfer"": 40, ""Streaming"": 354}","{""Chat"": 1.199717, ""Control"": 1.001182, ""File Transfer"": 4.553763, ""Streaming"": 0.513333}","{""Chat"": 353, ""Control"": 423, ""File Transfer"": 93, ""Streaming"": 825}",2694917,checkpoints/VNAT_1s_tcp_duration_8feat_seed1/VNAT_1s_tcpdur_random70_stratified_flowlevel_splitseed42_8feat_informer_75ms_seed1.pth,21063682,28.4,OK,,"{""torch"": ""2.4.1+cu121"", ""cuda"": ""12.1"", ""gpu"": ""NVIDIA RTX A4500"", ""numpy"": ""1.26.0"", ""python"": ""3.10.12"", ""deterministic"": true, ""grad_clip_max_norm"": 1.0, ""CUBLAS_WORKSPACE_CONFIG"": "":4096:8"", ""CUDA_VISIBLE_DEVICES"": ""2""}",2026-08-21T22:00:43
VNAT_1s_tcpdur_random70_stratified_flowlevel_splitseed42_8feat_informer_75ms_seed2,VNAT,VNAT_5s_tcp_duration,1,random70_stratified_flowlevel_splitseed42,42,8894961661c52ef7,Validation,4,informer,8feat,75ms,14,8,2,64,1694,727,best_val,12,12345,0,True,True,1.0,12.0235,98.72,29,90.9688,94.4008,95.8735,94.4008,"{""Chat"": 94.667, ""Control"": 96.419, ""File Transfer"": 89.744, ""Streaming"": 96.774}","{""Chat"": 95.946, ""Control"": 96.154, ""File Transfer"": 92.105, ""Streaming"": 96.1}","{""Chat"": 93.421, ""Control"": 96.685, ""File Transfer"": 87.5, ""Streaming"": 97.458}","{""Chat"": 152, ""Control"": 181, ""File Transfer"": 40, ""Streaming"": 354}","{""Chat"": 1.199717, ""Control"": 1.001182, ""File Transfer"": 4.553763, ""Streaming"": 0.513333}","{""Chat"": 353, ""Control"": 423, ""File Transfer"": 93, ""Streaming"": 825}",2694917,checkpoints/VNAT_1s_tcp_duration_8feat_seed2/VNAT_1s_tcpdur_random70_stratified_flowlevel_splitseed42_8feat_informer_75ms_seed2.pth,21063682,32.7,OK,,"{""torch"": ""2.4.1+cu121"", ""cuda"": ""12.1"", ""gpu"": ""NVIDIA RTX A4500"", ""numpy"": ""1.26.0"", ""python"": ""3.10.12"", ""deterministic"": true, ""grad_clip_max_norm"": 1.0, ""CUBLAS_WORKSPACE_CONFIG"": "":4096:8"", ""CUDA_VISIBLE_DEVICES"": ""2""}",2026-08-21T22:01:16
VNAT_1s_tcpdur_random70_stratified_flowlevel_splitseed42_8feat_nst_75ms_seed0,VNAT,VNAT_5s_tcp_duration,1,random70_stratified_flowlevel_splitseed42,42,8894961661c52ef7,Validation,4,nst,8feat,75ms,14,8,0,64,1694,727,best_val,14,12345,0,True,True,1.0,7.4773,98.77,39,82.4756,84.509,83.3563,84.509,"{""Chat"": 72.149, ""Control"": 93.931, ""File Transfer"": 88.889, ""Streaming"": 83.067}","{""Chat"": 60.444, ""Control"": 89.899, ""File Transfer"": 100.0, ""Streaming"": 95.588}","{""Chat"": 89.474, ""Control"": 98.343, ""File Transfer"": 80.0, ""Streaming"": 73.446}","{""Chat"": 152, ""Control"": 181, ""File Transfer"": 40, ""Streaming"": 354}","{""Chat"": 1.199717, ""Control"": 1.001182, ""File Transfer"": 4.553763, ""Streaming"": 0.513333}","{""Chat"": 353, ""Control"": 423, ""File Transfer"": 93, ""Streaming"": 825}",127448,checkpoints/VNAT_1s_tcp_duration_8feat_seed0/VNAT_1s_tcpdur_random70_stratified_flowlevel_splitseed42_8feat_nst_75ms_seed0.pth,1817802,18.8,OK,,"{""torch"": ""2.4.1+cu121"", ""cuda"": ""12.1"", ""gpu"": ""NVIDIA RTX A4500"", ""numpy"": ""1.26.0"", ""python"": ""3.10.12"", ""deterministic"": true, ""grad_clip_max_norm"": 1.0, ""CUBLAS_WORKSPACE_CONFIG"": "":4096:8"", ""CUDA_VISIBLE_DEVICES"": ""2""}",2026-08-21T22:01:35
VNAT_1s_tcpdur_random70_stratified_flowlevel_splitseed42_8feat_nst_75ms_seed1,VNAT,VNAT_5s_tcp_duration,1,random70_stratified_flowlevel_splitseed42,42,8894961661c52ef7,Validation,4,nst,8feat,75ms,14,8,1,64,1694,727,best_val,15,12345,0,True,True,1.0,6.2093,98.02,28,83.9118,85.5904,85.0069,85.5904,"{""Chat"": 74.603, ""Control"": 96.739, ""File Transfer"": 86.842, ""Streaming"": 84.177}","{""Chat"": 62.389, ""Control"": 95.187, ""File Transfer"": 91.667, ""Streaming"": 95.683}","{""Chat"": 92.763, ""Control"": 98.343, ""File Transfer"": 82.5, ""Streaming"": 75.141}","{""Chat"": 152, ""Control"": 181, ""File Transfer"": 40, ""Streaming"": 354}","{""Chat"": 1.199717, ""Control"": 1.001182, ""File Transfer"": 4.553763, ""Streaming"": 0.513333}","{""Chat"": 353, ""Control"": 423, ""File Transfer"": 93, ""Streaming"": 825}",127448,checkpoints/VNAT_1s_tcp_duration_8feat_seed1/VNAT_1s_tcpdur_random70_stratified_flowlevel_splitseed42_8feat_nst_75ms_seed1.pth,1817802,12.3,OK,,"{""torch"": ""2.4.1+cu121"", ""cuda"": ""12.1"", ""gpu"": ""NVIDIA RTX A4500"", ""numpy"": ""1.26.0"", ""python"": ""3.10.12"", ""deterministic"": true, ""grad_clip_max_norm"": 1.0, ""CUBLAS_WORKSPACE_CONFIG"": "":4096:8"", ""CUDA_VISIBLE_DEVICES"": ""2""}",2026-08-21T22:01:47
VNAT_1s_tcpdur_random70_stratified_flowlevel_splitseed42_8feat_nst_75ms_seed2,VNAT,VNAT_5s_tcp_duration,1,random70_stratified_flowlevel_splitseed42,42,8894961661c52ef7,Validation,4,nst,8feat,75ms,14,8,2,64,1694,727,best_val,16,12345,0,True,True,1.0,7.6889,99.13,34,83.4984,85.3866,84.044,85.3866,"{""Chat"": 73.575, ""Control"": 95.957, ""File Transfer"": 89.189, ""Streaming"": 82.825}","{""Chat"": 60.684, ""Control"": 93.684, ""File Transfer"": 97.059, ""Streaming"": 95.911}","{""Chat"": 93.421, ""Control"": 98.343, ""File Transfer"": 82.5, ""Streaming"": 72.881}","{""Chat"": 152, ""Control"": 181, ""File Transfer"": 40, ""Streaming"": 354}","{""Chat"": 1.199717, ""Control"": 1.001182, ""File Transfer"": 4.553763, ""Streaming"": 0.513333}","{""Chat"": 353, ""Control"": 423, ""File Transfer"": 93, ""Streaming"": 825}",127448,checkpoints/VNAT_1s_tcp_duration_8feat_seed2/VNAT_1s_tcpdur_random70_stratified_flowlevel_splitseed42_8feat_nst_75ms_seed2.pth,1817802,38.8,OK,,"{""torch"": ""2.4.1+cu121"", ""cuda"": ""12.1"", ""gpu"": ""NVIDIA RTX A4500"", ""numpy"": ""1.26.0"", ""python"": ""3.10.12"", ""deterministic"": true, ""grad_clip_max_norm"": 1.0, ""CUBLAS_WORKSPACE_CONFIG"": "":4096:8"", ""CUDA_VISIBLE_DEVICES"": ""2""}",2026-08-21T22:02:26
VNAT_1s_tcpdur_random70_stratified_flowlevel_splitseed42_8feat_autoformer_75ms_seed0,VNAT,VNAT_5s_tcp_duration,1,random70_stratified_flowlevel_splitseed42,42,8894961661c52ef7,Validation,4,autoformer,8feat,75ms,14,8,0,256,1694,727,best_val,32,12345,0,True,True,1.0,3.5545,47.11,47,81.8133,82.7135,81.4305,82.7135,"{""Chat"": 69.705, ""Control"": 92.708, ""File Transfer"": 87.671, ""Streaming"": 80.769}","{""Chat"": 58.824, ""Control"": 87.685, ""File Transfer"": 96.97, ""Streaming"": 93.333}","{""Chat"": 85.526, ""Control"": 98.343, ""File Transfer"": 80.0, ""Streaming"": 71.186}","{""Chat"": 152, ""Control"": 181, ""File Transfer"": 40, ""Streaming"": 354}","{""Chat"": 1.199717, ""Control"": 1.001182, ""File Transfer"": 4.553763, ""Streaming"": 0.513333}","{""Chat"": 353, ""Control"": 423, ""File Transfer"": 93, ""Streaming"": 825}",104388,checkpoints/VNAT_1s_tcp_duration_8feat_seed0/VNAT_1s_tcpdur_random70_stratified_flowlevel_splitseed42_8feat_autoformer_75ms_seed0.pth,1715042,18.0,OK,,"{""torch"": ""2.4.1+cu121"", ""cuda"": ""12.1"", ""gpu"": ""NVIDIA RTX A4500"", ""numpy"": ""1.26.0"", ""python"": ""3.10.12"", ""deterministic"": true, ""grad_clip_max_norm"": 1.0, ""CUBLAS_WORKSPACE_CONFIG"": "":4096:8"", ""CUDA_VISIBLE_DEVICES"": ""2""}",2026-08-21T22:02:44
VNAT_1s_tcpdur_random70_stratified_flowlevel_splitseed42_8feat_autoformer_75ms_seed1,VNAT,VNAT_5s_tcp_duration,1,random70_stratified_flowlevel_splitseed42,42,8894961661c52ef7,Validation,4,autoformer,8feat,75ms,14,8,1,256,1694,727,best_val,39,12345,0,True,True,1.0,4.5762,43.73,49,82.1716,83.688,82.2558,83.688,"{""Chat"": 71.314, ""Control"": 92.708, ""File Transfer"": 89.189, ""Streaming"": 81.541}","{""Chat"": 60.181, ""Control"": 87.685, ""File Transfer"": 97.059, ""Streaming"": 94.424}","{""Chat"": 87.5, ""Control"": 98.343, ""File Transfer"": 82.5, ""Streaming"": 71.751}","{""Chat"": 152, ""Control"": 181, ""File Transfer"": 40, ""Streaming"": 354}","{""Chat"": 1.199717, ""Control"": 1.001182, ""File Transfer"": 4.553763, ""Streaming"": 0.513333}","{""Chat"": 353, ""Control"": 423, ""File Transfer"": 93, ""Streaming"": 825}",104388,checkpoints/VNAT_1s_tcp_duration_8feat_seed1/VNAT_1s_tcpdur_random70_stratified_flowlevel_splitseed42_8feat_autoformer_75ms_seed1.pth,1715042,18.8,OK,,"{""torch"": ""2.4.1+cu121"", ""cuda"": ""12.1"", ""gpu"": ""NVIDIA RTX A4500"", ""numpy"": ""1.26.0"", ""python"": ""3.10.12"", ""deterministic"": true, ""grad_clip_max_norm"": 1.0, ""CUBLAS_WORKSPACE_CONFIG"": "":4096:8"", ""CUDA_VISIBLE_DEVICES"": ""2""}",2026-08-21T22:03:03
VNAT_1s_tcpdur_random70_stratified_flowlevel_splitseed42_8feat_autoformer_75ms_seed2,VNAT,VNAT_5s_tcp_duration,1,random70_stratified_flowlevel_splitseed42,42,8894961661c52ef7,Validation,4,autoformer,8feat,75ms,14,8,2,256,1694,727,best_val,32,12345,0,True,True,1.0,3.6177,46.75,44,82.8931,83.549,82.6685,83.549,"{""Chat"": 71.314, ""Control"": 93.931, ""File Transfer"": 86.842, ""Streaming"": 82.109}","{""Chat"": 60.181, ""Control"": 89.899, ""File Transfer"": 91.667, ""Streaming"": 94.485}","{""Chat"": 87.5, ""Control"": 98.343, ""File Transfer"": 82.5, ""Streaming"": 72.599}","{""Chat"": 152, ""Control"": 181, ""File Transfer"": 40, ""Streaming"": 354}","{""Chat"": 1.199717, ""Control"": 1.001182, ""File Transfer"": 4.553763, ""Streaming"": 0.513333}","{""Chat"": 353, ""Control"": 423, ""File Transfer"": 93, ""Streaming"": 825}",104388,checkpoints/VNAT_1s_tcp_duration_8feat_seed2/VNAT_1s_tcpdur_random70_stratified_flowlevel_splitseed42_8feat_autoformer_75ms_seed2.pth,1715042,16.7,OK,,"{""torch"": ""2.4.1+cu121"", ""cuda"": ""12.1"", ""gpu"": ""NVIDIA RTX A4500"", ""numpy"": ""1.26.0"", ""python"": ""3.10.12"", ""deterministic"": true, ""grad_clip_max_norm"": 1.0, ""CUBLAS_WORKSPACE_CONFIG"": "":4096:8"", ""CUDA_VISIBLE_DEVICES"": ""2""}",2026-08-21T22:03:20
VNAT_1s_tcpdur_random70_stratified_flowlevel_splitseed42_8feat_fedformer_75ms_seed0,VNAT,VNAT_5s_tcp_duration,1,random70_stratified_flowlevel_splitseed42,42,8894961661c52ef7,Validation,4,fedformer,8feat,75ms,14,8,0,256,1694,727,best_val,28,12345,4,True,True,1.0,5.3786,51.43,40,80.6433,80.0625,78.9546,80.0625,"{""Chat"": 68.38, ""Control"": 91.753, ""File Transfer"": 83.117, ""Streaming"": 77.0}","{""Chat"": 56.118, ""Control"": 85.99, ""File Transfer"": 86.486, ""Streaming"": 93.902}","{""Chat"": 87.5, ""Control"": 98.343, ""File Transfer"": 80.0, ""Streaming"": 65.254}","{""Chat"": 152, ""Control"": 181, ""File Transfer"": 40, ""Streaming"": 354}","{""Chat"": 1.199717, ""Control"": 1.001182, ""File Transfer"": 4.553763, ""Streaming"": 0.513333}","{""Chat"": 353, ""Control"": 423, ""File Transfer"": 93, ""Streaming"": 825}",197957,checkpoints/VNAT_1s_tcp_duration_8feat_seed0/VNAT_1s_tcpdur_random70_stratified_flowlevel_splitseed42_8feat_fedformer_75ms_seed0.pth,3387691,28.7,OK,,"{""torch"": ""2.4.1+cu121"", ""cuda"": ""12.1"", ""gpu"": ""NVIDIA RTX A4500"", ""numpy"": ""1.26.0"", ""python"": ""3.10.12"", ""deterministic"": true, ""grad_clip_max_norm"": 1.0, ""CUBLAS_WORKSPACE_CONFIG"": "":4096:8"", ""CUDA_VISIBLE_DEVICES"": ""2""}",2026-08-21T22:03:48
VNAT_1s_tcpdur_random70_stratified_flowlevel_splitseed42_8feat_fedformer_75ms_seed1,VNAT,VNAT_5s_tcp_duration,1,random70_stratified_flowlevel_splitseed42,42,8894961661c52ef7,Validation,4,fedformer,8feat,75ms,14,8,1,256,1694,727,best_val,25,12345,4,True,True,1.0,4.2581,50.55,39,80.873,82.2075,80.6052,82.2075,"{""Chat"": 70.13, ""Control"": 91.753, ""File Transfer"": 87.671, ""Streaming"": 79.276}","{""Chat"": 57.94, ""Control"": 85.99, ""File Transfer"": 96.97, ""Streaming"": 94.882}","{""Chat"": 88.816, ""Control"": 98.343, ""File Transfer"": 80.0, ""Streaming"": 68.079}","{""Chat"": 152, ""Control"": 181, ""File Transfer"": 40, ""Streaming"": 354}","{""Chat"": 1.199717, ""Control"": 1.001182, ""File Transfer"": 4.553763, ""Streaming"": 0.513333}","{""Chat"": 353, ""Control"": 423, ""File Transfer"": 93, ""Streaming"": 825}",197957,checkpoints/VNAT_1s_tcp_duration_8feat_seed1/VNAT_1s_tcpdur_random70_stratified_flowlevel_splitseed42_8feat_fedformer_75ms_seed1.pth,3387691,28.2,OK,,"{""torch"": ""2.4.1+cu121"", ""cuda"": ""12.1"", ""gpu"": ""NVIDIA RTX A4500"", ""numpy"": ""1.26.0"", ""python"": ""3.10.12"", ""deterministic"": true, ""grad_clip_max_norm"": 1.0, ""CUBLAS_WORKSPACE_CONFIG"": "":4096:8"", ""CUDA_VISIBLE_DEVICES"": ""2""}",2026-08-21T22:04:17
VNAT_1s_tcpdur_random70_stratified_flowlevel_splitseed42_8feat_fedformer_75ms_seed2,VNAT,VNAT_5s_tcp_duration,1,random70_stratified_flowlevel_splitseed42,42,8894961661c52ef7,Validation,4,fedformer,8feat,75ms,14,8,2,256,1694,727,best_val,28,12345,4,True,True,1.0,3.4667,55.36,40,80.989,81.3857,79.7799,81.3857,"{""Chat"": 69.231, ""Control"": 91.753, ""File Transfer"": 86.486, ""Streaming"": 78.073}","{""Chat"": 56.723, ""Control"": 85.99, ""File Transfer"": 94.118, ""Streaming"": 94.758}","{""Chat"": 88.816, ""Control"": 98.343, ""File Transfer"": 80.0, ""Streaming"": 66.384}","{""Chat"": 152, ""Control"": 181, ""File Transfer"": 40, ""Streaming"": 354}","{""Chat"": 1.199717, ""Control"": 1.001182, ""File Transfer"": 4.553763, ""Streaming"": 0.513333}","{""Chat"": 353, ""Control"": 423, ""File Transfer"": 93, ""Streaming"": 825}",197957,checkpoints/VNAT_1s_tcp_duration_8feat_seed2/VNAT_1s_tcpdur_random70_stratified_flowlevel_splitseed42_8feat_fedformer_75ms_seed2.pth,3387691,23.3,OK,,"{""torch"": ""2.4.1+cu121"", ""cuda"": ""12.1"", ""gpu"": ""NVIDIA RTX A4500"", ""numpy"": ""1.26.0"", ""python"": ""3.10.12"", ""deterministic"": true, ""grad_clip_max_norm"": 1.0, ""CUBLAS_WORKSPACE_CONFIG"": "":4096:8"", ""CUDA_VISIBLE_DEVICES"": ""2""}",2026-08-21T22:04:40
VNAT_1s_tcpdur_random70_stratified_flowlevel_splitseed42_8feat_timemixer_75ms_seed0,VNAT,VNAT_5s_tcp_duration,1,random70_stratified_flowlevel_splitseed42,42,8894961661c52ef7,Validation,4,timemixer,8feat,75ms,14,8,0,256,1694,727,best_val,37,12345,0,True,True,1.0,4.2654,30.49,52,81.383,82.3071,81.4305,82.3071,"{""Chat"": 71.159, ""Control"": 91.71, ""File Transfer"": 85.714, ""Streaming"": 80.645}","{""Chat"": 60.274, ""Control"": 86.341, ""File Transfer"": 89.189, ""Streaming"": 93.985}","{""Chat"": 86.842, ""Control"": 97.79, ""File Transfer"": 82.5, ""Streaming"": 70.621}","{""Chat"": 152, ""Control"": 181, ""File Transfer"": 40, ""Streaming"": 354}","{""Chat"": 1.199717, ""Control"": 1.001182, ""File Transfer"": 4.553763, ""Streaming"": 0.513333}","{""Chat"": 353, ""Control"": 423, ""File Transfer"": 93, ""Streaming"": 825}",139306,checkpoints/VNAT_1s_tcp_duration_8feat_seed0/VNAT_1s_tcpdur_random70_stratified_flowlevel_splitseed42_8feat_timemixer_75ms_seed0.pth,1873990,9.4,OK,,"{""torch"": ""2.4.1+cu121"", ""cuda"": ""12.1"", ""gpu"": ""NVIDIA RTX A4500"", ""numpy"": ""1.26.0"", ""python"": ""3.10.12"", ""deterministic"": true, ""grad_clip_max_norm"": 1.0, ""CUBLAS_WORKSPACE_CONFIG"": "":4096:8"", ""CUDA_VISIBLE_DEVICES"": ""2""}",2026-08-21T22:04:50
VNAT_1s_tcpdur_random70_stratified_flowlevel_splitseed42_8feat_timemixer_75ms_seed1,VNAT,VNAT_5s_tcp_duration,1,random70_stratified_flowlevel_splitseed42,42,8894961661c52ef7,Validation,4,timemixer,8feat,75ms,14,8,1,256,1694,727,best_val,37,12345,0,True,True,1.0,2.9237,24.92,47,81.0549,82.4939,81.293,82.4939,"{""Chat"": 70.557, ""Control"": 92.188, ""File Transfer"": 86.842, ""Streaming"": 80.389}","{""Chat"": 59.111, ""Control"": 87.192, ""File Transfer"": 91.667, ""Streaming"": 94.297}","{""Chat"": 87.5, ""Control"": 97.79, ""File Transfer"": 82.5, ""Streaming"": 70.056}","{""Chat"": 152, ""Control"": 181, ""File Transfer"": 40, ""Streaming"": 354}","{""Chat"": 1.199717, ""Control"": 1.001182, ""File Transfer"": 4.553763, ""Streaming"": 0.513333}","{""Chat"": 353, ""Control"": 423, ""File Transfer"": 93, ""Streaming"": 825}",139306,checkpoints/VNAT_1s_tcp_duration_8feat_seed1/VNAT_1s_tcpdur_random70_stratified_flowlevel_splitseed42_8feat_timemixer_75ms_seed1.pth,1873990,8.3,OK,,"{""torch"": ""2.4.1+cu121"", ""cuda"": ""12.1"", ""gpu"": ""NVIDIA RTX A4500"", ""numpy"": ""1.26.0"", ""python"": ""3.10.12"", ""deterministic"": true, ""grad_clip_max_norm"": 1.0, ""CUBLAS_WORKSPACE_CONFIG"": "":4096:8"", ""CUDA_VISIBLE_DEVICES"": ""2""}",2026-08-21T22:04:58
VNAT_1s_tcpdur_random70_stratified_flowlevel_splitseed42_8feat_timemixer_75ms_seed2,VNAT,VNAT_5s_tcp_duration,1,random70_stratified_flowlevel_splitseed42,42,8894961661c52ef7,Validation,4,timemixer,8feat,75ms,14,8,2,256,1694,727,best_val,28,12345,0,True,True,1.0,1.6369,15.11,52,79.9409,82.3238,80.7428,82.3238,"{""Chat"": 72.68, ""Control"": 89.406, ""File Transfer"": 87.671, ""Streaming"": 79.538}","{""Chat"": 59.746, ""Control"": 83.981, ""File Transfer"": 96.97, ""Streaming"": 95.635}","{""Chat"": 92.763, ""Control"": 95.58, ""File Transfer"": 80.0, ""Streaming"": 68.079}","{""Chat"": 152, ""Control"": 181, ""File Transfer"": 40, ""Streaming"": 354}","{""Chat"": 1.199717, ""Control"": 1.001182, ""File Transfer"": 4.553763, ""Streaming"": 0.513333}","{""Chat"": 353, ""Control"": 423, ""File Transfer"": 93, ""Streaming"": 825}",139306,checkpoints/VNAT_1s_tcp_duration_8feat_seed2/VNAT_1s_tcpdur_random70_stratified_flowlevel_splitseed42_8feat_timemixer_75ms_seed2.pth,1873990,20.6,OK,,"{""torch"": ""2.4.1+cu121"", ""cuda"": ""12.1"", ""gpu"": ""NVIDIA RTX A4500"", ""numpy"": ""1.26.0"", ""python"": ""3.10.12"", ""deterministic"": true, ""grad_clip_max_norm"": 1.0, ""CUBLAS_WORKSPACE_CONFIG"": "":4096:8"", ""CUDA_VISIBLE_DEVICES"": ""2""}",2026-08-21T22:05:19
