run_id,dataset,variant,big_window_s,split_protocol,split_seed,split_fingerprint,eval_side,n_classes,model,feature_config,window,seq_len,n_features,training_seed,batch_size,n_flows_train,n_flows_val,metric_state,best_epoch,eval_seed,selection_state_entries,weighted_loss,deterministic,grad_clip_max_norm,grad_norm_max,grad_pct_clipped,epochs_run,train_macro_f1,val_macro_f1_best,flow_acc,flow_macro_f1,flow_per_f1,flow_per_precision,flow_per_recall,flow_support,class_weights,train_counts,params,checkpoint,checkpoint_bytes,runtime_s,status,error,environment,finished
VNAT_3s_tcpdur_random70_stratified_flowlevel_splitseed42_3feat_timesnet_20ms_seed0,VNAT,VNAT_3s_tcp_duration,3,random70_stratified_flowlevel_splitseed42,42,cac127f87b766f86,Validation,4,timesnet,3feat,20ms,151,3,0,256,1534,663,best_val,12,12345,0,True,True,1.0,8.8564,100.0,43,84.1706,88.4843,91.4027,88.4843,"{""Chat"": 89.676, ""Control"": 93.767, ""File Transfer"": 78.431, ""Streaming"": 92.063}","{""Chat"": 83.06, ""Control"": 91.534, ""File Transfer"": 90.909, ""Streaming"": 97.026}","{""Chat"": 97.436, ""Control"": 96.111, ""File Transfer"": 68.966, ""Streaming"": 87.584}","{""Chat"": 156, ""Control"": 180, ""File Transfer"": 29, ""Streaming"": 298}","{""Chat"": 1.098854, ""Control"": 0.906619, ""File Transfer"": 5.9, ""Streaming"": 0.550215}","{""Chat"": 349, ""Control"": 423, ""File Transfer"": 65, ""Streaming"": 697}",9413636,checkpoints/VNAT_3s_tcp_duration_3feat_seed0/VNAT_3s_tcpdur_random70_stratified_flowlevel_splitseed42_3feat_timesnet_20ms_seed0.pth,38963970,130.4,OK,,"{""torch"": ""2.4.1+cu121"", ""cuda"": ""12.1"", ""gpu"": ""NVIDIA RTX A4500"", ""numpy"": ""1.26.0"", ""python"": ""3.10.12"", ""deterministic"": true, ""grad_clip_max_norm"": 1.0, ""CUBLAS_WORKSPACE_CONFIG"": "":4096:8"", ""CUDA_VISIBLE_DEVICES"": ""0""}",2026-08-21T13:55:36
VNAT_3s_tcpdur_random70_stratified_flowlevel_splitseed42_3feat_timesnet_20ms_seed1,VNAT,VNAT_3s_tcp_duration,3,random70_stratified_flowlevel_splitseed42,42,cac127f87b766f86,Validation,4,timesnet,3feat,20ms,151,3,1,256,1534,663,best_val,98,12345,0,True,True,1.0,16.8245,100.0,106,55.8322,72.5304,70.7391,72.5304,"{""Chat"": 67.097, ""Control"": 88.252, ""File Transfer"": 74.074, ""Streaming"": 60.699}","{""Chat"": 50.485, ""Control"": 91.124, ""File Transfer"": 80.0, ""Streaming"": 86.875}","{""Chat"": 100.0, ""Control"": 85.556, ""File Transfer"": 68.966, ""Streaming"": 46.644}","{""Chat"": 156, ""Control"": 180, ""File Transfer"": 29, ""Streaming"": 298}","{""Chat"": 1.098854, ""Control"": 0.906619, ""File Transfer"": 5.9, ""Streaming"": 0.550215}","{""Chat"": 349, ""Control"": 423, ""File Transfer"": 65, ""Streaming"": 697}",9413636,checkpoints/VNAT_3s_tcp_duration_3feat_seed1/VNAT_3s_tcpdur_random70_stratified_flowlevel_splitseed42_3feat_timesnet_20ms_seed1.pth,38963970,324.2,OK,,"{""torch"": ""2.4.1+cu121"", ""cuda"": ""12.1"", ""gpu"": ""NVIDIA RTX A4500"", ""numpy"": ""1.26.0"", ""python"": ""3.10.12"", ""deterministic"": true, ""grad_clip_max_norm"": 1.0, ""CUBLAS_WORKSPACE_CONFIG"": "":4096:8"", ""CUDA_VISIBLE_DEVICES"": ""0""}",2026-08-21T14:01:01
VNAT_3s_tcpdur_random70_stratified_flowlevel_splitseed42_3feat_timesnet_20ms_seed2,VNAT,VNAT_3s_tcp_duration,3,random70_stratified_flowlevel_splitseed42,42,cac127f87b766f86,Validation,4,timesnet,3feat,20ms,151,3,2,256,1534,663,best_val,16,12345,0,True,True,1.0,15.3195,100.0,33,85.7112,88.5898,91.1011,88.5898,"{""Chat"": 89.676, ""Control"": 92.973, ""File Transfer"": 80.0, ""Streaming"": 91.711}","{""Chat"": 83.06, ""Control"": 90.526, ""File Transfer"": 95.238, ""Streaming"": 96.654}","{""Chat"": 97.436, ""Control"": 95.556, ""File Transfer"": 68.966, ""Streaming"": 87.248}","{""Chat"": 156, ""Control"": 180, ""File Transfer"": 29, ""Streaming"": 298}","{""Chat"": 1.098854, ""Control"": 0.906619, ""File Transfer"": 5.9, ""Streaming"": 0.550215}","{""Chat"": 349, ""Control"": 423, ""File Transfer"": 65, ""Streaming"": 697}",9413636,checkpoints/VNAT_3s_tcp_duration_3feat_seed2/VNAT_3s_tcpdur_random70_stratified_flowlevel_splitseed42_3feat_timesnet_20ms_seed2.pth,38963970,102.2,OK,,"{""torch"": ""2.4.1+cu121"", ""cuda"": ""12.1"", ""gpu"": ""NVIDIA RTX A4500"", ""numpy"": ""1.26.0"", ""python"": ""3.10.12"", ""deterministic"": true, ""grad_clip_max_norm"": 1.0, ""CUBLAS_WORKSPACE_CONFIG"": "":4096:8"", ""CUDA_VISIBLE_DEVICES"": ""0""}",2026-08-21T14:02:44
VNAT_3s_tcpdur_random70_stratified_flowlevel_splitseed42_3feat_informer_20ms_seed0,VNAT,VNAT_3s_tcp_duration,3,random70_stratified_flowlevel_splitseed42,42,cac127f87b766f86,Validation,4,informer,3feat,20ms,151,3,0,64,1534,663,best_val,11,12345,0,True,True,1.0,44.3474,100.0,28,94.0815,92.3502,93.0618,91.254,"{""Chat"": 90.801, ""Control"": 95.368, ""File Transfer"": 85.185, ""Streaming"": 93.662}","{""Chat"": 84.53, ""Control"": 93.583, ""File Transfer"": 92.0, ""Streaming"": 98.519}","{""Chat"": 98.077, ""Control"": 97.222, ""File Transfer"": 79.31, ""Streaming"": 89.262}","{""Chat"": 156, ""Control"": 180, ""File Transfer"": 29, ""Streaming"": 298}","{""Chat"": 1.098854, ""Control"": 0.906619, ""File Transfer"": 5.9, ""Streaming"": 0.550215}","{""Chat"": 349, ""Control"": 423, ""File Transfer"": 65, ""Streaming"": 697}",2831365,checkpoints/VNAT_3s_tcp_duration_3feat_seed0/VNAT_3s_tcpdur_random70_stratified_flowlevel_splitseed42_3feat_informer_20ms_seed0.pth,21609474,31.9,OK,,"{""torch"": ""2.4.1+cu121"", ""cuda"": ""12.1"", ""gpu"": ""NVIDIA RTX A4500"", ""numpy"": ""1.26.0"", ""python"": ""3.10.12"", ""deterministic"": true, ""grad_clip_max_norm"": 1.0, ""CUBLAS_WORKSPACE_CONFIG"": "":4096:8"", ""CUDA_VISIBLE_DEVICES"": ""0""}",2026-08-21T14:03:16
VNAT_3s_tcpdur_random70_stratified_flowlevel_splitseed42_3feat_informer_20ms_seed1,VNAT,VNAT_3s_tcp_duration,3,random70_stratified_flowlevel_splitseed42,42,cac127f87b766f86,Validation,4,informer,3feat,20ms,151,3,1,64,1534,663,best_val,7,12345,0,True,True,1.0,50.8524,100.0,21,92.7959,92.2658,93.6652,91.6795,"{""Chat"": 91.071, ""Control"": 95.89, ""File Transfer"": 85.185, ""Streaming"": 94.571}","{""Chat"": 85.0, ""Control"": 94.595, ""File Transfer"": 92.0, ""Streaming"": 98.901}","{""Chat"": 98.077, ""Control"": 97.222, ""File Transfer"": 79.31, ""Streaming"": 90.604}","{""Chat"": 156, ""Control"": 180, ""File Transfer"": 29, ""Streaming"": 298}","{""Chat"": 1.098854, ""Control"": 0.906619, ""File Transfer"": 5.9, ""Streaming"": 0.550215}","{""Chat"": 349, ""Control"": 423, ""File Transfer"": 65, ""Streaming"": 697}",2831365,checkpoints/VNAT_3s_tcp_duration_3feat_seed1/VNAT_3s_tcpdur_random70_stratified_flowlevel_splitseed42_3feat_informer_20ms_seed1.pth,21609474,23.7,OK,,"{""torch"": ""2.4.1+cu121"", ""cuda"": ""12.1"", ""gpu"": ""NVIDIA RTX A4500"", ""numpy"": ""1.26.0"", ""python"": ""3.10.12"", ""deterministic"": true, ""grad_clip_max_norm"": 1.0, ""CUBLAS_WORKSPACE_CONFIG"": "":4096:8"", ""CUDA_VISIBLE_DEVICES"": ""0""}",2026-08-21T14:03:40
VNAT_3s_tcpdur_random70_stratified_flowlevel_splitseed42_3feat_informer_20ms_seed2,VNAT,VNAT_3s_tcp_duration,3,random70_stratified_flowlevel_splitseed42,42,cac127f87b766f86,Validation,4,informer,3feat,20ms,151,3,2,64,1534,663,best_val,10,12345,0,True,True,1.0,51.4766,100.0,39,93.7884,91.0644,92.7602,91.4251,"{""Chat"": 91.124, ""Control"": 94.851, ""File Transfer"": 86.792, ""Streaming"": 92.933}","{""Chat"": 84.615, ""Control"": 92.593, ""File Transfer"": 95.833, ""Streaming"": 98.134}","{""Chat"": 98.718, ""Control"": 97.222, ""File Transfer"": 79.31, ""Streaming"": 88.255}","{""Chat"": 156, ""Control"": 180, ""File Transfer"": 29, ""Streaming"": 298}","{""Chat"": 1.098854, ""Control"": 0.906619, ""File Transfer"": 5.9, ""Streaming"": 0.550215}","{""Chat"": 349, ""Control"": 423, ""File Transfer"": 65, ""Streaming"": 697}",2831365,checkpoints/VNAT_3s_tcp_duration_3feat_seed2/VNAT_3s_tcpdur_random70_stratified_flowlevel_splitseed42_3feat_informer_20ms_seed2.pth,21609474,43.2,OK,,"{""torch"": ""2.4.1+cu121"", ""cuda"": ""12.1"", ""gpu"": ""NVIDIA RTX A4500"", ""numpy"": ""1.26.0"", ""python"": ""3.10.12"", ""deterministic"": true, ""grad_clip_max_norm"": 1.0, ""CUBLAS_WORKSPACE_CONFIG"": "":4096:8"", ""CUDA_VISIBLE_DEVICES"": ""0""}",2026-08-21T14:04:24
VNAT_3s_tcpdur_random70_stratified_flowlevel_splitseed42_3feat_nst_20ms_seed0,VNAT,VNAT_3s_tcp_duration,3,random70_stratified_flowlevel_splitseed42,42,cac127f87b766f86,Validation,4,nst,3feat,20ms,151,3,0,64,1534,663,best_val,12,12345,0,True,True,1.0,20.0276,100.0,24,91.1564,89.7374,92.1569,89.7374,"{""Chat"": 90.801, ""Control"": 93.583, ""File Transfer"": 81.633, ""Streaming"": 92.933}","{""Chat"": 84.53, ""Control"": 90.206, ""File Transfer"": 100.0, ""Streaming"": 98.134}","{""Chat"": 98.077, ""Control"": 97.222, ""File Transfer"": 68.966, ""Streaming"": 88.255}","{""Chat"": 156, ""Control"": 180, ""File Transfer"": 29, ""Streaming"": 298}","{""Chat"": 1.098854, ""Control"": 0.906619, ""File Transfer"": 5.9, ""Streaming"": 0.550215}","{""Chat"": 349, ""Control"": 423, ""File Transfer"": 65, ""Streaming"": 697}",168590,checkpoints/VNAT_3s_tcp_duration_3feat_seed0/VNAT_3s_tcpdur_random70_stratified_flowlevel_splitseed42_3feat_nst_20ms_seed0.pth,1982410,20.0,OK,,"{""torch"": ""2.4.1+cu121"", ""cuda"": ""12.1"", ""gpu"": ""NVIDIA RTX A4500"", ""numpy"": ""1.26.0"", ""python"": ""3.10.12"", ""deterministic"": true, ""grad_clip_max_norm"": 1.0, ""CUBLAS_WORKSPACE_CONFIG"": "":4096:8"", ""CUDA_VISIBLE_DEVICES"": ""0""}",2026-08-21T14:04:44
VNAT_3s_tcpdur_random70_stratified_flowlevel_splitseed42_3feat_nst_20ms_seed1,VNAT,VNAT_3s_tcp_duration,3,random70_stratified_flowlevel_splitseed42,42,cac127f87b766f86,Validation,4,nst,3feat,20ms,151,3,1,64,1534,663,best_val,13,12345,0,True,True,1.0,23.6901,99.83,24,91.3273,89.9874,92.4585,89.9874,"{""Chat"": 90.855, ""Control"": 94.34, ""File Transfer"": 81.633, ""Streaming"": 93.122}","{""Chat"": 84.153, ""Control"": 91.623, ""File Transfer"": 100.0, ""Streaming"": 98.141}","{""Chat"": 98.718, ""Control"": 97.222, ""File Transfer"": 68.966, ""Streaming"": 88.591}","{""Chat"": 156, ""Control"": 180, ""File Transfer"": 29, ""Streaming"": 298}","{""Chat"": 1.098854, ""Control"": 0.906619, ""File Transfer"": 5.9, ""Streaming"": 0.550215}","{""Chat"": 349, ""Control"": 423, ""File Transfer"": 65, ""Streaming"": 697}",168590,checkpoints/VNAT_3s_tcp_duration_3feat_seed1/VNAT_3s_tcpdur_random70_stratified_flowlevel_splitseed42_3feat_nst_20ms_seed1.pth,1982410,21.0,OK,,"{""torch"": ""2.4.1+cu121"", ""cuda"": ""12.1"", ""gpu"": ""NVIDIA RTX A4500"", ""numpy"": ""1.26.0"", ""python"": ""3.10.12"", ""deterministic"": true, ""grad_clip_max_norm"": 1.0, ""CUBLAS_WORKSPACE_CONFIG"": "":4096:8"", ""CUDA_VISIBLE_DEVICES"": ""0""}",2026-08-21T14:05:05
VNAT_3s_tcpdur_random70_stratified_flowlevel_splitseed42_3feat_nst_20ms_seed2,VNAT,VNAT_3s_tcp_duration,3,random70_stratified_flowlevel_splitseed42,42,cac127f87b766f86,Validation,4,nst,3feat,20ms,151,3,2,64,1534,663,best_val,12,12345,0,True,True,1.0,19.8412,100.0,26,90.5931,90.4234,93.0618,90.4234,"{""Chat"": 90.801, ""Control"": 95.368, ""File Transfer"": 81.633, ""Streaming"": 93.892}","{""Chat"": 84.53, ""Control"": 93.583, ""File Transfer"": 100.0, ""Streaming"": 97.818}","{""Chat"": 98.077, ""Control"": 97.222, ""File Transfer"": 68.966, ""Streaming"": 90.268}","{""Chat"": 156, ""Control"": 180, ""File Transfer"": 29, ""Streaming"": 298}","{""Chat"": 1.098854, ""Control"": 0.906619, ""File Transfer"": 5.9, ""Streaming"": 0.550215}","{""Chat"": 349, ""Control"": 423, ""File Transfer"": 65, ""Streaming"": 697}",168590,checkpoints/VNAT_3s_tcp_duration_3feat_seed2/VNAT_3s_tcpdur_random70_stratified_flowlevel_splitseed42_3feat_nst_20ms_seed2.pth,1982410,23.7,OK,,"{""torch"": ""2.4.1+cu121"", ""cuda"": ""12.1"", ""gpu"": ""NVIDIA RTX A4500"", ""numpy"": ""1.26.0"", ""python"": ""3.10.12"", ""deterministic"": true, ""grad_clip_max_norm"": 1.0, ""CUBLAS_WORKSPACE_CONFIG"": "":4096:8"", ""CUDA_VISIBLE_DEVICES"": ""0""}",2026-08-21T14:05:29
VNAT_3s_tcpdur_random70_stratified_flowlevel_splitseed42_3feat_autoformer_20ms_seed0,VNAT,VNAT_3s_tcp_duration,3,random70_stratified_flowlevel_splitseed42,42,cac127f87b766f86,Validation,4,autoformer,3feat,20ms,151,3,0,256,1534,663,best_val,9,12345,0,True,True,1.0,6.8479,100.0,19,80.7925,58.1774,67.5716,58.1774,"{""Chat"": 19.54, ""Control"": 80.906, ""File Transfer"": 58.333, ""Streaming"": 73.93}","{""Chat"": 94.444, ""Control"": 96.899, ""File Transfer"": 48.837, ""Streaming"": 60.254}","{""Chat"": 10.897, ""Control"": 69.444, ""File Transfer"": 72.414, ""Streaming"": 95.638}","{""Chat"": 156, ""Control"": 180, ""File Transfer"": 29, ""Streaming"": 298}","{""Chat"": 1.098854, ""Control"": 0.906619, ""File Transfer"": 5.9, ""Streaming"": 0.550215}","{""Chat"": 349, ""Control"": 423, ""File Transfer"": 65, ""Streaming"": 697}",138500,checkpoints/VNAT_3s_tcp_duration_3feat_seed0/VNAT_3s_tcpdur_random70_stratified_flowlevel_splitseed42_3feat_autoformer_20ms_seed0.pth,1851490,9.2,OK,,"{""torch"": ""2.4.1+cu121"", ""cuda"": ""12.1"", ""gpu"": ""NVIDIA RTX A4500"", ""numpy"": ""1.26.0"", ""python"": ""3.10.12"", ""deterministic"": true, ""grad_clip_max_norm"": 1.0, ""CUBLAS_WORKSPACE_CONFIG"": "":4096:8"", ""CUDA_VISIBLE_DEVICES"": ""0""}",2026-08-21T14:05:38
VNAT_3s_tcpdur_random70_stratified_flowlevel_splitseed42_3feat_autoformer_20ms_seed1,VNAT,VNAT_3s_tcp_duration,3,random70_stratified_flowlevel_splitseed42,42,cac127f87b766f86,Validation,4,autoformer,3feat,20ms,151,3,1,256,1534,663,best_val,1,12345,0,True,True,1.0,7.6258,100.0,20,28.8718,65.9218,69.0799,65.9218,"{""Chat"": 72.372, ""Control"": 71.006, ""File Transfer"": 53.125, ""Streaming"": 67.184}","{""Chat"": 58.498, ""Control"": 75.949, ""File Transfer"": 48.571, ""Streaming"": 79.724}","{""Chat"": 94.872, ""Control"": 66.667, ""File Transfer"": 58.621, ""Streaming"": 58.054}","{""Chat"": 156, ""Control"": 180, ""File Transfer"": 29, ""Streaming"": 298}","{""Chat"": 1.098854, ""Control"": 0.906619, ""File Transfer"": 5.9, ""Streaming"": 0.550215}","{""Chat"": 349, ""Control"": 423, ""File Transfer"": 65, ""Streaming"": 697}",138500,checkpoints/VNAT_3s_tcp_duration_3feat_seed1/VNAT_3s_tcpdur_random70_stratified_flowlevel_splitseed42_3feat_autoformer_20ms_seed1.pth,1851490,9.9,OK,,"{""torch"": ""2.4.1+cu121"", ""cuda"": ""12.1"", ""gpu"": ""NVIDIA RTX A4500"", ""numpy"": ""1.26.0"", ""python"": ""3.10.12"", ""deterministic"": true, ""grad_clip_max_norm"": 1.0, ""CUBLAS_WORKSPACE_CONFIG"": "":4096:8"", ""CUDA_VISIBLE_DEVICES"": ""0""}",2026-08-21T14:05:48
VNAT_3s_tcpdur_random70_stratified_flowlevel_splitseed42_3feat_autoformer_20ms_seed2,VNAT,VNAT_3s_tcp_duration,3,random70_stratified_flowlevel_splitseed42,42,cac127f87b766f86,Validation,4,autoformer,3feat,20ms,151,3,2,256,1534,663,best_val,12,12345,0,True,True,1.0,7.0511,100.0,20,84.5411,63.289,71.4932,63.289,"{""Chat"": 18.497, ""Control"": 88.69, ""File Transfer"": 69.841, ""Streaming"": 76.127}","{""Chat"": 94.118, ""Control"": 95.513, ""File Transfer"": 64.706, ""Streaming"": 62.939}","{""Chat"": 10.256, ""Control"": 82.778, ""File Transfer"": 75.862, ""Streaming"": 96.309}","{""Chat"": 156, ""Control"": 180, ""File Transfer"": 29, ""Streaming"": 298}","{""Chat"": 1.098854, ""Control"": 0.906619, ""File Transfer"": 5.9, ""Streaming"": 0.550215}","{""Chat"": 349, ""Control"": 423, ""File Transfer"": 65, ""Streaming"": 697}",138500,checkpoints/VNAT_3s_tcp_duration_3feat_seed2/VNAT_3s_tcpdur_random70_stratified_flowlevel_splitseed42_3feat_autoformer_20ms_seed2.pth,1851490,10.0,OK,,"{""torch"": ""2.4.1+cu121"", ""cuda"": ""12.1"", ""gpu"": ""NVIDIA RTX A4500"", ""numpy"": ""1.26.0"", ""python"": ""3.10.12"", ""deterministic"": true, ""grad_clip_max_norm"": 1.0, ""CUBLAS_WORKSPACE_CONFIG"": "":4096:8"", ""CUDA_VISIBLE_DEVICES"": ""0""}",2026-08-21T14:05:59
VNAT_3s_tcpdur_random70_stratified_flowlevel_splitseed42_3feat_fedformer_20ms_seed0,VNAT,VNAT_3s_tcp_duration,3,random70_stratified_flowlevel_splitseed42,42,cac127f87b766f86,Validation,4,fedformer,3feat,20ms,151,3,0,256,1534,663,best_val,30,12345,4,True,True,1.0,10.3142,100.0,40,90.4106,84.7226,86.4253,84.7226,"{""Chat"": 84.53, ""Control"": 90.0, ""File Transfer"": 78.431, ""Streaming"": 85.929}","{""Chat"": 74.272, ""Control"": 85.5, ""File Transfer"": 90.909, ""Streaming"": 97.447}","{""Chat"": 98.077, ""Control"": 95.0, ""File Transfer"": 68.966, ""Streaming"": 76.846}","{""Chat"": 156, ""Control"": 180, ""File Transfer"": 29, ""Streaming"": 298}","{""Chat"": 1.098854, ""Control"": 0.906619, ""File Transfer"": 5.9, ""Streaming"": 0.550215}","{""Chat"": 349, ""Control"": 423, ""File Transfer"": 65, ""Streaming"": 697}",402053,checkpoints/VNAT_3s_tcp_duration_3feat_seed0/VNAT_3s_tcpdur_random70_stratified_flowlevel_splitseed42_3feat_fedformer_20ms_seed0.pth,4204331,77.9,OK,,"{""torch"": ""2.4.1+cu121"", ""cuda"": ""12.1"", ""gpu"": ""NVIDIA RTX A4500"", ""numpy"": ""1.26.0"", ""python"": ""3.10.12"", ""deterministic"": true, ""grad_clip_max_norm"": 1.0, ""CUBLAS_WORKSPACE_CONFIG"": "":4096:8"", ""CUDA_VISIBLE_DEVICES"": ""0""}",2026-08-21T14:07:17
VNAT_3s_tcpdur_random70_stratified_flowlevel_splitseed42_3feat_fedformer_20ms_seed1,VNAT,VNAT_3s_tcp_duration,3,random70_stratified_flowlevel_splitseed42,42,cac127f87b766f86,Validation,4,fedformer,3feat,20ms,151,3,1,256,1534,663,best_val,7,12345,4,True,True,1.0,10.8301,100.0,43,77.0493,83.8755,86.1237,83.8755,"{""Chat"": 85.475, ""Control"": 88.439, ""File Transfer"": 75.472, ""Streaming"": 86.116}","{""Chat"": 75.743, ""Control"": 92.169, ""File Transfer"": 83.333, ""Streaming"": 90.406}","{""Chat"": 98.077, ""Control"": 85.0, ""File Transfer"": 68.966, ""Streaming"": 82.215}","{""Chat"": 156, ""Control"": 180, ""File Transfer"": 29, ""Streaming"": 298}","{""Chat"": 1.098854, ""Control"": 0.906619, ""File Transfer"": 5.9, ""Streaming"": 0.550215}","{""Chat"": 349, ""Control"": 423, ""File Transfer"": 65, ""Streaming"": 697}",402053,checkpoints/VNAT_3s_tcp_duration_3feat_seed1/VNAT_3s_tcpdur_random70_stratified_flowlevel_splitseed42_3feat_fedformer_20ms_seed1.pth,4204331,85.3,OK,,"{""torch"": ""2.4.1+cu121"", ""cuda"": ""12.1"", ""gpu"": ""NVIDIA RTX A4500"", ""numpy"": ""1.26.0"", ""python"": ""3.10.12"", ""deterministic"": true, ""grad_clip_max_norm"": 1.0, ""CUBLAS_WORKSPACE_CONFIG"": "":4096:8"", ""CUDA_VISIBLE_DEVICES"": ""0""}",2026-08-21T14:08:42
VNAT_3s_tcpdur_random70_stratified_flowlevel_splitseed42_3feat_fedformer_20ms_seed2,VNAT,VNAT_3s_tcp_duration,3,random70_stratified_flowlevel_splitseed42,42,cac127f87b766f86,Validation,4,fedformer,3feat,20ms,151,3,2,256,1534,663,best_val,28,12345,4,True,True,1.0,8.7325,100.0,41,89.1418,82.6696,83.7104,82.6696,"{""Chat"": 84.298, ""Control"": 85.014, ""File Transfer"": 78.431, ""Streaming"": 82.936}","{""Chat"": 73.913, ""Control"": 83.422, ""File Transfer"": 90.909, ""Streaming"": 91.498}","{""Chat"": 98.077, ""Control"": 86.667, ""File Transfer"": 68.966, ""Streaming"": 75.839}","{""Chat"": 156, ""Control"": 180, ""File Transfer"": 29, ""Streaming"": 298}","{""Chat"": 1.098854, ""Control"": 0.906619, ""File Transfer"": 5.9, ""Streaming"": 0.550215}","{""Chat"": 349, ""Control"": 423, ""File Transfer"": 65, ""Streaming"": 697}",402053,checkpoints/VNAT_3s_tcp_duration_3feat_seed2/VNAT_3s_tcpdur_random70_stratified_flowlevel_splitseed42_3feat_fedformer_20ms_seed2.pth,4204331,79.4,OK,,"{""torch"": ""2.4.1+cu121"", ""cuda"": ""12.1"", ""gpu"": ""NVIDIA RTX A4500"", ""numpy"": ""1.26.0"", ""python"": ""3.10.12"", ""deterministic"": true, ""grad_clip_max_norm"": 1.0, ""CUBLAS_WORKSPACE_CONFIG"": "":4096:8"", ""CUDA_VISIBLE_DEVICES"": ""0""}",2026-08-21T14:10:02
VNAT_3s_tcpdur_random70_stratified_flowlevel_splitseed42_3feat_timemixer_20ms_seed0,VNAT,VNAT_3s_tcp_duration,3,random70_stratified_flowlevel_splitseed42,42,cac127f87b766f86,Validation,4,timemixer,3feat,20ms,151,3,0,256,1534,663,best_val,5,12345,0,True,True,1.0,3.6016,2.98,56,48.1403,55.3226,61.8401,55.3226,"{""Chat"": 55.711, ""Control"": 0.0, ""File Transfer"": 81.633, ""Streaming"": 83.946}","{""Chat"": 40.525, ""Control"": 0.0, ""File Transfer"": 100.0, ""Streaming"": 83.667}","{""Chat"": 89.103, ""Control"": 0.0, ""File Transfer"": 68.966, ""Streaming"": 84.228}","{""Chat"": 156, ""Control"": 180, ""File Transfer"": 29, ""Streaming"": 298}","{""Chat"": 1.098854, ""Control"": 0.906619, ""File Transfer"": 5.9, ""Streaming"": 0.550215}","{""Chat"": 349, ""Control"": 423, ""File Transfer"": 65, ""Streaming"": 697}",300774,checkpoints/VNAT_3s_tcp_duration_3feat_seed0/VNAT_3s_tcpdur_random70_stratified_flowlevel_splitseed42_3feat_timemixer_20ms_seed0.pth,2519622,17.5,OK,,"{""torch"": ""2.4.1+cu121"", ""cuda"": ""12.1"", ""gpu"": ""NVIDIA RTX A4500"", ""numpy"": ""1.26.0"", ""python"": ""3.10.12"", ""deterministic"": true, ""grad_clip_max_norm"": 1.0, ""CUBLAS_WORKSPACE_CONFIG"": "":4096:8"", ""CUDA_VISIBLE_DEVICES"": ""0""}",2026-08-21T14:10:20
VNAT_3s_tcpdur_random70_stratified_flowlevel_splitseed42_3feat_timemixer_20ms_seed1,VNAT,VNAT_3s_tcp_duration,3,random70_stratified_flowlevel_splitseed42,42,cac127f87b766f86,Validation,4,timemixer,3feat,20ms,151,3,1,256,1534,663,best_val,7,12345,0,True,True,1.0,5.3937,6.35,21,46.7409,47.8208,53.6953,47.8208,"{""Chat"": 44.34, ""Control"": 0.0, ""File Transfer"": 81.633, ""Streaming"": 65.311}","{""Chat"": 83.929, ""Control"": 0.0, ""File Transfer"": 100.0, ""Streaming"": 49.233}","{""Chat"": 30.128, ""Control"": 0.0, ""File Transfer"": 68.966, ""Streaming"": 96.98}","{""Chat"": 156, ""Control"": 180, ""File Transfer"": 29, ""Streaming"": 298}","{""Chat"": 1.098854, ""Control"": 0.906619, ""File Transfer"": 5.9, ""Streaming"": 0.550215}","{""Chat"": 349, ""Control"": 423, ""File Transfer"": 65, ""Streaming"": 697}",300774,checkpoints/VNAT_3s_tcp_duration_3feat_seed1/VNAT_3s_tcpdur_random70_stratified_flowlevel_splitseed42_3feat_timemixer_20ms_seed1.pth,2519622,6.7,OK,,"{""torch"": ""2.4.1+cu121"", ""cuda"": ""12.1"", ""gpu"": ""NVIDIA RTX A4500"", ""numpy"": ""1.26.0"", ""python"": ""3.10.12"", ""deterministic"": true, ""grad_clip_max_norm"": 1.0, ""CUBLAS_WORKSPACE_CONFIG"": "":4096:8"", ""CUDA_VISIBLE_DEVICES"": ""0""}",2026-08-21T14:10:27
VNAT_3s_tcpdur_random70_stratified_flowlevel_splitseed42_3feat_timemixer_20ms_seed2,VNAT,VNAT_3s_tcp_duration,3,random70_stratified_flowlevel_splitseed42,42,cac127f87b766f86,Validation,4,timemixer,3feat,20ms,151,3,2,256,1534,663,best_val,6,12345,0,True,True,1.0,5.1001,7.02,19,37.4646,41.875,38.6124,41.875,"{""Chat"": 43.236, ""Control"": 0.0, ""File Transfer"": 81.633, ""Streaming"": 42.632}","{""Chat"": 27.629, ""Control"": 0.0, ""File Transfer"": 100.0, ""Streaming"": 98.78}","{""Chat"": 99.359, ""Control"": 0.0, ""File Transfer"": 68.966, ""Streaming"": 27.181}","{""Chat"": 156, ""Control"": 180, ""File Transfer"": 29, ""Streaming"": 298}","{""Chat"": 1.098854, ""Control"": 0.906619, ""File Transfer"": 5.9, ""Streaming"": 0.550215}","{""Chat"": 349, ""Control"": 423, ""File Transfer"": 65, ""Streaming"": 697}",300774,checkpoints/VNAT_3s_tcp_duration_3feat_seed2/VNAT_3s_tcpdur_random70_stratified_flowlevel_splitseed42_3feat_timemixer_20ms_seed2.pth,2519622,6.3,OK,,"{""torch"": ""2.4.1+cu121"", ""cuda"": ""12.1"", ""gpu"": ""NVIDIA RTX A4500"", ""numpy"": ""1.26.0"", ""python"": ""3.10.12"", ""deterministic"": true, ""grad_clip_max_norm"": 1.0, ""CUBLAS_WORKSPACE_CONFIG"": "":4096:8"", ""CUDA_VISIBLE_DEVICES"": ""0""}",2026-08-21T14:10:33
VNAT_3s_tcpdur_random70_stratified_flowlevel_splitseed42_3feat_timesnet_30ms_seed0,VNAT,VNAT_3s_tcp_duration,3,random70_stratified_flowlevel_splitseed42,42,cac127f87b766f86,Validation,4,timesnet,3feat,30ms,101,3,0,256,1534,663,best_val,28,12345,0,True,True,1.0,11.7577,100.0,37,88.8681,89.03,91.2519,89.03,"{""Chat"": 87.429, ""Control"": 95.109, ""File Transfer"": 81.633, ""Streaming"": 91.95}","{""Chat"": 78.866, ""Control"": 93.085, ""File Transfer"": 100.0, ""Streaming"": 98.467}","{""Chat"": 98.077, ""Control"": 97.222, ""File Transfer"": 68.966, ""Streaming"": 86.242}","{""Chat"": 156, ""Control"": 180, ""File Transfer"": 29, ""Streaming"": 298}","{""Chat"": 1.098854, ""Control"": 0.906619, ""File Transfer"": 5.9, ""Streaming"": 0.550215}","{""Chat"": 349, ""Control"": 423, ""File Transfer"": 65, ""Streaming"": 697}",9400836,checkpoints/VNAT_3s_tcp_duration_3feat_seed0/VNAT_3s_tcpdur_random70_stratified_flowlevel_splitseed42_3feat_timesnet_30ms_seed0.pth,38912770,78.4,OK,,"{""torch"": ""2.4.1+cu121"", ""cuda"": ""12.1"", ""gpu"": ""NVIDIA RTX A4500"", ""numpy"": ""1.26.0"", ""python"": ""3.10.12"", ""deterministic"": true, ""grad_clip_max_norm"": 1.0, ""CUBLAS_WORKSPACE_CONFIG"": "":4096:8"", ""CUDA_VISIBLE_DEVICES"": ""0""}",2026-08-21T14:11:52
VNAT_3s_tcpdur_random70_stratified_flowlevel_splitseed42_3feat_timesnet_30ms_seed1,VNAT,VNAT_3s_tcp_duration,3,random70_stratified_flowlevel_splitseed42,42,cac127f87b766f86,Validation,4,timesnet,3feat,30ms,101,3,1,256,1534,663,best_val,27,12345,0,True,True,1.0,13.8658,99.59,41,89.1274,89.3522,91.7044,89.3522,"{""Chat"": 88.372, ""Control"": 94.851, ""File Transfer"": 81.633, ""Streaming"": 92.553}","{""Chat"": 80.851, ""Control"": 92.593, ""File Transfer"": 100.0, ""Streaming"": 98.12}","{""Chat"": 97.436, ""Control"": 97.222, ""File Transfer"": 68.966, ""Streaming"": 87.584}","{""Chat"": 156, ""Control"": 180, ""File Transfer"": 29, ""Streaming"": 298}","{""Chat"": 1.098854, ""Control"": 0.906619, ""File Transfer"": 5.9, ""Streaming"": 0.550215}","{""Chat"": 349, ""Control"": 423, ""File Transfer"": 65, ""Streaming"": 697}",9400836,checkpoints/VNAT_3s_tcp_duration_3feat_seed1/VNAT_3s_tcpdur_random70_stratified_flowlevel_splitseed42_3feat_timesnet_30ms_seed1.pth,38912770,87.5,OK,,"{""torch"": ""2.4.1+cu121"", ""cuda"": ""12.1"", ""gpu"": ""NVIDIA RTX A4500"", ""numpy"": ""1.26.0"", ""python"": ""3.10.12"", ""deterministic"": true, ""grad_clip_max_norm"": 1.0, ""CUBLAS_WORKSPACE_CONFIG"": "":4096:8"", ""CUDA_VISIBLE_DEVICES"": ""0""}",2026-08-21T14:13:20
VNAT_3s_tcpdur_random70_stratified_flowlevel_splitseed42_3feat_timesnet_30ms_seed2,VNAT,VNAT_3s_tcp_duration,3,random70_stratified_flowlevel_splitseed42,42,cac127f87b766f86,Validation,4,timesnet,3feat,30ms,101,3,2,256,1534,663,best_val,26,12345,0,True,True,1.0,9.595,99.6,42,88.1974,89.5194,92.006,89.5194,"{""Chat"": 89.552, ""Control"": 93.583, ""File Transfer"": 81.633, ""Streaming"": 93.31}","{""Chat"": 83.799, ""Control"": 90.206, ""File Transfer"": 100.0, ""Streaming"": 98.148}","{""Chat"": 96.154, ""Control"": 97.222, ""File Transfer"": 68.966, ""Streaming"": 88.926}","{""Chat"": 156, ""Control"": 180, ""File Transfer"": 29, ""Streaming"": 298}","{""Chat"": 1.098854, ""Control"": 0.906619, ""File Transfer"": 5.9, ""Streaming"": 0.550215}","{""Chat"": 349, ""Control"": 423, ""File Transfer"": 65, ""Streaming"": 697}",9400836,checkpoints/VNAT_3s_tcp_duration_3feat_seed2/VNAT_3s_tcpdur_random70_stratified_flowlevel_splitseed42_3feat_timesnet_30ms_seed2.pth,38912770,89.9,OK,,"{""torch"": ""2.4.1+cu121"", ""cuda"": ""12.1"", ""gpu"": ""NVIDIA RTX A4500"", ""numpy"": ""1.26.0"", ""python"": ""3.10.12"", ""deterministic"": true, ""grad_clip_max_norm"": 1.0, ""CUBLAS_WORKSPACE_CONFIG"": "":4096:8"", ""CUDA_VISIBLE_DEVICES"": ""0""}",2026-08-21T14:14:50
VNAT_3s_tcpdur_random70_stratified_flowlevel_splitseed42_3feat_informer_30ms_seed0,VNAT,VNAT_3s_tcp_duration,3,random70_stratified_flowlevel_splitseed42,42,cac127f87b766f86,Validation,4,informer,3feat,30ms,101,3,0,64,1534,663,best_val,4,12345,0,True,True,1.0,39.8762,100.0,25,88.2814,89.8013,92.3077,89.8013,"{""Chat"": 89.412, ""Control"": 94.851, ""File Transfer"": 81.633, ""Streaming"": 93.31}","{""Chat"": 82.609, ""Control"": 92.593, ""File Transfer"": 100.0, ""Streaming"": 98.148}","{""Chat"": 97.436, ""Control"": 97.222, ""File Transfer"": 68.966, ""Streaming"": 88.926}","{""Chat"": 156, ""Control"": 180, ""File Transfer"": 29, ""Streaming"": 298}","{""Chat"": 1.098854, ""Control"": 0.906619, ""File Transfer"": 5.9, ""Streaming"": 0.550215}","{""Chat"": 349, ""Control"": 423, ""File Transfer"": 65, ""Streaming"": 697}",2780165,checkpoints/VNAT_3s_tcp_duration_3feat_seed0/VNAT_3s_tcpdur_random70_stratified_flowlevel_splitseed42_3feat_informer_30ms_seed0.pth,21404674,25.5,OK,,"{""torch"": ""2.4.1+cu121"", ""cuda"": ""12.1"", ""gpu"": ""NVIDIA RTX A4500"", ""numpy"": ""1.26.0"", ""python"": ""3.10.12"", ""deterministic"": true, ""grad_clip_max_norm"": 1.0, ""CUBLAS_WORKSPACE_CONFIG"": "":4096:8"", ""CUDA_VISIBLE_DEVICES"": ""0""}",2026-08-21T14:15:16
VNAT_3s_tcpdur_random70_stratified_flowlevel_splitseed42_3feat_informer_30ms_seed1,VNAT,VNAT_3s_tcp_duration,3,random70_stratified_flowlevel_splitseed42,42,cac127f87b766f86,Validation,4,informer,3feat,30ms,101,3,1,64,1534,663,best_val,20,12345,0,True,True,1.0,38.9491,100.0,28,88.9588,89.1319,91.2519,88.652,"{""Chat"": 87.356, ""Control"": 95.109, ""File Transfer"": 80.0, ""Streaming"": 92.143}","{""Chat"": 79.167, ""Control"": 93.085, ""File Transfer"": 95.238, ""Streaming"": 98.473}","{""Chat"": 97.436, ""Control"": 97.222, ""File Transfer"": 68.966, ""Streaming"": 86.577}","{""Chat"": 156, ""Control"": 180, ""File Transfer"": 29, ""Streaming"": 298}","{""Chat"": 1.098854, ""Control"": 0.906619, ""File Transfer"": 5.9, ""Streaming"": 0.550215}","{""Chat"": 349, ""Control"": 423, ""File Transfer"": 65, ""Streaming"": 697}",2780165,checkpoints/VNAT_3s_tcp_duration_3feat_seed1/VNAT_3s_tcpdur_random70_stratified_flowlevel_splitseed42_3feat_informer_30ms_seed1.pth,21404674,27.0,OK,,"{""torch"": ""2.4.1+cu121"", ""cuda"": ""12.1"", ""gpu"": ""NVIDIA RTX A4500"", ""numpy"": ""1.26.0"", ""python"": ""3.10.12"", ""deterministic"": true, ""grad_clip_max_norm"": 1.0, ""CUBLAS_WORKSPACE_CONFIG"": "":4096:8"", ""CUDA_VISIBLE_DEVICES"": ""0""}",2026-08-21T14:15:43
VNAT_3s_tcpdur_random70_stratified_flowlevel_splitseed42_3feat_informer_30ms_seed2,VNAT,VNAT_3s_tcp_duration,3,random70_stratified_flowlevel_splitseed42,42,cac127f87b766f86,Validation,4,informer,3feat,30ms,101,3,2,64,1534,663,best_val,17,12345,0,True,True,1.0,44.3045,100.0,25,89.7364,90.2333,92.006,89.2093,"{""Chat"": 88.372, ""Control"": 95.368, ""File Transfer"": 80.0, ""Streaming"": 93.097}","{""Chat"": 80.851, ""Control"": 93.583, ""File Transfer"": 95.238, ""Streaming"": 98.502}","{""Chat"": 97.436, ""Control"": 97.222, ""File Transfer"": 68.966, ""Streaming"": 88.255}","{""Chat"": 156, ""Control"": 180, ""File Transfer"": 29, ""Streaming"": 298}","{""Chat"": 1.098854, ""Control"": 0.906619, ""File Transfer"": 5.9, ""Streaming"": 0.550215}","{""Chat"": 349, ""Control"": 423, ""File Transfer"": 65, ""Streaming"": 697}",2780165,checkpoints/VNAT_3s_tcp_duration_3feat_seed2/VNAT_3s_tcpdur_random70_stratified_flowlevel_splitseed42_3feat_informer_30ms_seed2.pth,21404674,26.1,OK,,"{""torch"": ""2.4.1+cu121"", ""cuda"": ""12.1"", ""gpu"": ""NVIDIA RTX A4500"", ""numpy"": ""1.26.0"", ""python"": ""3.10.12"", ""deterministic"": true, ""grad_clip_max_norm"": 1.0, ""CUBLAS_WORKSPACE_CONFIG"": "":4096:8"", ""CUDA_VISIBLE_DEVICES"": ""0""}",2026-08-21T14:16:09
VNAT_3s_tcpdur_random70_stratified_flowlevel_splitseed42_3feat_nst_30ms_seed0,VNAT,VNAT_3s_tcp_duration,3,random70_stratified_flowlevel_splitseed42,42,cac127f87b766f86,Validation,4,nst,3feat,30ms,101,3,0,64,1534,663,best_val,15,12345,0,True,True,1.0,16.3989,100.0,29,90.1831,90.3907,93.0618,90.3907,"{""Chat"": 91.843, ""Control"": 93.867, ""File Transfer"": 81.633, ""Streaming"": 94.221}","{""Chat"": 86.857, ""Control"": 90.256, ""File Transfer"": 100.0, ""Streaming"": 98.535}","{""Chat"": 97.436, ""Control"": 97.778, ""File Transfer"": 68.966, ""Streaming"": 90.268}","{""Chat"": 156, ""Control"": 180, ""File Transfer"": 29, ""Streaming"": 298}","{""Chat"": 1.098854, ""Control"": 0.906619, ""File Transfer"": 5.9, ""Streaming"": 0.550215}","{""Chat"": 349, ""Control"": 423, ""File Transfer"": 65, ""Streaming"": 697}",152290,checkpoints/VNAT_3s_tcp_duration_3feat_seed0/VNAT_3s_tcpdur_random70_stratified_flowlevel_splitseed42_3feat_nst_30ms_seed0.pth,1917258,27.1,OK,,"{""torch"": ""2.4.1+cu121"", ""cuda"": ""12.1"", ""gpu"": ""NVIDIA RTX A4500"", ""numpy"": ""1.26.0"", ""python"": ""3.10.12"", ""deterministic"": true, ""grad_clip_max_norm"": 1.0, ""CUBLAS_WORKSPACE_CONFIG"": "":4096:8"", ""CUDA_VISIBLE_DEVICES"": ""0""}",2026-08-21T14:16:37
VNAT_3s_tcpdur_random70_stratified_flowlevel_splitseed42_3feat_nst_30ms_seed1,VNAT,VNAT_3s_tcp_duration,3,random70_stratified_flowlevel_splitseed42,42,cac127f87b766f86,Validation,4,nst,3feat,30ms,101,3,1,64,1534,663,best_val,15,12345,0,True,True,1.0,15.6041,100.0,26,89.1511,88.5987,92.006,88.5987,"{""Chat"": 88.496, ""Control"": 94.851, ""File Transfer"": 77.551, ""Streaming"": 93.497}","{""Chat"": 81.967, ""Control"": 92.593, ""File Transfer"": 95.0, ""Streaming"": 98.155}","{""Chat"": 96.154, ""Control"": 97.222, ""File Transfer"": 65.517, ""Streaming"": 89.262}","{""Chat"": 156, ""Control"": 180, ""File Transfer"": 29, ""Streaming"": 298}","{""Chat"": 1.098854, ""Control"": 0.906619, ""File Transfer"": 5.9, ""Streaming"": 0.550215}","{""Chat"": 349, ""Control"": 423, ""File Transfer"": 65, ""Streaming"": 697}",152290,checkpoints/VNAT_3s_tcp_duration_3feat_seed1/VNAT_3s_tcpdur_random70_stratified_flowlevel_splitseed42_3feat_nst_30ms_seed1.pth,1917258,24.1,OK,,"{""torch"": ""2.4.1+cu121"", ""cuda"": ""12.1"", ""gpu"": ""NVIDIA RTX A4500"", ""numpy"": ""1.26.0"", ""python"": ""3.10.12"", ""deterministic"": true, ""grad_clip_max_norm"": 1.0, ""CUBLAS_WORKSPACE_CONFIG"": "":4096:8"", ""CUDA_VISIBLE_DEVICES"": ""0""}",2026-08-21T14:17:01
VNAT_3s_tcpdur_random70_stratified_flowlevel_splitseed42_3feat_nst_30ms_seed2,VNAT,VNAT_3s_tcp_duration,3,random70_stratified_flowlevel_splitseed42,42,cac127f87b766f86,Validation,4,nst,3feat,30ms,101,3,2,64,1534,663,best_val,12,12345,0,True,True,1.0,18.718,100.0,26,90.0384,89.6714,92.911,89.6714,"{""Chat"": 90.149, ""Control"": 95.109, ""File Transfer"": 79.167, ""Streaming"": 94.261}","{""Chat"": 84.358, ""Control"": 93.085, ""File Transfer"": 100.0, ""Streaming"": 97.834}","{""Chat"": 96.795, ""Control"": 97.222, ""File Transfer"": 65.517, ""Streaming"": 90.94}","{""Chat"": 156, ""Control"": 180, ""File Transfer"": 29, ""Streaming"": 298}","{""Chat"": 1.098854, ""Control"": 0.906619, ""File Transfer"": 5.9, ""Streaming"": 0.550215}","{""Chat"": 349, ""Control"": 423, ""File Transfer"": 65, ""Streaming"": 697}",152290,checkpoints/VNAT_3s_tcp_duration_3feat_seed2/VNAT_3s_tcpdur_random70_stratified_flowlevel_splitseed42_3feat_nst_30ms_seed2.pth,1917258,18.2,OK,,"{""torch"": ""2.4.1+cu121"", ""cuda"": ""12.1"", ""gpu"": ""NVIDIA RTX A4500"", ""numpy"": ""1.26.0"", ""python"": ""3.10.12"", ""deterministic"": true, ""grad_clip_max_norm"": 1.0, ""CUBLAS_WORKSPACE_CONFIG"": "":4096:8"", ""CUDA_VISIBLE_DEVICES"": ""0""}",2026-08-21T14:17:19
VNAT_3s_tcpdur_random70_stratified_flowlevel_splitseed42_3feat_autoformer_30ms_seed0,VNAT,VNAT_3s_tcp_duration,3,random70_stratified_flowlevel_splitseed42,42,cac127f87b766f86,Validation,4,autoformer,3feat,30ms,101,3,0,256,1534,663,best_val,4,12345,0,True,True,1.0,6.0117,100.0,18,62.3357,45.1269,54.2986,45.1269,"{""Chat"": 6.135, ""Control"": 41.88, ""File Transfer"": 66.667, ""Streaming"": 65.826}","{""Chat"": 71.429, ""Control"": 90.741, ""File Transfer"": 67.857, ""Streaming"": 50.0}","{""Chat"": 3.205, ""Control"": 27.222, ""File Transfer"": 65.517, ""Streaming"": 96.309}","{""Chat"": 156, ""Control"": 180, ""File Transfer"": 29, ""Streaming"": 298}","{""Chat"": 1.098854, ""Control"": 0.906619, ""File Transfer"": 5.9, ""Streaming"": 0.550215}","{""Chat"": 349, ""Control"": 423, ""File Transfer"": 65, ""Streaming"": 697}",125700,checkpoints/VNAT_3s_tcp_duration_3feat_seed0/VNAT_3s_tcpdur_random70_stratified_flowlevel_splitseed42_3feat_autoformer_30ms_seed0.pth,1800290,7.4,OK,,"{""torch"": ""2.4.1+cu121"", ""cuda"": ""12.1"", ""gpu"": ""NVIDIA RTX A4500"", ""numpy"": ""1.26.0"", ""python"": ""3.10.12"", ""deterministic"": true, ""grad_clip_max_norm"": 1.0, ""CUBLAS_WORKSPACE_CONFIG"": "":4096:8"", ""CUDA_VISIBLE_DEVICES"": ""0""}",2026-08-21T14:17:27
VNAT_3s_tcpdur_random70_stratified_flowlevel_splitseed42_3feat_autoformer_30ms_seed1,VNAT,VNAT_3s_tcp_duration,3,random70_stratified_flowlevel_splitseed42,42,cac127f87b766f86,Validation,4,autoformer,3feat,30ms,101,3,1,256,1534,663,best_val,4,12345,0,True,True,1.0,5.7228,100.0,20,62.5119,49.3738,56.8627,49.3738,"{""Chat"": 17.045, ""Control"": 47.737, ""File Transfer"": 65.574, ""Streaming"": 67.139}","{""Chat"": 75.0, ""Control"": 92.063, ""File Transfer"": 62.5, ""Streaming"": 51.825}","{""Chat"": 9.615, ""Control"": 32.222, ""File Transfer"": 68.966, ""Streaming"": 95.302}","{""Chat"": 156, ""Control"": 180, ""File Transfer"": 29, ""Streaming"": 298}","{""Chat"": 1.098854, ""Control"": 0.906619, ""File Transfer"": 5.9, ""Streaming"": 0.550215}","{""Chat"": 349, ""Control"": 423, ""File Transfer"": 65, ""Streaming"": 697}",125700,checkpoints/VNAT_3s_tcp_duration_3feat_seed1/VNAT_3s_tcpdur_random70_stratified_flowlevel_splitseed42_3feat_autoformer_30ms_seed1.pth,1800290,8.2,OK,,"{""torch"": ""2.4.1+cu121"", ""cuda"": ""12.1"", ""gpu"": ""NVIDIA RTX A4500"", ""numpy"": ""1.26.0"", ""python"": ""3.10.12"", ""deterministic"": true, ""grad_clip_max_norm"": 1.0, ""CUBLAS_WORKSPACE_CONFIG"": "":4096:8"", ""CUDA_VISIBLE_DEVICES"": ""0""}",2026-08-21T14:17:35
VNAT_3s_tcpdur_random70_stratified_flowlevel_splitseed42_3feat_autoformer_30ms_seed2,VNAT,VNAT_3s_tcp_duration,3,random70_stratified_flowlevel_splitseed42,42,cac127f87b766f86,Validation,4,autoformer,3feat,30ms,101,3,2,256,1534,663,best_val,12,12345,0,True,True,1.0,6.6336,100.0,20,76.9806,41.3468,52.0362,41.3468,"{""Chat"": 8.187, ""Control"": 35.874, ""File Transfer"": 56.757, ""Streaming"": 64.569}","{""Chat"": 46.667, ""Control"": 93.023, ""File Transfer"": 46.667, ""Streaming"": 49.464}","{""Chat"": 4.487, ""Control"": 22.222, ""File Transfer"": 72.414, ""Streaming"": 92.953}","{""Chat"": 156, ""Control"": 180, ""File Transfer"": 29, ""Streaming"": 298}","{""Chat"": 1.098854, ""Control"": 0.906619, ""File Transfer"": 5.9, ""Streaming"": 0.550215}","{""Chat"": 349, ""Control"": 423, ""File Transfer"": 65, ""Streaming"": 697}",125700,checkpoints/VNAT_3s_tcp_duration_3feat_seed2/VNAT_3s_tcpdur_random70_stratified_flowlevel_splitseed42_3feat_autoformer_30ms_seed2.pth,1800290,8.1,OK,,"{""torch"": ""2.4.1+cu121"", ""cuda"": ""12.1"", ""gpu"": ""NVIDIA RTX A4500"", ""numpy"": ""1.26.0"", ""python"": ""3.10.12"", ""deterministic"": true, ""grad_clip_max_norm"": 1.0, ""CUBLAS_WORKSPACE_CONFIG"": "":4096:8"", ""CUDA_VISIBLE_DEVICES"": ""0""}",2026-08-21T14:17:43
VNAT_3s_tcpdur_random70_stratified_flowlevel_splitseed42_3feat_fedformer_30ms_seed0,VNAT,VNAT_3s_tcp_duration,3,random70_stratified_flowlevel_splitseed42,42,cac127f87b766f86,Validation,4,fedformer,3feat,30ms,101,3,0,256,1534,663,best_val,20,12345,4,True,True,1.0,8.8603,100.0,42,86.2269,86.5138,88.9894,86.5138,"{""Chat"": 84.181, ""Control"": 93.333, ""File Transfer"": 78.431, ""Streaming"": 90.11}","{""Chat"": 75.253, ""Control"": 89.744, ""File Transfer"": 90.909, ""Streaming"": 99.194}","{""Chat"": 95.513, ""Control"": 97.222, ""File Transfer"": 68.966, ""Streaming"": 82.55}","{""Chat"": 156, ""Control"": 180, ""File Transfer"": 29, ""Streaming"": 298}","{""Chat"": 1.098854, ""Control"": 0.906619, ""File Transfer"": 5.9, ""Streaming"": 0.550215}","{""Chat"": 349, ""Control"": 423, ""File Transfer"": 65, ""Streaming"": 697}",360581,checkpoints/VNAT_3s_tcp_duration_3feat_seed0/VNAT_3s_tcpdur_random70_stratified_flowlevel_splitseed42_3feat_fedformer_30ms_seed0.pth,4038379,79.7,OK,,"{""torch"": ""2.4.1+cu121"", ""cuda"": ""12.1"", ""gpu"": ""NVIDIA RTX A4500"", ""numpy"": ""1.26.0"", ""python"": ""3.10.12"", ""deterministic"": true, ""grad_clip_max_norm"": 1.0, ""CUBLAS_WORKSPACE_CONFIG"": "":4096:8"", ""CUDA_VISIBLE_DEVICES"": ""0""}",2026-08-21T14:19:03
VNAT_3s_tcpdur_random70_stratified_flowlevel_splitseed42_3feat_fedformer_30ms_seed1,VNAT,VNAT_3s_tcp_duration,3,random70_stratified_flowlevel_splitseed42,42,cac127f87b766f86,Validation,4,fedformer,3feat,30ms,101,3,1,256,1534,663,best_val,21,12345,4,True,True,1.0,9.1219,100.0,39,87.1384,86.7361,89.2911,86.7361,"{""Chat"": 84.419, ""Control"": 93.583, ""File Transfer"": 78.431, ""Streaming"": 90.511}","{""Chat"": 75.635, ""Control"": 90.206, ""File Transfer"": 90.909, ""Streaming"": 99.2}","{""Chat"": 95.513, ""Control"": 97.222, ""File Transfer"": 68.966, ""Streaming"": 83.221}","{""Chat"": 156, ""Control"": 180, ""File Transfer"": 29, ""Streaming"": 298}","{""Chat"": 1.098854, ""Control"": 0.906619, ""File Transfer"": 5.9, ""Streaming"": 0.550215}","{""Chat"": 349, ""Control"": 423, ""File Transfer"": 65, ""Streaming"": 697}",360581,checkpoints/VNAT_3s_tcp_duration_3feat_seed1/VNAT_3s_tcpdur_random70_stratified_flowlevel_splitseed42_3feat_fedformer_30ms_seed1.pth,4038379,74.1,OK,,"{""torch"": ""2.4.1+cu121"", ""cuda"": ""12.1"", ""gpu"": ""NVIDIA RTX A4500"", ""numpy"": ""1.26.0"", ""python"": ""3.10.12"", ""deterministic"": true, ""grad_clip_max_norm"": 1.0, ""CUBLAS_WORKSPACE_CONFIG"": "":4096:8"", ""CUDA_VISIBLE_DEVICES"": ""0""}",2026-08-21T14:20:17
VNAT_3s_tcpdur_random70_stratified_flowlevel_splitseed42_3feat_fedformer_30ms_seed2,VNAT,VNAT_3s_tcp_duration,3,random70_stratified_flowlevel_splitseed42,42,cac127f87b766f86,Validation,4,fedformer,3feat,30ms,101,3,2,256,1534,663,best_val,28,12345,4,True,True,1.0,12.5795,100.0,42,87.918,86.0767,88.2353,86.0767,"{""Chat"": 83.06, ""Control"": 94.34, ""File Transfer"": 78.431, ""Streaming"": 88.476}","{""Chat"": 72.381, ""Control"": 91.623, ""File Transfer"": 90.909, ""Streaming"": 99.167}","{""Chat"": 97.436, ""Control"": 97.222, ""File Transfer"": 68.966, ""Streaming"": 79.866}","{""Chat"": 156, ""Control"": 180, ""File Transfer"": 29, ""Streaming"": 298}","{""Chat"": 1.098854, ""Control"": 0.906619, ""File Transfer"": 5.9, ""Streaming"": 0.550215}","{""Chat"": 349, ""Control"": 423, ""File Transfer"": 65, ""Streaming"": 697}",360581,checkpoints/VNAT_3s_tcp_duration_3feat_seed2/VNAT_3s_tcpdur_random70_stratified_flowlevel_splitseed42_3feat_fedformer_30ms_seed2.pth,4038379,80.7,OK,,"{""torch"": ""2.4.1+cu121"", ""cuda"": ""12.1"", ""gpu"": ""NVIDIA RTX A4500"", ""numpy"": ""1.26.0"", ""python"": ""3.10.12"", ""deterministic"": true, ""grad_clip_max_norm"": 1.0, ""CUBLAS_WORKSPACE_CONFIG"": "":4096:8"", ""CUDA_VISIBLE_DEVICES"": ""0""}",2026-08-21T14:21:38
VNAT_3s_tcpdur_random70_stratified_flowlevel_splitseed42_3feat_timemixer_30ms_seed0,VNAT,VNAT_3s_tcp_duration,3,random70_stratified_flowlevel_splitseed42,42,cac127f87b766f86,Validation,4,timemixer,3feat,30ms,101,3,0,256,1534,663,best_val,7,12345,0,True,True,1.0,4.113,6.25,24,46.6601,60.7703,70.8899,60.7703,"{""Chat"": 1.266, ""Control"": 79.287, ""File Transfer"": 81.633, ""Streaming"": 80.896}","{""Chat"": 50.0, ""Control"": 66.171, ""File Transfer"": 100.0, ""Streaming"": 72.849}","{""Chat"": 0.641, ""Control"": 98.889, ""File Transfer"": 68.966, ""Streaming"": 90.94}","{""Chat"": 156, ""Control"": 180, ""File Transfer"": 29, ""Streaming"": 298}","{""Chat"": 1.098854, ""Control"": 0.906619, ""File Transfer"": 5.9, ""Streaming"": 0.550215}","{""Chat"": 349, ""Control"": 423, ""File Transfer"": 65, ""Streaming"": 697}",217138,checkpoints/VNAT_3s_tcp_duration_3feat_seed0/VNAT_3s_tcpdur_random70_stratified_flowlevel_splitseed42_3feat_timemixer_30ms_seed0.pth,2185286,7.2,OK,,"{""torch"": ""2.4.1+cu121"", ""cuda"": ""12.1"", ""gpu"": ""NVIDIA RTX A4500"", ""numpy"": ""1.26.0"", ""python"": ""3.10.12"", ""deterministic"": true, ""grad_clip_max_norm"": 1.0, ""CUBLAS_WORKSPACE_CONFIG"": "":4096:8"", ""CUDA_VISIBLE_DEVICES"": ""0""}",2026-08-21T14:21:46
VNAT_3s_tcpdur_random70_stratified_flowlevel_splitseed42_3feat_timemixer_30ms_seed1,VNAT,VNAT_3s_tcp_duration,3,random70_stratified_flowlevel_splitseed42,42,cac127f87b766f86,Validation,4,timemixer,3feat,30ms,101,3,1,256,1534,663,best_val,2,12345,0,True,True,1.0,3.1343,7.14,21,42.6808,46.7895,45.3997,46.7895,"{""Chat"": 46.456, ""Control"": 0.0, ""File Transfer"": 81.633, ""Streaming"": 59.07}","{""Chat"": 30.375, ""Control"": 0.0, ""File Transfer"": 100.0, ""Streaming"": 96.212}","{""Chat"": 98.718, ""Control"": 0.0, ""File Transfer"": 68.966, ""Streaming"": 42.617}","{""Chat"": 156, ""Control"": 180, ""File Transfer"": 29, ""Streaming"": 298}","{""Chat"": 1.098854, ""Control"": 0.906619, ""File Transfer"": 5.9, ""Streaming"": 0.550215}","{""Chat"": 349, ""Control"": 423, ""File Transfer"": 65, ""Streaming"": 697}",217138,checkpoints/VNAT_3s_tcp_duration_3feat_seed1/VNAT_3s_tcpdur_random70_stratified_flowlevel_splitseed42_3feat_timemixer_30ms_seed1.pth,2185286,6.9,OK,,"{""torch"": ""2.4.1+cu121"", ""cuda"": ""12.1"", ""gpu"": ""NVIDIA RTX A4500"", ""numpy"": ""1.26.0"", ""python"": ""3.10.12"", ""deterministic"": true, ""grad_clip_max_norm"": 1.0, ""CUBLAS_WORKSPACE_CONFIG"": "":4096:8"", ""CUDA_VISIBLE_DEVICES"": ""0""}",2026-08-21T14:21:53
VNAT_3s_tcpdur_random70_stratified_flowlevel_splitseed42_3feat_timemixer_30ms_seed2,VNAT,VNAT_3s_tcp_duration,3,random70_stratified_flowlevel_splitseed42,42,cac127f87b766f86,Validation,4,timemixer,3feat,30ms,101,3,2,256,1534,663,best_val,5,12345,0,True,True,1.0,3.5118,6.06,22,43.9244,45.3813,51.2821,45.3813,"{""Chat"": 34.711, ""Control"": 0.0, ""File Transfer"": 81.633, ""Streaming"": 65.182}","{""Chat"": 48.837, ""Control"": 0.0, ""File Transfer"": 100.0, ""Streaming"": 50.09}","{""Chat"": 26.923, ""Control"": 0.0, ""File Transfer"": 68.966, ""Streaming"": 93.289}","{""Chat"": 156, ""Control"": 180, ""File Transfer"": 29, ""Streaming"": 298}","{""Chat"": 1.098854, ""Control"": 0.906619, ""File Transfer"": 5.9, ""Streaming"": 0.550215}","{""Chat"": 349, ""Control"": 423, ""File Transfer"": 65, ""Streaming"": 697}",217138,checkpoints/VNAT_3s_tcp_duration_3feat_seed2/VNAT_3s_tcpdur_random70_stratified_flowlevel_splitseed42_3feat_timemixer_30ms_seed2.pth,2185286,6.5,OK,,"{""torch"": ""2.4.1+cu121"", ""cuda"": ""12.1"", ""gpu"": ""NVIDIA RTX A4500"", ""numpy"": ""1.26.0"", ""python"": ""3.10.12"", ""deterministic"": true, ""grad_clip_max_norm"": 1.0, ""CUBLAS_WORKSPACE_CONFIG"": "":4096:8"", ""CUDA_VISIBLE_DEVICES"": ""0""}",2026-08-21T14:21:59
VNAT_3s_tcpdur_random70_stratified_flowlevel_splitseed42_3feat_timesnet_40ms_seed0,VNAT,VNAT_3s_tcp_duration,3,random70_stratified_flowlevel_splitseed42,42,cac127f87b766f86,Validation,4,timesnet,3feat,40ms,76,3,0,256,1534,663,best_val,22,12345,0,True,True,1.0,9.7922,99.19,41,83.1829,84.0214,85.5204,84.0214,"{""Chat"": 80.429, ""Control"": 92.388, ""File Transfer"": 78.431, ""Streaming"": 84.837}","{""Chat"": 69.124, ""Control"": 87.562, ""File Transfer"": 90.909, ""Streaming"": 99.103}","{""Chat"": 96.154, ""Control"": 97.778, ""File Transfer"": 68.966, ""Streaming"": 74.161}","{""Chat"": 156, ""Control"": 180, ""File Transfer"": 29, ""Streaming"": 298}","{""Chat"": 1.098854, ""Control"": 0.906619, ""File Transfer"": 5.9, ""Streaming"": 0.550215}","{""Chat"": 349, ""Control"": 423, ""File Transfer"": 65, ""Streaming"": 697}",9394436,checkpoints/VNAT_3s_tcp_duration_3feat_seed0/VNAT_3s_tcpdur_random70_stratified_flowlevel_splitseed42_3feat_timesnet_40ms_seed0.pth,38887170,65.4,OK,,"{""torch"": ""2.4.1+cu121"", ""cuda"": ""12.1"", ""gpu"": ""NVIDIA RTX A4500"", ""numpy"": ""1.26.0"", ""python"": ""3.10.12"", ""deterministic"": true, ""grad_clip_max_norm"": 1.0, ""CUBLAS_WORKSPACE_CONFIG"": "":4096:8"", ""CUDA_VISIBLE_DEVICES"": ""0""}",2026-08-21T14:23:05
VNAT_3s_tcpdur_random70_stratified_flowlevel_splitseed42_3feat_timesnet_40ms_seed1,VNAT,VNAT_3s_tcp_duration,3,random70_stratified_flowlevel_splitseed42,42,cac127f87b766f86,Validation,4,timesnet,3feat,40ms,76,3,1,256,1534,663,best_val,27,12345,0,True,True,1.0,9.5027,98.78,41,84.6084,85.7202,87.3303,85.7202,"{""Chat"": 81.081, ""Control"": 94.37, ""File Transfer"": 80.0, ""Streaming"": 87.43}","{""Chat"": 70.093, ""Control"": 91.192, ""File Transfer"": 95.238, ""Streaming"": 99.149}","{""Chat"": 96.154, ""Control"": 97.778, ""File Transfer"": 68.966, ""Streaming"": 78.188}","{""Chat"": 156, ""Control"": 180, ""File Transfer"": 29, ""Streaming"": 298}","{""Chat"": 1.098854, ""Control"": 0.906619, ""File Transfer"": 5.9, ""Streaming"": 0.550215}","{""Chat"": 349, ""Control"": 423, ""File Transfer"": 65, ""Streaming"": 697}",9394436,checkpoints/VNAT_3s_tcp_duration_3feat_seed1/VNAT_3s_tcpdur_random70_stratified_flowlevel_splitseed42_3feat_timesnet_40ms_seed1.pth,38887170,66.7,OK,,"{""torch"": ""2.4.1+cu121"", ""cuda"": ""12.1"", ""gpu"": ""NVIDIA RTX A4500"", ""numpy"": ""1.26.0"", ""python"": ""3.10.12"", ""deterministic"": true, ""grad_clip_max_norm"": 1.0, ""CUBLAS_WORKSPACE_CONFIG"": "":4096:8"", ""CUDA_VISIBLE_DEVICES"": ""0""}",2026-08-21T14:24:12
VNAT_3s_tcpdur_random70_stratified_flowlevel_splitseed42_3feat_timesnet_40ms_seed2,VNAT,VNAT_3s_tcp_duration,3,random70_stratified_flowlevel_splitseed42,42,cac127f87b766f86,Validation,4,timesnet,3feat,40ms,76,3,2,256,1534,663,best_val,22,12345,0,True,True,1.0,9.4167,99.05,35,82.2169,85.3351,85.3695,85.3351,"{""Chat"": 78.261, ""Control"": 96.175, ""File Transfer"": 83.636, ""Streaming"": 83.268}","{""Chat"": 65.106, ""Control"": 94.624, ""File Transfer"": 88.462, ""Streaming"": 99.074}","{""Chat"": 98.077, ""Control"": 97.778, ""File Transfer"": 79.31, ""Streaming"": 71.812}","{""Chat"": 156, ""Control"": 180, ""File Transfer"": 29, ""Streaming"": 298}","{""Chat"": 1.098854, ""Control"": 0.906619, ""File Transfer"": 5.9, ""Streaming"": 0.550215}","{""Chat"": 349, ""Control"": 423, ""File Transfer"": 65, ""Streaming"": 697}",9394436,checkpoints/VNAT_3s_tcp_duration_3feat_seed2/VNAT_3s_tcpdur_random70_stratified_flowlevel_splitseed42_3feat_timesnet_40ms_seed2.pth,38887170,57.5,OK,,"{""torch"": ""2.4.1+cu121"", ""cuda"": ""12.1"", ""gpu"": ""NVIDIA RTX A4500"", ""numpy"": ""1.26.0"", ""python"": ""3.10.12"", ""deterministic"": true, ""grad_clip_max_norm"": 1.0, ""CUBLAS_WORKSPACE_CONFIG"": "":4096:8"", ""CUDA_VISIBLE_DEVICES"": ""0""}",2026-08-21T14:25:10
VNAT_3s_tcpdur_random70_stratified_flowlevel_splitseed42_3feat_informer_40ms_seed0,VNAT,VNAT_3s_tcp_duration,3,random70_stratified_flowlevel_splitseed42,42,cac127f87b766f86,Validation,4,informer,3feat,40ms,76,3,0,64,1534,663,best_val,21,12345,0,True,True,1.0,27.594,100.0,29,89.6571,87.5593,88.537,87.7817,"{""Chat"": 82.094, ""Control"": 95.082, ""File Transfer"": 85.185, ""Streaming"": 88.766}","{""Chat"": 71.981, ""Control"": 93.548, ""File Transfer"": 92.0, ""Streaming"": 98.367}","{""Chat"": 95.513, ""Control"": 96.667, ""File Transfer"": 79.31, ""Streaming"": 80.872}","{""Chat"": 156, ""Control"": 180, ""File Transfer"": 29, ""Streaming"": 298}","{""Chat"": 1.098854, ""Control"": 0.906619, ""File Transfer"": 5.9, ""Streaming"": 0.550215}","{""Chat"": 349, ""Control"": 423, ""File Transfer"": 65, ""Streaming"": 697}",2754565,checkpoints/VNAT_3s_tcp_duration_3feat_seed0/VNAT_3s_tcpdur_random70_stratified_flowlevel_splitseed42_3feat_informer_40ms_seed0.pth,21302274,28.4,OK,,"{""torch"": ""2.4.1+cu121"", ""cuda"": ""12.1"", ""gpu"": ""NVIDIA RTX A4500"", ""numpy"": ""1.26.0"", ""python"": ""3.10.12"", ""deterministic"": true, ""grad_clip_max_norm"": 1.0, ""CUBLAS_WORKSPACE_CONFIG"": "":4096:8"", ""CUDA_VISIBLE_DEVICES"": ""0""}",2026-08-21T14:25:39
VNAT_3s_tcpdur_random70_stratified_flowlevel_splitseed42_3feat_informer_40ms_seed1,VNAT,VNAT_3s_tcp_duration,3,random70_stratified_flowlevel_splitseed42,42,cac127f87b766f86,Validation,4,informer,3feat,40ms,76,3,1,64,1534,663,best_val,9,12345,0,True,True,1.0,31.0421,100.0,24,88.6609,89.3866,89.8944,88.4734,"{""Chat"": 84.034, ""Control"": 95.913, ""File Transfer"": 83.636, ""Streaming"": 90.311}","{""Chat"": 74.627, ""Control"": 94.118, ""File Transfer"": 88.462, ""Streaming"": 99.197}","{""Chat"": 96.154, ""Control"": 97.778, ""File Transfer"": 79.31, ""Streaming"": 82.886}","{""Chat"": 156, ""Control"": 180, ""File Transfer"": 29, ""Streaming"": 298}","{""Chat"": 1.098854, ""Control"": 0.906619, ""File Transfer"": 5.9, ""Streaming"": 0.550215}","{""Chat"": 349, ""Control"": 423, ""File Transfer"": 65, ""Streaming"": 697}",2754565,checkpoints/VNAT_3s_tcp_duration_3feat_seed1/VNAT_3s_tcpdur_random70_stratified_flowlevel_splitseed42_3feat_informer_40ms_seed1.pth,21302274,22.1,OK,,"{""torch"": ""2.4.1+cu121"", ""cuda"": ""12.1"", ""gpu"": ""NVIDIA RTX A4500"", ""numpy"": ""1.26.0"", ""python"": ""3.10.12"", ""deterministic"": true, ""grad_clip_max_norm"": 1.0, ""CUBLAS_WORKSPACE_CONFIG"": "":4096:8"", ""CUDA_VISIBLE_DEVICES"": ""0""}",2026-08-21T14:26:01
VNAT_3s_tcpdur_random70_stratified_flowlevel_splitseed42_3feat_informer_40ms_seed2,VNAT,VNAT_3s_tcp_duration,3,random70_stratified_flowlevel_splitseed42,42,cac127f87b766f86,Validation,4,informer,3feat,40ms,76,3,2,64,1534,663,best_val,26,12345,0,True,True,1.0,27.7087,99.63,34,90.9933,88.1797,90.0452,87.8354,"{""Chat"": 84.571, ""Control"": 96.379, ""File Transfer"": 80.0, ""Streaming"": 90.391}","{""Chat"": 76.289, ""Control"": 96.648, ""File Transfer"": 84.615, ""Streaming"": 96.212}","{""Chat"": 94.872, ""Control"": 96.111, ""File Transfer"": 75.862, ""Streaming"": 85.235}","{""Chat"": 156, ""Control"": 180, ""File Transfer"": 29, ""Streaming"": 298}","{""Chat"": 1.098854, ""Control"": 0.906619, ""File Transfer"": 5.9, ""Streaming"": 0.550215}","{""Chat"": 349, ""Control"": 423, ""File Transfer"": 65, ""Streaming"": 697}",2754565,checkpoints/VNAT_3s_tcp_duration_3feat_seed2/VNAT_3s_tcpdur_random70_stratified_flowlevel_splitseed42_3feat_informer_40ms_seed2.pth,21302274,32.3,OK,,"{""torch"": ""2.4.1+cu121"", ""cuda"": ""12.1"", ""gpu"": ""NVIDIA RTX A4500"", ""numpy"": ""1.26.0"", ""python"": ""3.10.12"", ""deterministic"": true, ""grad_clip_max_norm"": 1.0, ""CUBLAS_WORKSPACE_CONFIG"": "":4096:8"", ""CUDA_VISIBLE_DEVICES"": ""0""}",2026-08-21T14:26:34
VNAT_3s_tcpdur_random70_stratified_flowlevel_splitseed42_3feat_nst_40ms_seed0,VNAT,VNAT_3s_tcp_duration,3,random70_stratified_flowlevel_splitseed42,42,cac127f87b766f86,Validation,4,nst,3feat,40ms,76,3,0,64,1534,663,best_val,14,12345,0,True,True,1.0,11.2289,100.0,28,84.8866,86.4627,88.8386,86.4627,"{""Chat"": 83.799, ""Control"": 94.118, ""File Transfer"": 78.431, ""Streaming"": 89.503}","{""Chat"": 74.257, ""Control"": 90.722, ""File Transfer"": 90.909, ""Streaming"": 99.184}","{""Chat"": 96.154, ""Control"": 97.778, ""File Transfer"": 68.966, ""Streaming"": 81.544}","{""Chat"": 156, ""Control"": 180, ""File Transfer"": 29, ""Streaming"": 298}","{""Chat"": 1.098854, ""Control"": 0.906619, ""File Transfer"": 5.9, ""Streaming"": 0.550215}","{""Chat"": 349, ""Control"": 423, ""File Transfer"": 65, ""Streaming"": 697}",144140,checkpoints/VNAT_3s_tcp_duration_3feat_seed0/VNAT_3s_tcpdur_random70_stratified_flowlevel_splitseed42_3feat_nst_40ms_seed0.pth,1884618,27.2,OK,,"{""torch"": ""2.4.1+cu121"", ""cuda"": ""12.1"", ""gpu"": ""NVIDIA RTX A4500"", ""numpy"": ""1.26.0"", ""python"": ""3.10.12"", ""deterministic"": true, ""grad_clip_max_norm"": 1.0, ""CUBLAS_WORKSPACE_CONFIG"": "":4096:8"", ""CUDA_VISIBLE_DEVICES"": ""0""}",2026-08-21T14:27:01
VNAT_3s_tcpdur_random70_stratified_flowlevel_splitseed42_3feat_nst_40ms_seed1,VNAT,VNAT_3s_tcp_duration,3,random70_stratified_flowlevel_splitseed42,42,cac127f87b766f86,Validation,4,nst,3feat,40ms,76,3,1,64,1534,663,best_val,12,12345,0,True,True,1.0,13.5607,100.0,25,84.1754,85.0897,86.8778,85.0897,"{""Chat"": 80.0, ""Control"": 95.135, ""File Transfer"": 78.431, ""Streaming"": 86.792}","{""Chat"": 68.493, ""Control"": 92.632, ""File Transfer"": 90.909, ""Streaming"": 99.138}","{""Chat"": 96.154, ""Control"": 97.778, ""File Transfer"": 68.966, ""Streaming"": 77.181}","{""Chat"": 156, ""Control"": 180, ""File Transfer"": 29, ""Streaming"": 298}","{""Chat"": 1.098854, ""Control"": 0.906619, ""File Transfer"": 5.9, ""Streaming"": 0.550215}","{""Chat"": 349, ""Control"": 423, ""File Transfer"": 65, ""Streaming"": 697}",144140,checkpoints/VNAT_3s_tcp_duration_3feat_seed1/VNAT_3s_tcpdur_random70_stratified_flowlevel_splitseed42_3feat_nst_40ms_seed1.pth,1884618,22.5,OK,,"{""torch"": ""2.4.1+cu121"", ""cuda"": ""12.1"", ""gpu"": ""NVIDIA RTX A4500"", ""numpy"": ""1.26.0"", ""python"": ""3.10.12"", ""deterministic"": true, ""grad_clip_max_norm"": 1.0, ""CUBLAS_WORKSPACE_CONFIG"": "":4096:8"", ""CUDA_VISIBLE_DEVICES"": ""0""}",2026-08-21T14:27:24
VNAT_3s_tcpdur_random70_stratified_flowlevel_splitseed42_3feat_nst_40ms_seed2,VNAT,VNAT_3s_tcp_duration,3,random70_stratified_flowlevel_splitseed42,42,cac127f87b766f86,Validation,4,nst,3feat,40ms,76,3,2,64,1534,663,best_val,13,12345,0,True,True,1.0,13.639,100.0,27,85.572,85.6747,88.2353,85.6747,"{""Chat"": 82.222, ""Control"": 94.624, ""File Transfer"": 76.923, ""Streaming"": 88.93}","{""Chat"": 72.549, ""Control"": 91.667, ""File Transfer"": 86.957, ""Streaming"": 98.77}","{""Chat"": 94.872, ""Control"": 97.778, ""File Transfer"": 68.966, ""Streaming"": 80.872}","{""Chat"": 156, ""Control"": 180, ""File Transfer"": 29, ""Streaming"": 298}","{""Chat"": 1.098854, ""Control"": 0.906619, ""File Transfer"": 5.9, ""Streaming"": 0.550215}","{""Chat"": 349, ""Control"": 423, ""File Transfer"": 65, ""Streaming"": 697}",144140,checkpoints/VNAT_3s_tcp_duration_3feat_seed2/VNAT_3s_tcpdur_random70_stratified_flowlevel_splitseed42_3feat_nst_40ms_seed2.pth,1884618,25.4,OK,,"{""torch"": ""2.4.1+cu121"", ""cuda"": ""12.1"", ""gpu"": ""NVIDIA RTX A4500"", ""numpy"": ""1.26.0"", ""python"": ""3.10.12"", ""deterministic"": true, ""grad_clip_max_norm"": 1.0, ""CUBLAS_WORKSPACE_CONFIG"": "":4096:8"", ""CUDA_VISIBLE_DEVICES"": ""0""}",2026-08-21T14:27:49
VNAT_3s_tcpdur_random70_stratified_flowlevel_splitseed42_3feat_autoformer_40ms_seed0,VNAT,VNAT_3s_tcp_duration,3,random70_stratified_flowlevel_splitseed42,42,cac127f87b766f86,Validation,4,autoformer,3feat,40ms,76,3,0,256,1534,663,best_val,26,12345,0,True,True,1.0,5.7734,100.0,34,74.9553,61.6576,67.4208,61.6576,"{""Chat"": 17.978, ""Control"": 81.212, ""File Transfer"": 75.0, ""Streaming"": 72.441}","{""Chat"": 72.727, ""Control"": 89.333, ""File Transfer"": 77.778, ""Streaming"": 59.483}","{""Chat"": 10.256, ""Control"": 74.444, ""File Transfer"": 72.414, ""Streaming"": 92.617}","{""Chat"": 156, ""Control"": 180, ""File Transfer"": 29, ""Streaming"": 298}","{""Chat"": 1.098854, ""Control"": 0.906619, ""File Transfer"": 5.9, ""Streaming"": 0.550215}","{""Chat"": 349, ""Control"": 423, ""File Transfer"": 65, ""Streaming"": 697}",119300,checkpoints/VNAT_3s_tcp_duration_3feat_seed0/VNAT_3s_tcpdur_random70_stratified_flowlevel_splitseed42_3feat_autoformer_40ms_seed0.pth,1774690,12.7,OK,,"{""torch"": ""2.4.1+cu121"", ""cuda"": ""12.1"", ""gpu"": ""NVIDIA RTX A4500"", ""numpy"": ""1.26.0"", ""python"": ""3.10.12"", ""deterministic"": true, ""grad_clip_max_norm"": 1.0, ""CUBLAS_WORKSPACE_CONFIG"": "":4096:8"", ""CUDA_VISIBLE_DEVICES"": ""0""}",2026-08-21T14:28:02
VNAT_3s_tcpdur_random70_stratified_flowlevel_splitseed42_3feat_autoformer_40ms_seed1,VNAT,VNAT_3s_tcp_duration,3,random70_stratified_flowlevel_splitseed42,42,cac127f87b766f86,Validation,4,autoformer,3feat,40ms,76,3,1,256,1534,663,best_val,9,12345,0,True,True,1.0,5.7345,100.0,28,74.2335,59.8291,66.2142,59.8291,"{""Chat"": 17.204, ""Control"": 82.319, ""File Transfer"": 68.966, ""Streaming"": 70.828}","{""Chat"": 53.333, ""Control"": 86.061, ""File Transfer"": 68.966, ""Streaming"": 59.453}","{""Chat"": 10.256, ""Control"": 78.889, ""File Transfer"": 68.966, ""Streaming"": 87.584}","{""Chat"": 156, ""Control"": 180, ""File Transfer"": 29, ""Streaming"": 298}","{""Chat"": 1.098854, ""Control"": 0.906619, ""File Transfer"": 5.9, ""Streaming"": 0.550215}","{""Chat"": 349, ""Control"": 423, ""File Transfer"": 65, ""Streaming"": 697}",119300,checkpoints/VNAT_3s_tcp_duration_3feat_seed1/VNAT_3s_tcpdur_random70_stratified_flowlevel_splitseed42_3feat_autoformer_40ms_seed1.pth,1774690,10.6,OK,,"{""torch"": ""2.4.1+cu121"", ""cuda"": ""12.1"", ""gpu"": ""NVIDIA RTX A4500"", ""numpy"": ""1.26.0"", ""python"": ""3.10.12"", ""deterministic"": true, ""grad_clip_max_norm"": 1.0, ""CUBLAS_WORKSPACE_CONFIG"": "":4096:8"", ""CUDA_VISIBLE_DEVICES"": ""0""}",2026-08-21T14:28:13
VNAT_3s_tcpdur_random70_stratified_flowlevel_splitseed42_3feat_autoformer_40ms_seed2,VNAT,VNAT_3s_tcp_duration,3,random70_stratified_flowlevel_splitseed42,42,cac127f87b766f86,Validation,4,autoformer,3feat,40ms,76,3,2,256,1534,663,best_val,20,12345,0,True,True,1.0,5.9395,100.0,21,73.1094,62.2126,68.7783,62.2126,"{""Chat"": 16.854, ""Control"": 84.393, ""File Transfer"": 74.074, ""Streaming"": 73.529}","{""Chat"": 68.182, ""Control"": 87.952, ""File Transfer"": 80.0, ""Streaming"": 61.111}","{""Chat"": 9.615, ""Control"": 81.111, ""File Transfer"": 68.966, ""Streaming"": 92.282}","{""Chat"": 156, ""Control"": 180, ""File Transfer"": 29, ""Streaming"": 298}","{""Chat"": 1.098854, ""Control"": 0.906619, ""File Transfer"": 5.9, ""Streaming"": 0.550215}","{""Chat"": 349, ""Control"": 423, ""File Transfer"": 65, ""Streaming"": 697}",119300,checkpoints/VNAT_3s_tcp_duration_3feat_seed2/VNAT_3s_tcpdur_random70_stratified_flowlevel_splitseed42_3feat_autoformer_40ms_seed2.pth,1774690,7.9,OK,,"{""torch"": ""2.4.1+cu121"", ""cuda"": ""12.1"", ""gpu"": ""NVIDIA RTX A4500"", ""numpy"": ""1.26.0"", ""python"": ""3.10.12"", ""deterministic"": true, ""grad_clip_max_norm"": 1.0, ""CUBLAS_WORKSPACE_CONFIG"": "":4096:8"", ""CUDA_VISIBLE_DEVICES"": ""0""}",2026-08-21T14:28:21
VNAT_3s_tcpdur_random70_stratified_flowlevel_splitseed42_3feat_fedformer_40ms_seed0,VNAT,VNAT_3s_tcp_duration,3,random70_stratified_flowlevel_splitseed42,42,cac127f87b766f86,Validation,4,fedformer,3feat,40ms,76,3,0,256,1534,663,best_val,11,12345,4,True,True,1.0,6.6391,100.0,33,74.6224,80.9006,82.2021,80.9006,"{""Chat"": 79.581, ""Control"": 89.114, ""File Transfer"": 75.472, ""Streaming"": 79.435}","{""Chat"": 67.257, ""Control"": 81.86, ""File Transfer"": 83.333, ""Streaming"": 99.495}","{""Chat"": 97.436, ""Control"": 97.778, ""File Transfer"": 68.966, ""Streaming"": 66.107}","{""Chat"": 156, ""Control"": 180, ""File Transfer"": 29, ""Streaming"": 298}","{""Chat"": 1.098854, ""Control"": 0.906619, ""File Transfer"": 5.9, ""Streaming"": 0.550215}","{""Chat"": 349, ""Control"": 423, ""File Transfer"": 65, ""Streaming"": 697}",329605,checkpoints/VNAT_3s_tcp_duration_3feat_seed0/VNAT_3s_tcpdur_random70_stratified_flowlevel_splitseed42_3feat_fedformer_40ms_seed0.pth,3914475,64.1,OK,,"{""torch"": ""2.4.1+cu121"", ""cuda"": ""12.1"", ""gpu"": ""NVIDIA RTX A4500"", ""numpy"": ""1.26.0"", ""python"": ""3.10.12"", ""deterministic"": true, ""grad_clip_max_norm"": 1.0, ""CUBLAS_WORKSPACE_CONFIG"": "":4096:8"", ""CUDA_VISIBLE_DEVICES"": ""0""}",2026-08-21T14:29:25
VNAT_3s_tcpdur_random70_stratified_flowlevel_splitseed42_3feat_fedformer_40ms_seed1,VNAT,VNAT_3s_tcp_duration,3,random70_stratified_flowlevel_splitseed42,42,cac127f87b766f86,Validation,4,fedformer,3feat,40ms,76,3,1,256,1534,663,best_val,21,12345,4,True,True,1.0,6.4818,100.0,35,79.7301,80.6488,81.448,80.6488,"{""Chat"": 78.351, ""Control"": 89.114, ""File Transfer"": 76.923, ""Streaming"": 78.208}","{""Chat"": 65.517, ""Control"": 81.86, ""File Transfer"": 86.957, ""Streaming"": 99.482}","{""Chat"": 97.436, ""Control"": 97.778, ""File Transfer"": 68.966, ""Streaming"": 64.43}","{""Chat"": 156, ""Control"": 180, ""File Transfer"": 29, ""Streaming"": 298}","{""Chat"": 1.098854, ""Control"": 0.906619, ""File Transfer"": 5.9, ""Streaming"": 0.550215}","{""Chat"": 349, ""Control"": 423, ""File Transfer"": 65, ""Streaming"": 697}",329605,checkpoints/VNAT_3s_tcp_duration_3feat_seed1/VNAT_3s_tcpdur_random70_stratified_flowlevel_splitseed42_3feat_fedformer_40ms_seed1.pth,3914475,68.5,OK,,"{""torch"": ""2.4.1+cu121"", ""cuda"": ""12.1"", ""gpu"": ""NVIDIA RTX A4500"", ""numpy"": ""1.26.0"", ""python"": ""3.10.12"", ""deterministic"": true, ""grad_clip_max_norm"": 1.0, ""CUBLAS_WORKSPACE_CONFIG"": "":4096:8"", ""CUDA_VISIBLE_DEVICES"": ""0""}",2026-08-21T14:30:34
VNAT_3s_tcpdur_random70_stratified_flowlevel_splitseed42_3feat_fedformer_40ms_seed2,VNAT,VNAT_3s_tcp_duration,3,random70_stratified_flowlevel_splitseed42,42,cac127f87b766f86,Validation,4,fedformer,3feat,40ms,76,3,2,256,1534,663,best_val,13,12345,4,True,True,1.0,7.4635,100.0,45,75.4203,80.6757,81.9005,80.6757,"{""Chat"": 79.481, ""Control"": 88.889, ""File Transfer"": 75.472, ""Streaming"": 78.862}","{""Chat"": 66.812, ""Control"": 81.481, ""File Transfer"": 83.333, ""Streaming"": 100.0}","{""Chat"": 98.077, ""Control"": 97.778, ""File Transfer"": 68.966, ""Streaming"": 65.101}","{""Chat"": 156, ""Control"": 180, ""File Transfer"": 29, ""Streaming"": 298}","{""Chat"": 1.098854, ""Control"": 0.906619, ""File Transfer"": 5.9, ""Streaming"": 0.550215}","{""Chat"": 349, ""Control"": 423, ""File Transfer"": 65, ""Streaming"": 697}",329605,checkpoints/VNAT_3s_tcp_duration_3feat_seed2/VNAT_3s_tcpdur_random70_stratified_flowlevel_splitseed42_3feat_fedformer_40ms_seed2.pth,3914475,84.1,OK,,"{""torch"": ""2.4.1+cu121"", ""cuda"": ""12.1"", ""gpu"": ""NVIDIA RTX A4500"", ""numpy"": ""1.26.0"", ""python"": ""3.10.12"", ""deterministic"": true, ""grad_clip_max_norm"": 1.0, ""CUBLAS_WORKSPACE_CONFIG"": "":4096:8"", ""CUDA_VISIBLE_DEVICES"": ""0""}",2026-08-21T14:31:58
VNAT_3s_tcpdur_random70_stratified_flowlevel_splitseed42_3feat_timemixer_40ms_seed0,VNAT,VNAT_3s_tcp_duration,3,random70_stratified_flowlevel_splitseed42,42,cac127f87b766f86,Validation,4,timemixer,3feat,40ms,76,3,0,256,1534,663,best_val,9,12345,0,True,True,1.0,3.3438,7.25,23,48.9236,48.0922,45.5505,48.0922,"{""Chat"": 46.456, ""Control"": 6.186, ""File Transfer"": 81.633, ""Streaming"": 58.095}","{""Chat"": 30.375, ""Control"": 42.857, ""File Transfer"": 100.0, ""Streaming"": 100.0}","{""Chat"": 98.718, ""Control"": 3.333, ""File Transfer"": 68.966, ""Streaming"": 40.94}","{""Chat"": 156, ""Control"": 180, ""File Transfer"": 29, ""Streaming"": 298}","{""Chat"": 1.098854, ""Control"": 0.906619, ""File Transfer"": 5.9, ""Streaming"": 0.550215}","{""Chat"": 349, ""Control"": 423, ""File Transfer"": 65, ""Streaming"": 697}",186156,checkpoints/VNAT_3s_tcp_duration_3feat_seed0/VNAT_3s_tcpdur_random70_stratified_flowlevel_splitseed42_3feat_timemixer_40ms_seed0.pth,2061254,7.6,OK,,"{""torch"": ""2.4.1+cu121"", ""cuda"": ""12.1"", ""gpu"": ""NVIDIA RTX A4500"", ""numpy"": ""1.26.0"", ""python"": ""3.10.12"", ""deterministic"": true, ""grad_clip_max_norm"": 1.0, ""CUBLAS_WORKSPACE_CONFIG"": "":4096:8"", ""CUDA_VISIBLE_DEVICES"": ""0""}",2026-08-21T14:32:06
VNAT_3s_tcpdur_random70_stratified_flowlevel_splitseed42_3feat_timemixer_40ms_seed1,VNAT,VNAT_3s_tcp_duration,3,random70_stratified_flowlevel_splitseed42,42,cac127f87b766f86,Validation,4,timemixer,3feat,40ms,76,3,1,256,1534,663,best_val,4,12345,0,True,True,1.0,4.0112,7.97,23,38.9347,49.3929,43.8914,49.3929,"{""Chat"": 49.423, ""Control"": 63.215, ""File Transfer"": 81.633, ""Streaming"": 3.3}","{""Chat"": 33.259, ""Control"": 62.032, ""File Transfer"": 100.0, ""Streaming"": 100.0}","{""Chat"": 96.154, ""Control"": 64.444, ""File Transfer"": 68.966, ""Streaming"": 1.678}","{""Chat"": 156, ""Control"": 180, ""File Transfer"": 29, ""Streaming"": 298}","{""Chat"": 1.098854, ""Control"": 0.906619, ""File Transfer"": 5.9, ""Streaming"": 0.550215}","{""Chat"": 349, ""Control"": 423, ""File Transfer"": 65, ""Streaming"": 697}",186156,checkpoints/VNAT_3s_tcp_duration_3feat_seed1/VNAT_3s_tcpdur_random70_stratified_flowlevel_splitseed42_3feat_timemixer_40ms_seed1.pth,2061254,7.7,OK,,"{""torch"": ""2.4.1+cu121"", ""cuda"": ""12.1"", ""gpu"": ""NVIDIA RTX A4500"", ""numpy"": ""1.26.0"", ""python"": ""3.10.12"", ""deterministic"": true, ""grad_clip_max_norm"": 1.0, ""CUBLAS_WORKSPACE_CONFIG"": "":4096:8"", ""CUDA_VISIBLE_DEVICES"": ""0""}",2026-08-21T14:32:14
VNAT_3s_tcpdur_random70_stratified_flowlevel_splitseed42_3feat_timemixer_40ms_seed2,VNAT,VNAT_3s_tcp_duration,3,random70_stratified_flowlevel_splitseed42,42,cac127f87b766f86,Validation,4,timemixer,3feat,40ms,76,3,2,256,1534,663,best_val,9,12345,0,True,True,1.0,3.567,5.56,24,48.1387,38.0948,33.1825,38.0948,"{""Chat"": 41.389, ""Control"": 6.349, ""File Transfer"": 81.633, ""Streaming"": 23.009}","{""Chat"": 26.138, ""Control"": 66.667, ""File Transfer"": 100.0, ""Streaming"": 95.122}","{""Chat"": 99.359, ""Control"": 3.333, ""File Transfer"": 68.966, ""Streaming"": 13.087}","{""Chat"": 156, ""Control"": 180, ""File Transfer"": 29, ""Streaming"": 298}","{""Chat"": 1.098854, ""Control"": 0.906619, ""File Transfer"": 5.9, ""Streaming"": 0.550215}","{""Chat"": 349, ""Control"": 423, ""File Transfer"": 65, ""Streaming"": 697}",186156,checkpoints/VNAT_3s_tcp_duration_3feat_seed2/VNAT_3s_tcpdur_random70_stratified_flowlevel_splitseed42_3feat_timemixer_40ms_seed2.pth,2061254,7.5,OK,,"{""torch"": ""2.4.1+cu121"", ""cuda"": ""12.1"", ""gpu"": ""NVIDIA RTX A4500"", ""numpy"": ""1.26.0"", ""python"": ""3.10.12"", ""deterministic"": true, ""grad_clip_max_norm"": 1.0, ""CUBLAS_WORKSPACE_CONFIG"": "":4096:8"", ""CUDA_VISIBLE_DEVICES"": ""0""}",2026-08-21T14:32:21
VNAT_3s_tcpdur_random70_stratified_flowlevel_splitseed42_3feat_timesnet_50ms_seed0,VNAT,VNAT_3s_tcp_duration,3,random70_stratified_flowlevel_splitseed42,42,cac127f87b766f86,Validation,4,timesnet,3feat,50ms,61,3,0,256,1534,663,best_val,56,12345,0,True,True,1.0,9.7745,100.0,69,75.7145,75.2941,74.5098,75.2941,"{""Chat"": 71.883, ""Control"": 85.995, ""File Transfer"": 76.923, ""Streaming"": 66.376}","{""Chat"": 58.103, ""Control"": 77.093, ""File Transfer"": 86.957, ""Streaming"": 95.0}","{""Chat"": 94.231, ""Control"": 97.222, ""File Transfer"": 68.966, ""Streaming"": 51.007}","{""Chat"": 156, ""Control"": 180, ""File Transfer"": 29, ""Streaming"": 298}","{""Chat"": 1.098854, ""Control"": 0.906619, ""File Transfer"": 5.9, ""Streaming"": 0.550215}","{""Chat"": 349, ""Control"": 423, ""File Transfer"": 65, ""Streaming"": 697}",9390596,checkpoints/VNAT_3s_tcp_duration_3feat_seed0/VNAT_3s_tcpdur_random70_stratified_flowlevel_splitseed42_3feat_timesnet_50ms_seed0.pth,38871810,98.1,OK,,"{""torch"": ""2.4.1+cu121"", ""cuda"": ""12.1"", ""gpu"": ""NVIDIA RTX A4500"", ""numpy"": ""1.26.0"", ""python"": ""3.10.12"", ""deterministic"": true, ""grad_clip_max_norm"": 1.0, ""CUBLAS_WORKSPACE_CONFIG"": "":4096:8"", ""CUDA_VISIBLE_DEVICES"": ""0""}",2026-08-21T14:34:00
VNAT_3s_tcpdur_random70_stratified_flowlevel_splitseed42_3feat_timesnet_50ms_seed1,VNAT,VNAT_3s_tcp_duration,3,random70_stratified_flowlevel_splitseed42,42,cac127f87b766f86,Validation,4,timesnet,3feat,50ms,61,3,1,256,1534,663,best_val,18,12345,0,True,True,1.0,7.6579,99.48,32,75.9846,78.7266,77.9789,78.7266,"{""Chat"": 75.0, ""Control"": 87.94, ""File Transfer"": 80.0, ""Streaming"": 71.967}","{""Chat"": 61.475, ""Control"": 80.275, ""File Transfer"": 95.238, ""Streaming"": 95.556}","{""Chat"": 96.154, ""Control"": 97.222, ""File Transfer"": 68.966, ""Streaming"": 57.718}","{""Chat"": 156, ""Control"": 180, ""File Transfer"": 29, ""Streaming"": 298}","{""Chat"": 1.098854, ""Control"": 0.906619, ""File Transfer"": 5.9, ""Streaming"": 0.550215}","{""Chat"": 349, ""Control"": 423, ""File Transfer"": 65, ""Streaming"": 697}",9390596,checkpoints/VNAT_3s_tcp_duration_3feat_seed1/VNAT_3s_tcpdur_random70_stratified_flowlevel_splitseed42_3feat_timesnet_50ms_seed1.pth,38871810,46.0,OK,,"{""torch"": ""2.4.1+cu121"", ""cuda"": ""12.1"", ""gpu"": ""NVIDIA RTX A4500"", ""numpy"": ""1.26.0"", ""python"": ""3.10.12"", ""deterministic"": true, ""grad_clip_max_norm"": 1.0, ""CUBLAS_WORKSPACE_CONFIG"": "":4096:8"", ""CUDA_VISIBLE_DEVICES"": ""0""}",2026-08-21T14:34:46
VNAT_3s_tcpdur_random70_stratified_flowlevel_splitseed42_3feat_timesnet_50ms_seed2,VNAT,VNAT_3s_tcp_duration,3,random70_stratified_flowlevel_splitseed42,42,cac127f87b766f86,Validation,4,timesnet,3feat,50ms,61,3,2,256,1534,663,best_val,20,12345,0,True,True,1.0,6.7615,99.51,34,76.6096,79.3368,78.8839,79.3368,"{""Chat"": 76.166, ""Control"": 86.849, ""File Transfer"": 80.0, ""Streaming"": 74.333}","{""Chat"": 63.913, ""Control"": 78.475, ""File Transfer"": 95.238, ""Streaming"": 95.767}","{""Chat"": 94.231, ""Control"": 97.222, ""File Transfer"": 68.966, ""Streaming"": 60.738}","{""Chat"": 156, ""Control"": 180, ""File Transfer"": 29, ""Streaming"": 298}","{""Chat"": 1.098854, ""Control"": 0.906619, ""File Transfer"": 5.9, ""Streaming"": 0.550215}","{""Chat"": 349, ""Control"": 423, ""File Transfer"": 65, ""Streaming"": 697}",9390596,checkpoints/VNAT_3s_tcp_duration_3feat_seed2/VNAT_3s_tcpdur_random70_stratified_flowlevel_splitseed42_3feat_timesnet_50ms_seed2.pth,38871810,49.5,OK,,"{""torch"": ""2.4.1+cu121"", ""cuda"": ""12.1"", ""gpu"": ""NVIDIA RTX A4500"", ""numpy"": ""1.26.0"", ""python"": ""3.10.12"", ""deterministic"": true, ""grad_clip_max_norm"": 1.0, ""CUBLAS_WORKSPACE_CONFIG"": "":4096:8"", ""CUDA_VISIBLE_DEVICES"": ""0""}",2026-08-21T14:35:36
VNAT_3s_tcpdur_random70_stratified_flowlevel_splitseed42_3feat_informer_50ms_seed0,VNAT,VNAT_3s_tcp_duration,3,random70_stratified_flowlevel_splitseed42,42,cac127f87b766f86,Validation,4,informer,3feat,50ms,61,3,0,64,1534,663,best_val,13,12345,0,True,True,1.0,31.0756,100.0,30,86.7918,87.2219,89.2911,86.8956,"{""Chat"": 82.424, ""Control"": 96.419, ""File Transfer"": 79.167, ""Streaming"": 89.573}","{""Chat"": 78.161, ""Control"": 95.628, ""File Transfer"": 100.0, ""Streaming"": 91.289}","{""Chat"": 87.179, ""Control"": 97.222, ""File Transfer"": 65.517, ""Streaming"": 87.919}","{""Chat"": 156, ""Control"": 180, ""File Transfer"": 29, ""Streaming"": 298}","{""Chat"": 1.098854, ""Control"": 0.906619, ""File Transfer"": 5.9, ""Streaming"": 0.550215}","{""Chat"": 349, ""Control"": 423, ""File Transfer"": 65, ""Streaming"": 697}",2739205,checkpoints/VNAT_3s_tcp_duration_3feat_seed0/VNAT_3s_tcpdur_random70_stratified_flowlevel_splitseed42_3feat_informer_50ms_seed0.pth,21240834,28.3,OK,,"{""torch"": ""2.4.1+cu121"", ""cuda"": ""12.1"", ""gpu"": ""NVIDIA RTX A4500"", ""numpy"": ""1.26.0"", ""python"": ""3.10.12"", ""deterministic"": true, ""grad_clip_max_norm"": 1.0, ""CUBLAS_WORKSPACE_CONFIG"": "":4096:8"", ""CUDA_VISIBLE_DEVICES"": ""0""}",2026-08-21T14:36:05
VNAT_3s_tcpdur_random70_stratified_flowlevel_splitseed42_3feat_informer_50ms_seed1,VNAT,VNAT_3s_tcp_duration,3,random70_stratified_flowlevel_splitseed42,42,cac127f87b766f86,Validation,4,informer,3feat,50ms,61,3,1,64,1534,663,best_val,5,12345,0,True,True,1.0,29.7771,100.0,26,77.3716,84.4608,85.6712,84.9141,"{""Chat"": 78.356, ""Control"": 95.109, ""File Transfer"": 81.633, ""Streaming"": 84.559}","{""Chat"": 68.421, ""Control"": 93.085, ""File Transfer"": 100.0, ""Streaming"": 93.496}","{""Chat"": 91.667, ""Control"": 97.222, ""File Transfer"": 68.966, ""Streaming"": 77.181}","{""Chat"": 156, ""Control"": 180, ""File Transfer"": 29, ""Streaming"": 298}","{""Chat"": 1.098854, ""Control"": 0.906619, ""File Transfer"": 5.9, ""Streaming"": 0.550215}","{""Chat"": 349, ""Control"": 423, ""File Transfer"": 65, ""Streaming"": 697}",2739205,checkpoints/VNAT_3s_tcp_duration_3feat_seed1/VNAT_3s_tcpdur_random70_stratified_flowlevel_splitseed42_3feat_informer_50ms_seed1.pth,21240834,25.4,OK,,"{""torch"": ""2.4.1+cu121"", ""cuda"": ""12.1"", ""gpu"": ""NVIDIA RTX A4500"", ""numpy"": ""1.26.0"", ""python"": ""3.10.12"", ""deterministic"": true, ""grad_clip_max_norm"": 1.0, ""CUBLAS_WORKSPACE_CONFIG"": "":4096:8"", ""CUDA_VISIBLE_DEVICES"": ""0""}",2026-08-21T14:36:30
VNAT_3s_tcpdur_random70_stratified_flowlevel_splitseed42_3feat_informer_50ms_seed2,VNAT,VNAT_3s_tcp_duration,3,random70_stratified_flowlevel_splitseed42,42,cac127f87b766f86,Validation,4,informer,3feat,50ms,61,3,2,64,1534,663,best_val,20,12345,0,True,True,1.0,27.9495,100.0,28,85.7822,83.3539,84.1629,83.3637,"{""Chat"": 76.804, ""Control"": 95.109, ""File Transfer"": 79.167, ""Streaming"": 82.375}","{""Chat"": 64.224, ""Control"": 93.085, ""File Transfer"": 100.0, ""Streaming"": 95.982}","{""Chat"": 95.513, ""Control"": 97.222, ""File Transfer"": 65.517, ""Streaming"": 72.148}","{""Chat"": 156, ""Control"": 180, ""File Transfer"": 29, ""Streaming"": 298}","{""Chat"": 1.098854, ""Control"": 0.906619, ""File Transfer"": 5.9, ""Streaming"": 0.550215}","{""Chat"": 349, ""Control"": 423, ""File Transfer"": 65, ""Streaming"": 697}",2739205,checkpoints/VNAT_3s_tcp_duration_3feat_seed2/VNAT_3s_tcpdur_random70_stratified_flowlevel_splitseed42_3feat_informer_50ms_seed2.pth,21240834,27.5,OK,,"{""torch"": ""2.4.1+cu121"", ""cuda"": ""12.1"", ""gpu"": ""NVIDIA RTX A4500"", ""numpy"": ""1.26.0"", ""python"": ""3.10.12"", ""deterministic"": true, ""grad_clip_max_norm"": 1.0, ""CUBLAS_WORKSPACE_CONFIG"": "":4096:8"", ""CUDA_VISIBLE_DEVICES"": ""0""}",2026-08-21T14:36:58
VNAT_3s_tcpdur_random70_stratified_flowlevel_splitseed42_3feat_nst_50ms_seed0,VNAT,VNAT_3s_tcp_duration,3,random70_stratified_flowlevel_splitseed42,42,cac127f87b766f86,Validation,4,nst,3feat,50ms,61,3,0,64,1534,663,best_val,25,12345,0,True,True,1.0,12.3273,100.0,38,89.0113,87.6341,89.4419,87.6341,"{""Chat"": 82.997, ""Control"": 96.154, ""File Transfer"": 81.633, ""Streaming"": 89.753}","{""Chat"": 75.393, ""Control"": 95.109, ""File Transfer"": 100.0, ""Streaming"": 94.776}","{""Chat"": 92.308, ""Control"": 97.222, ""File Transfer"": 68.966, ""Streaming"": 85.235}","{""Chat"": 156, ""Control"": 180, ""File Transfer"": 29, ""Streaming"": 298}","{""Chat"": 1.098854, ""Control"": 0.906619, ""File Transfer"": 5.9, ""Streaming"": 0.550215}","{""Chat"": 349, ""Control"": 423, ""File Transfer"": 65, ""Streaming"": 697}",139250,checkpoints/VNAT_3s_tcp_duration_3feat_seed0/VNAT_3s_tcpdur_random70_stratified_flowlevel_splitseed42_3feat_nst_50ms_seed0.pth,1865034,31.7,OK,,"{""torch"": ""2.4.1+cu121"", ""cuda"": ""12.1"", ""gpu"": ""NVIDIA RTX A4500"", ""numpy"": ""1.26.0"", ""python"": ""3.10.12"", ""deterministic"": true, ""grad_clip_max_norm"": 1.0, ""CUBLAS_WORKSPACE_CONFIG"": "":4096:8"", ""CUDA_VISIBLE_DEVICES"": ""0""}",2026-08-21T14:37:30
VNAT_3s_tcpdur_random70_stratified_flowlevel_splitseed42_3feat_nst_50ms_seed1,VNAT,VNAT_3s_tcp_duration,3,random70_stratified_flowlevel_splitseed42,42,cac127f87b766f86,Validation,4,nst,3feat,50ms,61,3,1,64,1534,663,best_val,25,12345,0,True,True,1.0,11.3276,99.89,39,88.0756,85.0915,85.6712,85.0915,"{""Chat"": 77.083, ""Control"": 97.222, ""File Transfer"": 81.633, ""Streaming"": 84.428}","{""Chat"": 64.912, ""Control"": 97.222, ""File Transfer"": 100.0, ""Streaming"": 95.745}","{""Chat"": 94.872, ""Control"": 97.222, ""File Transfer"": 68.966, ""Streaming"": 75.503}","{""Chat"": 156, ""Control"": 180, ""File Transfer"": 29, ""Streaming"": 298}","{""Chat"": 1.098854, ""Control"": 0.906619, ""File Transfer"": 5.9, ""Streaming"": 0.550215}","{""Chat"": 349, ""Control"": 423, ""File Transfer"": 65, ""Streaming"": 697}",139250,checkpoints/VNAT_3s_tcp_duration_3feat_seed1/VNAT_3s_tcpdur_random70_stratified_flowlevel_splitseed42_3feat_nst_50ms_seed1.pth,1865034,30.7,OK,,"{""torch"": ""2.4.1+cu121"", ""cuda"": ""12.1"", ""gpu"": ""NVIDIA RTX A4500"", ""numpy"": ""1.26.0"", ""python"": ""3.10.12"", ""deterministic"": true, ""grad_clip_max_norm"": 1.0, ""CUBLAS_WORKSPACE_CONFIG"": "":4096:8"", ""CUDA_VISIBLE_DEVICES"": ""0""}",2026-08-21T14:38:01
VNAT_3s_tcpdur_random70_stratified_flowlevel_splitseed42_3feat_nst_50ms_seed2,VNAT,VNAT_3s_tcp_duration,3,random70_stratified_flowlevel_splitseed42,42,cac127f87b766f86,Validation,4,nst,3feat,50ms,61,3,2,64,1534,663,best_val,37,12345,0,True,True,1.0,12.9963,100.0,45,86.1566,81.0801,82.2021,81.0801,"{""Chat"": 77.165, ""Control"": 91.623, ""File Transfer"": 76.0, ""Streaming"": 79.532}","{""Chat"": 65.333, ""Control"": 86.634, ""File Transfer"": 90.476, ""Streaming"": 94.884}","{""Chat"": 94.231, ""Control"": 97.222, ""File Transfer"": 65.517, ""Streaming"": 68.456}","{""Chat"": 156, ""Control"": 180, ""File Transfer"": 29, ""Streaming"": 298}","{""Chat"": 1.098854, ""Control"": 0.906619, ""File Transfer"": 5.9, ""Streaming"": 0.550215}","{""Chat"": 349, ""Control"": 423, ""File Transfer"": 65, ""Streaming"": 697}",139250,checkpoints/VNAT_3s_tcp_duration_3feat_seed2/VNAT_3s_tcpdur_random70_stratified_flowlevel_splitseed42_3feat_nst_50ms_seed2.pth,1865034,36.3,OK,,"{""torch"": ""2.4.1+cu121"", ""cuda"": ""12.1"", ""gpu"": ""NVIDIA RTX A4500"", ""numpy"": ""1.26.0"", ""python"": ""3.10.12"", ""deterministic"": true, ""grad_clip_max_norm"": 1.0, ""CUBLAS_WORKSPACE_CONFIG"": "":4096:8"", ""CUDA_VISIBLE_DEVICES"": ""0""}",2026-08-21T14:38:37
VNAT_3s_tcpdur_random70_stratified_flowlevel_splitseed42_3feat_autoformer_50ms_seed0,VNAT,VNAT_3s_tcp_duration,3,random70_stratified_flowlevel_splitseed42,42,cac127f87b766f86,Validation,4,autoformer,3feat,50ms,61,3,0,256,1534,663,best_val,10,12345,0,True,True,1.0,5.3226,100.0,21,67.4061,59.3472,63.8009,59.3472,"{""Chat"": 17.978, ""Control"": 75.568, ""File Transfer"": 75.472, ""Streaming"": 68.371}","{""Chat"": 72.727, ""Control"": 77.326, ""File Transfer"": 83.333, ""Streaming"": 57.079}","{""Chat"": 10.256, ""Control"": 73.889, ""File Transfer"": 68.966, ""Streaming"": 85.235}","{""Chat"": 156, ""Control"": 180, ""File Transfer"": 29, ""Streaming"": 298}","{""Chat"": 1.098854, ""Control"": 0.906619, ""File Transfer"": 5.9, ""Streaming"": 0.550215}","{""Chat"": 349, ""Control"": 423, ""File Transfer"": 65, ""Streaming"": 697}",115460,checkpoints/VNAT_3s_tcp_duration_3feat_seed0/VNAT_3s_tcpdur_random70_stratified_flowlevel_splitseed42_3feat_autoformer_50ms_seed0.pth,1759330,8.2,OK,,"{""torch"": ""2.4.1+cu121"", ""cuda"": ""12.1"", ""gpu"": ""NVIDIA RTX A4500"", ""numpy"": ""1.26.0"", ""python"": ""3.10.12"", ""deterministic"": true, ""grad_clip_max_norm"": 1.0, ""CUBLAS_WORKSPACE_CONFIG"": "":4096:8"", ""CUDA_VISIBLE_DEVICES"": ""0""}",2026-08-21T14:38:45
VNAT_3s_tcpdur_random70_stratified_flowlevel_splitseed42_3feat_autoformer_50ms_seed1,VNAT,VNAT_3s_tcp_duration,3,random70_stratified_flowlevel_splitseed42,42,cac127f87b766f86,Validation,4,autoformer,3feat,50ms,61,3,1,256,1534,663,best_val,3,12345,0,True,True,1.0,5.4032,100.0,23,51.6559,61.5026,65.0075,61.5026,"{""Chat"": 19.095, ""Control"": 84.135, ""File Transfer"": 76.923, ""Streaming"": 65.857}","{""Chat"": 44.186, ""Control"": 74.153, ""File Transfer"": 86.957, ""Streaming"": 60.111}","{""Chat"": 12.179, ""Control"": 97.222, ""File Transfer"": 68.966, ""Streaming"": 72.819}","{""Chat"": 156, ""Control"": 180, ""File Transfer"": 29, ""Streaming"": 298}","{""Chat"": 1.098854, ""Control"": 0.906619, ""File Transfer"": 5.9, ""Streaming"": 0.550215}","{""Chat"": 349, ""Control"": 423, ""File Transfer"": 65, ""Streaming"": 697}",115460,checkpoints/VNAT_3s_tcp_duration_3feat_seed1/VNAT_3s_tcpdur_random70_stratified_flowlevel_splitseed42_3feat_autoformer_50ms_seed1.pth,1759330,9.0,OK,,"{""torch"": ""2.4.1+cu121"", ""cuda"": ""12.1"", ""gpu"": ""NVIDIA RTX A4500"", ""numpy"": ""1.26.0"", ""python"": ""3.10.12"", ""deterministic"": true, ""grad_clip_max_norm"": 1.0, ""CUBLAS_WORKSPACE_CONFIG"": "":4096:8"", ""CUDA_VISIBLE_DEVICES"": ""0""}",2026-08-21T14:38:54
VNAT_3s_tcpdur_random70_stratified_flowlevel_splitseed42_3feat_autoformer_50ms_seed2,VNAT,VNAT_3s_tcp_duration,3,random70_stratified_flowlevel_splitseed42,42,cac127f87b766f86,Validation,4,autoformer,3feat,50ms,61,3,2,256,1534,663,best_val,9,12345,0,True,True,1.0,5.7385,100.0,26,66.7593,56.0853,59.8793,56.0853,"{""Chat"": 16.327, ""Control"": 73.563, ""File Transfer"": 70.175, ""Streaming"": 64.276}","{""Chat"": 40.0, ""Control"": 76.19, ""File Transfer"": 71.429, ""Streaming"": 54.567}","{""Chat"": 10.256, ""Control"": 71.111, ""File Transfer"": 68.966, ""Streaming"": 78.188}","{""Chat"": 156, ""Control"": 180, ""File Transfer"": 29, ""Streaming"": 298}","{""Chat"": 1.098854, ""Control"": 0.906619, ""File Transfer"": 5.9, ""Streaming"": 0.550215}","{""Chat"": 349, ""Control"": 423, ""File Transfer"": 65, ""Streaming"": 697}",115460,checkpoints/VNAT_3s_tcp_duration_3feat_seed2/VNAT_3s_tcpdur_random70_stratified_flowlevel_splitseed42_3feat_autoformer_50ms_seed2.pth,1759330,10.5,OK,,"{""torch"": ""2.4.1+cu121"", ""cuda"": ""12.1"", ""gpu"": ""NVIDIA RTX A4500"", ""numpy"": ""1.26.0"", ""python"": ""3.10.12"", ""deterministic"": true, ""grad_clip_max_norm"": 1.0, ""CUBLAS_WORKSPACE_CONFIG"": "":4096:8"", ""CUDA_VISIBLE_DEVICES"": ""0""}",2026-08-21T14:39:05
VNAT_3s_tcpdur_random70_stratified_flowlevel_splitseed42_3feat_fedformer_50ms_seed0,VNAT,VNAT_3s_tcp_duration,3,random70_stratified_flowlevel_splitseed42,42,cac127f87b766f86,Validation,4,fedformer,3feat,50ms,61,3,0,256,1534,663,best_val,18,12345,4,True,True,1.0,8.507,100.0,34,75.051,73.4418,71.7949,73.4418,"{""Chat"": 69.388, ""Control"": 85.995, ""File Transfer"": 78.431, ""Streaming"": 59.953}","{""Chat"": 53.684, ""Control"": 77.093, ""File Transfer"": 90.909, ""Streaming"": 99.225}","{""Chat"": 98.077, ""Control"": 97.222, ""File Transfer"": 68.966, ""Streaming"": 42.953}","{""Chat"": 156, ""Control"": 180, ""File Transfer"": 29, ""Streaming"": 298}","{""Chat"": 1.098854, ""Control"": 0.906619, ""File Transfer"": 5.9, ""Streaming"": 0.550215}","{""Chat"": 349, ""Control"": 423, ""File Transfer"": 65, ""Streaming"": 697}",305285,checkpoints/VNAT_3s_tcp_duration_3feat_seed0/VNAT_3s_tcpdur_random70_stratified_flowlevel_splitseed42_3feat_fedformer_50ms_seed0.pth,3817131,65.3,OK,,"{""torch"": ""2.4.1+cu121"", ""cuda"": ""12.1"", ""gpu"": ""NVIDIA RTX A4500"", ""numpy"": ""1.26.0"", ""python"": ""3.10.12"", ""deterministic"": true, ""grad_clip_max_norm"": 1.0, ""CUBLAS_WORKSPACE_CONFIG"": "":4096:8"", ""CUDA_VISIBLE_DEVICES"": ""0""}",2026-08-21T14:40:11
VNAT_3s_tcpdur_random70_stratified_flowlevel_splitseed42_3feat_fedformer_50ms_seed1,VNAT,VNAT_3s_tcp_duration,3,random70_stratified_flowlevel_splitseed42,42,cac127f87b766f86,Validation,4,fedformer,3feat,50ms,61,3,1,256,1534,663,best_val,5,12345,4,True,True,1.0,7.7845,100.0,27,59.6784,76.4198,76.4706,76.4198,"{""Chat"": 77.157, ""Control"": 83.333, ""File Transfer"": 75.472, ""Streaming"": 69.717}","{""Chat"": 63.866, ""Control"": 72.917, ""File Transfer"": 83.333, ""Streaming"": 99.379}","{""Chat"": 97.436, ""Control"": 97.222, ""File Transfer"": 68.966, ""Streaming"": 53.691}","{""Chat"": 156, ""Control"": 180, ""File Transfer"": 29, ""Streaming"": 298}","{""Chat"": 1.098854, ""Control"": 0.906619, ""File Transfer"": 5.9, ""Streaming"": 0.550215}","{""Chat"": 349, ""Control"": 423, ""File Transfer"": 65, ""Streaming"": 697}",305285,checkpoints/VNAT_3s_tcp_duration_3feat_seed1/VNAT_3s_tcpdur_random70_stratified_flowlevel_splitseed42_3feat_fedformer_50ms_seed1.pth,3817131,50.8,OK,,"{""torch"": ""2.4.1+cu121"", ""cuda"": ""12.1"", ""gpu"": ""NVIDIA RTX A4500"", ""numpy"": ""1.26.0"", ""python"": ""3.10.12"", ""deterministic"": true, ""grad_clip_max_norm"": 1.0, ""CUBLAS_WORKSPACE_CONFIG"": "":4096:8"", ""CUDA_VISIBLE_DEVICES"": ""0""}",2026-08-21T14:41:02
VNAT_3s_tcpdur_random70_stratified_flowlevel_splitseed42_3feat_fedformer_50ms_seed2,VNAT,VNAT_3s_tcp_duration,3,random70_stratified_flowlevel_splitseed42,42,cac127f87b766f86,Validation,4,fedformer,3feat,50ms,61,3,2,256,1534,663,best_val,20,12345,4,True,True,1.0,7.5058,100.0,34,75.3281,72.5315,70.5882,72.5315,"{""Chat"": 67.692, ""Control"": 87.065, ""File Transfer"": 78.431, ""Streaming"": 56.938}","{""Chat"": 51.505, ""Control"": 78.829, ""File Transfer"": 90.909, ""Streaming"": 99.167}","{""Chat"": 98.718, ""Control"": 97.222, ""File Transfer"": 68.966, ""Streaming"": 39.933}","{""Chat"": 156, ""Control"": 180, ""File Transfer"": 29, ""Streaming"": 298}","{""Chat"": 1.098854, ""Control"": 0.906619, ""File Transfer"": 5.9, ""Streaming"": 0.550215}","{""Chat"": 349, ""Control"": 423, ""File Transfer"": 65, ""Streaming"": 697}",305285,checkpoints/VNAT_3s_tcp_duration_3feat_seed2/VNAT_3s_tcpdur_random70_stratified_flowlevel_splitseed42_3feat_fedformer_50ms_seed2.pth,3817131,61.5,OK,,"{""torch"": ""2.4.1+cu121"", ""cuda"": ""12.1"", ""gpu"": ""NVIDIA RTX A4500"", ""numpy"": ""1.26.0"", ""python"": ""3.10.12"", ""deterministic"": true, ""grad_clip_max_norm"": 1.0, ""CUBLAS_WORKSPACE_CONFIG"": "":4096:8"", ""CUDA_VISIBLE_DEVICES"": ""0""}",2026-08-21T14:42:04
VNAT_3s_tcpdur_random70_stratified_flowlevel_splitseed42_3feat_timemixer_50ms_seed0,VNAT,VNAT_3s_tcp_duration,3,random70_stratified_flowlevel_splitseed42,42,cac127f87b766f86,Validation,4,timemixer,3feat,50ms,61,3,0,256,1534,663,best_val,6,12345,0,True,True,1.0,4.288,8.33,24,46.3442,50.6396,53.2428,50.6396,"{""Chat"": 0.0, ""Control"": 55.108, ""File Transfer"": 81.633, ""Streaming"": 65.817}","{""Chat"": 0.0, ""Control"": 38.197, ""File Transfer"": 100.0, ""Streaming"": 89.595}","{""Chat"": 0.0, ""Control"": 98.889, ""File Transfer"": 68.966, ""Streaming"": 52.013}","{""Chat"": 156, ""Control"": 180, ""File Transfer"": 29, ""Streaming"": 298}","{""Chat"": 1.098854, ""Control"": 0.906619, ""File Transfer"": 5.9, ""Streaming"": 0.550215}","{""Chat"": 349, ""Control"": 423, ""File Transfer"": 65, ""Streaming"": 697}",170298,checkpoints/VNAT_3s_tcp_duration_3feat_seed0/VNAT_3s_tcpdur_random70_stratified_flowlevel_splitseed42_3feat_timemixer_50ms_seed0.pth,1998342,7.7,OK,,"{""torch"": ""2.4.1+cu121"", ""cuda"": ""12.1"", ""gpu"": ""NVIDIA RTX A4500"", ""numpy"": ""1.26.0"", ""python"": ""3.10.12"", ""deterministic"": true, ""grad_clip_max_norm"": 1.0, ""CUBLAS_WORKSPACE_CONFIG"": "":4096:8"", ""CUDA_VISIBLE_DEVICES"": ""0""}",2026-08-21T14:42:11
VNAT_3s_tcpdur_random70_stratified_flowlevel_splitseed42_3feat_timemixer_50ms_seed1,VNAT,VNAT_3s_tcp_duration,3,random70_stratified_flowlevel_splitseed42,42,cac127f87b766f86,Validation,4,timemixer,3feat,50ms,61,3,1,256,1534,663,best_val,8,12345,0,True,True,1.0,2.6772,9.09,22,46.2938,45.3691,52.6395,45.3691,"{""Chat"": 1.266, ""Control"": 33.628, ""File Transfer"": 81.633, ""Streaming"": 64.95}","{""Chat"": 50.0, ""Control"": 82.609, ""File Transfer"": 100.0, ""Streaming"": 48.739}","{""Chat"": 0.641, ""Control"": 21.111, ""File Transfer"": 68.966, ""Streaming"": 97.315}","{""Chat"": 156, ""Control"": 180, ""File Transfer"": 29, ""Streaming"": 298}","{""Chat"": 1.098854, ""Control"": 0.906619, ""File Transfer"": 5.9, ""Streaming"": 0.550215}","{""Chat"": 349, ""Control"": 423, ""File Transfer"": 65, ""Streaming"": 697}",170298,checkpoints/VNAT_3s_tcp_duration_3feat_seed1/VNAT_3s_tcpdur_random70_stratified_flowlevel_splitseed42_3feat_timemixer_50ms_seed1.pth,1998342,7.1,OK,,"{""torch"": ""2.4.1+cu121"", ""cuda"": ""12.1"", ""gpu"": ""NVIDIA RTX A4500"", ""numpy"": ""1.26.0"", ""python"": ""3.10.12"", ""deterministic"": true, ""grad_clip_max_norm"": 1.0, ""CUBLAS_WORKSPACE_CONFIG"": "":4096:8"", ""CUDA_VISIBLE_DEVICES"": ""0""}",2026-08-21T14:42:19
VNAT_3s_tcpdur_random70_stratified_flowlevel_splitseed42_3feat_timemixer_50ms_seed2,VNAT,VNAT_3s_tcp_duration,3,random70_stratified_flowlevel_splitseed42,42,cac127f87b766f86,Validation,4,timemixer,3feat,50ms,61,3,2,256,1534,663,best_val,16,12345,0,True,True,1.0,3.19,6.94,24,46.1861,61.2035,57.3152,61.2035,"{""Chat"": 57.301, ""Control"": 83.791, ""File Transfer"": 81.633, ""Streaming"": 22.09}","{""Chat"": 40.26, ""Control"": 76.018, ""File Transfer"": 100.0, ""Streaming"": 100.0}","{""Chat"": 99.359, ""Control"": 93.333, ""File Transfer"": 68.966, ""Streaming"": 12.416}","{""Chat"": 156, ""Control"": 180, ""File Transfer"": 29, ""Streaming"": 298}","{""Chat"": 1.098854, ""Control"": 0.906619, ""File Transfer"": 5.9, ""Streaming"": 0.550215}","{""Chat"": 349, ""Control"": 423, ""File Transfer"": 65, ""Streaming"": 697}",170298,checkpoints/VNAT_3s_tcp_duration_3feat_seed2/VNAT_3s_tcpdur_random70_stratified_flowlevel_splitseed42_3feat_timemixer_50ms_seed2.pth,1998342,7.1,OK,,"{""torch"": ""2.4.1+cu121"", ""cuda"": ""12.1"", ""gpu"": ""NVIDIA RTX A4500"", ""numpy"": ""1.26.0"", ""python"": ""3.10.12"", ""deterministic"": true, ""grad_clip_max_norm"": 1.0, ""CUBLAS_WORKSPACE_CONFIG"": "":4096:8"", ""CUDA_VISIBLE_DEVICES"": ""0""}",2026-08-21T14:42:26
VNAT_3s_tcpdur_random70_stratified_flowlevel_splitseed42_3feat_timesnet_75ms_seed0,VNAT,VNAT_3s_tcp_duration,3,random70_stratified_flowlevel_splitseed42,42,cac127f87b766f86,Validation,4,timesnet,3feat,75ms,41,3,0,256,1534,663,best_val,13,12345,0,True,True,1.0,8.4869,95.93,45,71.8142,72.2144,70.7391,72.2144,"{""Chat"": 64.77, ""Control"": 89.848, ""File Transfer"": 75.472, ""Streaming"": 58.768}","{""Chat"": 49.169, ""Control"": 82.71, ""File Transfer"": 83.333, ""Streaming"": 100.0}","{""Chat"": 94.872, ""Control"": 98.333, ""File Transfer"": 68.966, ""Streaming"": 41.611}","{""Chat"": 156, ""Control"": 180, ""File Transfer"": 29, ""Streaming"": 298}","{""Chat"": 1.098854, ""Control"": 0.906619, ""File Transfer"": 5.9, ""Streaming"": 0.550215}","{""Chat"": 349, ""Control"": 423, ""File Transfer"": 65, ""Streaming"": 697}",9385476,checkpoints/VNAT_3s_tcp_duration_3feat_seed0/VNAT_3s_tcpdur_random70_stratified_flowlevel_splitseed42_3feat_timesnet_75ms_seed0.pth,38851330,45.2,OK,,"{""torch"": ""2.4.1+cu121"", ""cuda"": ""12.1"", ""gpu"": ""NVIDIA RTX A4500"", ""numpy"": ""1.26.0"", ""python"": ""3.10.12"", ""deterministic"": true, ""grad_clip_max_norm"": 1.0, ""CUBLAS_WORKSPACE_CONFIG"": "":4096:8"", ""CUDA_VISIBLE_DEVICES"": ""0""}",2026-08-21T14:43:11
VNAT_3s_tcpdur_random70_stratified_flowlevel_splitseed42_3feat_timesnet_75ms_seed1,VNAT,VNAT_3s_tcp_duration,3,random70_stratified_flowlevel_splitseed42,42,cac127f87b766f86,Validation,4,timesnet,3feat,75ms,41,3,1,256,1534,663,best_val,11,12345,0,True,True,1.0,8.4938,93.21,27,63.5936,67.8328,66.365,67.8328,"{""Chat"": 60.941, ""Control"": 91.003, ""File Transfer"": 71.429, ""Streaming"": 47.959}","{""Chat"": 44.745, ""Control"": 84.689, ""File Transfer"": 74.074, ""Streaming"": 100.0}","{""Chat"": 95.513, ""Control"": 98.333, ""File Transfer"": 68.966, ""Streaming"": 31.544}","{""Chat"": 156, ""Control"": 180, ""File Transfer"": 29, ""Streaming"": 298}","{""Chat"": 1.098854, ""Control"": 0.906619, ""File Transfer"": 5.9, ""Streaming"": 0.550215}","{""Chat"": 349, ""Control"": 423, ""File Transfer"": 65, ""Streaming"": 697}",9385476,checkpoints/VNAT_3s_tcp_duration_3feat_seed1/VNAT_3s_tcpdur_random70_stratified_flowlevel_splitseed42_3feat_timesnet_75ms_seed1.pth,38851330,28.0,OK,,"{""torch"": ""2.4.1+cu121"", ""cuda"": ""12.1"", ""gpu"": ""NVIDIA RTX A4500"", ""numpy"": ""1.26.0"", ""python"": ""3.10.12"", ""deterministic"": true, ""grad_clip_max_norm"": 1.0, ""CUBLAS_WORKSPACE_CONFIG"": "":4096:8"", ""CUDA_VISIBLE_DEVICES"": ""0""}",2026-08-21T14:43:40
VNAT_3s_tcpdur_random70_stratified_flowlevel_splitseed42_3feat_timesnet_75ms_seed2,VNAT,VNAT_3s_tcp_duration,3,random70_stratified_flowlevel_splitseed42,42,cac127f87b766f86,Validation,4,timesnet,3feat,75ms,41,3,2,256,1534,663,best_val,17,12345,0,True,True,1.0,7.2507,93.68,29,71.3731,68.075,65.9125,68.075,"{""Chat"": 60.202, ""Control"": 91.237, ""File Transfer"": 74.074, ""Streaming"": 46.787}","{""Chat"": 43.953, ""Control"": 85.096, ""File Transfer"": 80.0, ""Streaming"": 100.0}","{""Chat"": 95.513, ""Control"": 98.333, ""File Transfer"": 68.966, ""Streaming"": 30.537}","{""Chat"": 156, ""Control"": 180, ""File Transfer"": 29, ""Streaming"": 298}","{""Chat"": 1.098854, ""Control"": 0.906619, ""File Transfer"": 5.9, ""Streaming"": 0.550215}","{""Chat"": 349, ""Control"": 423, ""File Transfer"": 65, ""Streaming"": 697}",9385476,checkpoints/VNAT_3s_tcp_duration_3feat_seed2/VNAT_3s_tcpdur_random70_stratified_flowlevel_splitseed42_3feat_timesnet_75ms_seed2.pth,38851330,29.9,OK,,"{""torch"": ""2.4.1+cu121"", ""cuda"": ""12.1"", ""gpu"": ""NVIDIA RTX A4500"", ""numpy"": ""1.26.0"", ""python"": ""3.10.12"", ""deterministic"": true, ""grad_clip_max_norm"": 1.0, ""CUBLAS_WORKSPACE_CONFIG"": "":4096:8"", ""CUDA_VISIBLE_DEVICES"": ""0""}",2026-08-21T14:44:10
VNAT_3s_tcpdur_random70_stratified_flowlevel_splitseed42_3feat_informer_75ms_seed0,VNAT,VNAT_3s_tcp_duration,3,random70_stratified_flowlevel_splitseed42,42,cac127f87b766f86,Validation,4,informer,3feat,75ms,41,3,0,64,1534,663,best_val,6,12345,0,True,True,1.0,21.6327,100.0,31,79.5958,83.1696,82.6546,82.5234,"{""Chat"": 75.401, ""Control"": 91.906, ""File Transfer"": 81.633, ""Streaming"": 81.154}","{""Chat"": 64.679, ""Control"": 86.7, ""File Transfer"": 100.0, ""Streaming"": 95.045}","{""Chat"": 90.385, ""Control"": 97.778, ""File Transfer"": 68.966, ""Streaming"": 70.805}","{""Chat"": 156, ""Control"": 180, ""File Transfer"": 29, ""Streaming"": 298}","{""Chat"": 1.098854, ""Control"": 0.906619, ""File Transfer"": 5.9, ""Streaming"": 0.550215}","{""Chat"": 349, ""Control"": 423, ""File Transfer"": 65, ""Streaming"": 697}",2718725,checkpoints/VNAT_3s_tcp_duration_3feat_seed0/VNAT_3s_tcpdur_random70_stratified_flowlevel_splitseed42_3feat_informer_75ms_seed0.pth,21158914,32.2,OK,,"{""torch"": ""2.4.1+cu121"", ""cuda"": ""12.1"", ""gpu"": ""NVIDIA RTX A4500"", ""numpy"": ""1.26.0"", ""python"": ""3.10.12"", ""deterministic"": true, ""grad_clip_max_norm"": 1.0, ""CUBLAS_WORKSPACE_CONFIG"": "":4096:8"", ""CUDA_VISIBLE_DEVICES"": ""0""}",2026-08-21T14:44:43
VNAT_3s_tcpdur_random70_stratified_flowlevel_splitseed42_3feat_informer_75ms_seed1,VNAT,VNAT_3s_tcp_duration,3,random70_stratified_flowlevel_splitseed42,42,cac127f87b766f86,Validation,4,informer,3feat,75ms,41,3,1,64,1534,663,best_val,12,12345,0,True,True,1.0,19.7642,100.0,20,80.5583,76.7223,74.359,76.1327,"{""Chat"": 66.042, ""Control"": 90.956, ""File Transfer"": 80.0, ""Streaming"": 67.532}","{""Chat"": 52.03, ""Control"": 85.024, ""File Transfer"": 95.238, ""Streaming"": 95.122}","{""Chat"": 90.385, ""Control"": 97.778, ""File Transfer"": 68.966, ""Streaming"": 52.349}","{""Chat"": 156, ""Control"": 180, ""File Transfer"": 29, ""Streaming"": 298}","{""Chat"": 1.098854, ""Control"": 0.906619, ""File Transfer"": 5.9, ""Streaming"": 0.550215}","{""Chat"": 349, ""Control"": 423, ""File Transfer"": 65, ""Streaming"": 697}",2718725,checkpoints/VNAT_3s_tcp_duration_3feat_seed1/VNAT_3s_tcpdur_random70_stratified_flowlevel_splitseed42_3feat_informer_75ms_seed1.pth,21158914,18.3,OK,,"{""torch"": ""2.4.1+cu121"", ""cuda"": ""12.1"", ""gpu"": ""NVIDIA RTX A4500"", ""numpy"": ""1.26.0"", ""python"": ""3.10.12"", ""deterministic"": true, ""grad_clip_max_norm"": 1.0, ""CUBLAS_WORKSPACE_CONFIG"": "":4096:8"", ""CUDA_VISIBLE_DEVICES"": ""0""}",2026-08-21T14:45:01
VNAT_3s_tcpdur_random70_stratified_flowlevel_splitseed42_3feat_informer_75ms_seed2,VNAT,VNAT_3s_tcp_duration,3,random70_stratified_flowlevel_splitseed42,42,cac127f87b766f86,Validation,4,informer,3feat,75ms,41,3,2,64,1534,663,best_val,15,12345,0,True,True,1.0,18.5662,100.0,23,79.3028,74.5829,71.7949,73.35,"{""Chat"": 64.459, ""Control"": 91.473, ""File Transfer"": 76.0, ""Streaming"": 61.468}","{""Chat"": 49.158, ""Control"": 85.507, ""File Transfer"": 90.476, ""Streaming"": 97.101}","{""Chat"": 93.59, ""Control"": 98.333, ""File Transfer"": 65.517, ""Streaming"": 44.966}","{""Chat"": 156, ""Control"": 180, ""File Transfer"": 29, ""Streaming"": 298}","{""Chat"": 1.098854, ""Control"": 0.906619, ""File Transfer"": 5.9, ""Streaming"": 0.550215}","{""Chat"": 349, ""Control"": 423, ""File Transfer"": 65, ""Streaming"": 697}",2718725,checkpoints/VNAT_3s_tcp_duration_3feat_seed2/VNAT_3s_tcpdur_random70_stratified_flowlevel_splitseed42_3feat_informer_75ms_seed2.pth,21158914,23.5,OK,,"{""torch"": ""2.4.1+cu121"", ""cuda"": ""12.1"", ""gpu"": ""NVIDIA RTX A4500"", ""numpy"": ""1.26.0"", ""python"": ""3.10.12"", ""deterministic"": true, ""grad_clip_max_norm"": 1.0, ""CUBLAS_WORKSPACE_CONFIG"": "":4096:8"", ""CUDA_VISIBLE_DEVICES"": ""0""}",2026-08-21T14:45:25
VNAT_3s_tcpdur_random70_stratified_flowlevel_splitseed42_3feat_nst_75ms_seed0,VNAT,VNAT_3s_tcp_duration,3,random70_stratified_flowlevel_splitseed42,42,cac127f87b766f86,Validation,4,nst,3feat,75ms,41,3,0,64,1534,663,best_val,9,12345,0,True,True,1.0,11.3366,100.0,23,71.4824,70.9246,70.1357,70.9246,"{""Chat"": 64.502, ""Control"": 90.488, ""File Transfer"": 71.429, ""Streaming"": 57.279}","{""Chat"": 48.693, ""Control"": 84.211, ""File Transfer"": 74.074, ""Streaming"": 99.174}","{""Chat"": 95.513, ""Control"": 97.778, ""File Transfer"": 68.966, ""Streaming"": 40.268}","{""Chat"": 156, ""Control"": 180, ""File Transfer"": 29, ""Streaming"": 298}","{""Chat"": 1.098854, ""Control"": 0.906619, ""File Transfer"": 5.9, ""Streaming"": 0.550215}","{""Chat"": 349, ""Control"": 423, ""File Transfer"": 65, ""Streaming"": 697}",132730,checkpoints/VNAT_3s_tcp_duration_3feat_seed0/VNAT_3s_tcpdur_random70_stratified_flowlevel_splitseed42_3feat_nst_75ms_seed0.pth,1838922,18.9,OK,,"{""torch"": ""2.4.1+cu121"", ""cuda"": ""12.1"", ""gpu"": ""NVIDIA RTX A4500"", ""numpy"": ""1.26.0"", ""python"": ""3.10.12"", ""deterministic"": true, ""grad_clip_max_norm"": 1.0, ""CUBLAS_WORKSPACE_CONFIG"": "":4096:8"", ""CUDA_VISIBLE_DEVICES"": ""0""}",2026-08-21T14:45:44
VNAT_3s_tcpdur_random70_stratified_flowlevel_splitseed42_3feat_nst_75ms_seed1,VNAT,VNAT_3s_tcp_duration,3,random70_stratified_flowlevel_splitseed42,42,cac127f87b766f86,Validation,4,nst,3feat,75ms,41,3,1,64,1534,663,best_val,9,12345,0,True,True,1.0,9.5402,100.0,28,70.2597,70.849,69.9849,70.849,"{""Chat"": 63.656, ""Control"": 91.237, ""File Transfer"": 71.429, ""Streaming"": 57.074}","{""Chat"": 47.896, ""Control"": 85.096, ""File Transfer"": 74.074, ""Streaming"": 100.0}","{""Chat"": 94.872, ""Control"": 98.333, ""File Transfer"": 68.966, ""Streaming"": 39.933}","{""Chat"": 156, ""Control"": 180, ""File Transfer"": 29, ""Streaming"": 298}","{""Chat"": 1.098854, ""Control"": 0.906619, ""File Transfer"": 5.9, ""Streaming"": 0.550215}","{""Chat"": 349, ""Control"": 423, ""File Transfer"": 65, ""Streaming"": 697}",132730,checkpoints/VNAT_3s_tcp_duration_3feat_seed1/VNAT_3s_tcpdur_random70_stratified_flowlevel_splitseed42_3feat_nst_75ms_seed1.pth,1838922,25.9,OK,,"{""torch"": ""2.4.1+cu121"", ""cuda"": ""12.1"", ""gpu"": ""NVIDIA RTX A4500"", ""numpy"": ""1.26.0"", ""python"": ""3.10.12"", ""deterministic"": true, ""grad_clip_max_norm"": 1.0, ""CUBLAS_WORKSPACE_CONFIG"": "":4096:8"", ""CUDA_VISIBLE_DEVICES"": ""0""}",2026-08-21T14:46:10
VNAT_3s_tcpdur_random70_stratified_flowlevel_splitseed42_3feat_nst_75ms_seed2,VNAT,VNAT_3s_tcp_duration,3,random70_stratified_flowlevel_splitseed42,42,cac127f87b766f86,Validation,4,nst,3feat,75ms,41,3,2,64,1534,663,best_val,14,12345,0,True,True,1.0,10.1585,100.0,28,75.4512,72.7654,71.7949,72.7654,"{""Chat"": 64.169, ""Control"": 89.848, ""File Transfer"": 74.074, ""Streaming"": 62.971}","{""Chat"": 50.554, ""Control"": 82.71, ""File Transfer"": 80.0, ""Streaming"": 92.81}","{""Chat"": 87.821, ""Control"": 98.333, ""File Transfer"": 68.966, ""Streaming"": 47.651}","{""Chat"": 156, ""Control"": 180, ""File Transfer"": 29, ""Streaming"": 298}","{""Chat"": 1.098854, ""Control"": 0.906619, ""File Transfer"": 5.9, ""Streaming"": 0.550215}","{""Chat"": 349, ""Control"": 423, ""File Transfer"": 65, ""Streaming"": 697}",132730,checkpoints/VNAT_3s_tcp_duration_3feat_seed2/VNAT_3s_tcpdur_random70_stratified_flowlevel_splitseed42_3feat_nst_75ms_seed2.pth,1838922,25.7,OK,,"{""torch"": ""2.4.1+cu121"", ""cuda"": ""12.1"", ""gpu"": ""NVIDIA RTX A4500"", ""numpy"": ""1.26.0"", ""python"": ""3.10.12"", ""deterministic"": true, ""grad_clip_max_norm"": 1.0, ""CUBLAS_WORKSPACE_CONFIG"": "":4096:8"", ""CUDA_VISIBLE_DEVICES"": ""0""}",2026-08-21T14:46:35
VNAT_3s_tcpdur_random70_stratified_flowlevel_splitseed42_3feat_autoformer_75ms_seed0,VNAT,VNAT_3s_tcp_duration,3,random70_stratified_flowlevel_splitseed42,42,cac127f87b766f86,Validation,4,autoformer,3feat,75ms,41,3,0,256,1534,663,best_val,14,12345,0,True,True,1.0,4.4473,100.0,28,68.5442,62.9165,67.8733,62.9165,"{""Chat"": 16.08, ""Control"": 88.161, ""File Transfer"": 76.923, ""Streaming"": 70.501}","{""Chat"": 37.209, ""Control"": 80.645, ""File Transfer"": 86.957, ""Streaming"": 62.895}","{""Chat"": 10.256, ""Control"": 97.222, ""File Transfer"": 68.966, ""Streaming"": 80.201}","{""Chat"": 156, ""Control"": 180, ""File Transfer"": 29, ""Streaming"": 298}","{""Chat"": 1.098854, ""Control"": 0.906619, ""File Transfer"": 5.9, ""Streaming"": 0.550215}","{""Chat"": 349, ""Control"": 423, ""File Transfer"": 65, ""Streaming"": 697}",110340,checkpoints/VNAT_3s_tcp_duration_3feat_seed0/VNAT_3s_tcpdur_random70_stratified_flowlevel_splitseed42_3feat_autoformer_75ms_seed0.pth,1738850,9.9,OK,,"{""torch"": ""2.4.1+cu121"", ""cuda"": ""12.1"", ""gpu"": ""NVIDIA RTX A4500"", ""numpy"": ""1.26.0"", ""python"": ""3.10.12"", ""deterministic"": true, ""grad_clip_max_norm"": 1.0, ""CUBLAS_WORKSPACE_CONFIG"": "":4096:8"", ""CUDA_VISIBLE_DEVICES"": ""0""}",2026-08-21T14:46:45
VNAT_3s_tcpdur_random70_stratified_flowlevel_splitseed42_3feat_autoformer_75ms_seed1,VNAT,VNAT_3s_tcp_duration,3,random70_stratified_flowlevel_splitseed42,42,cac127f87b766f86,Validation,4,autoformer,3feat,75ms,41,3,1,256,1534,663,best_val,5,12345,0,True,True,1.0,4.964,100.0,29,56.0762,65.8501,64.8567,65.8501,"{""Chat"": 58.296, ""Control"": 88.205, ""File Transfer"": 66.667, ""Streaming"": 50.233}","{""Chat"": 44.828, ""Control"": 81.905, ""File Transfer"": 64.516, ""Streaming"": 81.818}","{""Chat"": 83.333, ""Control"": 95.556, ""File Transfer"": 68.966, ""Streaming"": 36.242}","{""Chat"": 156, ""Control"": 180, ""File Transfer"": 29, ""Streaming"": 298}","{""Chat"": 1.098854, ""Control"": 0.906619, ""File Transfer"": 5.9, ""Streaming"": 0.550215}","{""Chat"": 349, ""Control"": 423, ""File Transfer"": 65, ""Streaming"": 697}",110340,checkpoints/VNAT_3s_tcp_duration_3feat_seed1/VNAT_3s_tcpdur_random70_stratified_flowlevel_splitseed42_3feat_autoformer_75ms_seed1.pth,1738850,10.5,OK,,"{""torch"": ""2.4.1+cu121"", ""cuda"": ""12.1"", ""gpu"": ""NVIDIA RTX A4500"", ""numpy"": ""1.26.0"", ""python"": ""3.10.12"", ""deterministic"": true, ""grad_clip_max_norm"": 1.0, ""CUBLAS_WORKSPACE_CONFIG"": "":4096:8"", ""CUDA_VISIBLE_DEVICES"": ""0""}",2026-08-21T14:46:56
VNAT_3s_tcpdur_random70_stratified_flowlevel_splitseed42_3feat_autoformer_75ms_seed2,VNAT,VNAT_3s_tcp_duration,3,random70_stratified_flowlevel_splitseed42,42,cac127f87b766f86,Validation,4,autoformer,3feat,75ms,41,3,2,256,1534,663,best_val,7,12345,0,True,True,1.0,5.1851,100.0,31,59.5648,62.477,68.0241,62.477,"{""Chat"": 17.085, ""Control"": 87.404, ""File Transfer"": 74.074, ""Streaming"": 71.345}","{""Chat"": 39.535, ""Control"": 81.34, ""File Transfer"": 80.0, ""Streaming"": 63.212}","{""Chat"": 10.897, ""Control"": 94.444, ""File Transfer"": 68.966, ""Streaming"": 81.879}","{""Chat"": 156, ""Control"": 180, ""File Transfer"": 29, ""Streaming"": 298}","{""Chat"": 1.098854, ""Control"": 0.906619, ""File Transfer"": 5.9, ""Streaming"": 0.550215}","{""Chat"": 349, ""Control"": 423, ""File Transfer"": 65, ""Streaming"": 697}",110340,checkpoints/VNAT_3s_tcp_duration_3feat_seed2/VNAT_3s_tcpdur_random70_stratified_flowlevel_splitseed42_3feat_autoformer_75ms_seed2.pth,1738850,11.6,OK,,"{""torch"": ""2.4.1+cu121"", ""cuda"": ""12.1"", ""gpu"": ""NVIDIA RTX A4500"", ""numpy"": ""1.26.0"", ""python"": ""3.10.12"", ""deterministic"": true, ""grad_clip_max_norm"": 1.0, ""CUBLAS_WORKSPACE_CONFIG"": "":4096:8"", ""CUDA_VISIBLE_DEVICES"": ""0""}",2026-08-21T14:47:08
VNAT_3s_tcpdur_random70_stratified_flowlevel_splitseed42_3feat_fedformer_75ms_seed0,VNAT,VNAT_3s_tcp_duration,3,random70_stratified_flowlevel_splitseed42,42,cac127f87b766f86,Validation,4,fedformer,3feat,75ms,41,3,0,256,1534,663,best_val,6,12345,4,True,True,1.0,6.4594,99.51,34,60.3621,77.1064,77.5264,77.1064,"{""Chat"": 66.477, ""Control"": 91.384, ""File Transfer"": 75.472, ""Streaming"": 75.093}","{""Chat"": 59.694, ""Control"": 86.207, ""File Transfer"": 83.333, ""Streaming"": 84.167}","{""Chat"": 75.0, ""Control"": 97.222, ""File Transfer"": 68.966, ""Streaming"": 67.785}","{""Chat"": 156, ""Control"": 180, ""File Transfer"": 29, ""Streaming"": 298}","{""Chat"": 1.098854, ""Control"": 0.906619, ""File Transfer"": 5.9, ""Streaming"": 0.550215}","{""Chat"": 349, ""Control"": 423, ""File Transfer"": 65, ""Streaming"": 697}",259205,checkpoints/VNAT_3s_tcp_duration_3feat_seed0/VNAT_3s_tcpdur_random70_stratified_flowlevel_splitseed42_3feat_fedformer_75ms_seed0.pth,3632747,44.2,OK,,"{""torch"": ""2.4.1+cu121"", ""cuda"": ""12.1"", ""gpu"": ""NVIDIA RTX A4500"", ""numpy"": ""1.26.0"", ""python"": ""3.10.12"", ""deterministic"": true, ""grad_clip_max_norm"": 1.0, ""CUBLAS_WORKSPACE_CONFIG"": "":4096:8"", ""CUDA_VISIBLE_DEVICES"": ""0""}",2026-08-21T14:47:52
VNAT_3s_tcpdur_random70_stratified_flowlevel_splitseed42_3feat_fedformer_75ms_seed1,VNAT,VNAT_3s_tcp_duration,3,random70_stratified_flowlevel_splitseed42,42,cac127f87b766f86,Validation,4,fedformer,3feat,75ms,41,3,1,256,1534,663,best_val,3,12345,4,True,True,1.0,5.6107,100.0,32,55.5603,68.989,66.5158,68.989,"{""Chat"": 60.941, ""Control"": 90.026, ""File Transfer"": 76.0, ""Streaming"": 48.99}","{""Chat"": 44.745, ""Control"": 83.412, ""File Transfer"": 90.476, ""Streaming"": 98.98}","{""Chat"": 95.513, ""Control"": 97.778, ""File Transfer"": 65.517, ""Streaming"": 32.55}","{""Chat"": 156, ""Control"": 180, ""File Transfer"": 29, ""Streaming"": 298}","{""Chat"": 1.098854, ""Control"": 0.906619, ""File Transfer"": 5.9, ""Streaming"": 0.550215}","{""Chat"": 349, ""Control"": 423, ""File Transfer"": 65, ""Streaming"": 697}",259205,checkpoints/VNAT_3s_tcp_duration_3feat_seed1/VNAT_3s_tcpdur_random70_stratified_flowlevel_splitseed42_3feat_fedformer_75ms_seed1.pth,3632747,41.0,OK,,"{""torch"": ""2.4.1+cu121"", ""cuda"": ""12.1"", ""gpu"": ""NVIDIA RTX A4500"", ""numpy"": ""1.26.0"", ""python"": ""3.10.12"", ""deterministic"": true, ""grad_clip_max_norm"": 1.0, ""CUBLAS_WORKSPACE_CONFIG"": "":4096:8"", ""CUDA_VISIBLE_DEVICES"": ""0""}",2026-08-21T14:48:33
VNAT_3s_tcpdur_random70_stratified_flowlevel_splitseed42_3feat_fedformer_75ms_seed2,VNAT,VNAT_3s_tcp_duration,3,random70_stratified_flowlevel_splitseed42,42,cac127f87b766f86,Validation,4,fedformer,3feat,75ms,41,3,2,256,1534,663,best_val,14,12345,4,True,True,1.0,6.0169,100.0,38,66.1558,67.7737,65.46,67.7737,"{""Chat"": 59.88, ""Control"": 91.146, ""File Transfer"": 74.074, ""Streaming"": 45.995}","{""Chat"": 43.478, ""Control"": 85.784, ""File Transfer"": 80.0, ""Streaming"": 100.0}","{""Chat"": 96.154, ""Control"": 97.222, ""File Transfer"": 68.966, ""Streaming"": 29.866}","{""Chat"": 156, ""Control"": 180, ""File Transfer"": 29, ""Streaming"": 298}","{""Chat"": 1.098854, ""Control"": 0.906619, ""File Transfer"": 5.9, ""Streaming"": 0.550215}","{""Chat"": 349, ""Control"": 423, ""File Transfer"": 65, ""Streaming"": 697}",259205,checkpoints/VNAT_3s_tcp_duration_3feat_seed2/VNAT_3s_tcpdur_random70_stratified_flowlevel_splitseed42_3feat_fedformer_75ms_seed2.pth,3632747,48.9,OK,,"{""torch"": ""2.4.1+cu121"", ""cuda"": ""12.1"", ""gpu"": ""NVIDIA RTX A4500"", ""numpy"": ""1.26.0"", ""python"": ""3.10.12"", ""deterministic"": true, ""grad_clip_max_norm"": 1.0, ""CUBLAS_WORKSPACE_CONFIG"": "":4096:8"", ""CUDA_VISIBLE_DEVICES"": ""0""}",2026-08-21T14:49:22
VNAT_3s_tcpdur_random70_stratified_flowlevel_splitseed42_3feat_timemixer_75ms_seed0,VNAT,VNAT_3s_tcp_duration,3,random70_stratified_flowlevel_splitseed42,42,cac127f87b766f86,Validation,4,timemixer,3feat,75ms,41,3,0,256,1534,663,best_val,9,12345,0,True,True,1.0,2.978,7.69,26,46.3995,60.6783,58.0694,60.6783,"{""Chat"": 29.787, ""Control"": 75.488, ""File Transfer"": 81.633, ""Streaming"": 55.805}","{""Chat"": 33.333, ""Control"": 61.922, ""File Transfer"": 100.0, ""Streaming"": 63.136}","{""Chat"": 26.923, ""Control"": 96.667, ""File Transfer"": 68.966, ""Streaming"": 50.0}","{""Chat"": 156, ""Control"": 180, ""File Transfer"": 29, ""Streaming"": 298}","{""Chat"": 1.098854, ""Control"": 0.906619, ""File Transfer"": 5.9, ""Streaming"": 0.550215}","{""Chat"": 349, ""Control"": 423, ""File Transfer"": 65, ""Streaming"": 697}",153628,checkpoints/VNAT_3s_tcp_duration_3feat_seed0/VNAT_3s_tcpdur_random70_stratified_flowlevel_splitseed42_3feat_timemixer_75ms_seed0.pth,1931206,9.0,OK,,"{""torch"": ""2.4.1+cu121"", ""cuda"": ""12.1"", ""gpu"": ""NVIDIA RTX A4500"", ""numpy"": ""1.26.0"", ""python"": ""3.10.12"", ""deterministic"": true, ""grad_clip_max_norm"": 1.0, ""CUBLAS_WORKSPACE_CONFIG"": "":4096:8"", ""CUDA_VISIBLE_DEVICES"": ""0""}",2026-08-21T14:49:31
VNAT_3s_tcpdur_random70_stratified_flowlevel_splitseed42_3feat_timemixer_75ms_seed1,VNAT,VNAT_3s_tcp_duration,3,random70_stratified_flowlevel_splitseed42,42,cac127f87b766f86,Validation,4,timemixer,3feat,75ms,41,3,1,256,1534,663,best_val,12,12345,0,True,True,1.0,2.4662,8.67,25,48.3066,62.3935,57.6169,62.3935,"{""Chat"": 60.377, ""Control"": 62.369, ""File Transfer"": 81.633, ""Streaming"": 45.195}","{""Chat"": 59.259, ""Control"": 45.431, ""File Transfer"": 100.0, ""Streaming"": 100.0}","{""Chat"": 61.538, ""Control"": 99.444, ""File Transfer"": 68.966, ""Streaming"": 29.195}","{""Chat"": 156, ""Control"": 180, ""File Transfer"": 29, ""Streaming"": 298}","{""Chat"": 1.098854, ""Control"": 0.906619, ""File Transfer"": 5.9, ""Streaming"": 0.550215}","{""Chat"": 349, ""Control"": 423, ""File Transfer"": 65, ""Streaming"": 697}",153628,checkpoints/VNAT_3s_tcp_duration_3feat_seed1/VNAT_3s_tcpdur_random70_stratified_flowlevel_splitseed42_3feat_timemixer_75ms_seed1.pth,1931206,8.0,OK,,"{""torch"": ""2.4.1+cu121"", ""cuda"": ""12.1"", ""gpu"": ""NVIDIA RTX A4500"", ""numpy"": ""1.26.0"", ""python"": ""3.10.12"", ""deterministic"": true, ""grad_clip_max_norm"": 1.0, ""CUBLAS_WORKSPACE_CONFIG"": "":4096:8"", ""CUDA_VISIBLE_DEVICES"": ""0""}",2026-08-21T14:49:39
VNAT_3s_tcpdur_random70_stratified_flowlevel_splitseed42_3feat_timemixer_75ms_seed2,VNAT,VNAT_3s_tcp_duration,3,random70_stratified_flowlevel_splitseed42,42,cac127f87b766f86,Validation,4,timemixer,3feat,75ms,41,3,2,256,1534,663,best_val,12,12345,0,True,True,1.0,2.3981,6.41,26,48.7891,56.9077,50.3771,56.9077,"{""Chat"": 39.241, ""Control"": 48.996, ""File Transfer"": 81.633, ""Streaming"": 57.762}","{""Chat"": 29.245, ""Control"": 88.406, ""File Transfer"": 100.0, ""Streaming"": 62.5}","{""Chat"": 59.615, ""Control"": 33.889, ""File Transfer"": 68.966, ""Streaming"": 53.691}","{""Chat"": 156, ""Control"": 180, ""File Transfer"": 29, ""Streaming"": 298}","{""Chat"": 1.098854, ""Control"": 0.906619, ""File Transfer"": 5.9, ""Streaming"": 0.550215}","{""Chat"": 349, ""Control"": 423, ""File Transfer"": 65, ""Streaming"": 697}",153628,checkpoints/VNAT_3s_tcp_duration_3feat_seed2/VNAT_3s_tcpdur_random70_stratified_flowlevel_splitseed42_3feat_timemixer_75ms_seed2.pth,1931206,8.3,OK,,"{""torch"": ""2.4.1+cu121"", ""cuda"": ""12.1"", ""gpu"": ""NVIDIA RTX A4500"", ""numpy"": ""1.26.0"", ""python"": ""3.10.12"", ""deterministic"": true, ""grad_clip_max_norm"": 1.0, ""CUBLAS_WORKSPACE_CONFIG"": "":4096:8"", ""CUDA_VISIBLE_DEVICES"": ""0""}",2026-08-21T14:49:48
VNAT_3s_tcpdur_random70_stratified_flowlevel_splitseed42_3feat_timesnet_100ms_seed0,VNAT,VNAT_3s_tcp_duration,3,random70_stratified_flowlevel_splitseed42,42,cac127f87b766f86,Validation,4,timesnet,3feat,100ms,31,3,0,256,1534,663,best_val,14,12345,0,True,True,1.0,4.9101,83.99,51,58.9668,65.5786,63.0468,65.5786,"{""Chat"": 64.417, ""Control"": 68.472, ""File Transfer"": 75.472, ""Streaming"": 53.953}","{""Chat"": 61.765, ""Control"": 52.522, ""File Transfer"": 83.333, ""Streaming"": 87.879}","{""Chat"": 67.308, ""Control"": 98.333, ""File Transfer"": 68.966, ""Streaming"": 38.926}","{""Chat"": 156, ""Control"": 180, ""File Transfer"": 29, ""Streaming"": 298}","{""Chat"": 1.098854, ""Control"": 0.906619, ""File Transfer"": 5.9, ""Streaming"": 0.550215}","{""Chat"": 349, ""Control"": 423, ""File Transfer"": 65, ""Streaming"": 697}",9382916,checkpoints/VNAT_3s_tcp_duration_3feat_seed0/VNAT_3s_tcpdur_random70_stratified_flowlevel_splitseed42_3feat_timesnet_100ms_seed0.pth,38841150,46.6,OK,,"{""torch"": ""2.4.1+cu121"", ""cuda"": ""12.1"", ""gpu"": ""NVIDIA RTX A4500"", ""numpy"": ""1.26.0"", ""python"": ""3.10.12"", ""deterministic"": true, ""grad_clip_max_norm"": 1.0, ""CUBLAS_WORKSPACE_CONFIG"": "":4096:8"", ""CUDA_VISIBLE_DEVICES"": ""0""}",2026-08-21T14:50:35
VNAT_3s_tcpdur_random70_stratified_flowlevel_splitseed42_3feat_timesnet_100ms_seed1,VNAT,VNAT_3s_tcp_duration,3,random70_stratified_flowlevel_splitseed42,42,cac127f87b766f86,Validation,4,timesnet,3feat,100ms,31,3,1,256,1534,663,best_val,5,12345,0,True,True,1.0,6.5943,98.04,17,45.6593,39.3896,35.7466,39.3896,"{""Chat"": 42.609, ""Control"": 5.97, ""File Transfer"": 75.472, ""Streaming"": 33.508}","{""Chat"": 27.528, ""Control"": 28.571, ""File Transfer"": 83.333, ""Streaming"": 76.19}","{""Chat"": 94.231, ""Control"": 3.333, ""File Transfer"": 68.966, ""Streaming"": 21.477}","{""Chat"": 156, ""Control"": 180, ""File Transfer"": 29, ""Streaming"": 298}","{""Chat"": 1.098854, ""Control"": 0.906619, ""File Transfer"": 5.9, ""Streaming"": 0.550215}","{""Chat"": 349, ""Control"": 423, ""File Transfer"": 65, ""Streaming"": 697}",9382916,checkpoints/VNAT_3s_tcp_duration_3feat_seed1/VNAT_3s_tcpdur_random70_stratified_flowlevel_splitseed42_3feat_timesnet_100ms_seed1.pth,38841150,16.1,OK,,"{""torch"": ""2.4.1+cu121"", ""cuda"": ""12.1"", ""gpu"": ""NVIDIA RTX A4500"", ""numpy"": ""1.26.0"", ""python"": ""3.10.12"", ""deterministic"": true, ""grad_clip_max_norm"": 1.0, ""CUBLAS_WORKSPACE_CONFIG"": "":4096:8"", ""CUDA_VISIBLE_DEVICES"": ""0""}",2026-08-21T14:50:51
VNAT_3s_tcpdur_random70_stratified_flowlevel_splitseed42_3feat_timesnet_100ms_seed2,VNAT,VNAT_3s_tcp_duration,3,random70_stratified_flowlevel_splitseed42,42,cac127f87b766f86,Validation,4,timesnet,3feat,100ms,31,3,2,256,1534,663,best_val,3,12345,0,True,True,1.0,4.9377,89.22,17,44.5568,61.4839,57.0136,61.4839,"{""Chat"": 54.38, ""Control"": 66.026, ""File Transfer"": 74.074, ""Streaming"": 51.456}","{""Chat"": 38.01, ""Control"": 78.03, ""File Transfer"": 80.0, ""Streaming"": 92.982}","{""Chat"": 95.513, ""Control"": 57.222, ""File Transfer"": 68.966, ""Streaming"": 35.57}","{""Chat"": 156, ""Control"": 180, ""File Transfer"": 29, ""Streaming"": 298}","{""Chat"": 1.098854, ""Control"": 0.906619, ""File Transfer"": 5.9, ""Streaming"": 0.550215}","{""Chat"": 349, ""Control"": 423, ""File Transfer"": 65, ""Streaming"": 697}",9382916,checkpoints/VNAT_3s_tcp_duration_3feat_seed2/VNAT_3s_tcpdur_random70_stratified_flowlevel_splitseed42_3feat_timesnet_100ms_seed2.pth,38841150,15.9,OK,,"{""torch"": ""2.4.1+cu121"", ""cuda"": ""12.1"", ""gpu"": ""NVIDIA RTX A4500"", ""numpy"": ""1.26.0"", ""python"": ""3.10.12"", ""deterministic"": true, ""grad_clip_max_norm"": 1.0, ""CUBLAS_WORKSPACE_CONFIG"": "":4096:8"", ""CUDA_VISIBLE_DEVICES"": ""0""}",2026-08-21T14:51:08
VNAT_3s_tcpdur_random70_stratified_flowlevel_splitseed42_3feat_informer_100ms_seed0,VNAT,VNAT_3s_tcp_duration,3,random70_stratified_flowlevel_splitseed42,42,cac127f87b766f86,Validation,4,informer,3feat,100ms,31,3,0,64,1534,663,best_val,19,12345,0,True,True,1.0,16.1781,100.0,27,82.478,82.0726,82.0513,81.5783,"{""Chat"": 73.21, ""Control"": 94.823, ""File Transfer"": 78.431, ""Streaming"": 79.849}","{""Chat"": 62.443, ""Control"": 93.048, ""File Transfer"": 90.909, ""Streaming"": 90.987}","{""Chat"": 88.462, ""Control"": 96.667, ""File Transfer"": 68.966, ""Streaming"": 71.141}","{""Chat"": 156, ""Control"": 180, ""File Transfer"": 29, ""Streaming"": 298}","{""Chat"": 1.098854, ""Control"": 0.906619, ""File Transfer"": 5.9, ""Streaming"": 0.550215}","{""Chat"": 349, ""Control"": 423, ""File Transfer"": 65, ""Streaming"": 697}",2708485,checkpoints/VNAT_3s_tcp_duration_3feat_seed0/VNAT_3s_tcpdur_random70_stratified_flowlevel_splitseed42_3feat_informer_100ms_seed0.pth,21118038,25.1,OK,,"{""torch"": ""2.4.1+cu121"", ""cuda"": ""12.1"", ""gpu"": ""NVIDIA RTX A4500"", ""numpy"": ""1.26.0"", ""python"": ""3.10.12"", ""deterministic"": true, ""grad_clip_max_norm"": 1.0, ""CUBLAS_WORKSPACE_CONFIG"": "":4096:8"", ""CUDA_VISIBLE_DEVICES"": ""0""}",2026-08-21T14:51:33
VNAT_3s_tcpdur_random70_stratified_flowlevel_splitseed42_3feat_informer_100ms_seed1,VNAT,VNAT_3s_tcp_duration,3,random70_stratified_flowlevel_splitseed42,42,cac127f87b766f86,Validation,4,informer,3feat,100ms,31,3,1,64,1534,663,best_val,17,12345,0,True,True,1.0,22.0671,100.0,25,81.8266,81.7192,81.7496,81.6326,"{""Chat"": 72.868, ""Control"": 95.028, ""File Transfer"": 79.245, ""Streaming"": 79.389}","{""Chat"": 61.039, ""Control"": 94.505, ""File Transfer"": 87.5, ""Streaming"": 92.035}","{""Chat"": 90.385, ""Control"": 95.556, ""File Transfer"": 72.414, ""Streaming"": 69.799}","{""Chat"": 156, ""Control"": 180, ""File Transfer"": 29, ""Streaming"": 298}","{""Chat"": 1.098854, ""Control"": 0.906619, ""File Transfer"": 5.9, ""Streaming"": 0.550215}","{""Chat"": 349, ""Control"": 423, ""File Transfer"": 65, ""Streaming"": 697}",2708485,checkpoints/VNAT_3s_tcp_duration_3feat_seed1/VNAT_3s_tcpdur_random70_stratified_flowlevel_splitseed42_3feat_informer_100ms_seed1.pth,21118038,26.4,OK,,"{""torch"": ""2.4.1+cu121"", ""cuda"": ""12.1"", ""gpu"": ""NVIDIA RTX A4500"", ""numpy"": ""1.26.0"", ""python"": ""3.10.12"", ""deterministic"": true, ""grad_clip_max_norm"": 1.0, ""CUBLAS_WORKSPACE_CONFIG"": "":4096:8"", ""CUDA_VISIBLE_DEVICES"": ""0""}",2026-08-21T14:52:00
VNAT_3s_tcpdur_random70_stratified_flowlevel_splitseed42_3feat_informer_100ms_seed2,VNAT,VNAT_3s_tcp_duration,3,random70_stratified_flowlevel_splitseed42,42,cac127f87b766f86,Validation,4,informer,3feat,100ms,31,3,2,64,1534,663,best_val,26,12345,0,True,True,1.0,18.9898,100.0,54,73.8846,75.2946,74.2081,74.8226,"{""Chat"": 71.247, ""Control"": 84.39, ""File Transfer"": 76.0, ""Streaming"": 67.653}","{""Chat"": 59.072, ""Control"": 75.217, ""File Transfer"": 90.476, ""Streaming"": 91.429}","{""Chat"": 89.744, ""Control"": 96.111, ""File Transfer"": 65.517, ""Streaming"": 53.691}","{""Chat"": 156, ""Control"": 180, ""File Transfer"": 29, ""Streaming"": 298}","{""Chat"": 1.098854, ""Control"": 0.906619, ""File Transfer"": 5.9, ""Streaming"": 0.550215}","{""Chat"": 349, ""Control"": 423, ""File Transfer"": 65, ""Streaming"": 697}",2708485,checkpoints/VNAT_3s_tcp_duration_3feat_seed2/VNAT_3s_tcpdur_random70_stratified_flowlevel_splitseed42_3feat_informer_100ms_seed2.pth,21118038,56.7,OK,,"{""torch"": ""2.4.1+cu121"", ""cuda"": ""12.1"", ""gpu"": ""NVIDIA RTX A4500"", ""numpy"": ""1.26.0"", ""python"": ""3.10.12"", ""deterministic"": true, ""grad_clip_max_norm"": 1.0, ""CUBLAS_WORKSPACE_CONFIG"": "":4096:8"", ""CUDA_VISIBLE_DEVICES"": ""0""}",2026-08-21T14:52:56
VNAT_3s_tcpdur_random70_stratified_flowlevel_splitseed42_3feat_nst_100ms_seed0,VNAT,VNAT_3s_tcp_duration,3,random70_stratified_flowlevel_splitseed42,42,cac127f87b766f86,Validation,4,nst,3feat,100ms,31,3,0,64,1534,663,best_val,11,12345,0,True,True,1.0,9.6191,100.0,21,53.4488,54.1571,52.187,54.1571,"{""Chat"": 55.526, ""Control"": 64.717, ""File Transfer"": 70.175, ""Streaming"": 26.211}","{""Chat"": 47.907, ""Control"": 48.229, ""File Transfer"": 71.429, ""Streaming"": 86.792}","{""Chat"": 66.026, ""Control"": 98.333, ""File Transfer"": 68.966, ""Streaming"": 15.436}","{""Chat"": 156, ""Control"": 180, ""File Transfer"": 29, ""Streaming"": 298}","{""Chat"": 1.098854, ""Control"": 0.906619, ""File Transfer"": 5.9, ""Streaming"": 0.550215}","{""Chat"": 349, ""Control"": 423, ""File Transfer"": 65, ""Streaming"": 697}",129470,checkpoints/VNAT_3s_tcp_duration_3feat_seed0/VNAT_3s_tcpdur_random70_stratified_flowlevel_splitseed42_3feat_nst_100ms_seed0.pth,1825922,21.6,OK,,"{""torch"": ""2.4.1+cu121"", ""cuda"": ""12.1"", ""gpu"": ""NVIDIA RTX A4500"", ""numpy"": ""1.26.0"", ""python"": ""3.10.12"", ""deterministic"": true, ""grad_clip_max_norm"": 1.0, ""CUBLAS_WORKSPACE_CONFIG"": "":4096:8"", ""CUDA_VISIBLE_DEVICES"": ""0""}",2026-08-21T14:53:18
VNAT_3s_tcpdur_random70_stratified_flowlevel_splitseed42_3feat_nst_100ms_seed1,VNAT,VNAT_3s_tcp_duration,3,random70_stratified_flowlevel_splitseed42,42,cac127f87b766f86,Validation,4,nst,3feat,100ms,31,3,1,64,1534,663,best_val,6,12345,0,True,True,1.0,8.0553,100.0,18,48.8721,56.6279,54.6003,56.6279,"{""Chat"": 60.722, ""Control"": 68.0, ""File Transfer"": 71.429, ""Streaming"": 26.361}","{""Chat"": 45.397, ""Control"": 56.667, ""File Transfer"": 74.074, ""Streaming"": 90.196}","{""Chat"": 91.667, ""Control"": 85.0, ""File Transfer"": 68.966, ""Streaming"": 15.436}","{""Chat"": 156, ""Control"": 180, ""File Transfer"": 29, ""Streaming"": 298}","{""Chat"": 1.098854, ""Control"": 0.906619, ""File Transfer"": 5.9, ""Streaming"": 0.550215}","{""Chat"": 349, ""Control"": 423, ""File Transfer"": 65, ""Streaming"": 697}",129470,checkpoints/VNAT_3s_tcp_duration_3feat_seed1/VNAT_3s_tcpdur_random70_stratified_flowlevel_splitseed42_3feat_nst_100ms_seed1.pth,1825922,15.5,OK,,"{""torch"": ""2.4.1+cu121"", ""cuda"": ""12.1"", ""gpu"": ""NVIDIA RTX A4500"", ""numpy"": ""1.26.0"", ""python"": ""3.10.12"", ""deterministic"": true, ""grad_clip_max_norm"": 1.0, ""CUBLAS_WORKSPACE_CONFIG"": "":4096:8"", ""CUDA_VISIBLE_DEVICES"": ""0""}",2026-08-21T14:53:34
VNAT_3s_tcpdur_random70_stratified_flowlevel_splitseed42_3feat_nst_100ms_seed2,VNAT,VNAT_3s_tcp_duration,3,random70_stratified_flowlevel_splitseed42,42,cac127f87b766f86,Validation,4,nst,3feat,100ms,31,3,2,64,1534,663,best_val,6,12345,0,True,True,1.0,7.0768,100.0,16,49.201,53.1642,51.2821,53.1642,"{""Chat"": 54.286, ""Control"": 62.238, ""File Transfer"": 68.966, ""Streaming"": 27.168}","{""Chat"": 48.969, ""Control"": 45.408, ""File Transfer"": 68.966, ""Streaming"": 97.917}","{""Chat"": 60.897, ""Control"": 98.889, ""File Transfer"": 68.966, ""Streaming"": 15.772}","{""Chat"": 156, ""Control"": 180, ""File Transfer"": 29, ""Streaming"": 298}","{""Chat"": 1.098854, ""Control"": 0.906619, ""File Transfer"": 5.9, ""Streaming"": 0.550215}","{""Chat"": 349, ""Control"": 423, ""File Transfer"": 65, ""Streaming"": 697}",129470,checkpoints/VNAT_3s_tcp_duration_3feat_seed2/VNAT_3s_tcpdur_random70_stratified_flowlevel_splitseed42_3feat_nst_100ms_seed2.pth,1825922,16.3,OK,,"{""torch"": ""2.4.1+cu121"", ""cuda"": ""12.1"", ""gpu"": ""NVIDIA RTX A4500"", ""numpy"": ""1.26.0"", ""python"": ""3.10.12"", ""deterministic"": true, ""grad_clip_max_norm"": 1.0, ""CUBLAS_WORKSPACE_CONFIG"": "":4096:8"", ""CUDA_VISIBLE_DEVICES"": ""0""}",2026-08-21T14:53:50
VNAT_3s_tcpdur_random70_stratified_flowlevel_splitseed42_3feat_autoformer_100ms_seed0,VNAT,VNAT_3s_tcp_duration,3,random70_stratified_flowlevel_splitseed42,42,cac127f87b766f86,Validation,4,autoformer,3feat,100ms,31,3,0,256,1534,663,best_val,30,12345,0,True,True,1.0,4.0082,100.0,51,64.7665,66.2908,64.1026,66.2908,"{""Chat"": 61.728, ""Control"": 67.368, ""File Transfer"": 72.727, ""Streaming"": 63.339}","{""Chat"": 50.201, ""Control"": 91.429, ""File Transfer"": 76.923, ""Streaming"": 65.018}","{""Chat"": 80.128, ""Control"": 53.333, ""File Transfer"": 68.966, ""Streaming"": 61.745}","{""Chat"": 156, ""Control"": 180, ""File Transfer"": 29, ""Streaming"": 298}","{""Chat"": 1.098854, ""Control"": 0.906619, ""File Transfer"": 5.9, ""Streaming"": 0.550215}","{""Chat"": 349, ""Control"": 423, ""File Transfer"": 65, ""Streaming"": 697}",107780,checkpoints/VNAT_3s_tcp_duration_3feat_seed0/VNAT_3s_tcpdur_random70_stratified_flowlevel_splitseed42_3feat_autoformer_100ms_seed0.pth,1728706,18.7,OK,,"{""torch"": ""2.4.1+cu121"", ""cuda"": ""12.1"", ""gpu"": ""NVIDIA RTX A4500"", ""numpy"": ""1.26.0"", ""python"": ""3.10.12"", ""deterministic"": true, ""grad_clip_max_norm"": 1.0, ""CUBLAS_WORKSPACE_CONFIG"": "":4096:8"", ""CUDA_VISIBLE_DEVICES"": ""0""}",2026-08-21T14:54:09
VNAT_3s_tcpdur_random70_stratified_flowlevel_splitseed42_3feat_autoformer_100ms_seed1,VNAT,VNAT_3s_tcp_duration,3,random70_stratified_flowlevel_splitseed42,42,cac127f87b766f86,Validation,4,autoformer,3feat,100ms,31,3,1,256,1534,663,best_val,27,12345,0,True,True,1.0,4.3263,100.0,39,63.4241,64.7406,62.4434,64.7406,"{""Chat"": 59.906, ""Control"": 67.832, ""File Transfer"": 70.37, ""Streaming"": 60.854}","{""Chat"": 47.388, ""Control"": 91.509, ""File Transfer"": 76.0, ""Streaming"": 64.773}","{""Chat"": 81.41, ""Control"": 53.889, ""File Transfer"": 65.517, ""Streaming"": 57.383}","{""Chat"": 156, ""Control"": 180, ""File Transfer"": 29, ""Streaming"": 298}","{""Chat"": 1.098854, ""Control"": 0.906619, ""File Transfer"": 5.9, ""Streaming"": 0.550215}","{""Chat"": 349, ""Control"": 423, ""File Transfer"": 65, ""Streaming"": 697}",107780,checkpoints/VNAT_3s_tcp_duration_3feat_seed1/VNAT_3s_tcpdur_random70_stratified_flowlevel_splitseed42_3feat_autoformer_100ms_seed1.pth,1728706,14.0,OK,,"{""torch"": ""2.4.1+cu121"", ""cuda"": ""12.1"", ""gpu"": ""NVIDIA RTX A4500"", ""numpy"": ""1.26.0"", ""python"": ""3.10.12"", ""deterministic"": true, ""grad_clip_max_norm"": 1.0, ""CUBLAS_WORKSPACE_CONFIG"": "":4096:8"", ""CUDA_VISIBLE_DEVICES"": ""0""}",2026-08-21T14:54:23
VNAT_3s_tcpdur_random70_stratified_flowlevel_splitseed42_3feat_autoformer_100ms_seed2,VNAT,VNAT_3s_tcp_duration,3,random70_stratified_flowlevel_splitseed42,42,cac127f87b766f86,Validation,4,autoformer,3feat,100ms,31,3,2,256,1534,663,best_val,48,12345,0,True,True,1.0,3.928,100.0,57,66.1366,63.8973,61.3876,63.8973,"{""Chat"": 57.87, ""Control"": 65.0, ""File Transfer"": 71.429, ""Streaming"": 61.29}","{""Chat"": 45.29, ""Control"": 91.0, ""File Transfer"": 74.074, ""Streaming"": 65.769}","{""Chat"": 80.128, ""Control"": 50.556, ""File Transfer"": 68.966, ""Streaming"": 57.383}","{""Chat"": 156, ""Control"": 180, ""File Transfer"": 29, ""Streaming"": 298}","{""Chat"": 1.098854, ""Control"": 0.906619, ""File Transfer"": 5.9, ""Streaming"": 0.550215}","{""Chat"": 349, ""Control"": 423, ""File Transfer"": 65, ""Streaming"": 697}",107780,checkpoints/VNAT_3s_tcp_duration_3feat_seed2/VNAT_3s_tcpdur_random70_stratified_flowlevel_splitseed42_3feat_autoformer_100ms_seed2.pth,1728706,20.2,OK,,"{""torch"": ""2.4.1+cu121"", ""cuda"": ""12.1"", ""gpu"": ""NVIDIA RTX A4500"", ""numpy"": ""1.26.0"", ""python"": ""3.10.12"", ""deterministic"": true, ""grad_clip_max_norm"": 1.0, ""CUBLAS_WORKSPACE_CONFIG"": "":4096:8"", ""CUDA_VISIBLE_DEVICES"": ""0""}",2026-08-21T14:54:43
VNAT_3s_tcpdur_random70_stratified_flowlevel_splitseed42_3feat_fedformer_100ms_seed0,VNAT,VNAT_3s_tcp_duration,3,random70_stratified_flowlevel_splitseed42,42,cac127f87b766f86,Validation,4,fedformer,3feat,100ms,31,3,0,256,1534,663,best_val,11,12345,4,True,True,1.0,4.7771,100.0,22,50.4787,40.6293,34.3891,40.6293,"{""Chat"": 45.075, ""Control"": 23.009, ""File Transfer"": 74.074, ""Streaming"": 20.359}","{""Chat"": 30.474, ""Control"": 24.528, ""File Transfer"": 80.0, ""Streaming"": 94.444}","{""Chat"": 86.538, ""Control"": 21.667, ""File Transfer"": 68.966, ""Streaming"": 11.409}","{""Chat"": 156, ""Control"": 180, ""File Transfer"": 29, ""Streaming"": 298}","{""Chat"": 1.098854, ""Control"": 0.906619, ""File Transfer"": 5.9, ""Streaming"": 0.550215}","{""Chat"": 349, ""Control"": 423, ""File Transfer"": 65, ""Streaming"": 697}",234117,checkpoints/VNAT_3s_tcp_duration_3feat_seed0/VNAT_3s_tcpdur_random70_stratified_flowlevel_splitseed42_3feat_fedformer_100ms_seed0.pth,3532460,22.7,OK,,"{""torch"": ""2.4.1+cu121"", ""cuda"": ""12.1"", ""gpu"": ""NVIDIA RTX A4500"", ""numpy"": ""1.26.0"", ""python"": ""3.10.12"", ""deterministic"": true, ""grad_clip_max_norm"": 1.0, ""CUBLAS_WORKSPACE_CONFIG"": "":4096:8"", ""CUDA_VISIBLE_DEVICES"": ""0""}",2026-08-21T14:55:06
VNAT_3s_tcpdur_random70_stratified_flowlevel_splitseed42_3feat_fedformer_100ms_seed1,VNAT,VNAT_3s_tcp_duration,3,random70_stratified_flowlevel_splitseed42,42,cac127f87b766f86,Validation,4,fedformer,3feat,100ms,31,3,1,256,1534,663,best_val,12,12345,4,True,True,1.0,4.2397,100.0,26,54.4166,55.3432,53.6953,55.3432,"{""Chat"": 59.472, ""Control"": 68.34, ""File Transfer"": 72.727, ""Streaming"": 20.833}","{""Chat"": 47.51, ""Control"": 52.367, ""File Transfer"": 76.923, ""Streaming"": 92.105}","{""Chat"": 79.487, ""Control"": 98.333, ""File Transfer"": 68.966, ""Streaming"": 11.745}","{""Chat"": 156, ""Control"": 180, ""File Transfer"": 29, ""Streaming"": 298}","{""Chat"": 1.098854, ""Control"": 0.906619, ""File Transfer"": 5.9, ""Streaming"": 0.550215}","{""Chat"": 349, ""Control"": 423, ""File Transfer"": 65, ""Streaming"": 697}",234117,checkpoints/VNAT_3s_tcp_duration_3feat_seed1/VNAT_3s_tcpdur_random70_stratified_flowlevel_splitseed42_3feat_fedformer_100ms_seed1.pth,3532460,27.3,OK,,"{""torch"": ""2.4.1+cu121"", ""cuda"": ""12.1"", ""gpu"": ""NVIDIA RTX A4500"", ""numpy"": ""1.26.0"", ""python"": ""3.10.12"", ""deterministic"": true, ""grad_clip_max_norm"": 1.0, ""CUBLAS_WORKSPACE_CONFIG"": "":4096:8"", ""CUDA_VISIBLE_DEVICES"": ""0""}",2026-08-21T14:55:33
VNAT_3s_tcpdur_random70_stratified_flowlevel_splitseed42_3feat_fedformer_100ms_seed2,VNAT,VNAT_3s_tcp_duration,3,random70_stratified_flowlevel_splitseed42,42,cac127f87b766f86,Validation,4,fedformer,3feat,100ms,31,3,2,256,1534,663,best_val,10,12345,4,True,True,1.0,5.0961,100.0,28,48.078,52.6357,50.6787,52.6357,"{""Chat"": 54.455, ""Control"": 65.677, ""File Transfer"": 72.727, ""Streaming"": 17.683}","{""Chat"": 44.355, ""Control"": 49.304, ""File Transfer"": 76.923, ""Streaming"": 96.667}","{""Chat"": 70.513, ""Control"": 98.333, ""File Transfer"": 68.966, ""Streaming"": 9.732}","{""Chat"": 156, ""Control"": 180, ""File Transfer"": 29, ""Streaming"": 298}","{""Chat"": 1.098854, ""Control"": 0.906619, ""File Transfer"": 5.9, ""Streaming"": 0.550215}","{""Chat"": 349, ""Control"": 423, ""File Transfer"": 65, ""Streaming"": 697}",234117,checkpoints/VNAT_3s_tcp_duration_3feat_seed2/VNAT_3s_tcpdur_random70_stratified_flowlevel_splitseed42_3feat_fedformer_100ms_seed2.pth,3532460,28.4,OK,,"{""torch"": ""2.4.1+cu121"", ""cuda"": ""12.1"", ""gpu"": ""NVIDIA RTX A4500"", ""numpy"": ""1.26.0"", ""python"": ""3.10.12"", ""deterministic"": true, ""grad_clip_max_norm"": 1.0, ""CUBLAS_WORKSPACE_CONFIG"": "":4096:8"", ""CUDA_VISIBLE_DEVICES"": ""0""}",2026-08-21T14:56:02
VNAT_3s_tcpdur_random70_stratified_flowlevel_splitseed42_3feat_timemixer_100ms_seed0,VNAT,VNAT_3s_tcp_duration,3,random70_stratified_flowlevel_splitseed42,42,cac127f87b766f86,Validation,4,timemixer,3feat,100ms,31,3,0,256,1534,663,best_val,17,12345,0,True,True,1.0,3.5978,7.02,38,46.6827,49.2994,42.9864,49.2994,"{""Chat"": 49.753, ""Control"": 49.708, ""File Transfer"": 80.0, ""Streaming"": 17.737}","{""Chat"": 33.481, ""Control"": 52.469, ""File Transfer"": 95.238, ""Streaming"": 100.0}","{""Chat"": 96.795, ""Control"": 47.222, ""File Transfer"": 68.966, ""Streaming"": 9.732}","{""Chat"": 156, ""Control"": 180, ""File Transfer"": 29, ""Streaming"": 298}","{""Chat"": 1.098854, ""Control"": 0.906619, ""File Transfer"": 5.9, ""Streaming"": 0.550215}","{""Chat"": 349, ""Control"": 423, ""File Transfer"": 65, ""Streaming"": 697}",146934,checkpoints/VNAT_3s_tcp_duration_3feat_seed0/VNAT_3s_tcpdur_random70_stratified_flowlevel_splitseed42_3feat_timemixer_100ms_seed0.pth,1904906,13.4,OK,,"{""torch"": ""2.4.1+cu121"", ""cuda"": ""12.1"", ""gpu"": ""NVIDIA RTX A4500"", ""numpy"": ""1.26.0"", ""python"": ""3.10.12"", ""deterministic"": true, ""grad_clip_max_norm"": 1.0, ""CUBLAS_WORKSPACE_CONFIG"": "":4096:8"", ""CUDA_VISIBLE_DEVICES"": ""0""}",2026-08-21T14:56:16
VNAT_3s_tcpdur_random70_stratified_flowlevel_splitseed42_3feat_timemixer_100ms_seed1,VNAT,VNAT_3s_tcp_duration,3,random70_stratified_flowlevel_splitseed42,42,cac127f87b766f86,Validation,4,timemixer,3feat,100ms,31,3,1,256,1534,663,best_val,16,12345,0,True,True,1.0,2.6567,6.9,29,45.3427,52.6602,47.6621,52.6602,"{""Chat"": 50.462, ""Control"": 58.065, ""File Transfer"": 81.633, ""Streaming"": 20.482}","{""Chat"": 48.521, ""Control"": 40.909, ""File Transfer"": 100.0, ""Streaming"": 100.0}","{""Chat"": 52.564, ""Control"": 100.0, ""File Transfer"": 68.966, ""Streaming"": 11.409}","{""Chat"": 156, ""Control"": 180, ""File Transfer"": 29, ""Streaming"": 298}","{""Chat"": 1.098854, ""Control"": 0.906619, ""File Transfer"": 5.9, ""Streaming"": 0.550215}","{""Chat"": 349, ""Control"": 423, ""File Transfer"": 65, ""Streaming"": 697}",146934,checkpoints/VNAT_3s_tcp_duration_3feat_seed1/VNAT_3s_tcpdur_random70_stratified_flowlevel_splitseed42_3feat_timemixer_100ms_seed1.pth,1904906,9.4,OK,,"{""torch"": ""2.4.1+cu121"", ""cuda"": ""12.1"", ""gpu"": ""NVIDIA RTX A4500"", ""numpy"": ""1.26.0"", ""python"": ""3.10.12"", ""deterministic"": true, ""grad_clip_max_norm"": 1.0, ""CUBLAS_WORKSPACE_CONFIG"": "":4096:8"", ""CUDA_VISIBLE_DEVICES"": ""0""}",2026-08-21T14:56:25
VNAT_3s_tcpdur_random70_stratified_flowlevel_splitseed42_3feat_timemixer_100ms_seed2,VNAT,VNAT_3s_tcp_duration,3,random70_stratified_flowlevel_splitseed42,42,cac127f87b766f86,Validation,4,timemixer,3feat,100ms,31,3,2,256,1534,663,best_val,13,12345,0,True,True,1.0,1.9329,7.74,28,45.0047,48.926,43.8914,48.926,"{""Chat"": 45.777, ""Control"": 56.902, ""File Transfer"": 81.633, ""Streaming"": 11.392}","{""Chat"": 39.81, ""Control"": 40.821, ""File Transfer"": 100.0, ""Streaming"": 100.0}","{""Chat"": 53.846, ""Control"": 93.889, ""File Transfer"": 68.966, ""Streaming"": 6.04}","{""Chat"": 156, ""Control"": 180, ""File Transfer"": 29, ""Streaming"": 298}","{""Chat"": 1.098854, ""Control"": 0.906619, ""File Transfer"": 5.9, ""Streaming"": 0.550215}","{""Chat"": 349, ""Control"": 423, ""File Transfer"": 65, ""Streaming"": 697}",146934,checkpoints/VNAT_3s_tcp_duration_3feat_seed2/VNAT_3s_tcpdur_random70_stratified_flowlevel_splitseed42_3feat_timemixer_100ms_seed2.pth,1904906,9.5,OK,,"{""torch"": ""2.4.1+cu121"", ""cuda"": ""12.1"", ""gpu"": ""NVIDIA RTX A4500"", ""numpy"": ""1.26.0"", ""python"": ""3.10.12"", ""deterministic"": true, ""grad_clip_max_norm"": 1.0, ""CUBLAS_WORKSPACE_CONFIG"": "":4096:8"", ""CUDA_VISIBLE_DEVICES"": ""0""}",2026-08-21T14:56:35
VNAT_3s_tcpdur_random70_stratified_flowlevel_splitseed42_3feat_timesnet_150ms_seed0,VNAT,VNAT_3s_tcp_duration,3,random70_stratified_flowlevel_splitseed42,42,cac127f87b766f86,Validation,4,timesnet,3feat,150ms,21,3,0,256,1534,663,best_val,14,12345,0,True,True,1.0,7.4662,85.61,22,46.6467,54.7782,51.4329,54.7782,"{""Chat"": 56.98, ""Control"": 61.806, ""File Transfer"": 75.472, ""Streaming"": 24.855}","{""Chat"": 51.282, ""Control"": 44.949, ""File Transfer"": 83.333, ""Streaming"": 89.583}","{""Chat"": 64.103, ""Control"": 98.889, ""File Transfer"": 68.966, ""Streaming"": 14.43}","{""Chat"": 156, ""Control"": 180, ""File Transfer"": 29, ""Streaming"": 298}","{""Chat"": 1.098854, ""Control"": 0.906619, ""File Transfer"": 5.9, ""Streaming"": 0.550215}","{""Chat"": 349, ""Control"": 423, ""File Transfer"": 65, ""Streaming"": 697}",9380356,checkpoints/VNAT_3s_tcp_duration_3feat_seed0/VNAT_3s_tcpdur_random70_stratified_flowlevel_splitseed42_3feat_timesnet_150ms_seed0.pth,38830910,15.1,OK,,"{""torch"": ""2.4.1+cu121"", ""cuda"": ""12.1"", ""gpu"": ""NVIDIA RTX A4500"", ""numpy"": ""1.26.0"", ""python"": ""3.10.12"", ""deterministic"": true, ""grad_clip_max_norm"": 1.0, ""CUBLAS_WORKSPACE_CONFIG"": "":4096:8"", ""CUDA_VISIBLE_DEVICES"": ""0""}",2026-08-21T14:56:50
VNAT_3s_tcpdur_random70_stratified_flowlevel_splitseed42_3feat_timesnet_150ms_seed1,VNAT,VNAT_3s_tcp_duration,3,random70_stratified_flowlevel_splitseed42,42,cac127f87b766f86,Validation,4,timesnet,3feat,150ms,21,3,1,256,1534,663,best_val,19,12345,0,True,True,1.0,7.2845,82.1,27,47.9498,49.4176,46.3047,49.4176,"{""Chat"": 56.476, ""Control"": 55.301, ""File Transfer"": 72.727, ""Streaming"": 13.166}","{""Chat"": 42.222, ""Control"": 44.186, ""File Transfer"": 76.923, ""Streaming"": 100.0}","{""Chat"": 85.256, ""Control"": 73.889, ""File Transfer"": 68.966, ""Streaming"": 7.047}","{""Chat"": 156, ""Control"": 180, ""File Transfer"": 29, ""Streaming"": 298}","{""Chat"": 1.098854, ""Control"": 0.906619, ""File Transfer"": 5.9, ""Streaming"": 0.550215}","{""Chat"": 349, ""Control"": 423, ""File Transfer"": 65, ""Streaming"": 697}",9380356,checkpoints/VNAT_3s_tcp_duration_3feat_seed1/VNAT_3s_tcpdur_random70_stratified_flowlevel_splitseed42_3feat_timesnet_150ms_seed1.pth,38830910,18.2,OK,,"{""torch"": ""2.4.1+cu121"", ""cuda"": ""12.1"", ""gpu"": ""NVIDIA RTX A4500"", ""numpy"": ""1.26.0"", ""python"": ""3.10.12"", ""deterministic"": true, ""grad_clip_max_norm"": 1.0, ""CUBLAS_WORKSPACE_CONFIG"": "":4096:8"", ""CUDA_VISIBLE_DEVICES"": ""0""}",2026-08-21T14:57:08
VNAT_3s_tcpdur_random70_stratified_flowlevel_splitseed42_3feat_timesnet_150ms_seed2,VNAT,VNAT_3s_tcp_duration,3,random70_stratified_flowlevel_splitseed42,42,cac127f87b766f86,Validation,4,timesnet,3feat,150ms,21,3,2,256,1534,663,best_val,14,12345,0,True,True,1.0,3.6808,67.78,30,52.8789,56.105,54.7511,56.105,"{""Chat"": 63.21, ""Control"": 67.429, ""File Transfer"": 71.429, ""Streaming"": 22.353}","{""Chat"": 51.406, ""Control"": 51.304, ""File Transfer"": 74.074, ""Streaming"": 90.476}","{""Chat"": 82.051, ""Control"": 98.333, ""File Transfer"": 68.966, ""Streaming"": 12.752}","{""Chat"": 156, ""Control"": 180, ""File Transfer"": 29, ""Streaming"": 298}","{""Chat"": 1.098854, ""Control"": 0.906619, ""File Transfer"": 5.9, ""Streaming"": 0.550215}","{""Chat"": 349, ""Control"": 423, ""File Transfer"": 65, ""Streaming"": 697}",9380356,checkpoints/VNAT_3s_tcp_duration_3feat_seed2/VNAT_3s_tcpdur_random70_stratified_flowlevel_splitseed42_3feat_timesnet_150ms_seed2.pth,38830910,20.0,OK,,"{""torch"": ""2.4.1+cu121"", ""cuda"": ""12.1"", ""gpu"": ""NVIDIA RTX A4500"", ""numpy"": ""1.26.0"", ""python"": ""3.10.12"", ""deterministic"": true, ""grad_clip_max_norm"": 1.0, ""CUBLAS_WORKSPACE_CONFIG"": "":4096:8"", ""CUDA_VISIBLE_DEVICES"": ""0""}",2026-08-21T14:57:29
VNAT_3s_tcpdur_random70_stratified_flowlevel_splitseed42_3feat_informer_150ms_seed0,VNAT,VNAT_3s_tcp_duration,3,random70_stratified_flowlevel_splitseed42,42,cac127f87b766f86,Validation,4,informer,3feat,150ms,21,3,0,64,1534,663,best_val,10,12345,0,True,True,1.0,16.334,100.0,26,79.4467,80.3815,80.543,80.4883,"{""Chat"": 72.774, ""Control"": 93.583, ""File Transfer"": 78.431, ""Streaming"": 77.165}","{""Chat"": 60.338, ""Control"": 90.206, ""File Transfer"": 90.909, ""Streaming"": 93.333}","{""Chat"": 91.667, ""Control"": 97.222, ""File Transfer"": 68.966, ""Streaming"": 65.772}","{""Chat"": 156, ""Control"": 180, ""File Transfer"": 29, ""Streaming"": 298}","{""Chat"": 1.098854, ""Control"": 0.906619, ""File Transfer"": 5.9, ""Streaming"": 0.550215}","{""Chat"": 349, ""Control"": 423, ""File Transfer"": 65, ""Streaming"": 697}",2698245,checkpoints/VNAT_3s_tcp_duration_3feat_seed0/VNAT_3s_tcpdur_random70_stratified_flowlevel_splitseed42_3feat_informer_150ms_seed0.pth,21077078,23.5,OK,,"{""torch"": ""2.4.1+cu121"", ""cuda"": ""12.1"", ""gpu"": ""NVIDIA RTX A4500"", ""numpy"": ""1.26.0"", ""python"": ""3.10.12"", ""deterministic"": true, ""grad_clip_max_norm"": 1.0, ""CUBLAS_WORKSPACE_CONFIG"": "":4096:8"", ""CUDA_VISIBLE_DEVICES"": ""0""}",2026-08-21T14:57:52
VNAT_3s_tcpdur_random70_stratified_flowlevel_splitseed42_3feat_informer_150ms_seed1,VNAT,VNAT_3s_tcp_duration,3,random70_stratified_flowlevel_splitseed42,42,cac127f87b766f86,Validation,4,informer,3feat,150ms,21,3,1,64,1534,663,best_val,14,12345,0,True,True,1.0,17.5412,100.0,26,81.3273,81.5236,81.1463,81.4198,"{""Chat"": 71.5, ""Control"": 95.58, ""File Transfer"": 80.0, ""Streaming"": 78.599}","{""Chat"": 58.607, ""Control"": 95.055, ""File Transfer"": 95.238, ""Streaming"": 93.519}","{""Chat"": 91.667, ""Control"": 96.111, ""File Transfer"": 68.966, ""Streaming"": 67.785}","{""Chat"": 156, ""Control"": 180, ""File Transfer"": 29, ""Streaming"": 298}","{""Chat"": 1.098854, ""Control"": 0.906619, ""File Transfer"": 5.9, ""Streaming"": 0.550215}","{""Chat"": 349, ""Control"": 423, ""File Transfer"": 65, ""Streaming"": 697}",2698245,checkpoints/VNAT_3s_tcp_duration_3feat_seed1/VNAT_3s_tcpdur_random70_stratified_flowlevel_splitseed42_3feat_informer_150ms_seed1.pth,21077078,24.3,OK,,"{""torch"": ""2.4.1+cu121"", ""cuda"": ""12.1"", ""gpu"": ""NVIDIA RTX A4500"", ""numpy"": ""1.26.0"", ""python"": ""3.10.12"", ""deterministic"": true, ""grad_clip_max_norm"": 1.0, ""CUBLAS_WORKSPACE_CONFIG"": "":4096:8"", ""CUDA_VISIBLE_DEVICES"": ""0""}",2026-08-21T14:58:17
VNAT_3s_tcpdur_random70_stratified_flowlevel_splitseed42_3feat_informer_150ms_seed2,VNAT,VNAT_3s_tcp_duration,3,random70_stratified_flowlevel_splitseed42,42,cac127f87b766f86,Validation,4,informer,3feat,150ms,21,3,2,64,1534,663,best_val,23,12345,0,True,True,1.0,17.1251,100.0,31,81.2157,78.2102,77.3756,77.8485,"{""Chat"": 70.073, ""Control"": 92.267, ""File Transfer"": 76.923, ""Streaming"": 72.131}","{""Chat"": 56.471, ""Control"": 88.718, ""File Transfer"": 86.957, ""Streaming"": 92.632}","{""Chat"": 92.308, ""Control"": 96.111, ""File Transfer"": 68.966, ""Streaming"": 59.06}","{""Chat"": 156, ""Control"": 180, ""File Transfer"": 29, ""Streaming"": 298}","{""Chat"": 1.098854, ""Control"": 0.906619, ""File Transfer"": 5.9, ""Streaming"": 0.550215}","{""Chat"": 349, ""Control"": 423, ""File Transfer"": 65, ""Streaming"": 697}",2698245,checkpoints/VNAT_3s_tcp_duration_3feat_seed2/VNAT_3s_tcpdur_random70_stratified_flowlevel_splitseed42_3feat_informer_150ms_seed2.pth,21077078,30.5,OK,,"{""torch"": ""2.4.1+cu121"", ""cuda"": ""12.1"", ""gpu"": ""NVIDIA RTX A4500"", ""numpy"": ""1.26.0"", ""python"": ""3.10.12"", ""deterministic"": true, ""grad_clip_max_norm"": 1.0, ""CUBLAS_WORKSPACE_CONFIG"": "":4096:8"", ""CUDA_VISIBLE_DEVICES"": ""0""}",2026-08-21T14:58:48
VNAT_3s_tcpdur_random70_stratified_flowlevel_splitseed42_3feat_nst_150ms_seed0,VNAT,VNAT_3s_tcp_duration,3,random70_stratified_flowlevel_splitseed42,42,cac127f87b766f86,Validation,4,nst,3feat,150ms,21,3,0,64,1534,663,best_val,26,12345,0,True,True,1.0,8.2836,100.0,38,77.2114,74.8674,74.5098,74.8674,"{""Chat"": 69.524, ""Control"": 90.076, ""File Transfer"": 74.074, ""Streaming"": 65.795}","{""Chat"": 55.303, ""Control"": 83.099, ""File Transfer"": 80.0, ""Streaming"": 93.789}","{""Chat"": 93.59, ""Control"": 98.333, ""File Transfer"": 68.966, ""Streaming"": 50.671}","{""Chat"": 156, ""Control"": 180, ""File Transfer"": 29, ""Streaming"": 298}","{""Chat"": 1.098854, ""Control"": 0.906619, ""File Transfer"": 5.9, ""Streaming"": 0.550215}","{""Chat"": 349, ""Control"": 423, ""File Transfer"": 65, ""Streaming"": 697}",126210,checkpoints/VNAT_3s_tcp_duration_3feat_seed0/VNAT_3s_tcpdur_random70_stratified_flowlevel_splitseed42_3feat_nst_150ms_seed0.pth,1812994,38.8,OK,,"{""torch"": ""2.4.1+cu121"", ""cuda"": ""12.1"", ""gpu"": ""NVIDIA RTX A4500"", ""numpy"": ""1.26.0"", ""python"": ""3.10.12"", ""deterministic"": true, ""grad_clip_max_norm"": 1.0, ""CUBLAS_WORKSPACE_CONFIG"": "":4096:8"", ""CUDA_VISIBLE_DEVICES"": ""0""}",2026-08-21T14:59:26
VNAT_3s_tcpdur_random70_stratified_flowlevel_splitseed42_3feat_nst_150ms_seed1,VNAT,VNAT_3s_tcp_duration,3,random70_stratified_flowlevel_splitseed42,42,cac127f87b766f86,Validation,4,nst,3feat,150ms,21,3,1,64,1534,663,best_val,8,12345,0,True,True,1.0,7.2254,100.0,16,47.7138,49.9031,47.5113,49.9031,"{""Chat"": 49.733, ""Control"": 61.672, ""File Transfer"": 72.727, ""Streaming"": 15.48}","{""Chat"": 42.661, ""Control"": 44.924, ""File Transfer"": 76.923, ""Streaming"": 100.0}","{""Chat"": 59.615, ""Control"": 98.333, ""File Transfer"": 68.966, ""Streaming"": 8.389}","{""Chat"": 156, ""Control"": 180, ""File Transfer"": 29, ""Streaming"": 298}","{""Chat"": 1.098854, ""Control"": 0.906619, ""File Transfer"": 5.9, ""Streaming"": 0.550215}","{""Chat"": 349, ""Control"": 423, ""File Transfer"": 65, ""Streaming"": 697}",126210,checkpoints/VNAT_3s_tcp_duration_3feat_seed1/VNAT_3s_tcpdur_random70_stratified_flowlevel_splitseed42_3feat_nst_150ms_seed1.pth,1812994,15.9,OK,,"{""torch"": ""2.4.1+cu121"", ""cuda"": ""12.1"", ""gpu"": ""NVIDIA RTX A4500"", ""numpy"": ""1.26.0"", ""python"": ""3.10.12"", ""deterministic"": true, ""grad_clip_max_norm"": 1.0, ""CUBLAS_WORKSPACE_CONFIG"": "":4096:8"", ""CUDA_VISIBLE_DEVICES"": ""0""}",2026-08-21T14:59:42
VNAT_3s_tcpdur_random70_stratified_flowlevel_splitseed42_3feat_nst_150ms_seed2,VNAT,VNAT_3s_tcp_duration,3,random70_stratified_flowlevel_splitseed42,42,cac127f87b766f86,Validation,4,nst,3feat,150ms,21,3,2,64,1534,663,best_val,13,12345,0,True,True,1.0,7.0918,100.0,22,54.2128,55.8291,54.1478,55.8291,"{""Chat"": 62.621, ""Control"": 66.539, ""File Transfer"": 72.727, ""Streaming"": 21.429}","{""Chat"": 50.391, ""Control"": 50.729, ""File Transfer"": 76.923, ""Streaming"": 94.737}","{""Chat"": 82.692, ""Control"": 96.667, ""File Transfer"": 68.966, ""Streaming"": 12.081}","{""Chat"": 156, ""Control"": 180, ""File Transfer"": 29, ""Streaming"": 298}","{""Chat"": 1.098854, ""Control"": 0.906619, ""File Transfer"": 5.9, ""Streaming"": 0.550215}","{""Chat"": 349, ""Control"": 423, ""File Transfer"": 65, ""Streaming"": 697}",126210,checkpoints/VNAT_3s_tcp_duration_3feat_seed2/VNAT_3s_tcpdur_random70_stratified_flowlevel_splitseed42_3feat_nst_150ms_seed2.pth,1812994,22.6,OK,,"{""torch"": ""2.4.1+cu121"", ""cuda"": ""12.1"", ""gpu"": ""NVIDIA RTX A4500"", ""numpy"": ""1.26.0"", ""python"": ""3.10.12"", ""deterministic"": true, ""grad_clip_max_norm"": 1.0, ""CUBLAS_WORKSPACE_CONFIG"": "":4096:8"", ""CUDA_VISIBLE_DEVICES"": ""0""}",2026-08-21T15:00:05
VNAT_3s_tcpdur_random70_stratified_flowlevel_splitseed42_3feat_autoformer_150ms_seed0,VNAT,VNAT_3s_tcp_duration,3,random70_stratified_flowlevel_splitseed42,42,cac127f87b766f86,Validation,4,autoformer,3feat,150ms,21,3,0,256,1534,663,best_val,20,12345,0,True,True,1.0,3.6242,100.0,30,62.8044,52.1889,47.0588,52.1889,"{""Chat"": 46.154, ""Control"": 58.209, ""File Transfer"": 66.667, ""Streaming"": 37.726}","{""Chat"": 30.989, ""Control"": 88.636, ""File Transfer"": 64.516, ""Streaming"": 82.022}","{""Chat"": 90.385, ""Control"": 43.333, ""File Transfer"": 68.966, ""Streaming"": 24.497}","{""Chat"": 156, ""Control"": 180, ""File Transfer"": 29, ""Streaming"": 298}","{""Chat"": 1.098854, ""Control"": 0.906619, ""File Transfer"": 5.9, ""Streaming"": 0.550215}","{""Chat"": 349, ""Control"": 423, ""File Transfer"": 65, ""Streaming"": 697}",105220,checkpoints/VNAT_3s_tcp_duration_3feat_seed0/VNAT_3s_tcpdur_random70_stratified_flowlevel_splitseed42_3feat_autoformer_150ms_seed0.pth,1718466,10.5,OK,,"{""torch"": ""2.4.1+cu121"", ""cuda"": ""12.1"", ""gpu"": ""NVIDIA RTX A4500"", ""numpy"": ""1.26.0"", ""python"": ""3.10.12"", ""deterministic"": true, ""grad_clip_max_norm"": 1.0, ""CUBLAS_WORKSPACE_CONFIG"": "":4096:8"", ""CUDA_VISIBLE_DEVICES"": ""0""}",2026-08-21T15:00:16
VNAT_3s_tcpdur_random70_stratified_flowlevel_splitseed42_3feat_autoformer_150ms_seed1,VNAT,VNAT_3s_tcp_duration,3,random70_stratified_flowlevel_splitseed42,42,cac127f87b766f86,Validation,4,autoformer,3feat,150ms,21,3,1,256,1534,663,best_val,42,12345,0,True,True,1.0,3.4146,99.33,50,66.6522,61.3211,56.4103,61.3211,"{""Chat"": 52.557, ""Control"": 79.375, ""File Transfer"": 72.727, ""Streaming"": 40.625}","{""Chat"": 36.253, ""Control"": 90.714, ""File Transfer"": 76.923, ""Streaming"": 90.698}","{""Chat"": 95.513, ""Control"": 70.556, ""File Transfer"": 68.966, ""Streaming"": 26.174}","{""Chat"": 156, ""Control"": 180, ""File Transfer"": 29, ""Streaming"": 298}","{""Chat"": 1.098854, ""Control"": 0.906619, ""File Transfer"": 5.9, ""Streaming"": 0.550215}","{""Chat"": 349, ""Control"": 423, ""File Transfer"": 65, ""Streaming"": 697}",105220,checkpoints/VNAT_3s_tcp_duration_3feat_seed1/VNAT_3s_tcpdur_random70_stratified_flowlevel_splitseed42_3feat_autoformer_150ms_seed1.pth,1718466,17.3,OK,,"{""torch"": ""2.4.1+cu121"", ""cuda"": ""12.1"", ""gpu"": ""NVIDIA RTX A4500"", ""numpy"": ""1.26.0"", ""python"": ""3.10.12"", ""deterministic"": true, ""grad_clip_max_norm"": 1.0, ""CUBLAS_WORKSPACE_CONFIG"": "":4096:8"", ""CUDA_VISIBLE_DEVICES"": ""0""}",2026-08-21T15:00:33
VNAT_3s_tcpdur_random70_stratified_flowlevel_splitseed42_3feat_autoformer_150ms_seed2,VNAT,VNAT_3s_tcp_duration,3,random70_stratified_flowlevel_splitseed42,42,cac127f87b766f86,Validation,4,autoformer,3feat,150ms,21,3,2,256,1534,663,best_val,40,12345,0,True,True,1.0,3.1279,98.74,53,68.2698,62.9802,57.6169,62.9802,"{""Chat"": 53.597, ""Control"": 80.625, ""File Transfer"": 75.862, ""Streaming"": 41.837}","{""Chat"": 37.25, ""Control"": 92.143, ""File Transfer"": 75.862, ""Streaming"": 87.234}","{""Chat"": 95.513, ""Control"": 71.667, ""File Transfer"": 75.862, ""Streaming"": 27.517}","{""Chat"": 156, ""Control"": 180, ""File Transfer"": 29, ""Streaming"": 298}","{""Chat"": 1.098854, ""Control"": 0.906619, ""File Transfer"": 5.9, ""Streaming"": 0.550215}","{""Chat"": 349, ""Control"": 423, ""File Transfer"": 65, ""Streaming"": 697}",105220,checkpoints/VNAT_3s_tcp_duration_3feat_seed2/VNAT_3s_tcpdur_random70_stratified_flowlevel_splitseed42_3feat_autoformer_150ms_seed2.pth,1718466,17.9,OK,,"{""torch"": ""2.4.1+cu121"", ""cuda"": ""12.1"", ""gpu"": ""NVIDIA RTX A4500"", ""numpy"": ""1.26.0"", ""python"": ""3.10.12"", ""deterministic"": true, ""grad_clip_max_norm"": 1.0, ""CUBLAS_WORKSPACE_CONFIG"": "":4096:8"", ""CUDA_VISIBLE_DEVICES"": ""0""}",2026-08-21T15:00:51
VNAT_3s_tcpdur_random70_stratified_flowlevel_splitseed42_3feat_fedformer_150ms_seed0,VNAT,VNAT_3s_tcp_duration,3,random70_stratified_flowlevel_splitseed42,42,cac127f87b766f86,Validation,4,fedformer,3feat,150ms,21,3,0,256,1534,663,best_val,27,12345,4,True,True,1.0,3.9807,84.58,40,56.6812,56.2181,54.1478,56.2181,"{""Chat"": 61.836, ""Control"": 66.411, ""File Transfer"": 74.074, ""Streaming"": 22.552}","{""Chat"": 49.612, ""Control"": 50.733, ""File Transfer"": 80.0, ""Streaming"": 97.436}","{""Chat"": 82.051, ""Control"": 96.111, ""File Transfer"": 68.966, ""Streaming"": 12.752}","{""Chat"": 156, ""Control"": 180, ""File Transfer"": 29, ""Streaming"": 298}","{""Chat"": 1.098854, ""Control"": 0.906619, ""File Transfer"": 5.9, ""Streaming"": 0.550215}","{""Chat"": 349, ""Control"": 423, ""File Transfer"": 65, ""Streaming"": 697}",213125,checkpoints/VNAT_3s_tcp_duration_3feat_seed0/VNAT_3s_tcpdur_random70_stratified_flowlevel_splitseed42_3feat_fedformer_150ms_seed0.pth,3448492,32.0,OK,,"{""torch"": ""2.4.1+cu121"", ""cuda"": ""12.1"", ""gpu"": ""NVIDIA RTX A4500"", ""numpy"": ""1.26.0"", ""python"": ""3.10.12"", ""deterministic"": true, ""grad_clip_max_norm"": 1.0, ""CUBLAS_WORKSPACE_CONFIG"": "":4096:8"", ""CUDA_VISIBLE_DEVICES"": ""0""}",2026-08-21T15:01:23
VNAT_3s_tcpdur_random70_stratified_flowlevel_splitseed42_3feat_fedformer_150ms_seed1,VNAT,VNAT_3s_tcp_duration,3,random70_stratified_flowlevel_splitseed42,42,cac127f87b766f86,Validation,4,fedformer,3feat,150ms,21,3,1,256,1534,663,best_val,4,12345,4,True,True,1.0,4.8146,91.67,24,46.1953,50.0469,46.7572,50.0469,"{""Chat"": 56.129, ""Control"": 56.075, ""File Transfer"": 73.077, ""Streaming"": 14.907}","{""Chat"": 56.494, ""Control"": 38.961, ""File Transfer"": 82.609, ""Streaming"": 100.0}","{""Chat"": 55.769, ""Control"": 100.0, ""File Transfer"": 65.517, ""Streaming"": 8.054}","{""Chat"": 156, ""Control"": 180, ""File Transfer"": 29, ""Streaming"": 298}","{""Chat"": 1.098854, ""Control"": 0.906619, ""File Transfer"": 5.9, ""Streaming"": 0.550215}","{""Chat"": 349, ""Control"": 423, ""File Transfer"": 65, ""Streaming"": 697}",213125,checkpoints/VNAT_3s_tcp_duration_3feat_seed1/VNAT_3s_tcpdur_random70_stratified_flowlevel_splitseed42_3feat_fedformer_150ms_seed1.pth,3448492,19.1,OK,,"{""torch"": ""2.4.1+cu121"", ""cuda"": ""12.1"", ""gpu"": ""NVIDIA RTX A4500"", ""numpy"": ""1.26.0"", ""python"": ""3.10.12"", ""deterministic"": true, ""grad_clip_max_norm"": 1.0, ""CUBLAS_WORKSPACE_CONFIG"": "":4096:8"", ""CUDA_VISIBLE_DEVICES"": ""0""}",2026-08-21T15:01:42
VNAT_3s_tcpdur_random70_stratified_flowlevel_splitseed42_3feat_fedformer_150ms_seed2,VNAT,VNAT_3s_tcp_duration,3,random70_stratified_flowlevel_splitseed42,42,cac127f87b766f86,Validation,4,fedformer,3feat,150ms,21,3,2,256,1534,663,best_val,10,12345,4,True,True,1.0,4.3635,86.87,33,52.1874,53.4687,50.0754,53.4687,"{""Chat"": 58.957, ""Control"": 60.87, ""File Transfer"": 76.923, ""Streaming"": 17.125}","{""Chat"": 45.614, ""Control"": 47.239, ""File Transfer"": 86.957, ""Streaming"": 96.552}","{""Chat"": 83.333, ""Control"": 85.556, ""File Transfer"": 68.966, ""Streaming"": 9.396}","{""Chat"": 156, ""Control"": 180, ""File Transfer"": 29, ""Streaming"": 298}","{""Chat"": 1.098854, ""Control"": 0.906619, ""File Transfer"": 5.9, ""Streaming"": 0.550215}","{""Chat"": 349, ""Control"": 423, ""File Transfer"": 65, ""Streaming"": 697}",213125,checkpoints/VNAT_3s_tcp_duration_3feat_seed2/VNAT_3s_tcpdur_random70_stratified_flowlevel_splitseed42_3feat_fedformer_150ms_seed2.pth,3448492,26.8,OK,,"{""torch"": ""2.4.1+cu121"", ""cuda"": ""12.1"", ""gpu"": ""NVIDIA RTX A4500"", ""numpy"": ""1.26.0"", ""python"": ""3.10.12"", ""deterministic"": true, ""grad_clip_max_norm"": 1.0, ""CUBLAS_WORKSPACE_CONFIG"": "":4096:8"", ""CUDA_VISIBLE_DEVICES"": ""0""}",2026-08-21T15:02:09
VNAT_3s_tcpdur_random70_stratified_flowlevel_splitseed42_3feat_timemixer_150ms_seed0,VNAT,VNAT_3s_tcp_duration,3,random70_stratified_flowlevel_splitseed42,42,cac127f87b766f86,Validation,4,timemixer,3feat,150ms,21,3,0,256,1534,663,best_val,16,12345,0,True,True,1.0,2.4896,6.67,30,45.6575,47.5228,39.3665,47.5228,"{""Chat"": 48.837, ""Control"": 33.89, ""File Transfer"": 81.633, ""Streaming"": 25.731}","{""Chat"": 35.0, ""Control"": 29.707, ""File Transfer"": 100.0, ""Streaming"": 100.0}","{""Chat"": 80.769, ""Control"": 39.444, ""File Transfer"": 68.966, ""Streaming"": 14.765}","{""Chat"": 156, ""Control"": 180, ""File Transfer"": 29, ""Streaming"": 298}","{""Chat"": 1.098854, ""Control"": 0.906619, ""File Transfer"": 5.9, ""Streaming"": 0.550215}","{""Chat"": 349, ""Control"": 423, ""File Transfer"": 65, ""Streaming"": 697}",141458,checkpoints/VNAT_3s_tcp_duration_3feat_seed0/VNAT_3s_tcpdur_random70_stratified_flowlevel_splitseed42_3feat_timemixer_150ms_seed0.pth,1882506,10.1,OK,,"{""torch"": ""2.4.1+cu121"", ""cuda"": ""12.1"", ""gpu"": ""NVIDIA RTX A4500"", ""numpy"": ""1.26.0"", ""python"": ""3.10.12"", ""deterministic"": true, ""grad_clip_max_norm"": 1.0, ""CUBLAS_WORKSPACE_CONFIG"": "":4096:8"", ""CUDA_VISIBLE_DEVICES"": ""0""}",2026-08-21T15:02:20
VNAT_3s_tcpdur_random70_stratified_flowlevel_splitseed42_3feat_timemixer_150ms_seed1,VNAT,VNAT_3s_tcp_duration,3,random70_stratified_flowlevel_splitseed42,42,cac127f87b766f86,Validation,4,timemixer,3feat,150ms,21,3,1,256,1534,663,best_val,69,12345,0,True,True,1.0,99.8988,13.33,85,62.4509,61.4839,57.9186,61.4839,"{""Chat"": 65.287, ""Control"": 62.084, ""File Transfer"": 76.0, ""Streaming"": 42.564}","{""Chat"": 50.896, ""Control"": 51.661, ""File Transfer"": 90.476, ""Streaming"": 90.217}","{""Chat"": 91.026, ""Control"": 77.778, ""File Transfer"": 65.517, ""Streaming"": 27.852}","{""Chat"": 156, ""Control"": 180, ""File Transfer"": 29, ""Streaming"": 298}","{""Chat"": 1.098854, ""Control"": 0.906619, ""File Transfer"": 5.9, ""Streaming"": 0.550215}","{""Chat"": 349, ""Control"": 423, ""File Transfer"": 65, ""Streaming"": 697}",141458,checkpoints/VNAT_3s_tcp_duration_3feat_seed1/VNAT_3s_tcpdur_random70_stratified_flowlevel_splitseed42_3feat_timemixer_150ms_seed1.pth,1882506,30.1,OK,,"{""torch"": ""2.4.1+cu121"", ""cuda"": ""12.1"", ""gpu"": ""NVIDIA RTX A4500"", ""numpy"": ""1.26.0"", ""python"": ""3.10.12"", ""deterministic"": true, ""grad_clip_max_norm"": 1.0, ""CUBLAS_WORKSPACE_CONFIG"": "":4096:8"", ""CUDA_VISIBLE_DEVICES"": ""0""}",2026-08-21T15:02:50
VNAT_3s_tcpdur_random70_stratified_flowlevel_splitseed42_3feat_timemixer_150ms_seed2,VNAT,VNAT_3s_tcp_duration,3,random70_stratified_flowlevel_splitseed42,42,cac127f87b766f86,Validation,4,timemixer,3feat,150ms,21,3,2,256,1534,663,best_val,22,12345,0,True,True,1.0,2.0842,6.41,39,46.0385,52.6373,47.3605,52.6373,"{""Chat"": 51.163, ""Control"": 57.333, ""File Transfer"": 81.633, ""Streaming"": 20.42}","{""Chat"": 46.809, ""Control"": 40.952, ""File Transfer"": 100.0, ""Streaming"": 97.143}","{""Chat"": 56.41, ""Control"": 95.556, ""File Transfer"": 68.966, ""Streaming"": 11.409}","{""Chat"": 156, ""Control"": 180, ""File Transfer"": 29, ""Streaming"": 298}","{""Chat"": 1.098854, ""Control"": 0.906619, ""File Transfer"": 5.9, ""Streaming"": 0.550215}","{""Chat"": 349, ""Control"": 423, ""File Transfer"": 65, ""Streaming"": 697}",141458,checkpoints/VNAT_3s_tcp_duration_3feat_seed2/VNAT_3s_tcpdur_random70_stratified_flowlevel_splitseed42_3feat_timemixer_150ms_seed2.pth,1882506,13.7,OK,,"{""torch"": ""2.4.1+cu121"", ""cuda"": ""12.1"", ""gpu"": ""NVIDIA RTX A4500"", ""numpy"": ""1.26.0"", ""python"": ""3.10.12"", ""deterministic"": true, ""grad_clip_max_norm"": 1.0, ""CUBLAS_WORKSPACE_CONFIG"": "":4096:8"", ""CUDA_VISIBLE_DEVICES"": ""0""}",2026-08-21T15:03:03
VNAT_3s_tcpdur_random70_stratified_flowlevel_splitseed42_3feat_timesnet_200ms_seed0,VNAT,VNAT_3s_tcp_duration,3,random70_stratified_flowlevel_splitseed42,42,cac127f87b766f86,Validation,4,timesnet,3feat,200ms,16,3,0,256,1534,663,best_val,7,12345,0,True,True,1.0,5.0568,65.05,72,45.3626,56.6165,56.1086,56.6165,"{""Chat"": 63.014, ""Control"": 71.518, ""File Transfer"": 67.797, ""Streaming"": 24.138}","{""Chat"": 48.936, ""Control"": 57.143, ""File Transfer"": 66.667, ""Streaming"": 84.0}","{""Chat"": 88.462, ""Control"": 95.556, ""File Transfer"": 68.966, ""Streaming"": 14.094}","{""Chat"": 156, ""Control"": 180, ""File Transfer"": 29, ""Streaming"": 298}","{""Chat"": 1.098854, ""Control"": 0.906619, ""File Transfer"": 5.9, ""Streaming"": 0.550215}","{""Chat"": 349, ""Control"": 423, ""File Transfer"": 65, ""Streaming"": 697}",9379076,checkpoints/VNAT_3s_tcp_duration_3feat_seed0/VNAT_3s_tcpdur_random70_stratified_flowlevel_splitseed42_3feat_timesnet_200ms_seed0.pth,38825790,36.2,OK,,"{""torch"": ""2.4.1+cu121"", ""cuda"": ""12.1"", ""gpu"": ""NVIDIA RTX A4500"", ""numpy"": ""1.26.0"", ""python"": ""3.10.12"", ""deterministic"": true, ""grad_clip_max_norm"": 1.0, ""CUBLAS_WORKSPACE_CONFIG"": "":4096:8"", ""CUDA_VISIBLE_DEVICES"": ""0""}",2026-08-21T15:03:40
VNAT_3s_tcpdur_random70_stratified_flowlevel_splitseed42_3feat_timesnet_200ms_seed1,VNAT,VNAT_3s_tcp_duration,3,random70_stratified_flowlevel_splitseed42,42,cac127f87b766f86,Validation,4,timesnet,3feat,200ms,16,3,1,256,1534,663,best_val,9,12345,0,True,True,1.0,5.1983,74.51,17,44.9261,53.4594,50.3771,53.4594,"{""Chat"": 55.875, ""Control"": 61.94, ""File Transfer"": 72.727, ""Streaming"": 23.295}","{""Chat"": 47.137, ""Control"": 46.629, ""File Transfer"": 76.923, ""Streaming"": 75.926}","{""Chat"": 68.59, ""Control"": 92.222, ""File Transfer"": 68.966, ""Streaming"": 13.758}","{""Chat"": 156, ""Control"": 180, ""File Transfer"": 29, ""Streaming"": 298}","{""Chat"": 1.098854, ""Control"": 0.906619, ""File Transfer"": 5.9, ""Streaming"": 0.550215}","{""Chat"": 349, ""Control"": 423, ""File Transfer"": 65, ""Streaming"": 697}",9379076,checkpoints/VNAT_3s_tcp_duration_3feat_seed1/VNAT_3s_tcpdur_random70_stratified_flowlevel_splitseed42_3feat_timesnet_200ms_seed1.pth,38825790,8.6,OK,,"{""torch"": ""2.4.1+cu121"", ""cuda"": ""12.1"", ""gpu"": ""NVIDIA RTX A4500"", ""numpy"": ""1.26.0"", ""python"": ""3.10.12"", ""deterministic"": true, ""grad_clip_max_norm"": 1.0, ""CUBLAS_WORKSPACE_CONFIG"": "":4096:8"", ""CUDA_VISIBLE_DEVICES"": ""0""}",2026-08-21T15:03:49
VNAT_3s_tcpdur_random70_stratified_flowlevel_splitseed42_3feat_timesnet_200ms_seed2,VNAT,VNAT_3s_tcp_duration,3,random70_stratified_flowlevel_splitseed42,42,cac127f87b766f86,Validation,4,timesnet,3feat,200ms,16,3,2,256,1534,663,best_val,5,12345,0,True,True,1.0,4.1637,57.69,26,47.3743,66.1364,63.6501,66.1364,"{""Chat"": 59.184, ""Control"": 70.481, ""File Transfer"": 75.472, ""Streaming"": 59.41}","{""Chat"": 63.043, ""Control"": 59.922, ""File Transfer"": 83.333, ""Streaming"": 65.984}","{""Chat"": 55.769, ""Control"": 85.556, ""File Transfer"": 68.966, ""Streaming"": 54.027}","{""Chat"": 156, ""Control"": 180, ""File Transfer"": 29, ""Streaming"": 298}","{""Chat"": 1.098854, ""Control"": 0.906619, ""File Transfer"": 5.9, ""Streaming"": 0.550215}","{""Chat"": 349, ""Control"": 423, ""File Transfer"": 65, ""Streaming"": 697}",9379076,checkpoints/VNAT_3s_tcp_duration_3feat_seed2/VNAT_3s_tcpdur_random70_stratified_flowlevel_splitseed42_3feat_timesnet_200ms_seed2.pth,38825790,13.3,OK,,"{""torch"": ""2.4.1+cu121"", ""cuda"": ""12.1"", ""gpu"": ""NVIDIA RTX A4500"", ""numpy"": ""1.26.0"", ""python"": ""3.10.12"", ""deterministic"": true, ""grad_clip_max_norm"": 1.0, ""CUBLAS_WORKSPACE_CONFIG"": "":4096:8"", ""CUDA_VISIBLE_DEVICES"": ""0""}",2026-08-21T15:04:02
VNAT_3s_tcpdur_random70_stratified_flowlevel_splitseed42_3feat_informer_200ms_seed0,VNAT,VNAT_3s_tcp_duration,3,random70_stratified_flowlevel_splitseed42,42,cac127f87b766f86,Validation,4,informer,3feat,200ms,16,3,0,64,1534,663,best_val,12,12345,0,True,True,1.0,15.2827,100.0,31,78.4802,80.1082,79.9397,80.193,"{""Chat"": 70.968, ""Control"": 95.676, ""File Transfer"": 78.431, ""Streaming"": 75.697}","{""Chat"": 57.895, ""Control"": 93.158, ""File Transfer"": 90.909, ""Streaming"": 93.137}","{""Chat"": 91.667, ""Control"": 98.333, ""File Transfer"": 68.966, ""Streaming"": 63.758}","{""Chat"": 156, ""Control"": 180, ""File Transfer"": 29, ""Streaming"": 298}","{""Chat"": 1.098854, ""Control"": 0.906619, ""File Transfer"": 5.9, ""Streaming"": 0.550215}","{""Chat"": 349, ""Control"": 423, ""File Transfer"": 65, ""Streaming"": 697}",2693125,checkpoints/VNAT_3s_tcp_duration_3feat_seed0/VNAT_3s_tcpdur_random70_stratified_flowlevel_splitseed42_3feat_informer_200ms_seed0.pth,21056598,27.8,OK,,"{""torch"": ""2.4.1+cu121"", ""cuda"": ""12.1"", ""gpu"": ""NVIDIA RTX A4500"", ""numpy"": ""1.26.0"", ""python"": ""3.10.12"", ""deterministic"": true, ""grad_clip_max_norm"": 1.0, ""CUBLAS_WORKSPACE_CONFIG"": "":4096:8"", ""CUDA_VISIBLE_DEVICES"": ""0""}",2026-08-21T15:04:30
VNAT_3s_tcpdur_random70_stratified_flowlevel_splitseed42_3feat_informer_200ms_seed1,VNAT,VNAT_3s_tcp_duration,3,random70_stratified_flowlevel_splitseed42,42,cac127f87b766f86,Validation,4,informer,3feat,200ms,16,3,1,64,1534,663,best_val,11,12345,0,True,True,1.0,15.5685,100.0,27,79.5799,80.1768,79.4872,80.2817,"{""Chat"": 69.417, ""Control"": 96.458, ""File Transfer"": 80.0, ""Streaming"": 75.252}","{""Chat"": 55.859, ""Control"": 94.652, ""File Transfer"": 95.238, ""Streaming"": 93.97}","{""Chat"": 91.667, ""Control"": 98.333, ""File Transfer"": 68.966, ""Streaming"": 62.752}","{""Chat"": 156, ""Control"": 180, ""File Transfer"": 29, ""Streaming"": 298}","{""Chat"": 1.098854, ""Control"": 0.906619, ""File Transfer"": 5.9, ""Streaming"": 0.550215}","{""Chat"": 349, ""Control"": 423, ""File Transfer"": 65, ""Streaming"": 697}",2693125,checkpoints/VNAT_3s_tcp_duration_3feat_seed1/VNAT_3s_tcpdur_random70_stratified_flowlevel_splitseed42_3feat_informer_200ms_seed1.pth,21056598,23.4,OK,,"{""torch"": ""2.4.1+cu121"", ""cuda"": ""12.1"", ""gpu"": ""NVIDIA RTX A4500"", ""numpy"": ""1.26.0"", ""python"": ""3.10.12"", ""deterministic"": true, ""grad_clip_max_norm"": 1.0, ""CUBLAS_WORKSPACE_CONFIG"": "":4096:8"", ""CUDA_VISIBLE_DEVICES"": ""0""}",2026-08-21T15:04:54
VNAT_3s_tcpdur_random70_stratified_flowlevel_splitseed42_3feat_informer_200ms_seed2,VNAT,VNAT_3s_tcp_duration,3,random70_stratified_flowlevel_splitseed42,42,cac127f87b766f86,Validation,4,informer,3feat,200ms,16,3,2,64,1534,663,best_val,27,12345,0,True,True,1.0,15.0426,100.0,35,80.9086,80.0712,79.0347,79.2346,"{""Chat"": 69.268, ""Control"": 94.708, ""File Transfer"": 76.923, ""Streaming"": 76.04}","{""Chat"": 55.906, ""Control"": 94.972, ""File Transfer"": 86.957, ""Streaming"": 92.754}","{""Chat"": 91.026, ""Control"": 94.444, ""File Transfer"": 68.966, ""Streaming"": 64.43}","{""Chat"": 156, ""Control"": 180, ""File Transfer"": 29, ""Streaming"": 298}","{""Chat"": 1.098854, ""Control"": 0.906619, ""File Transfer"": 5.9, ""Streaming"": 0.550215}","{""Chat"": 349, ""Control"": 423, ""File Transfer"": 65, ""Streaming"": 697}",2693125,checkpoints/VNAT_3s_tcp_duration_3feat_seed2/VNAT_3s_tcpdur_random70_stratified_flowlevel_splitseed42_3feat_informer_200ms_seed2.pth,21056598,30.5,OK,,"{""torch"": ""2.4.1+cu121"", ""cuda"": ""12.1"", ""gpu"": ""NVIDIA RTX A4500"", ""numpy"": ""1.26.0"", ""python"": ""3.10.12"", ""deterministic"": true, ""grad_clip_max_norm"": 1.0, ""CUBLAS_WORKSPACE_CONFIG"": "":4096:8"", ""CUDA_VISIBLE_DEVICES"": ""0""}",2026-08-21T15:05:25
VNAT_3s_tcpdur_random70_stratified_flowlevel_splitseed42_3feat_nst_200ms_seed0,VNAT,VNAT_3s_tcp_duration,3,random70_stratified_flowlevel_splitseed42,42,cac127f87b766f86,Validation,4,nst,3feat,200ms,16,3,0,64,1534,663,best_val,18,12345,0,True,True,1.0,6.5442,100.0,31,53.294,55.1575,55.2036,55.1575,"{""Chat"": 66.825, ""Control"": 67.319, ""File Transfer"": 66.667, ""Streaming"": 19.82}","{""Chat"": 53.008, ""Control"": 51.964, ""File Transfer"": 64.516, ""Streaming"": 94.286}","{""Chat"": 90.385, ""Control"": 95.556, ""File Transfer"": 68.966, ""Streaming"": 11.074}","{""Chat"": 156, ""Control"": 180, ""File Transfer"": 29, ""Streaming"": 298}","{""Chat"": 1.098854, ""Control"": 0.906619, ""File Transfer"": 5.9, ""Streaming"": 0.550215}","{""Chat"": 349, ""Control"": 423, ""File Transfer"": 65, ""Streaming"": 697}",124580,checkpoints/VNAT_3s_tcp_duration_3feat_seed0/VNAT_3s_tcpdur_random70_stratified_flowlevel_splitseed42_3feat_nst_200ms_seed0.pth,1806466,28.5,OK,,"{""torch"": ""2.4.1+cu121"", ""cuda"": ""12.1"", ""gpu"": ""NVIDIA RTX A4500"", ""numpy"": ""1.26.0"", ""python"": ""3.10.12"", ""deterministic"": true, ""grad_clip_max_norm"": 1.0, ""CUBLAS_WORKSPACE_CONFIG"": "":4096:8"", ""CUDA_VISIBLE_DEVICES"": ""0""}",2026-08-21T15:05:53
VNAT_3s_tcpdur_random70_stratified_flowlevel_splitseed42_3feat_nst_200ms_seed1,VNAT,VNAT_3s_tcp_duration,3,random70_stratified_flowlevel_splitseed42,42,cac127f87b766f86,Validation,4,nst,3feat,200ms,16,3,1,64,1534,663,best_val,3,12345,0,True,True,1.0,6.056,100.0,16,45.5822,49.2318,45.7014,49.2318,"{""Chat"": 59.333, ""Control"": 54.545, ""File Transfer"": 74.074, ""Streaming"": 8.974}","{""Chat"": 61.806, ""Control"": 37.5, ""File Transfer"": 80.0, ""Streaming"": 100.0}","{""Chat"": 57.051, ""Control"": 100.0, ""File Transfer"": 68.966, ""Streaming"": 4.698}","{""Chat"": 156, ""Control"": 180, ""File Transfer"": 29, ""Streaming"": 298}","{""Chat"": 1.098854, ""Control"": 0.906619, ""File Transfer"": 5.9, ""Streaming"": 0.550215}","{""Chat"": 349, ""Control"": 423, ""File Transfer"": 65, ""Streaming"": 697}",124580,checkpoints/VNAT_3s_tcp_duration_3feat_seed1/VNAT_3s_tcpdur_random70_stratified_flowlevel_splitseed42_3feat_nst_200ms_seed1.pth,1806466,15.5,OK,,"{""torch"": ""2.4.1+cu121"", ""cuda"": ""12.1"", ""gpu"": ""NVIDIA RTX A4500"", ""numpy"": ""1.26.0"", ""python"": ""3.10.12"", ""deterministic"": true, ""grad_clip_max_norm"": 1.0, ""CUBLAS_WORKSPACE_CONFIG"": "":4096:8"", ""CUDA_VISIBLE_DEVICES"": ""0""}",2026-08-21T15:06:09
VNAT_3s_tcpdur_random70_stratified_flowlevel_splitseed42_3feat_nst_200ms_seed2,VNAT,VNAT_3s_tcp_duration,3,random70_stratified_flowlevel_splitseed42,42,cac127f87b766f86,Validation,4,nst,3feat,200ms,16,3,2,64,1534,663,best_val,10,12345,0,True,True,1.0,6.0493,100.0,18,47.8223,52.7304,49.1704,52.7304,"{""Chat"": 58.472, ""Control"": 56.646, ""File Transfer"": 72.727, ""Streaming"": 23.077}","{""Chat"": 60.69, ""Control"": 39.602, ""File Transfer"": 76.923, ""Streaming"": 97.5}","{""Chat"": 56.41, ""Control"": 99.444, ""File Transfer"": 68.966, ""Streaming"": 13.087}","{""Chat"": 156, ""Control"": 180, ""File Transfer"": 29, ""Streaming"": 298}","{""Chat"": 1.098854, ""Control"": 0.906619, ""File Transfer"": 5.9, ""Streaming"": 0.550215}","{""Chat"": 349, ""Control"": 423, ""File Transfer"": 65, ""Streaming"": 697}",124580,checkpoints/VNAT_3s_tcp_duration_3feat_seed2/VNAT_3s_tcpdur_random70_stratified_flowlevel_splitseed42_3feat_nst_200ms_seed2.pth,1806466,16.0,OK,,"{""torch"": ""2.4.1+cu121"", ""cuda"": ""12.1"", ""gpu"": ""NVIDIA RTX A4500"", ""numpy"": ""1.26.0"", ""python"": ""3.10.12"", ""deterministic"": true, ""grad_clip_max_norm"": 1.0, ""CUBLAS_WORKSPACE_CONFIG"": "":4096:8"", ""CUDA_VISIBLE_DEVICES"": ""0""}",2026-08-21T15:06:25
VNAT_3s_tcpdur_random70_stratified_flowlevel_splitseed42_3feat_autoformer_200ms_seed0,VNAT,VNAT_3s_tcp_duration,3,random70_stratified_flowlevel_splitseed42,42,cac127f87b766f86,Validation,4,autoformer,3feat,200ms,16,3,0,256,1534,663,best_val,17,12345,0,True,True,1.0,3.0559,100.0,28,60.0494,42.775,39.9698,42.775,"{""Chat"": 45.199, ""Control"": 38.494, ""File Transfer"": 60.317, ""Streaming"": 27.089}","{""Chat"": 29.367, ""Control"": 77.966, ""File Transfer"": 55.882, ""Streaming"": 95.918}","{""Chat"": 98.077, ""Control"": 25.556, ""File Transfer"": 65.517, ""Streaming"": 15.772}","{""Chat"": 156, ""Control"": 180, ""File Transfer"": 29, ""Streaming"": 298}","{""Chat"": 1.098854, ""Control"": 0.906619, ""File Transfer"": 5.9, ""Streaming"": 0.550215}","{""Chat"": 349, ""Control"": 423, ""File Transfer"": 65, ""Streaming"": 697}",103940,checkpoints/VNAT_3s_tcp_duration_3feat_seed0/VNAT_3s_tcpdur_random70_stratified_flowlevel_splitseed42_3feat_autoformer_200ms_seed0.pth,1713346,8.8,OK,,"{""torch"": ""2.4.1+cu121"", ""cuda"": ""12.1"", ""gpu"": ""NVIDIA RTX A4500"", ""numpy"": ""1.26.0"", ""python"": ""3.10.12"", ""deterministic"": true, ""grad_clip_max_norm"": 1.0, ""CUBLAS_WORKSPACE_CONFIG"": "":4096:8"", ""CUDA_VISIBLE_DEVICES"": ""0""}",2026-08-21T15:06:34
VNAT_3s_tcpdur_random70_stratified_flowlevel_splitseed42_3feat_autoformer_200ms_seed1,VNAT,VNAT_3s_tcp_duration,3,random70_stratified_flowlevel_splitseed42,42,cac127f87b766f86,Validation,4,autoformer,3feat,200ms,16,3,1,256,1534,663,best_val,32,12345,0,True,True,1.0,3.2891,99.24,44,62.9986,43.9724,40.5732,43.9724,"{""Chat"": 45.037, ""Control"": 39.662, ""File Transfer"": 62.295, ""Streaming"": 28.895}","{""Chat"": 29.287, ""Control"": 82.456, ""File Transfer"": 59.375, ""Streaming"": 92.727}","{""Chat"": 97.436, ""Control"": 26.111, ""File Transfer"": 65.517, ""Streaming"": 17.114}","{""Chat"": 156, ""Control"": 180, ""File Transfer"": 29, ""Streaming"": 298}","{""Chat"": 1.098854, ""Control"": 0.906619, ""File Transfer"": 5.9, ""Streaming"": 0.550215}","{""Chat"": 349, ""Control"": 423, ""File Transfer"": 65, ""Streaming"": 697}",103940,checkpoints/VNAT_3s_tcp_duration_3feat_seed1/VNAT_3s_tcpdur_random70_stratified_flowlevel_splitseed42_3feat_autoformer_200ms_seed1.pth,1713346,14.3,OK,,"{""torch"": ""2.4.1+cu121"", ""cuda"": ""12.1"", ""gpu"": ""NVIDIA RTX A4500"", ""numpy"": ""1.26.0"", ""python"": ""3.10.12"", ""deterministic"": true, ""grad_clip_max_norm"": 1.0, ""CUBLAS_WORKSPACE_CONFIG"": "":4096:8"", ""CUDA_VISIBLE_DEVICES"": ""0""}",2026-08-21T15:06:48
VNAT_3s_tcpdur_random70_stratified_flowlevel_splitseed42_3feat_autoformer_200ms_seed2,VNAT,VNAT_3s_tcp_duration,3,random70_stratified_flowlevel_splitseed42,42,cac127f87b766f86,Validation,4,autoformer,3feat,200ms,16,3,2,256,1534,663,best_val,20,12345,0,True,True,1.0,2.954,100.0,30,63.4249,44.9602,40.5732,44.9602,"{""Chat"": 45.333, ""Control"": 40.984, ""File Transfer"": 66.667, ""Streaming"": 26.857}","{""Chat"": 29.48, ""Control"": 78.125, ""File Transfer"": 67.857, ""Streaming"": 90.385}","{""Chat"": 98.077, ""Control"": 27.778, ""File Transfer"": 65.517, ""Streaming"": 15.772}","{""Chat"": 156, ""Control"": 180, ""File Transfer"": 29, ""Streaming"": 298}","{""Chat"": 1.098854, ""Control"": 0.906619, ""File Transfer"": 5.9, ""Streaming"": 0.550215}","{""Chat"": 349, ""Control"": 423, ""File Transfer"": 65, ""Streaming"": 697}",103940,checkpoints/VNAT_3s_tcp_duration_3feat_seed2/VNAT_3s_tcpdur_random70_stratified_flowlevel_splitseed42_3feat_autoformer_200ms_seed2.pth,1713346,9.7,OK,,"{""torch"": ""2.4.1+cu121"", ""cuda"": ""12.1"", ""gpu"": ""NVIDIA RTX A4500"", ""numpy"": ""1.26.0"", ""python"": ""3.10.12"", ""deterministic"": true, ""grad_clip_max_norm"": 1.0, ""CUBLAS_WORKSPACE_CONFIG"": "":4096:8"", ""CUDA_VISIBLE_DEVICES"": ""0""}",2026-08-21T15:06:58
VNAT_3s_tcpdur_random70_stratified_flowlevel_splitseed42_3feat_fedformer_200ms_seed0,VNAT,VNAT_3s_tcp_duration,3,random70_stratified_flowlevel_splitseed42,42,cac127f87b766f86,Validation,4,fedformer,3feat,200ms,16,3,0,256,1534,663,best_val,16,12345,4,True,True,1.0,4.134,73.15,36,54.6807,53.662,53.2428,53.662,"{""Chat"": 61.502, ""Control"": 67.057, ""File Transfer"": 67.797, ""Streaming"": 18.293}","{""Chat"": 48.519, ""Control"": 51.652, ""File Transfer"": 66.667, ""Streaming"": 100.0}","{""Chat"": 83.974, ""Control"": 95.556, ""File Transfer"": 68.966, ""Streaming"": 10.067}","{""Chat"": 156, ""Control"": 180, ""File Transfer"": 29, ""Streaming"": 298}","{""Chat"": 1.098854, ""Control"": 0.906619, ""File Transfer"": 5.9, ""Streaming"": 0.550215}","{""Chat"": 349, ""Control"": 423, ""File Transfer"": 65, ""Streaming"": 697}",203653,checkpoints/VNAT_3s_tcp_duration_3feat_seed0/VNAT_3s_tcpdur_random70_stratified_flowlevel_splitseed42_3feat_fedformer_200ms_seed0.pth,3410540,23.0,OK,,"{""torch"": ""2.4.1+cu121"", ""cuda"": ""12.1"", ""gpu"": ""NVIDIA RTX A4500"", ""numpy"": ""1.26.0"", ""python"": ""3.10.12"", ""deterministic"": true, ""grad_clip_max_norm"": 1.0, ""CUBLAS_WORKSPACE_CONFIG"": "":4096:8"", ""CUDA_VISIBLE_DEVICES"": ""0""}",2026-08-21T15:07:21
VNAT_3s_tcpdur_random70_stratified_flowlevel_splitseed42_3feat_fedformer_200ms_seed1,VNAT,VNAT_3s_tcp_duration,3,random70_stratified_flowlevel_splitseed42,42,cac127f87b766f86,Validation,4,fedformer,3feat,200ms,16,3,1,256,1534,663,best_val,12,12345,4,True,True,1.0,4.3553,76.19,28,51.7091,51.4223,50.6787,51.4223,"{""Chat"": 61.466, ""Control"": 64.299, ""File Transfer"": 70.37, ""Streaming"": 9.554}","{""Chat"": 48.689, ""Control"": 48.451, ""File Transfer"": 76.0, ""Streaming"": 93.75}","{""Chat"": 83.333, ""Control"": 95.556, ""File Transfer"": 65.517, ""Streaming"": 5.034}","{""Chat"": 156, ""Control"": 180, ""File Transfer"": 29, ""Streaming"": 298}","{""Chat"": 1.098854, ""Control"": 0.906619, ""File Transfer"": 5.9, ""Streaming"": 0.550215}","{""Chat"": 349, ""Control"": 423, ""File Transfer"": 65, ""Streaming"": 697}",203653,checkpoints/VNAT_3s_tcp_duration_3feat_seed1/VNAT_3s_tcpdur_random70_stratified_flowlevel_splitseed42_3feat_fedformer_200ms_seed1.pth,3410540,18.5,OK,,"{""torch"": ""2.4.1+cu121"", ""cuda"": ""12.1"", ""gpu"": ""NVIDIA RTX A4500"", ""numpy"": ""1.26.0"", ""python"": ""3.10.12"", ""deterministic"": true, ""grad_clip_max_norm"": 1.0, ""CUBLAS_WORKSPACE_CONFIG"": "":4096:8"", ""CUDA_VISIBLE_DEVICES"": ""0""}",2026-08-21T15:07:40
VNAT_3s_tcpdur_random70_stratified_flowlevel_splitseed42_3feat_fedformer_200ms_seed2,VNAT,VNAT_3s_tcp_duration,3,random70_stratified_flowlevel_splitseed42,42,cac127f87b766f86,Validation,4,fedformer,3feat,200ms,16,3,2,256,1534,663,best_val,10,12345,4,True,True,1.0,4.8793,79.05,35,48.5164,54.2919,53.092,54.2919,"{""Chat"": 60.563, ""Control"": 68.293, ""File Transfer"": 67.857, ""Streaming"": 20.455}","{""Chat"": 47.778, ""Control"": 53.846, ""File Transfer"": 70.37, ""Streaming"": 66.667}","{""Chat"": 82.692, ""Control"": 93.333, ""File Transfer"": 65.517, ""Streaming"": 12.081}","{""Chat"": 156, ""Control"": 180, ""File Transfer"": 29, ""Streaming"": 298}","{""Chat"": 1.098854, ""Control"": 0.906619, ""File Transfer"": 5.9, ""Streaming"": 0.550215}","{""Chat"": 349, ""Control"": 423, ""File Transfer"": 65, ""Streaming"": 697}",203653,checkpoints/VNAT_3s_tcp_duration_3feat_seed2/VNAT_3s_tcpdur_random70_stratified_flowlevel_splitseed42_3feat_fedformer_200ms_seed2.pth,3410540,22.8,OK,,"{""torch"": ""2.4.1+cu121"", ""cuda"": ""12.1"", ""gpu"": ""NVIDIA RTX A4500"", ""numpy"": ""1.26.0"", ""python"": ""3.10.12"", ""deterministic"": true, ""grad_clip_max_norm"": 1.0, ""CUBLAS_WORKSPACE_CONFIG"": "":4096:8"", ""CUDA_VISIBLE_DEVICES"": ""0""}",2026-08-21T15:08:03
VNAT_3s_tcpdur_random70_stratified_flowlevel_splitseed42_3feat_timemixer_200ms_seed0,VNAT,VNAT_3s_tcp_duration,3,random70_stratified_flowlevel_splitseed42,42,cac127f87b766f86,Validation,4,timemixer,3feat,200ms,16,3,0,256,1534,663,best_val,19,12345,0,True,True,1.0,1.8386,6.06,33,44.7847,36.9509,31.6742,36.9509,"{""Chat"": 40.843, ""Control"": 9.278, ""File Transfer"": 81.633, ""Streaming"": 16.049}","{""Chat"": 25.705, ""Control"": 64.286, ""File Transfer"": 100.0, ""Streaming"": 100.0}","{""Chat"": 99.359, ""Control"": 5.0, ""File Transfer"": 68.966, ""Streaming"": 8.725}","{""Chat"": 156, ""Control"": 180, ""File Transfer"": 29, ""Streaming"": 298}","{""Chat"": 1.098854, ""Control"": 0.906619, ""File Transfer"": 5.9, ""Streaming"": 0.550215}","{""Chat"": 349, ""Control"": 423, ""File Transfer"": 65, ""Streaming"": 697}",139206,checkpoints/VNAT_3s_tcp_duration_3feat_seed0/VNAT_3s_tcpdur_random70_stratified_flowlevel_splitseed42_3feat_timemixer_200ms_seed0.pth,1873930,11.9,OK,,"{""torch"": ""2.4.1+cu121"", ""cuda"": ""12.1"", ""gpu"": ""NVIDIA RTX A4500"", ""numpy"": ""1.26.0"", ""python"": ""3.10.12"", ""deterministic"": true, ""grad_clip_max_norm"": 1.0, ""CUBLAS_WORKSPACE_CONFIG"": "":4096:8"", ""CUDA_VISIBLE_DEVICES"": ""0""}",2026-08-21T15:08:15
VNAT_3s_tcpdur_random70_stratified_flowlevel_splitseed42_3feat_timemixer_200ms_seed1,VNAT,VNAT_3s_tcp_duration,3,random70_stratified_flowlevel_splitseed42,42,cac127f87b766f86,Validation,4,timemixer,3feat,200ms,16,3,1,256,1534,663,best_val,45,12345,0,True,True,1.0,1.8745,3.77,53,45.9873,54.3415,50.6787,54.3415,"{""Chat"": 61.572, ""Control"": 60.887, ""File Transfer"": 80.0, ""Streaming"": 14.907}","{""Chat"": 46.689, ""Control"": 47.785, ""File Transfer"": 95.238, ""Streaming"": 100.0}","{""Chat"": 90.385, ""Control"": 83.889, ""File Transfer"": 68.966, ""Streaming"": 8.054}","{""Chat"": 156, ""Control"": 180, ""File Transfer"": 29, ""Streaming"": 298}","{""Chat"": 1.098854, ""Control"": 0.906619, ""File Transfer"": 5.9, ""Streaming"": 0.550215}","{""Chat"": 349, ""Control"": 423, ""File Transfer"": 65, ""Streaming"": 697}",139206,checkpoints/VNAT_3s_tcp_duration_3feat_seed1/VNAT_3s_tcpdur_random70_stratified_flowlevel_splitseed42_3feat_timemixer_200ms_seed1.pth,1873930,19.1,OK,,"{""torch"": ""2.4.1+cu121"", ""cuda"": ""12.1"", ""gpu"": ""NVIDIA RTX A4500"", ""numpy"": ""1.26.0"", ""python"": ""3.10.12"", ""deterministic"": true, ""grad_clip_max_norm"": 1.0, ""CUBLAS_WORKSPACE_CONFIG"": "":4096:8"", ""CUDA_VISIBLE_DEVICES"": ""0""}",2026-08-21T15:08:34
VNAT_3s_tcpdur_random70_stratified_flowlevel_splitseed42_3feat_timemixer_200ms_seed2,VNAT,VNAT_3s_tcp_duration,3,random70_stratified_flowlevel_splitseed42,42,cac127f87b766f86,Validation,4,timemixer,3feat,200ms,16,3,2,256,1534,663,best_val,18,12345,0,True,True,1.0,1.9585,4.63,36,45.6668,51.9859,46.3047,51.9859,"{""Chat"": 55.556, ""Control"": 54.14, ""File Transfer"": 81.633, ""Streaming"": 16.615}","{""Chat"": 53.571, ""Control"": 37.946, ""File Transfer"": 100.0, ""Streaming"": 100.0}","{""Chat"": 57.692, ""Control"": 94.444, ""File Transfer"": 68.966, ""Streaming"": 9.06}","{""Chat"": 156, ""Control"": 180, ""File Transfer"": 29, ""Streaming"": 298}","{""Chat"": 1.098854, ""Control"": 0.906619, ""File Transfer"": 5.9, ""Streaming"": 0.550215}","{""Chat"": 349, ""Control"": 423, ""File Transfer"": 65, ""Streaming"": 697}",139206,checkpoints/VNAT_3s_tcp_duration_3feat_seed2/VNAT_3s_tcpdur_random70_stratified_flowlevel_splitseed42_3feat_timemixer_200ms_seed2.pth,1873930,13.0,OK,,"{""torch"": ""2.4.1+cu121"", ""cuda"": ""12.1"", ""gpu"": ""NVIDIA RTX A4500"", ""numpy"": ""1.26.0"", ""python"": ""3.10.12"", ""deterministic"": true, ""grad_clip_max_norm"": 1.0, ""CUBLAS_WORKSPACE_CONFIG"": "":4096:8"", ""CUDA_VISIBLE_DEVICES"": ""0""}",2026-08-21T15:08:47
VNAT_3s_tcpdur_random70_stratified_flowlevel_splitseed42_3feat_timesnet_250ms_seed0,VNAT,VNAT_3s_tcp_duration,3,random70_stratified_flowlevel_splitseed42,42,cac127f87b766f86,Validation,4,timesnet,3feat,250ms,13,3,0,256,1534,663,best_val,9,12345,0,True,True,1.0,4.4379,64.71,17,47.5958,52.0578,49.9246,52.0578,"{""Chat"": 58.73, ""Control"": 62.261, ""File Transfer"": 74.074, ""Streaming"": 13.166}","{""Chat"": 50.0, ""Control"": 45.316, ""File Transfer"": 80.0, ""Streaming"": 100.0}","{""Chat"": 71.154, ""Control"": 99.444, ""File Transfer"": 68.966, ""Streaming"": 7.047}","{""Chat"": 156, ""Control"": 180, ""File Transfer"": 29, ""Streaming"": 298}","{""Chat"": 1.098854, ""Control"": 0.906619, ""File Transfer"": 5.9, ""Streaming"": 0.550215}","{""Chat"": 349, ""Control"": 423, ""File Transfer"": 65, ""Streaming"": 697}",9378308,checkpoints/VNAT_3s_tcp_duration_3feat_seed0/VNAT_3s_tcpdur_random70_stratified_flowlevel_splitseed42_3feat_timesnet_250ms_seed0.pth,38822718,8.2,OK,,"{""torch"": ""2.4.1+cu121"", ""cuda"": ""12.1"", ""gpu"": ""NVIDIA RTX A4500"", ""numpy"": ""1.26.0"", ""python"": ""3.10.12"", ""deterministic"": true, ""grad_clip_max_norm"": 1.0, ""CUBLAS_WORKSPACE_CONFIG"": "":4096:8"", ""CUDA_VISIBLE_DEVICES"": ""0""}",2026-08-21T15:08:55
VNAT_3s_tcpdur_random70_stratified_flowlevel_splitseed42_3feat_timesnet_250ms_seed1,VNAT,VNAT_3s_tcp_duration,3,random70_stratified_flowlevel_splitseed42,42,cac127f87b766f86,Validation,4,timesnet,3feat,250ms,13,3,1,256,1534,663,best_val,18,12345,0,True,True,1.0,3.8393,44.62,31,68.4448,73.6302,72.549,73.6302,"{""Chat"": 64.39, ""Control"": 90.617, ""File Transfer"": 74.074, ""Streaming"": 65.44}","{""Chat"": 51.969, ""Control"": 87.565, ""File Transfer"": 80.0, ""Streaming"": 83.77}","{""Chat"": 84.615, ""Control"": 93.889, ""File Transfer"": 68.966, ""Streaming"": 53.691}","{""Chat"": 156, ""Control"": 180, ""File Transfer"": 29, ""Streaming"": 298}","{""Chat"": 1.098854, ""Control"": 0.906619, ""File Transfer"": 5.9, ""Streaming"": 0.550215}","{""Chat"": 349, ""Control"": 423, ""File Transfer"": 65, ""Streaming"": 697}",9378308,checkpoints/VNAT_3s_tcp_duration_3feat_seed1/VNAT_3s_tcpdur_random70_stratified_flowlevel_splitseed42_3feat_timesnet_250ms_seed1.pth,38822718,14.2,OK,,"{""torch"": ""2.4.1+cu121"", ""cuda"": ""12.1"", ""gpu"": ""NVIDIA RTX A4500"", ""numpy"": ""1.26.0"", ""python"": ""3.10.12"", ""deterministic"": true, ""grad_clip_max_norm"": 1.0, ""CUBLAS_WORKSPACE_CONFIG"": "":4096:8"", ""CUDA_VISIBLE_DEVICES"": ""0""}",2026-08-21T15:09:10
VNAT_3s_tcpdur_random70_stratified_flowlevel_splitseed42_3feat_timesnet_250ms_seed2,VNAT,VNAT_3s_tcp_duration,3,random70_stratified_flowlevel_splitseed42,42,cac127f87b766f86,Validation,4,timesnet,3feat,250ms,13,3,2,256,1534,663,best_val,42,12345,0,True,True,1.0,3.6308,33.13,81,65.1559,74.8511,73.7557,74.8511,"{""Chat"": 64.198, ""Control"": 91.599, ""File Transfer"": 75.472, ""Streaming"": 68.136}","{""Chat"": 52.209, ""Control"": 89.418, ""File Transfer"": 83.333, ""Streaming"": 84.577}","{""Chat"": 83.333, ""Control"": 93.889, ""File Transfer"": 68.966, ""Streaming"": 57.047}","{""Chat"": 156, ""Control"": 180, ""File Transfer"": 29, ""Streaming"": 298}","{""Chat"": 1.098854, ""Control"": 0.906619, ""File Transfer"": 5.9, ""Streaming"": 0.550215}","{""Chat"": 349, ""Control"": 423, ""File Transfer"": 65, ""Streaming"": 697}",9378308,checkpoints/VNAT_3s_tcp_duration_3feat_seed2/VNAT_3s_tcpdur_random70_stratified_flowlevel_splitseed42_3feat_timesnet_250ms_seed2.pth,38822718,34.9,OK,,"{""torch"": ""2.4.1+cu121"", ""cuda"": ""12.1"", ""gpu"": ""NVIDIA RTX A4500"", ""numpy"": ""1.26.0"", ""python"": ""3.10.12"", ""deterministic"": true, ""grad_clip_max_norm"": 1.0, ""CUBLAS_WORKSPACE_CONFIG"": "":4096:8"", ""CUDA_VISIBLE_DEVICES"": ""0""}",2026-08-21T15:09:45
VNAT_3s_tcpdur_random70_stratified_flowlevel_splitseed42_3feat_informer_250ms_seed0,VNAT,VNAT_3s_tcp_duration,3,random70_stratified_flowlevel_splitseed42,42,cac127f87b766f86,Validation,4,informer,3feat,250ms,13,3,0,64,1534,663,best_val,13,12345,0,True,True,1.0,11.7502,100.0,25,80.4574,79.8613,78.8839,79.8613,"{""Chat"": 69.565, ""Control"": 96.196, ""File Transfer"": 80.0, ""Streaming"": 73.684}","{""Chat"": 55.814, ""Control"": 94.149, ""File Transfer"": 95.238, ""Streaming"": 92.857}","{""Chat"": 92.308, ""Control"": 98.333, ""File Transfer"": 68.966, ""Streaming"": 61.074}","{""Chat"": 156, ""Control"": 180, ""File Transfer"": 29, ""Streaming"": 298}","{""Chat"": 1.098854, ""Control"": 0.906619, ""File Transfer"": 5.9, ""Streaming"": 0.550215}","{""Chat"": 349, ""Control"": 423, ""File Transfer"": 65, ""Streaming"": 697}",2690053,checkpoints/VNAT_3s_tcp_duration_3feat_seed0/VNAT_3s_tcpdur_random70_stratified_flowlevel_splitseed42_3feat_informer_250ms_seed0.pth,21044310,21.1,OK,,"{""torch"": ""2.4.1+cu121"", ""cuda"": ""12.1"", ""gpu"": ""NVIDIA RTX A4500"", ""numpy"": ""1.26.0"", ""python"": ""3.10.12"", ""deterministic"": true, ""grad_clip_max_norm"": 1.0, ""CUBLAS_WORKSPACE_CONFIG"": "":4096:8"", ""CUDA_VISIBLE_DEVICES"": ""0""}",2026-08-21T15:10:06
VNAT_3s_tcpdur_random70_stratified_flowlevel_splitseed42_3feat_informer_250ms_seed1,VNAT,VNAT_3s_tcp_duration,3,random70_stratified_flowlevel_splitseed42,42,cac127f87b766f86,Validation,4,informer,3feat,250ms,13,3,1,64,1534,663,best_val,10,12345,0,True,True,1.0,11.3985,100.0,21,79.1867,78.3736,77.5264,78.3736,"{""Chat"": 68.558, ""Control"": 95.028, ""File Transfer"": 77.551, ""Streaming"": 72.358}","{""Chat"": 54.307, ""Control"": 94.505, ""File Transfer"": 95.0, ""Streaming"": 91.753}","{""Chat"": 92.949, ""Control"": 95.556, ""File Transfer"": 65.517, ""Streaming"": 59.732}","{""Chat"": 156, ""Control"": 180, ""File Transfer"": 29, ""Streaming"": 298}","{""Chat"": 1.098854, ""Control"": 0.906619, ""File Transfer"": 5.9, ""Streaming"": 0.550215}","{""Chat"": 349, ""Control"": 423, ""File Transfer"": 65, ""Streaming"": 697}",2690053,checkpoints/VNAT_3s_tcp_duration_3feat_seed1/VNAT_3s_tcpdur_random70_stratified_flowlevel_splitseed42_3feat_informer_250ms_seed1.pth,21044310,19.8,OK,,"{""torch"": ""2.4.1+cu121"", ""cuda"": ""12.1"", ""gpu"": ""NVIDIA RTX A4500"", ""numpy"": ""1.26.0"", ""python"": ""3.10.12"", ""deterministic"": true, ""grad_clip_max_norm"": 1.0, ""CUBLAS_WORKSPACE_CONFIG"": "":4096:8"", ""CUDA_VISIBLE_DEVICES"": ""0""}",2026-08-21T15:10:26
VNAT_3s_tcpdur_random70_stratified_flowlevel_splitseed42_3feat_informer_250ms_seed2,VNAT,VNAT_3s_tcp_duration,3,random70_stratified_flowlevel_splitseed42,42,cac127f87b766f86,Validation,4,informer,3feat,250ms,13,3,2,64,1534,663,best_val,13,12345,0,True,True,1.0,16.153,100.0,25,79.5215,77.7568,76.6214,77.7568,"{""Chat"": 67.281, ""Control"": 94.708, ""File Transfer"": 77.551, ""Streaming"": 71.488}","{""Chat"": 52.518, ""Control"": 94.972, ""File Transfer"": 95.0, ""Streaming"": 93.011}","{""Chat"": 93.59, ""Control"": 94.444, ""File Transfer"": 65.517, ""Streaming"": 58.054}","{""Chat"": 156, ""Control"": 180, ""File Transfer"": 29, ""Streaming"": 298}","{""Chat"": 1.098854, ""Control"": 0.906619, ""File Transfer"": 5.9, ""Streaming"": 0.550215}","{""Chat"": 349, ""Control"": 423, ""File Transfer"": 65, ""Streaming"": 697}",2690053,checkpoints/VNAT_3s_tcp_duration_3feat_seed2/VNAT_3s_tcpdur_random70_stratified_flowlevel_splitseed42_3feat_informer_250ms_seed2.pth,21044310,23.8,OK,,"{""torch"": ""2.4.1+cu121"", ""cuda"": ""12.1"", ""gpu"": ""NVIDIA RTX A4500"", ""numpy"": ""1.26.0"", ""python"": ""3.10.12"", ""deterministic"": true, ""grad_clip_max_norm"": 1.0, ""CUBLAS_WORKSPACE_CONFIG"": "":4096:8"", ""CUDA_VISIBLE_DEVICES"": ""0""}",2026-08-21T15:10:50
VNAT_3s_tcpdur_random70_stratified_flowlevel_splitseed42_3feat_nst_250ms_seed0,VNAT,VNAT_3s_tcp_duration,3,random70_stratified_flowlevel_splitseed42,42,cac127f87b766f86,Validation,4,nst,3feat,250ms,13,3,0,64,1534,663,best_val,4,12345,0,True,True,1.0,6.1042,100.0,30,47.0776,72.0862,71.3424,72.0862,"{""Chat"": 63.697, ""Control"": 92.055, ""File Transfer"": 70.175, ""Streaming"": 62.418}","{""Chat"": 48.805, ""Control"": 90.811, ""File Transfer"": 71.429, ""Streaming"": 90.446}","{""Chat"": 91.667, ""Control"": 93.333, ""File Transfer"": 68.966, ""Streaming"": 47.651}","{""Chat"": 156, ""Control"": 180, ""File Transfer"": 29, ""Streaming"": 298}","{""Chat"": 1.098854, ""Control"": 0.906619, ""File Transfer"": 5.9, ""Streaming"": 0.550215}","{""Chat"": 349, ""Control"": 423, ""File Transfer"": 65, ""Streaming"": 697}",123602,checkpoints/VNAT_3s_tcp_duration_3feat_seed0/VNAT_3s_tcpdur_random70_stratified_flowlevel_splitseed42_3feat_nst_250ms_seed0.pth,1802498,30.5,OK,,"{""torch"": ""2.4.1+cu121"", ""cuda"": ""12.1"", ""gpu"": ""NVIDIA RTX A4500"", ""numpy"": ""1.26.0"", ""python"": ""3.10.12"", ""deterministic"": true, ""grad_clip_max_norm"": 1.0, ""CUBLAS_WORKSPACE_CONFIG"": "":4096:8"", ""CUDA_VISIBLE_DEVICES"": ""0""}",2026-08-21T15:11:21
VNAT_3s_tcpdur_random70_stratified_flowlevel_splitseed42_3feat_nst_250ms_seed1,VNAT,VNAT_3s_tcp_duration,3,random70_stratified_flowlevel_splitseed42,42,cac127f87b766f86,Validation,4,nst,3feat,250ms,13,3,1,64,1534,663,best_val,15,12345,0,True,True,1.0,5.595,99.89,39,71.3567,75.4994,74.5098,75.4994,"{""Chat"": 65.012, ""Control"": 92.603, ""File Transfer"": 75.472, ""Streaming"": 68.911}","{""Chat"": 53.036, ""Control"": 91.351, ""File Transfer"": 83.333, ""Streaming"": 84.058}","{""Chat"": 83.974, ""Control"": 93.889, ""File Transfer"": 68.966, ""Streaming"": 58.389}","{""Chat"": 156, ""Control"": 180, ""File Transfer"": 29, ""Streaming"": 298}","{""Chat"": 1.098854, ""Control"": 0.906619, ""File Transfer"": 5.9, ""Streaming"": 0.550215}","{""Chat"": 349, ""Control"": 423, ""File Transfer"": 65, ""Streaming"": 697}",123602,checkpoints/VNAT_3s_tcp_duration_3feat_seed1/VNAT_3s_tcpdur_random70_stratified_flowlevel_splitseed42_3feat_nst_250ms_seed1.pth,1802498,37.1,OK,,"{""torch"": ""2.4.1+cu121"", ""cuda"": ""12.1"", ""gpu"": ""NVIDIA RTX A4500"", ""numpy"": ""1.26.0"", ""python"": ""3.10.12"", ""deterministic"": true, ""grad_clip_max_norm"": 1.0, ""CUBLAS_WORKSPACE_CONFIG"": "":4096:8"", ""CUDA_VISIBLE_DEVICES"": ""0""}",2026-08-21T15:11:58
VNAT_3s_tcpdur_random70_stratified_flowlevel_splitseed42_3feat_nst_250ms_seed2,VNAT,VNAT_3s_tcp_duration,3,random70_stratified_flowlevel_splitseed42,42,cac127f87b766f86,Validation,4,nst,3feat,250ms,13,3,2,64,1534,663,best_val,27,12345,0,True,True,1.0,6.2293,99.64,35,75.514,73.55,71.7949,73.55,"{""Chat"": 65.207, ""Control"": 88.889, ""File Transfer"": 77.551, ""Streaming"": 62.553}","{""Chat"": 52.549, ""Control"": 81.481, ""File Transfer"": 95.0, ""Streaming"": 85.465}","{""Chat"": 85.897, ""Control"": 97.778, ""File Transfer"": 65.517, ""Streaming"": 49.329}","{""Chat"": 156, ""Control"": 180, ""File Transfer"": 29, ""Streaming"": 298}","{""Chat"": 1.098854, ""Control"": 0.906619, ""File Transfer"": 5.9, ""Streaming"": 0.550215}","{""Chat"": 349, ""Control"": 423, ""File Transfer"": 65, ""Streaming"": 697}",123602,checkpoints/VNAT_3s_tcp_duration_3feat_seed2/VNAT_3s_tcpdur_random70_stratified_flowlevel_splitseed42_3feat_nst_250ms_seed2.pth,1802498,32.9,OK,,"{""torch"": ""2.4.1+cu121"", ""cuda"": ""12.1"", ""gpu"": ""NVIDIA RTX A4500"", ""numpy"": ""1.26.0"", ""python"": ""3.10.12"", ""deterministic"": true, ""grad_clip_max_norm"": 1.0, ""CUBLAS_WORKSPACE_CONFIG"": "":4096:8"", ""CUDA_VISIBLE_DEVICES"": ""0""}",2026-08-21T15:12:31
VNAT_3s_tcpdur_random70_stratified_flowlevel_splitseed42_3feat_autoformer_250ms_seed0,VNAT,VNAT_3s_tcp_duration,3,random70_stratified_flowlevel_splitseed42,42,cac127f87b766f86,Validation,4,autoformer,3feat,250ms,13,3,0,256,1534,663,best_val,34,12345,0,True,True,1.0,3.2857,69.79,48,71.0307,63.4283,60.3318,63.4283,"{""Chat"": 56.401, ""Control"": 90.811, ""File Transfer"": 73.077, ""Streaming"": 33.425}","{""Chat"": 39.687, ""Control"": 88.421, ""File Transfer"": 82.609, ""Streaming"": 91.045}","{""Chat"": 97.436, ""Control"": 93.333, ""File Transfer"": 65.517, ""Streaming"": 20.47}","{""Chat"": 156, ""Control"": 180, ""File Transfer"": 29, ""Streaming"": 298}","{""Chat"": 1.098854, ""Control"": 0.906619, ""File Transfer"": 5.9, ""Streaming"": 0.550215}","{""Chat"": 349, ""Control"": 423, ""File Transfer"": 65, ""Streaming"": 697}",103172,checkpoints/VNAT_3s_tcp_duration_3feat_seed0/VNAT_3s_tcpdur_random70_stratified_flowlevel_splitseed42_3feat_autoformer_250ms_seed0.pth,1710274,15.7,OK,,"{""torch"": ""2.4.1+cu121"", ""cuda"": ""12.1"", ""gpu"": ""NVIDIA RTX A4500"", ""numpy"": ""1.26.0"", ""python"": ""3.10.12"", ""deterministic"": true, ""grad_clip_max_norm"": 1.0, ""CUBLAS_WORKSPACE_CONFIG"": "":4096:8"", ""CUDA_VISIBLE_DEVICES"": ""0""}",2026-08-21T15:12:47
VNAT_3s_tcpdur_random70_stratified_flowlevel_splitseed42_3feat_autoformer_250ms_seed1,VNAT,VNAT_3s_tcp_duration,3,random70_stratified_flowlevel_splitseed42,42,cac127f87b766f86,Validation,4,autoformer,3feat,250ms,13,3,1,256,1534,663,best_val,39,12345,0,True,True,1.0,3.8919,63.46,52,71.4925,63.9357,60.4827,63.9357,"{""Chat"": 56.296, ""Control"": 91.057, ""File Transfer"": 74.51, ""Streaming"": 33.88}","{""Chat"": 39.583, ""Control"": 88.889, ""File Transfer"": 86.364, ""Streaming"": 91.176}","{""Chat"": 97.436, ""Control"": 93.333, ""File Transfer"": 65.517, ""Streaming"": 20.805}","{""Chat"": 156, ""Control"": 180, ""File Transfer"": 29, ""Streaming"": 298}","{""Chat"": 1.098854, ""Control"": 0.906619, ""File Transfer"": 5.9, ""Streaming"": 0.550215}","{""Chat"": 349, ""Control"": 423, ""File Transfer"": 65, ""Streaming"": 697}",103172,checkpoints/VNAT_3s_tcp_duration_3feat_seed1/VNAT_3s_tcpdur_random70_stratified_flowlevel_splitseed42_3feat_autoformer_250ms_seed1.pth,1710274,17.0,OK,,"{""torch"": ""2.4.1+cu121"", ""cuda"": ""12.1"", ""gpu"": ""NVIDIA RTX A4500"", ""numpy"": ""1.26.0"", ""python"": ""3.10.12"", ""deterministic"": true, ""grad_clip_max_norm"": 1.0, ""CUBLAS_WORKSPACE_CONFIG"": "":4096:8"", ""CUDA_VISIBLE_DEVICES"": ""0""}",2026-08-21T15:13:04
VNAT_3s_tcpdur_random70_stratified_flowlevel_splitseed42_3feat_autoformer_250ms_seed2,VNAT,VNAT_3s_tcp_duration,3,random70_stratified_flowlevel_splitseed42,42,cac127f87b766f86,Validation,4,autoformer,3feat,250ms,13,3,2,256,1534,663,best_val,45,12345,0,True,True,1.0,3.3574,73.98,57,72.5621,63.5653,60.4827,63.5653,"{""Chat"": 56.401, ""Control"": 90.811, ""File Transfer"": 73.077, ""Streaming"": 33.973}","{""Chat"": 39.687, ""Control"": 88.421, ""File Transfer"": 82.609, ""Streaming"": 92.537}","{""Chat"": 97.436, ""Control"": 93.333, ""File Transfer"": 65.517, ""Streaming"": 20.805}","{""Chat"": 156, ""Control"": 180, ""File Transfer"": 29, ""Streaming"": 298}","{""Chat"": 1.098854, ""Control"": 0.906619, ""File Transfer"": 5.9, ""Streaming"": 0.550215}","{""Chat"": 349, ""Control"": 423, ""File Transfer"": 65, ""Streaming"": 697}",103172,checkpoints/VNAT_3s_tcp_duration_3feat_seed2/VNAT_3s_tcpdur_random70_stratified_flowlevel_splitseed42_3feat_autoformer_250ms_seed2.pth,1710274,18.6,OK,,"{""torch"": ""2.4.1+cu121"", ""cuda"": ""12.1"", ""gpu"": ""NVIDIA RTX A4500"", ""numpy"": ""1.26.0"", ""python"": ""3.10.12"", ""deterministic"": true, ""grad_clip_max_norm"": 1.0, ""CUBLAS_WORKSPACE_CONFIG"": "":4096:8"", ""CUDA_VISIBLE_DEVICES"": ""0""}",2026-08-21T15:13:23
VNAT_3s_tcpdur_random70_stratified_flowlevel_splitseed42_3feat_fedformer_250ms_seed0,VNAT,VNAT_3s_tcp_duration,3,random70_stratified_flowlevel_splitseed42,42,cac127f87b766f86,Validation,4,fedformer,3feat,250ms,13,3,0,256,1534,663,best_val,20,12345,4,True,True,1.0,3.9817,51.28,65,66.4889,71.944,70.8899,71.944,"{""Chat"": 63.438, ""Control"": 89.005, ""File Transfer"": 72.727, ""Streaming"": 62.605}","{""Chat"": 50.973, ""Control"": 84.158, ""File Transfer"": 76.923, ""Streaming"": 83.708}","{""Chat"": 83.974, ""Control"": 94.444, ""File Transfer"": 68.966, ""Streaming"": 50.0}","{""Chat"": 156, ""Control"": 180, ""File Transfer"": 29, ""Streaming"": 298}","{""Chat"": 1.098854, ""Control"": 0.906619, ""File Transfer"": 5.9, ""Streaming"": 0.550215}","{""Chat"": 349, ""Control"": 423, ""File Transfer"": 65, ""Streaming"": 697}",194693,checkpoints/VNAT_3s_tcp_duration_3feat_seed0/VNAT_3s_tcpdur_random70_stratified_flowlevel_splitseed42_3feat_fedformer_250ms_seed0.pth,3374700,38.7,OK,,"{""torch"": ""2.4.1+cu121"", ""cuda"": ""12.1"", ""gpu"": ""NVIDIA RTX A4500"", ""numpy"": ""1.26.0"", ""python"": ""3.10.12"", ""deterministic"": true, ""grad_clip_max_norm"": 1.0, ""CUBLAS_WORKSPACE_CONFIG"": "":4096:8"", ""CUDA_VISIBLE_DEVICES"": ""0""}",2026-08-21T15:14:01
VNAT_3s_tcpdur_random70_stratified_flowlevel_splitseed42_3feat_fedformer_250ms_seed1,VNAT,VNAT_3s_tcp_duration,3,random70_stratified_flowlevel_splitseed42,42,cac127f87b766f86,Validation,4,fedformer,3feat,250ms,13,3,1,256,1534,663,best_val,46,12345,4,True,True,1.0,3.1833,51.56,64,69.8365,72.4775,71.9457,72.4775,"{""Chat"": 65.169, ""Control"": 91.351, ""File Transfer"": 70.37, ""Streaming"": 63.02}","{""Chat"": 50.173, ""Control"": 88.947, ""File Transfer"": 76.0, ""Streaming"": 90.566}","{""Chat"": 92.949, ""Control"": 93.889, ""File Transfer"": 65.517, ""Streaming"": 48.322}","{""Chat"": 156, ""Control"": 180, ""File Transfer"": 29, ""Streaming"": 298}","{""Chat"": 1.098854, ""Control"": 0.906619, ""File Transfer"": 5.9, ""Streaming"": 0.550215}","{""Chat"": 349, ""Control"": 423, ""File Transfer"": 65, ""Streaming"": 697}",194693,checkpoints/VNAT_3s_tcp_duration_3feat_seed1/VNAT_3s_tcpdur_random70_stratified_flowlevel_splitseed42_3feat_fedformer_250ms_seed1.pth,3374700,37.8,OK,,"{""torch"": ""2.4.1+cu121"", ""cuda"": ""12.1"", ""gpu"": ""NVIDIA RTX A4500"", ""numpy"": ""1.26.0"", ""python"": ""3.10.12"", ""deterministic"": true, ""grad_clip_max_norm"": 1.0, ""CUBLAS_WORKSPACE_CONFIG"": "":4096:8"", ""CUDA_VISIBLE_DEVICES"": ""0""}",2026-08-21T15:14:39
VNAT_3s_tcpdur_random70_stratified_flowlevel_splitseed42_3feat_fedformer_250ms_seed2,VNAT,VNAT_3s_tcp_duration,3,random70_stratified_flowlevel_splitseed42,42,cac127f87b766f86,Validation,4,fedformer,3feat,250ms,13,3,2,256,1534,663,best_val,42,12345,4,True,True,1.0,3.7461,53.64,55,68.2346,71.4718,70.1357,71.4718,"{""Chat"": 61.678, ""Control"": 91.304, ""File Transfer"": 71.698, ""Streaming"": 61.207}","{""Chat"": 47.719, ""Control"": 89.362, ""File Transfer"": 79.167, ""Streaming"": 85.542}","{""Chat"": 87.179, ""Control"": 93.333, ""File Transfer"": 65.517, ""Streaming"": 47.651}","{""Chat"": 156, ""Control"": 180, ""File Transfer"": 29, ""Streaming"": 298}","{""Chat"": 1.098854, ""Control"": 0.906619, ""File Transfer"": 5.9, ""Streaming"": 0.550215}","{""Chat"": 349, ""Control"": 423, ""File Transfer"": 65, ""Streaming"": 697}",194693,checkpoints/VNAT_3s_tcp_duration_3feat_seed2/VNAT_3s_tcpdur_random70_stratified_flowlevel_splitseed42_3feat_fedformer_250ms_seed2.pth,3374700,32.8,OK,,"{""torch"": ""2.4.1+cu121"", ""cuda"": ""12.1"", ""gpu"": ""NVIDIA RTX A4500"", ""numpy"": ""1.26.0"", ""python"": ""3.10.12"", ""deterministic"": true, ""grad_clip_max_norm"": 1.0, ""CUBLAS_WORKSPACE_CONFIG"": "":4096:8"", ""CUDA_VISIBLE_DEVICES"": ""0""}",2026-08-21T15:15:12
VNAT_3s_tcpdur_random70_stratified_flowlevel_splitseed42_3feat_timemixer_250ms_seed0,VNAT,VNAT_3s_tcp_duration,3,random70_stratified_flowlevel_splitseed42,42,cac127f87b766f86,Validation,4,timemixer,3feat,250ms,13,3,0,256,1534,663,best_val,22,12345,0,True,True,1.0,1.6985,7.21,37,46.3623,54.6274,51.7345,54.6274,"{""Chat"": 63.659, ""Control"": 63.458, ""File Transfer"": 80.0, ""Streaming"": 11.392}","{""Chat"": 52.263, ""Control"": 46.719, ""File Transfer"": 95.238, ""Streaming"": 100.0}","{""Chat"": 81.41, ""Control"": 98.889, ""File Transfer"": 68.966, ""Streaming"": 6.04}","{""Chat"": 156, ""Control"": 180, ""File Transfer"": 29, ""Streaming"": 298}","{""Chat"": 1.098854, ""Control"": 0.906619, ""File Transfer"": 5.9, ""Streaming"": 0.550215}","{""Chat"": 349, ""Control"": 423, ""File Transfer"": 65, ""Streaming"": 697}",137850,checkpoints/VNAT_3s_tcp_duration_3feat_seed0/VNAT_3s_tcpdur_random70_stratified_flowlevel_splitseed42_3feat_timemixer_250ms_seed0.pth,1868426,13.7,OK,,"{""torch"": ""2.4.1+cu121"", ""cuda"": ""12.1"", ""gpu"": ""NVIDIA RTX A4500"", ""numpy"": ""1.26.0"", ""python"": ""3.10.12"", ""deterministic"": true, ""grad_clip_max_norm"": 1.0, ""CUBLAS_WORKSPACE_CONFIG"": "":4096:8"", ""CUDA_VISIBLE_DEVICES"": ""0""}",2026-08-21T15:15:26
VNAT_3s_tcpdur_random70_stratified_flowlevel_splitseed42_3feat_timemixer_250ms_seed1,VNAT,VNAT_3s_tcp_duration,3,random70_stratified_flowlevel_splitseed42,42,cac127f87b766f86,Validation,4,timemixer,3feat,250ms,13,3,1,256,1534,663,best_val,27,12345,0,True,True,1.0,2.3932,7.08,40,45.4891,49.5612,43.2881,49.5612,"{""Chat"": 50.0, ""Control"": 50.562, ""File Transfer"": 80.0, ""Streaming"": 17.683}","{""Chat"": 33.945, ""Control"": 51.136, ""File Transfer"": 95.238, ""Streaming"": 96.667}","{""Chat"": 94.872, ""Control"": 50.0, ""File Transfer"": 68.966, ""Streaming"": 9.732}","{""Chat"": 156, ""Control"": 180, ""File Transfer"": 29, ""Streaming"": 298}","{""Chat"": 1.098854, ""Control"": 0.906619, ""File Transfer"": 5.9, ""Streaming"": 0.550215}","{""Chat"": 349, ""Control"": 423, ""File Transfer"": 65, ""Streaming"": 697}",137850,checkpoints/VNAT_3s_tcp_duration_3feat_seed1/VNAT_3s_tcpdur_random70_stratified_flowlevel_splitseed42_3feat_timemixer_250ms_seed1.pth,1868426,14.9,OK,,"{""torch"": ""2.4.1+cu121"", ""cuda"": ""12.1"", ""gpu"": ""NVIDIA RTX A4500"", ""numpy"": ""1.26.0"", ""python"": ""3.10.12"", ""deterministic"": true, ""grad_clip_max_norm"": 1.0, ""CUBLAS_WORKSPACE_CONFIG"": "":4096:8"", ""CUDA_VISIBLE_DEVICES"": ""0""}",2026-08-21T15:15:41
VNAT_3s_tcpdur_random70_stratified_flowlevel_splitseed42_3feat_timemixer_250ms_seed2,VNAT,VNAT_3s_tcp_duration,3,random70_stratified_flowlevel_splitseed42,42,cac127f87b766f86,Validation,4,timemixer,3feat,250ms,13,3,2,256,1534,663,best_val,17,12345,0,True,True,1.0,1.5091,4.44,45,47.2511,52.5504,47.2097,52.5504,"{""Chat"": 58.48, ""Control"": 55.229, ""File Transfer"": 81.633, ""Streaming"": 14.861}","{""Chat"": 53.763, ""Control"": 39.12, ""File Transfer"": 100.0, ""Streaming"": 96.0}","{""Chat"": 64.103, ""Control"": 93.889, ""File Transfer"": 68.966, ""Streaming"": 8.054}","{""Chat"": 156, ""Control"": 180, ""File Transfer"": 29, ""Streaming"": 298}","{""Chat"": 1.098854, ""Control"": 0.906619, ""File Transfer"": 5.9, ""Streaming"": 0.550215}","{""Chat"": 349, ""Control"": 423, ""File Transfer"": 65, ""Streaming"": 697}",137850,checkpoints/VNAT_3s_tcp_duration_3feat_seed2/VNAT_3s_tcpdur_random70_stratified_flowlevel_splitseed42_3feat_timemixer_250ms_seed2.pth,1868426,16.9,OK,,"{""torch"": ""2.4.1+cu121"", ""cuda"": ""12.1"", ""gpu"": ""NVIDIA RTX A4500"", ""numpy"": ""1.26.0"", ""python"": ""3.10.12"", ""deterministic"": true, ""grad_clip_max_norm"": 1.0, ""CUBLAS_WORKSPACE_CONFIG"": "":4096:8"", ""CUDA_VISIBLE_DEVICES"": ""0""}",2026-08-21T15:15:58
VNAT_3s_tcpdur_random70_stratified_flowlevel_splitseed42_8feat_timesnet_20ms_seed0,VNAT,VNAT_3s_tcp_duration,3,random70_stratified_flowlevel_splitseed42,42,cac127f87b766f86,Validation,4,timesnet,8feat,20ms,151,8,0,256,1534,663,best_val,14,12345,0,True,True,1.0,9.8454,99.52,35,88.1293,89.0262,90.4977,89.0262,"{""Chat"": 85.795, ""Control"": 95.628, ""File Transfer"": 84.0, ""Streaming"": 90.681}","{""Chat"": 77.041, ""Control"": 94.086, ""File Transfer"": 100.0, ""Streaming"": 97.308}","{""Chat"": 96.795, ""Control"": 97.222, ""File Transfer"": 72.414, ""Streaming"": 84.899}","{""Chat"": 156, ""Control"": 180, ""File Transfer"": 29, ""Streaming"": 298}","{""Chat"": 1.098854, ""Control"": 0.906619, ""File Transfer"": 5.9, ""Streaming"": 0.550215}","{""Chat"": 349, ""Control"": 423, ""File Transfer"": 65, ""Streaming"": 697}",9414596,checkpoints/VNAT_3s_tcp_duration_8feat_seed0/VNAT_3s_tcpdur_random70_stratified_flowlevel_splitseed42_8feat_timesnet_20ms_seed0.pth,38967810,106.9,OK,,"{""torch"": ""2.4.1+cu121"", ""cuda"": ""12.1"", ""gpu"": ""NVIDIA RTX A4500"", ""numpy"": ""1.26.0"", ""python"": ""3.10.12"", ""deterministic"": true, ""grad_clip_max_norm"": 1.0, ""CUBLAS_WORKSPACE_CONFIG"": "":4096:8"", ""CUDA_VISIBLE_DEVICES"": ""0""}",2026-08-21T15:17:45
VNAT_3s_tcpdur_random70_stratified_flowlevel_splitseed42_8feat_timesnet_20ms_seed1,VNAT,VNAT_3s_tcp_duration,3,random70_stratified_flowlevel_splitseed42,42,cac127f87b766f86,Validation,4,timesnet,8feat,20ms,151,8,1,256,1534,663,best_val,14,12345,0,True,True,1.0,11.9191,100.0,34,87.7024,87.798,90.0452,87.798,"{""Chat"": 85.795, ""Control"": 95.109, ""File Transfer"": 80.0, ""Streaming"": 90.288}","{""Chat"": 77.041, ""Control"": 93.085, ""File Transfer"": 95.238, ""Streaming"": 97.287}","{""Chat"": 96.795, ""Control"": 97.222, ""File Transfer"": 68.966, ""Streaming"": 84.228}","{""Chat"": 156, ""Control"": 180, ""File Transfer"": 29, ""Streaming"": 298}","{""Chat"": 1.098854, ""Control"": 0.906619, ""File Transfer"": 5.9, ""Streaming"": 0.550215}","{""Chat"": 349, ""Control"": 423, ""File Transfer"": 65, ""Streaming"": 697}",9414596,checkpoints/VNAT_3s_tcp_duration_8feat_seed1/VNAT_3s_tcpdur_random70_stratified_flowlevel_splitseed42_8feat_timesnet_20ms_seed1.pth,38967810,103.8,OK,,"{""torch"": ""2.4.1+cu121"", ""cuda"": ""12.1"", ""gpu"": ""NVIDIA RTX A4500"", ""numpy"": ""1.26.0"", ""python"": ""3.10.12"", ""deterministic"": true, ""grad_clip_max_norm"": 1.0, ""CUBLAS_WORKSPACE_CONFIG"": "":4096:8"", ""CUDA_VISIBLE_DEVICES"": ""0""}",2026-08-21T15:19:30
VNAT_3s_tcpdur_random70_stratified_flowlevel_splitseed42_8feat_timesnet_20ms_seed2,VNAT,VNAT_3s_tcp_duration,3,random70_stratified_flowlevel_splitseed42,42,cac127f87b766f86,Validation,4,timesnet,8feat,20ms,151,8,2,256,1534,663,best_val,26,12345,0,True,True,1.0,9.8617,97.97,41,89.2114,90.2364,91.7044,90.2364,"{""Chat"": 87.719, ""Control"": 96.111, ""File Transfer"": 85.185, ""Streaming"": 91.93}","{""Chat"": 80.645, ""Control"": 96.111, ""File Transfer"": 92.0, ""Streaming"": 96.324}","{""Chat"": 96.154, ""Control"": 96.111, ""File Transfer"": 79.31, ""Streaming"": 87.919}","{""Chat"": 156, ""Control"": 180, ""File Transfer"": 29, ""Streaming"": 298}","{""Chat"": 1.098854, ""Control"": 0.906619, ""File Transfer"": 5.9, ""Streaming"": 0.550215}","{""Chat"": 349, ""Control"": 423, ""File Transfer"": 65, ""Streaming"": 697}",9414596,checkpoints/VNAT_3s_tcp_duration_8feat_seed2/VNAT_3s_tcpdur_random70_stratified_flowlevel_splitseed42_8feat_timesnet_20ms_seed2.pth,38967810,126.3,OK,,"{""torch"": ""2.4.1+cu121"", ""cuda"": ""12.1"", ""gpu"": ""NVIDIA RTX A4500"", ""numpy"": ""1.26.0"", ""python"": ""3.10.12"", ""deterministic"": true, ""grad_clip_max_norm"": 1.0, ""CUBLAS_WORKSPACE_CONFIG"": "":4096:8"", ""CUDA_VISIBLE_DEVICES"": ""0""}",2026-08-21T15:21:37
VNAT_3s_tcpdur_random70_stratified_flowlevel_splitseed42_8feat_informer_20ms_seed0,VNAT,VNAT_3s_tcp_duration,3,random70_stratified_flowlevel_splitseed42,42,cac127f87b766f86,Validation,4,informer,8feat,20ms,151,8,0,64,1534,663,best_val,13,12345,0,True,True,1.0,42.6353,79.57,31,97.3674,95.3192,96.8326,94.4742,"{""Chat"": 96.508, ""Control"": 97.79, ""File Transfer"": 86.275, ""Streaming"": 97.324}","{""Chat"": 95.597, ""Control"": 97.253, ""File Transfer"": 100.0, ""Streaming"": 97.0}","{""Chat"": 97.436, ""Control"": 98.333, ""File Transfer"": 75.862, ""Streaming"": 97.651}","{""Chat"": 156, ""Control"": 180, ""File Transfer"": 29, ""Streaming"": 298}","{""Chat"": 1.098854, ""Control"": 0.906619, ""File Transfer"": 5.9, ""Streaming"": 0.550215}","{""Chat"": 349, ""Control"": 423, ""File Transfer"": 65, ""Streaming"": 697}",2835205,checkpoints/VNAT_3s_tcp_duration_8feat_seed0/VNAT_3s_tcpdur_random70_stratified_flowlevel_splitseed42_8feat_informer_20ms_seed0.pth,21624834,34.2,OK,,"{""torch"": ""2.4.1+cu121"", ""cuda"": ""12.1"", ""gpu"": ""NVIDIA RTX A4500"", ""numpy"": ""1.26.0"", ""python"": ""3.10.12"", ""deterministic"": true, ""grad_clip_max_norm"": 1.0, ""CUBLAS_WORKSPACE_CONFIG"": "":4096:8"", ""CUDA_VISIBLE_DEVICES"": ""0""}",2026-08-21T15:22:12
VNAT_3s_tcpdur_random70_stratified_flowlevel_splitseed42_8feat_informer_20ms_seed1,VNAT,VNAT_3s_tcp_duration,3,random70_stratified_flowlevel_splitseed42,42,cac127f87b766f86,Validation,4,informer,8feat,20ms,151,8,1,64,1534,663,best_val,18,12345,0,True,True,1.0,38.9951,72.43,34,97.0194,95.7911,97.8884,95.8189,"{""Chat"": 97.749, ""Control"": 98.889, ""File Transfer"": 88.462, ""Streaming"": 98.176}","{""Chat"": 98.065, ""Control"": 98.889, ""File Transfer"": 100.0, ""Streaming"": 97.049}","{""Chat"": 97.436, ""Control"": 98.889, ""File Transfer"": 79.31, ""Streaming"": 99.329}","{""Chat"": 156, ""Control"": 180, ""File Transfer"": 29, ""Streaming"": 298}","{""Chat"": 1.098854, ""Control"": 0.906619, ""File Transfer"": 5.9, ""Streaming"": 0.550215}","{""Chat"": 349, ""Control"": 423, ""File Transfer"": 65, ""Streaming"": 697}",2835205,checkpoints/VNAT_3s_tcp_duration_8feat_seed1/VNAT_3s_tcpdur_random70_stratified_flowlevel_splitseed42_8feat_informer_20ms_seed1.pth,21624834,36.6,OK,,"{""torch"": ""2.4.1+cu121"", ""cuda"": ""12.1"", ""gpu"": ""NVIDIA RTX A4500"", ""numpy"": ""1.26.0"", ""python"": ""3.10.12"", ""deterministic"": true, ""grad_clip_max_norm"": 1.0, ""CUBLAS_WORKSPACE_CONFIG"": "":4096:8"", ""CUDA_VISIBLE_DEVICES"": ""0""}",2026-08-21T15:22:48
VNAT_3s_tcpdur_random70_stratified_flowlevel_splitseed42_8feat_informer_20ms_seed2,VNAT,VNAT_3s_tcp_duration,3,random70_stratified_flowlevel_splitseed42,42,cac127f87b766f86,Validation,4,informer,8feat,20ms,151,8,2,64,1534,663,best_val,15,12345,0,True,True,1.0,57.6013,76.95,32,97.6857,94.9394,97.4359,95.0566,"{""Chat"": 97.087, ""Control"": 98.333, ""File Transfer"": 86.792, ""Streaming"": 98.013}","{""Chat"": 98.039, ""Control"": 98.333, ""File Transfer"": 95.833, ""Streaming"": 96.732}","{""Chat"": 96.154, ""Control"": 98.333, ""File Transfer"": 79.31, ""Streaming"": 99.329}","{""Chat"": 156, ""Control"": 180, ""File Transfer"": 29, ""Streaming"": 298}","{""Chat"": 1.098854, ""Control"": 0.906619, ""File Transfer"": 5.9, ""Streaming"": 0.550215}","{""Chat"": 349, ""Control"": 423, ""File Transfer"": 65, ""Streaming"": 697}",2835205,checkpoints/VNAT_3s_tcp_duration_8feat_seed2/VNAT_3s_tcpdur_random70_stratified_flowlevel_splitseed42_8feat_informer_20ms_seed2.pth,21624834,33.6,OK,,"{""torch"": ""2.4.1+cu121"", ""cuda"": ""12.1"", ""gpu"": ""NVIDIA RTX A4500"", ""numpy"": ""1.26.0"", ""python"": ""3.10.12"", ""deterministic"": true, ""grad_clip_max_norm"": 1.0, ""CUBLAS_WORKSPACE_CONFIG"": "":4096:8"", ""CUDA_VISIBLE_DEVICES"": ""0""}",2026-08-21T15:23:22
VNAT_3s_tcpdur_random70_stratified_flowlevel_splitseed42_8feat_nst_20ms_seed0,VNAT,VNAT_3s_tcp_duration,3,random70_stratified_flowlevel_splitseed42,42,cac127f87b766f86,Validation,4,nst,8feat,20ms,151,8,0,64,1534,663,best_val,15,12345,0,True,True,1.0,21.0646,100.0,24,90.8899,90.1038,92.6094,90.1038,"{""Chat"": 88.116, ""Control"": 97.521, ""File Transfer"": 81.633, ""Streaming"": 93.146}","{""Chat"": 80.423, ""Control"": 96.721, ""File Transfer"": 100.0, ""Streaming"": 97.786}","{""Chat"": 97.436, ""Control"": 98.333, ""File Transfer"": 68.966, ""Streaming"": 88.926}","{""Chat"": 156, ""Control"": 180, ""File Transfer"": 29, ""Streaming"": 298}","{""Chat"": 1.098854, ""Control"": 0.906619, ""File Transfer"": 5.9, ""Streaming"": 0.550215}","{""Chat"": 349, ""Control"": 423, ""File Transfer"": 65, ""Streaming"": 697}",172110,checkpoints/VNAT_3s_tcp_duration_8feat_seed0/VNAT_3s_tcpdur_random70_stratified_flowlevel_splitseed42_8feat_nst_20ms_seed0.pth,1996490,17.6,OK,,"{""torch"": ""2.4.1+cu121"", ""cuda"": ""12.1"", ""gpu"": ""NVIDIA RTX A4500"", ""numpy"": ""1.26.0"", ""python"": ""3.10.12"", ""deterministic"": true, ""grad_clip_max_norm"": 1.0, ""CUBLAS_WORKSPACE_CONFIG"": "":4096:8"", ""CUDA_VISIBLE_DEVICES"": ""0""}",2026-08-21T15:23:40
VNAT_3s_tcpdur_random70_stratified_flowlevel_splitseed42_8feat_nst_20ms_seed1,VNAT,VNAT_3s_tcp_duration,3,random70_stratified_flowlevel_splitseed42,42,cac127f87b766f86,Validation,4,nst,8feat,20ms,151,8,1,64,1534,663,best_val,13,12345,0,True,True,1.0,20.3826,99.67,25,94.1559,91.3802,94.1176,91.3802,"{""Chat"": 90.854, ""Control"": 97.465, ""File Transfer"": 82.143, ""Streaming"": 95.06}","{""Chat"": 86.628, ""Control"": 98.857, ""File Transfer"": 85.185, ""Streaming"": 96.54}","{""Chat"": 95.513, ""Control"": 96.111, ""File Transfer"": 79.31, ""Streaming"": 93.624}","{""Chat"": 156, ""Control"": 180, ""File Transfer"": 29, ""Streaming"": 298}","{""Chat"": 1.098854, ""Control"": 0.906619, ""File Transfer"": 5.9, ""Streaming"": 0.550215}","{""Chat"": 349, ""Control"": 423, ""File Transfer"": 65, ""Streaming"": 697}",172110,checkpoints/VNAT_3s_tcp_duration_8feat_seed1/VNAT_3s_tcpdur_random70_stratified_flowlevel_splitseed42_8feat_nst_20ms_seed1.pth,1996490,18.1,OK,,"{""torch"": ""2.4.1+cu121"", ""cuda"": ""12.1"", ""gpu"": ""NVIDIA RTX A4500"", ""numpy"": ""1.26.0"", ""python"": ""3.10.12"", ""deterministic"": true, ""grad_clip_max_norm"": 1.0, ""CUBLAS_WORKSPACE_CONFIG"": "":4096:8"", ""CUDA_VISIBLE_DEVICES"": ""0""}",2026-08-21T15:23:58
VNAT_3s_tcpdur_random70_stratified_flowlevel_splitseed42_8feat_nst_20ms_seed2,VNAT,VNAT_3s_tcp_duration,3,random70_stratified_flowlevel_splitseed42,42,cac127f87b766f86,Validation,4,nst,8feat,20ms,151,8,2,64,1534,663,best_val,21,12345,0,True,True,1.0,18.1547,95.22,34,95.4456,92.728,95.1735,92.728,"{""Chat"": 93.711, ""Control"": 97.207, ""File Transfer"": 84.211, ""Streaming"": 95.784}","{""Chat"": 91.975, ""Control"": 97.753, ""File Transfer"": 85.714, ""Streaming"": 96.271}","{""Chat"": 95.513, ""Control"": 96.667, ""File Transfer"": 82.759, ""Streaming"": 95.302}","{""Chat"": 156, ""Control"": 180, ""File Transfer"": 29, ""Streaming"": 298}","{""Chat"": 1.098854, ""Control"": 0.906619, ""File Transfer"": 5.9, ""Streaming"": 0.550215}","{""Chat"": 349, ""Control"": 423, ""File Transfer"": 65, ""Streaming"": 697}",172110,checkpoints/VNAT_3s_tcp_duration_8feat_seed2/VNAT_3s_tcpdur_random70_stratified_flowlevel_splitseed42_8feat_nst_20ms_seed2.pth,1996490,25.0,OK,,"{""torch"": ""2.4.1+cu121"", ""cuda"": ""12.1"", ""gpu"": ""NVIDIA RTX A4500"", ""numpy"": ""1.26.0"", ""python"": ""3.10.12"", ""deterministic"": true, ""grad_clip_max_norm"": 1.0, ""CUBLAS_WORKSPACE_CONFIG"": "":4096:8"", ""CUDA_VISIBLE_DEVICES"": ""0""}",2026-08-21T15:24:24
VNAT_3s_tcpdur_random70_stratified_flowlevel_splitseed42_8feat_autoformer_20ms_seed0,VNAT,VNAT_3s_tcp_duration,3,random70_stratified_flowlevel_splitseed42,42,cac127f87b766f86,Validation,4,autoformer,8feat,20ms,151,8,0,256,1534,663,best_val,24,12345,0,True,True,1.0,8.1853,100.0,41,93.0257,91.7866,93.5143,91.7866,"{""Chat"": 91.358, ""Control"": 96.399, ""File Transfer"": 85.714, ""Streaming"": 93.675}","{""Chat"": 88.095, ""Control"": 96.133, ""File Transfer"": 88.889, ""Streaming"": 95.47}","{""Chat"": 94.872, ""Control"": 96.667, ""File Transfer"": 82.759, ""Streaming"": 91.946}","{""Chat"": 156, ""Control"": 180, ""File Transfer"": 29, ""Streaming"": 298}","{""Chat"": 1.098854, ""Control"": 0.906619, ""File Transfer"": 5.9, ""Streaming"": 0.550215}","{""Chat"": 349, ""Control"": 423, ""File Transfer"": 65, ""Streaming"": 697}",139460,checkpoints/VNAT_3s_tcp_duration_8feat_seed0/VNAT_3s_tcpdur_random70_stratified_flowlevel_splitseed42_8feat_autoformer_20ms_seed0.pth,1855330,20.6,OK,,"{""torch"": ""2.4.1+cu121"", ""cuda"": ""12.1"", ""gpu"": ""NVIDIA RTX A4500"", ""numpy"": ""1.26.0"", ""python"": ""3.10.12"", ""deterministic"": true, ""grad_clip_max_norm"": 1.0, ""CUBLAS_WORKSPACE_CONFIG"": "":4096:8"", ""CUDA_VISIBLE_DEVICES"": ""0""}",2026-08-21T15:24:44
VNAT_3s_tcpdur_random70_stratified_flowlevel_splitseed42_8feat_autoformer_20ms_seed1,VNAT,VNAT_3s_tcp_duration,3,random70_stratified_flowlevel_splitseed42,42,cac127f87b766f86,Validation,4,autoformer,8feat,20ms,151,8,1,256,1534,663,best_val,25,12345,0,True,True,1.0,8.1914,99.58,40,93.4045,87.6947,93.6652,87.6947,"{""Chat"": 95.82, ""Control"": 92.711, ""File Transfer"": 65.753, ""Streaming"": 96.494}","{""Chat"": 96.129, ""Control"": 97.546, ""File Transfer"": 54.545, ""Streaming"": 96.013}","{""Chat"": 95.513, ""Control"": 88.333, ""File Transfer"": 82.759, ""Streaming"": 96.98}","{""Chat"": 156, ""Control"": 180, ""File Transfer"": 29, ""Streaming"": 298}","{""Chat"": 1.098854, ""Control"": 0.906619, ""File Transfer"": 5.9, ""Streaming"": 0.550215}","{""Chat"": 349, ""Control"": 423, ""File Transfer"": 65, ""Streaming"": 697}",139460,checkpoints/VNAT_3s_tcp_duration_8feat_seed1/VNAT_3s_tcpdur_random70_stratified_flowlevel_splitseed42_8feat_autoformer_20ms_seed1.pth,1855330,20.1,OK,,"{""torch"": ""2.4.1+cu121"", ""cuda"": ""12.1"", ""gpu"": ""NVIDIA RTX A4500"", ""numpy"": ""1.26.0"", ""python"": ""3.10.12"", ""deterministic"": true, ""grad_clip_max_norm"": 1.0, ""CUBLAS_WORKSPACE_CONFIG"": "":4096:8"", ""CUDA_VISIBLE_DEVICES"": ""0""}",2026-08-21T15:25:05
VNAT_3s_tcpdur_random70_stratified_flowlevel_splitseed42_8feat_autoformer_20ms_seed2,VNAT,VNAT_3s_tcp_duration,3,random70_stratified_flowlevel_splitseed42,42,cac127f87b766f86,Validation,4,autoformer,8feat,20ms,151,8,2,256,1534,663,best_val,24,12345,0,True,True,1.0,9.1073,100.0,37,92.7262,90.7779,91.8552,90.7779,"{""Chat"": 88.485, ""Control"": 95.368, ""File Transfer"": 87.273, ""Streaming"": 91.986}","{""Chat"": 83.908, ""Control"": 93.583, ""File Transfer"": 92.308, ""Streaming"": 95.652}","{""Chat"": 93.59, ""Control"": 97.222, ""File Transfer"": 82.759, ""Streaming"": 88.591}","{""Chat"": 156, ""Control"": 180, ""File Transfer"": 29, ""Streaming"": 298}","{""Chat"": 1.098854, ""Control"": 0.906619, ""File Transfer"": 5.9, ""Streaming"": 0.550215}","{""Chat"": 349, ""Control"": 423, ""File Transfer"": 65, ""Streaming"": 697}",139460,checkpoints/VNAT_3s_tcp_duration_8feat_seed2/VNAT_3s_tcpdur_random70_stratified_flowlevel_splitseed42_8feat_autoformer_20ms_seed2.pth,1855330,18.7,OK,,"{""torch"": ""2.4.1+cu121"", ""cuda"": ""12.1"", ""gpu"": ""NVIDIA RTX A4500"", ""numpy"": ""1.26.0"", ""python"": ""3.10.12"", ""deterministic"": true, ""grad_clip_max_norm"": 1.0, ""CUBLAS_WORKSPACE_CONFIG"": "":4096:8"", ""CUDA_VISIBLE_DEVICES"": ""0""}",2026-08-21T15:25:24
VNAT_3s_tcpdur_random70_stratified_flowlevel_splitseed42_8feat_fedformer_20ms_seed0,VNAT,VNAT_3s_tcp_duration,3,random70_stratified_flowlevel_splitseed42,42,cac127f87b766f86,Validation,4,fedformer,8feat,20ms,151,8,0,256,1534,663,best_val,28,12345,4,True,True,1.0,10.3589,100.0,38,94.0197,87.774,90.7994,87.774,"{""Chat"": 88.636, ""Control"": 94.595, ""File Transfer"": 76.923, ""Streaming"": 90.942}","{""Chat"": 79.592, ""Control"": 92.105, ""File Transfer"": 86.957, ""Streaming"": 98.819}","{""Chat"": 100.0, ""Control"": 97.222, ""File Transfer"": 68.966, ""Streaming"": 84.228}","{""Chat"": 156, ""Control"": 180, ""File Transfer"": 29, ""Streaming"": 298}","{""Chat"": 1.098854, ""Control"": 0.906619, ""File Transfer"": 5.9, ""Streaming"": 0.550215}","{""Chat"": 349, ""Control"": 423, ""File Transfer"": 65, ""Streaming"": 697}",403013,checkpoints/VNAT_3s_tcp_duration_8feat_seed0/VNAT_3s_tcpdur_random70_stratified_flowlevel_splitseed42_8feat_fedformer_20ms_seed0.pth,4208171,102.0,OK,,"{""torch"": ""2.4.1+cu121"", ""cuda"": ""12.1"", ""gpu"": ""NVIDIA RTX A4500"", ""numpy"": ""1.26.0"", ""python"": ""3.10.12"", ""deterministic"": true, ""grad_clip_max_norm"": 1.0, ""CUBLAS_WORKSPACE_CONFIG"": "":4096:8"", ""CUDA_VISIBLE_DEVICES"": ""0""}",2026-08-21T15:27:07
VNAT_3s_tcpdur_random70_stratified_flowlevel_splitseed42_8feat_fedformer_20ms_seed1,VNAT,VNAT_3s_tcp_duration,3,random70_stratified_flowlevel_splitseed42,42,cac127f87b766f86,Validation,4,fedformer,8feat,20ms,151,8,1,256,1534,663,best_val,25,12345,4,True,True,1.0,11.0346,99.12,38,94.0488,87.4503,90.7994,87.4503,"{""Chat"": 88.696, ""Control"": 94.595, ""File Transfer"": 75.472, ""Streaming"": 91.039}","{""Chat"": 80.952, ""Control"": 92.105, ""File Transfer"": 83.333, ""Streaming"": 97.692}","{""Chat"": 98.077, ""Control"": 97.222, ""File Transfer"": 68.966, ""Streaming"": 85.235}","{""Chat"": 156, ""Control"": 180, ""File Transfer"": 29, ""Streaming"": 298}","{""Chat"": 1.098854, ""Control"": 0.906619, ""File Transfer"": 5.9, ""Streaming"": 0.550215}","{""Chat"": 349, ""Control"": 423, ""File Transfer"": 65, ""Streaming"": 697}",403013,checkpoints/VNAT_3s_tcp_duration_8feat_seed1/VNAT_3s_tcpdur_random70_stratified_flowlevel_splitseed42_8feat_fedformer_20ms_seed1.pth,4208171,117.5,OK,,"{""torch"": ""2.4.1+cu121"", ""cuda"": ""12.1"", ""gpu"": ""NVIDIA RTX A4500"", ""numpy"": ""1.26.0"", ""python"": ""3.10.12"", ""deterministic"": true, ""grad_clip_max_norm"": 1.0, ""CUBLAS_WORKSPACE_CONFIG"": "":4096:8"", ""CUDA_VISIBLE_DEVICES"": ""0""}",2026-08-21T15:29:05
VNAT_3s_tcpdur_random70_stratified_flowlevel_splitseed42_8feat_fedformer_20ms_seed2,VNAT,VNAT_3s_tcp_duration,3,random70_stratified_flowlevel_splitseed42,42,cac127f87b766f86,Validation,4,fedformer,8feat,20ms,151,8,2,256,1534,663,best_val,25,12345,4,True,True,1.0,8.8579,98.75,40,93.6031,89.3165,92.006,89.3165,"{""Chat"": 89.398, ""Control"": 95.368, ""File Transfer"": 80.0, ""Streaming"": 92.5}","{""Chat"": 80.829, ""Control"": 93.583, ""File Transfer"": 95.238, ""Streaming"": 98.855}","{""Chat"": 100.0, ""Control"": 97.222, ""File Transfer"": 68.966, ""Streaming"": 86.913}","{""Chat"": 156, ""Control"": 180, ""File Transfer"": 29, ""Streaming"": 298}","{""Chat"": 1.098854, ""Control"": 0.906619, ""File Transfer"": 5.9, ""Streaming"": 0.550215}","{""Chat"": 349, ""Control"": 423, ""File Transfer"": 65, ""Streaming"": 697}",403013,checkpoints/VNAT_3s_tcp_duration_8feat_seed2/VNAT_3s_tcpdur_random70_stratified_flowlevel_splitseed42_8feat_fedformer_20ms_seed2.pth,4208171,81.5,OK,,"{""torch"": ""2.4.1+cu121"", ""cuda"": ""12.1"", ""gpu"": ""NVIDIA RTX A4500"", ""numpy"": ""1.26.0"", ""python"": ""3.10.12"", ""deterministic"": true, ""grad_clip_max_norm"": 1.0, ""CUBLAS_WORKSPACE_CONFIG"": "":4096:8"", ""CUDA_VISIBLE_DEVICES"": ""0""}",2026-08-21T15:30:27
VNAT_3s_tcpdur_random70_stratified_flowlevel_splitseed42_8feat_timemixer_20ms_seed0,VNAT,VNAT_3s_tcp_duration,3,random70_stratified_flowlevel_splitseed42,42,cac127f87b766f86,Validation,4,timemixer,8feat,20ms,151,8,0,256,1534,663,best_val,46,12345,0,True,True,1.0,42.8994,62.05,65,91.6589,89.6008,92.4585,89.6008,"{""Chat"": 90.282, ""Control"": 96.111, ""File Transfer"": 79.31, ""Streaming"": 92.699}","{""Chat"": 88.344, ""Control"": 96.111, ""File Transfer"": 79.31, ""Streaming"": 93.814}","{""Chat"": 92.308, ""Control"": 96.111, ""File Transfer"": 79.31, ""Streaming"": 91.611}","{""Chat"": 156, ""Control"": 180, ""File Transfer"": 29, ""Streaming"": 298}","{""Chat"": 1.098854, ""Control"": 0.906619, ""File Transfer"": 5.9, ""Streaming"": 0.550215}","{""Chat"": 349, ""Control"": 423, ""File Transfer"": 65, ""Streaming"": 697}",301764,checkpoints/VNAT_3s_tcp_duration_8feat_seed0/VNAT_3s_tcpdur_random70_stratified_flowlevel_splitseed42_8feat_timemixer_20ms_seed0.pth,2523462,44.7,OK,,"{""torch"": ""2.4.1+cu121"", ""cuda"": ""12.1"", ""gpu"": ""NVIDIA RTX A4500"", ""numpy"": ""1.26.0"", ""python"": ""3.10.12"", ""deterministic"": true, ""grad_clip_max_norm"": 1.0, ""CUBLAS_WORKSPACE_CONFIG"": "":4096:8"", ""CUDA_VISIBLE_DEVICES"": ""0""}",2026-08-21T15:31:13
VNAT_3s_tcpdur_random70_stratified_flowlevel_splitseed42_8feat_timemixer_20ms_seed1,VNAT,VNAT_3s_tcp_duration,3,random70_stratified_flowlevel_splitseed42,42,cac127f87b766f86,Validation,4,timemixer,8feat,20ms,151,8,1,256,1534,663,best_val,40,12345,0,True,True,1.0,7.6556,57.02,57,92.8234,89.1389,91.8552,89.1389,"{""Chat"": 89.937, ""Control"": 95.342, ""File Transfer"": 79.31, ""Streaming"": 91.966}","{""Chat"": 88.272, ""Control"": 94.054, ""File Transfer"": 79.31, ""Streaming"": 93.728}","{""Chat"": 91.667, ""Control"": 96.667, ""File Transfer"": 79.31, ""Streaming"": 90.268}","{""Chat"": 156, ""Control"": 180, ""File Transfer"": 29, ""Streaming"": 298}","{""Chat"": 1.098854, ""Control"": 0.906619, ""File Transfer"": 5.9, ""Streaming"": 0.550215}","{""Chat"": 349, ""Control"": 423, ""File Transfer"": 65, ""Streaming"": 697}",301764,checkpoints/VNAT_3s_tcp_duration_8feat_seed1/VNAT_3s_tcpdur_random70_stratified_flowlevel_splitseed42_8feat_timemixer_20ms_seed1.pth,2523462,38.8,OK,,"{""torch"": ""2.4.1+cu121"", ""cuda"": ""12.1"", ""gpu"": ""NVIDIA RTX A4500"", ""numpy"": ""1.26.0"", ""python"": ""3.10.12"", ""deterministic"": true, ""grad_clip_max_norm"": 1.0, ""CUBLAS_WORKSPACE_CONFIG"": "":4096:8"", ""CUDA_VISIBLE_DEVICES"": ""0""}",2026-08-21T15:31:52
VNAT_3s_tcpdur_random70_stratified_flowlevel_splitseed42_8feat_timemixer_20ms_seed2,VNAT,VNAT_3s_tcp_duration,3,random70_stratified_flowlevel_splitseed42,42,cac127f87b766f86,Validation,4,timemixer,8feat,20ms,151,8,2,256,1534,663,best_val,7,12345,0,True,True,1.0,3.5463,6.41,26,69.9731,81.2386,81.7496,81.2386,"{""Chat"": 75.556, ""Control"": 94.215, ""File Transfer"": 76.923, ""Streaming"": 78.261}","{""Chat"": 61.446, ""Control"": 93.443, ""File Transfer"": 86.957, ""Streaming"": 95.192}","{""Chat"": 98.077, ""Control"": 95.0, ""File Transfer"": 68.966, ""Streaming"": 66.443}","{""Chat"": 156, ""Control"": 180, ""File Transfer"": 29, ""Streaming"": 298}","{""Chat"": 1.098854, ""Control"": 0.906619, ""File Transfer"": 5.9, ""Streaming"": 0.550215}","{""Chat"": 349, ""Control"": 423, ""File Transfer"": 65, ""Streaming"": 697}",301764,checkpoints/VNAT_3s_tcp_duration_8feat_seed2/VNAT_3s_tcpdur_random70_stratified_flowlevel_splitseed42_8feat_timemixer_20ms_seed2.pth,2523462,18.6,OK,,"{""torch"": ""2.4.1+cu121"", ""cuda"": ""12.1"", ""gpu"": ""NVIDIA RTX A4500"", ""numpy"": ""1.26.0"", ""python"": ""3.10.12"", ""deterministic"": true, ""grad_clip_max_norm"": 1.0, ""CUBLAS_WORKSPACE_CONFIG"": "":4096:8"", ""CUDA_VISIBLE_DEVICES"": ""0""}",2026-08-21T15:32:12
VNAT_3s_tcpdur_random70_stratified_flowlevel_splitseed42_8feat_timesnet_30ms_seed0,VNAT,VNAT_3s_tcp_duration,3,random70_stratified_flowlevel_splitseed42,42,cac127f87b766f86,Validation,4,timesnet,8feat,30ms,101,8,0,256,1534,663,best_val,26,12345,0,True,True,1.0,10.1132,100.0,38,88.7233,89.1149,90.6486,89.1149,"{""Chat"": 87.209, ""Control"": 94.309, ""File Transfer"": 84.0, ""Streaming"": 90.941}","{""Chat"": 79.787, ""Control"": 92.063, ""File Transfer"": 100.0, ""Streaming"": 96.604}","{""Chat"": 96.154, ""Control"": 96.667, ""File Transfer"": 72.414, ""Streaming"": 85.906}","{""Chat"": 156, ""Control"": 180, ""File Transfer"": 29, ""Streaming"": 298}","{""Chat"": 1.098854, ""Control"": 0.906619, ""File Transfer"": 5.9, ""Streaming"": 0.550215}","{""Chat"": 349, ""Control"": 423, ""File Transfer"": 65, ""Streaming"": 697}",9401796,checkpoints/VNAT_3s_tcp_duration_8feat_seed0/VNAT_3s_tcpdur_random70_stratified_flowlevel_splitseed42_8feat_timesnet_30ms_seed0.pth,38916610,186.0,OK,,"{""torch"": ""2.4.1+cu121"", ""cuda"": ""12.1"", ""gpu"": ""NVIDIA RTX A4500"", ""numpy"": ""1.26.0"", ""python"": ""3.10.12"", ""deterministic"": true, ""grad_clip_max_norm"": 1.0, ""CUBLAS_WORKSPACE_CONFIG"": "":4096:8"", ""CUDA_VISIBLE_DEVICES"": ""0""}",2026-08-21T15:35:19
VNAT_3s_tcpdur_random70_stratified_flowlevel_splitseed42_8feat_timesnet_30ms_seed1,VNAT,VNAT_3s_tcp_duration,3,random70_stratified_flowlevel_splitseed42,42,cac127f87b766f86,Validation,4,timesnet,8feat,30ms,101,8,1,256,1534,663,best_val,19,12345,0,True,True,1.0,12.2637,100.0,33,88.1299,87.6348,89.8944,87.6348,"{""Chat"": 85.965, ""Control"": 94.309, ""File Transfer"": 80.0, ""Streaming"": 90.265}","{""Chat"": 79.032, ""Control"": 92.063, ""File Transfer"": 95.238, ""Streaming"": 95.506}","{""Chat"": 94.231, ""Control"": 96.667, ""File Transfer"": 68.966, ""Streaming"": 85.57}","{""Chat"": 156, ""Control"": 180, ""File Transfer"": 29, ""Streaming"": 298}","{""Chat"": 1.098854, ""Control"": 0.906619, ""File Transfer"": 5.9, ""Streaming"": 0.550215}","{""Chat"": 349, ""Control"": 423, ""File Transfer"": 65, ""Streaming"": 697}",9401796,checkpoints/VNAT_3s_tcp_duration_8feat_seed1/VNAT_3s_tcpdur_random70_stratified_flowlevel_splitseed42_8feat_timesnet_30ms_seed1.pth,38916610,70.3,OK,,"{""torch"": ""2.4.1+cu121"", ""cuda"": ""12.1"", ""gpu"": ""NVIDIA RTX A4500"", ""numpy"": ""1.26.0"", ""python"": ""3.10.12"", ""deterministic"": true, ""grad_clip_max_norm"": 1.0, ""CUBLAS_WORKSPACE_CONFIG"": "":4096:8"", ""CUDA_VISIBLE_DEVICES"": ""0""}",2026-08-21T15:36:30
VNAT_3s_tcpdur_random70_stratified_flowlevel_splitseed42_8feat_timesnet_30ms_seed2,VNAT,VNAT_3s_tcp_duration,3,random70_stratified_flowlevel_splitseed42,42,cac127f87b766f86,Validation,4,timesnet,8feat,30ms,101,8,2,256,1534,663,best_val,17,12345,0,True,True,1.0,10.7417,99.59,41,87.2486,88.4515,90.9502,88.4515,"{""Chat"": 87.464, ""Control"": 94.823, ""File Transfer"": 80.0, ""Streaming"": 91.519}","{""Chat"": 80.214, ""Control"": 93.048, ""File Transfer"": 95.238, ""Streaming"": 96.642}","{""Chat"": 96.154, ""Control"": 96.667, ""File Transfer"": 68.966, ""Streaming"": 86.913}","{""Chat"": 156, ""Control"": 180, ""File Transfer"": 29, ""Streaming"": 298}","{""Chat"": 1.098854, ""Control"": 0.906619, ""File Transfer"": 5.9, ""Streaming"": 0.550215}","{""Chat"": 349, ""Control"": 423, ""File Transfer"": 65, ""Streaming"": 697}",9401796,checkpoints/VNAT_3s_tcp_duration_8feat_seed2/VNAT_3s_tcpdur_random70_stratified_flowlevel_splitseed42_8feat_timesnet_30ms_seed2.pth,38916610,93.9,OK,,"{""torch"": ""2.4.1+cu121"", ""cuda"": ""12.1"", ""gpu"": ""NVIDIA RTX A4500"", ""numpy"": ""1.26.0"", ""python"": ""3.10.12"", ""deterministic"": true, ""grad_clip_max_norm"": 1.0, ""CUBLAS_WORKSPACE_CONFIG"": "":4096:8"", ""CUDA_VISIBLE_DEVICES"": ""0""}",2026-08-21T15:38:05
VNAT_3s_tcpdur_random70_stratified_flowlevel_splitseed42_8feat_informer_30ms_seed0,VNAT,VNAT_3s_tcp_duration,3,random70_stratified_flowlevel_splitseed42,42,cac127f87b766f86,Validation,4,informer,8feat,30ms,101,8,0,64,1534,663,best_val,9,12345,0,True,True,1.0,48.1017,100.0,35,93.0342,91.5737,94.5701,91.5737,"{""Chat"": 92.26, ""Control"": 96.986, ""File Transfer"": 81.633, ""Streaming"": 95.416}","{""Chat"": 89.222, ""Control"": 95.676, ""File Transfer"": 100.0, ""Streaming"": 96.564}","{""Chat"": 95.513, ""Control"": 98.333, ""File Transfer"": 68.966, ""Streaming"": 94.295}","{""Chat"": 156, ""Control"": 180, ""File Transfer"": 29, ""Streaming"": 298}","{""Chat"": 1.098854, ""Control"": 0.906619, ""File Transfer"": 5.9, ""Streaming"": 0.550215}","{""Chat"": 349, ""Control"": 423, ""File Transfer"": 65, ""Streaming"": 697}",2784005,checkpoints/VNAT_3s_tcp_duration_8feat_seed0/VNAT_3s_tcpdur_random70_stratified_flowlevel_splitseed42_8feat_informer_30ms_seed0.pth,21420034,33.6,OK,,"{""torch"": ""2.4.1+cu121"", ""cuda"": ""12.1"", ""gpu"": ""NVIDIA RTX A4500"", ""numpy"": ""1.26.0"", ""python"": ""3.10.12"", ""deterministic"": true, ""grad_clip_max_norm"": 1.0, ""CUBLAS_WORKSPACE_CONFIG"": "":4096:8"", ""CUDA_VISIBLE_DEVICES"": ""0""}",2026-08-21T15:38:39
VNAT_3s_tcpdur_random70_stratified_flowlevel_splitseed42_8feat_informer_30ms_seed1,VNAT,VNAT_3s_tcp_duration,3,random70_stratified_flowlevel_splitseed42,42,cac127f87b766f86,Validation,4,informer,8feat,30ms,101,8,1,64,1534,663,best_val,11,12345,0,True,True,1.0,34.8045,97.04,31,92.2355,92.9855,95.9276,93.1043,"{""Chat"": 94.534, ""Control"": 96.721, ""File Transfer"": 84.0, ""Streaming"": 97.162}","{""Chat"": 94.839, ""Control"": 95.161, ""File Transfer"": 100.0, ""Streaming"": 96.678}","{""Chat"": 94.231, ""Control"": 98.333, ""File Transfer"": 72.414, ""Streaming"": 97.651}","{""Chat"": 156, ""Control"": 180, ""File Transfer"": 29, ""Streaming"": 298}","{""Chat"": 1.098854, ""Control"": 0.906619, ""File Transfer"": 5.9, ""Streaming"": 0.550215}","{""Chat"": 349, ""Control"": 423, ""File Transfer"": 65, ""Streaming"": 697}",2784005,checkpoints/VNAT_3s_tcp_duration_8feat_seed1/VNAT_3s_tcpdur_random70_stratified_flowlevel_splitseed42_8feat_informer_30ms_seed1.pth,21420034,32.1,OK,,"{""torch"": ""2.4.1+cu121"", ""cuda"": ""12.1"", ""gpu"": ""NVIDIA RTX A4500"", ""numpy"": ""1.26.0"", ""python"": ""3.10.12"", ""deterministic"": true, ""grad_clip_max_norm"": 1.0, ""CUBLAS_WORKSPACE_CONFIG"": "":4096:8"", ""CUDA_VISIBLE_DEVICES"": ""0""}",2026-08-21T15:39:11
VNAT_3s_tcpdur_random70_stratified_flowlevel_splitseed42_8feat_informer_30ms_seed2,VNAT,VNAT_3s_tcp_duration,3,random70_stratified_flowlevel_splitseed42,42,cac127f87b766f86,Validation,4,informer,8feat,30ms,101,8,2,64,1534,663,best_val,6,12345,0,True,True,1.0,36.5921,100.0,18,86.1381,91.5003,93.816,91.4867,"{""Chat"": 90.402, ""Control"": 96.986, ""File Transfer"": 84.0, ""Streaming"": 94.558}","{""Chat"": 87.425, ""Control"": 95.676, ""File Transfer"": 100.0, ""Streaming"": 95.862}","{""Chat"": 93.59, ""Control"": 98.333, ""File Transfer"": 72.414, ""Streaming"": 93.289}","{""Chat"": 156, ""Control"": 180, ""File Transfer"": 29, ""Streaming"": 298}","{""Chat"": 1.098854, ""Control"": 0.906619, ""File Transfer"": 5.9, ""Streaming"": 0.550215}","{""Chat"": 349, ""Control"": 423, ""File Transfer"": 65, ""Streaming"": 697}",2784005,checkpoints/VNAT_3s_tcp_duration_8feat_seed2/VNAT_3s_tcpdur_random70_stratified_flowlevel_splitseed42_8feat_informer_30ms_seed2.pth,21420034,18.1,OK,,"{""torch"": ""2.4.1+cu121"", ""cuda"": ""12.1"", ""gpu"": ""NVIDIA RTX A4500"", ""numpy"": ""1.26.0"", ""python"": ""3.10.12"", ""deterministic"": true, ""grad_clip_max_norm"": 1.0, ""CUBLAS_WORKSPACE_CONFIG"": "":4096:8"", ""CUDA_VISIBLE_DEVICES"": ""0""}",2026-08-21T15:39:29
VNAT_3s_tcpdur_random70_stratified_flowlevel_splitseed42_8feat_nst_30ms_seed0,VNAT,VNAT_3s_tcp_duration,3,random70_stratified_flowlevel_splitseed42,42,cac127f87b766f86,Validation,4,nst,8feat,30ms,101,8,0,64,1534,663,best_val,19,12345,0,True,True,1.0,13.3247,99.57,29,91.8364,90.3495,93.0618,90.3495,"{""Chat"": 89.349, ""Control"": 96.196, ""File Transfer"": 81.633, ""Streaming"": 94.221}","{""Chat"": 82.967, ""Control"": 94.149, ""File Transfer"": 100.0, ""Streaming"": 98.535}","{""Chat"": 96.795, ""Control"": 98.333, ""File Transfer"": 68.966, ""Streaming"": 90.268}","{""Chat"": 156, ""Control"": 180, ""File Transfer"": 29, ""Streaming"": 298}","{""Chat"": 1.098854, ""Control"": 0.906619, ""File Transfer"": 5.9, ""Streaming"": 0.550215}","{""Chat"": 349, ""Control"": 423, ""File Transfer"": 65, ""Streaming"": 697}",155810,checkpoints/VNAT_3s_tcp_duration_8feat_seed0/VNAT_3s_tcpdur_random70_stratified_flowlevel_splitseed42_8feat_nst_30ms_seed0.pth,1931338,23.6,OK,,"{""torch"": ""2.4.1+cu121"", ""cuda"": ""12.1"", ""gpu"": ""NVIDIA RTX A4500"", ""numpy"": ""1.26.0"", ""python"": ""3.10.12"", ""deterministic"": true, ""grad_clip_max_norm"": 1.0, ""CUBLAS_WORKSPACE_CONFIG"": "":4096:8"", ""CUDA_VISIBLE_DEVICES"": ""0""}",2026-08-21T15:39:53
VNAT_3s_tcpdur_random70_stratified_flowlevel_splitseed42_8feat_nst_30ms_seed1,VNAT,VNAT_3s_tcp_duration,3,random70_stratified_flowlevel_splitseed42,42,cac127f87b766f86,Validation,4,nst,8feat,30ms,101,8,1,64,1534,663,best_val,17,12345,0,True,True,1.0,20.0329,98.21,28,92.2153,91.3945,94.1176,91.3945,"{""Chat"": 91.358, ""Control"": 96.986, ""File Transfer"": 82.353, ""Streaming"": 94.881}","{""Chat"": 88.095, ""Control"": 95.676, ""File Transfer"": 95.455, ""Streaming"": 96.528}","{""Chat"": 94.872, ""Control"": 98.333, ""File Transfer"": 72.414, ""Streaming"": 93.289}","{""Chat"": 156, ""Control"": 180, ""File Transfer"": 29, ""Streaming"": 298}","{""Chat"": 1.098854, ""Control"": 0.906619, ""File Transfer"": 5.9, ""Streaming"": 0.550215}","{""Chat"": 349, ""Control"": 423, ""File Transfer"": 65, ""Streaming"": 697}",155810,checkpoints/VNAT_3s_tcp_duration_8feat_seed1/VNAT_3s_tcpdur_random70_stratified_flowlevel_splitseed42_8feat_nst_30ms_seed1.pth,1931338,27.0,OK,,"{""torch"": ""2.4.1+cu121"", ""cuda"": ""12.1"", ""gpu"": ""NVIDIA RTX A4500"", ""numpy"": ""1.26.0"", ""python"": ""3.10.12"", ""deterministic"": true, ""grad_clip_max_norm"": 1.0, ""CUBLAS_WORKSPACE_CONFIG"": "":4096:8"", ""CUDA_VISIBLE_DEVICES"": ""0""}",2026-08-21T15:40:20
VNAT_3s_tcpdur_random70_stratified_flowlevel_splitseed42_8feat_nst_30ms_seed2,VNAT,VNAT_3s_tcp_duration,3,random70_stratified_flowlevel_splitseed42,42,cac127f87b766f86,Validation,4,nst,8feat,30ms,101,8,2,64,1534,663,best_val,19,12345,0,True,True,1.0,16.9121,99.86,29,91.0288,89.5779,93.2127,89.5779,"{""Chat"": 89.349, ""Control"": 96.986, ""File Transfer"": 77.551, ""Streaming"": 94.425}","{""Chat"": 82.967, ""Control"": 95.676, ""File Transfer"": 95.0, ""Streaming"": 98.188}","{""Chat"": 96.795, ""Control"": 98.333, ""File Transfer"": 65.517, ""Streaming"": 90.94}","{""Chat"": 156, ""Control"": 180, ""File Transfer"": 29, ""Streaming"": 298}","{""Chat"": 1.098854, ""Control"": 0.906619, ""File Transfer"": 5.9, ""Streaming"": 0.550215}","{""Chat"": 349, ""Control"": 423, ""File Transfer"": 65, ""Streaming"": 697}",155810,checkpoints/VNAT_3s_tcp_duration_8feat_seed2/VNAT_3s_tcpdur_random70_stratified_flowlevel_splitseed42_8feat_nst_30ms_seed2.pth,1931338,48.9,OK,,"{""torch"": ""2.4.1+cu121"", ""cuda"": ""12.1"", ""gpu"": ""NVIDIA RTX A4500"", ""numpy"": ""1.26.0"", ""python"": ""3.10.12"", ""deterministic"": true, ""grad_clip_max_norm"": 1.0, ""CUBLAS_WORKSPACE_CONFIG"": "":4096:8"", ""CUDA_VISIBLE_DEVICES"": ""0""}",2026-08-21T15:41:10
VNAT_3s_tcpdur_random70_stratified_flowlevel_splitseed42_8feat_autoformer_30ms_seed0,VNAT,VNAT_3s_tcp_duration,3,random70_stratified_flowlevel_splitseed42,42,cac127f87b766f86,Validation,4,autoformer,8feat,30ms,101,8,0,256,1534,663,best_val,16,12345,0,True,True,1.0,7.0433,100.0,33,88.8708,87.4661,90.0452,87.4661,"{""Chat"": 83.18, ""Control"": 96.685, ""File Transfer"": 79.245, ""Streaming"": 90.753}","{""Chat"": 79.532, ""Control"": 96.154, ""File Transfer"": 87.5, ""Streaming"": 92.657}","{""Chat"": 87.179, ""Control"": 97.222, ""File Transfer"": 72.414, ""Streaming"": 88.926}","{""Chat"": 156, ""Control"": 180, ""File Transfer"": 29, ""Streaming"": 298}","{""Chat"": 1.098854, ""Control"": 0.906619, ""File Transfer"": 5.9, ""Streaming"": 0.550215}","{""Chat"": 349, ""Control"": 423, ""File Transfer"": 65, ""Streaming"": 697}",126660,checkpoints/VNAT_3s_tcp_duration_8feat_seed0/VNAT_3s_tcpdur_random70_stratified_flowlevel_splitseed42_8feat_autoformer_30ms_seed0.pth,1804130,37.2,OK,,"{""torch"": ""2.4.1+cu121"", ""cuda"": ""12.1"", ""gpu"": ""NVIDIA RTX A4500"", ""numpy"": ""1.26.0"", ""python"": ""3.10.12"", ""deterministic"": true, ""grad_clip_max_norm"": 1.0, ""CUBLAS_WORKSPACE_CONFIG"": "":4096:8"", ""CUDA_VISIBLE_DEVICES"": ""0""}",2026-08-21T15:41:48
VNAT_3s_tcpdur_random70_stratified_flowlevel_splitseed42_8feat_autoformer_30ms_seed1,VNAT,VNAT_3s_tcp_duration,3,random70_stratified_flowlevel_splitseed42,42,cac127f87b766f86,Validation,4,autoformer,8feat,30ms,101,8,1,256,1534,663,best_val,38,12345,0,True,True,1.0,7.0358,100.0,59,91.558,90.5228,93.816,90.5228,"{""Chat"": 90.909, ""Control"": 97.521, ""File Transfer"": 79.245, ""Streaming"": 94.416}","{""Chat"": 88.957, ""Control"": 96.721, ""File Transfer"": 87.5, ""Streaming"": 95.222}","{""Chat"": 92.949, ""Control"": 98.333, ""File Transfer"": 72.414, ""Streaming"": 93.624}","{""Chat"": 156, ""Control"": 180, ""File Transfer"": 29, ""Streaming"": 298}","{""Chat"": 1.098854, ""Control"": 0.906619, ""File Transfer"": 5.9, ""Streaming"": 0.550215}","{""Chat"": 349, ""Control"": 423, ""File Transfer"": 65, ""Streaming"": 697}",126660,checkpoints/VNAT_3s_tcp_duration_8feat_seed1/VNAT_3s_tcpdur_random70_stratified_flowlevel_splitseed42_8feat_autoformer_30ms_seed1.pth,1804130,61.6,OK,,"{""torch"": ""2.4.1+cu121"", ""cuda"": ""12.1"", ""gpu"": ""NVIDIA RTX A4500"", ""numpy"": ""1.26.0"", ""python"": ""3.10.12"", ""deterministic"": true, ""grad_clip_max_norm"": 1.0, ""CUBLAS_WORKSPACE_CONFIG"": "":4096:8"", ""CUDA_VISIBLE_DEVICES"": ""0""}",2026-08-21T15:42:50
VNAT_3s_tcpdur_random70_stratified_flowlevel_splitseed42_8feat_autoformer_30ms_seed2,VNAT,VNAT_3s_tcp_duration,3,random70_stratified_flowlevel_splitseed42,42,cac127f87b766f86,Validation,4,autoformer,8feat,30ms,101,8,2,256,1534,663,best_val,21,12345,0,True,True,1.0,6.5406,100.0,33,88.3733,87.3804,90.1961,87.3804,"{""Chat"": 83.18, ""Control"": 96.97, ""File Transfer"": 78.431, ""Streaming"": 90.94}","{""Chat"": 79.532, ""Control"": 96.175, ""File Transfer"": 90.909, ""Streaming"": 92.683}","{""Chat"": 87.179, ""Control"": 97.778, ""File Transfer"": 68.966, ""Streaming"": 89.262}","{""Chat"": 156, ""Control"": 180, ""File Transfer"": 29, ""Streaming"": 298}","{""Chat"": 1.098854, ""Control"": 0.906619, ""File Transfer"": 5.9, ""Streaming"": 0.550215}","{""Chat"": 349, ""Control"": 423, ""File Transfer"": 65, ""Streaming"": 697}",126660,checkpoints/VNAT_3s_tcp_duration_8feat_seed2/VNAT_3s_tcpdur_random70_stratified_flowlevel_splitseed42_8feat_autoformer_30ms_seed2.pth,1804130,17.9,OK,,"{""torch"": ""2.4.1+cu121"", ""cuda"": ""12.1"", ""gpu"": ""NVIDIA RTX A4500"", ""numpy"": ""1.26.0"", ""python"": ""3.10.12"", ""deterministic"": true, ""grad_clip_max_norm"": 1.0, ""CUBLAS_WORKSPACE_CONFIG"": "":4096:8"", ""CUDA_VISIBLE_DEVICES"": ""0""}",2026-08-21T15:43:09
VNAT_3s_tcpdur_random70_stratified_flowlevel_splitseed42_8feat_fedformer_30ms_seed0,VNAT,VNAT_3s_tcp_duration,3,random70_stratified_flowlevel_splitseed42,42,cac127f87b766f86,Validation,4,fedformer,8feat,30ms,101,8,0,256,1534,663,best_val,25,12345,4,True,True,1.0,11.1292,100.0,40,89.6599,87.1082,90.0452,87.1082,"{""Chat"": 85.632, ""Control"": 95.393, ""File Transfer"": 76.923, ""Streaming"": 90.485}","{""Chat"": 77.604, ""Control"": 93.122, ""File Transfer"": 86.957, ""Streaming"": 97.297}","{""Chat"": 95.513, ""Control"": 97.778, ""File Transfer"": 68.966, ""Streaming"": 84.564}","{""Chat"": 156, ""Control"": 180, ""File Transfer"": 29, ""Streaming"": 298}","{""Chat"": 1.098854, ""Control"": 0.906619, ""File Transfer"": 5.9, ""Streaming"": 0.550215}","{""Chat"": 349, ""Control"": 423, ""File Transfer"": 65, ""Streaming"": 697}",361541,checkpoints/VNAT_3s_tcp_duration_8feat_seed0/VNAT_3s_tcpdur_random70_stratified_flowlevel_splitseed42_8feat_fedformer_30ms_seed0.pth,4042219,83.3,OK,,"{""torch"": ""2.4.1+cu121"", ""cuda"": ""12.1"", ""gpu"": ""NVIDIA RTX A4500"", ""numpy"": ""1.26.0"", ""python"": ""3.10.12"", ""deterministic"": true, ""grad_clip_max_norm"": 1.0, ""CUBLAS_WORKSPACE_CONFIG"": "":4096:8"", ""CUDA_VISIBLE_DEVICES"": ""0""}",2026-08-21T15:44:33
VNAT_3s_tcpdur_random70_stratified_flowlevel_splitseed42_8feat_fedformer_30ms_seed1,VNAT,VNAT_3s_tcp_duration,3,random70_stratified_flowlevel_splitseed42,42,cac127f87b766f86,Validation,4,fedformer,8feat,30ms,101,8,1,256,1534,663,best_val,21,12345,4,True,True,1.0,9.2817,100.0,35,90.0076,88.9936,91.7044,88.9936,"{""Chat"": 86.957, ""Control"": 96.438, ""File Transfer"": 80.0, ""Streaming"": 92.58}","{""Chat"": 79.365, ""Control"": 95.135, ""File Transfer"": 95.238, ""Streaming"": 97.761}","{""Chat"": 96.154, ""Control"": 97.778, ""File Transfer"": 68.966, ""Streaming"": 87.919}","{""Chat"": 156, ""Control"": 180, ""File Transfer"": 29, ""Streaming"": 298}","{""Chat"": 1.098854, ""Control"": 0.906619, ""File Transfer"": 5.9, ""Streaming"": 0.550215}","{""Chat"": 349, ""Control"": 423, ""File Transfer"": 65, ""Streaming"": 697}",361541,checkpoints/VNAT_3s_tcp_duration_8feat_seed1/VNAT_3s_tcpdur_random70_stratified_flowlevel_splitseed42_8feat_fedformer_30ms_seed1.pth,4042219,114.9,OK,,"{""torch"": ""2.4.1+cu121"", ""cuda"": ""12.1"", ""gpu"": ""NVIDIA RTX A4500"", ""numpy"": ""1.26.0"", ""python"": ""3.10.12"", ""deterministic"": true, ""grad_clip_max_norm"": 1.0, ""CUBLAS_WORKSPACE_CONFIG"": "":4096:8"", ""CUDA_VISIBLE_DEVICES"": ""0""}",2026-08-21T15:46:29
VNAT_3s_tcpdur_random70_stratified_flowlevel_splitseed42_8feat_fedformer_30ms_seed2,VNAT,VNAT_3s_tcp_duration,3,random70_stratified_flowlevel_splitseed42,42,cac127f87b766f86,Validation,4,fedformer,8feat,30ms,101,8,2,256,1534,663,best_val,22,12345,4,True,True,1.0,7.4918,100.0,36,88.8762,87.7752,90.4977,87.7752,"{""Chat"": 85.303, ""Control"": 96.458, ""File Transfer"": 78.431, ""Streaming"": 90.909}","{""Chat"": 77.487, ""Control"": 94.652, ""File Transfer"": 90.909, ""Streaming"": 96.958}","{""Chat"": 94.872, ""Control"": 98.333, ""File Transfer"": 68.966, ""Streaming"": 85.57}","{""Chat"": 156, ""Control"": 180, ""File Transfer"": 29, ""Streaming"": 298}","{""Chat"": 1.098854, ""Control"": 0.906619, ""File Transfer"": 5.9, ""Streaming"": 0.550215}","{""Chat"": 349, ""Control"": 423, ""File Transfer"": 65, ""Streaming"": 697}",361541,checkpoints/VNAT_3s_tcp_duration_8feat_seed2/VNAT_3s_tcpdur_random70_stratified_flowlevel_splitseed42_8feat_fedformer_30ms_seed2.pth,4042219,123.4,OK,,"{""torch"": ""2.4.1+cu121"", ""cuda"": ""12.1"", ""gpu"": ""NVIDIA RTX A4500"", ""numpy"": ""1.26.0"", ""python"": ""3.10.12"", ""deterministic"": true, ""grad_clip_max_norm"": 1.0, ""CUBLAS_WORKSPACE_CONFIG"": "":4096:8"", ""CUDA_VISIBLE_DEVICES"": ""0""}",2026-08-21T15:48:33
VNAT_3s_tcpdur_random70_stratified_flowlevel_splitseed42_8feat_timemixer_30ms_seed0,VNAT,VNAT_3s_tcp_duration,3,random70_stratified_flowlevel_splitseed42,42,cac127f87b766f86,Validation,4,timemixer,8feat,30ms,101,8,0,256,1534,663,best_val,40,12345,0,True,True,1.0,14.5273,60.35,66,88.545,86.5078,89.5928,86.5078,"{""Chat"": 85.882, ""Control"": 94.149, ""File Transfer"": 76.0, ""Streaming"": 90.0}","{""Chat"": 79.348, ""Control"": 90.306, ""File Transfer"": 90.476, ""Streaming"": 96.183}","{""Chat"": 93.59, ""Control"": 98.333, ""File Transfer"": 65.517, ""Streaming"": 84.564}","{""Chat"": 156, ""Control"": 180, ""File Transfer"": 29, ""Streaming"": 298}","{""Chat"": 1.098854, ""Control"": 0.906619, ""File Transfer"": 5.9, ""Streaming"": 0.550215}","{""Chat"": 349, ""Control"": 423, ""File Transfer"": 65, ""Streaming"": 697}",218128,checkpoints/VNAT_3s_tcp_duration_8feat_seed0/VNAT_3s_tcpdur_random70_stratified_flowlevel_splitseed42_8feat_timemixer_30ms_seed0.pth,2189126,48.1,OK,,"{""torch"": ""2.4.1+cu121"", ""cuda"": ""12.1"", ""gpu"": ""NVIDIA RTX A4500"", ""numpy"": ""1.26.0"", ""python"": ""3.10.12"", ""deterministic"": true, ""grad_clip_max_norm"": 1.0, ""CUBLAS_WORKSPACE_CONFIG"": "":4096:8"", ""CUDA_VISIBLE_DEVICES"": ""0""}",2026-08-21T15:49:22
VNAT_3s_tcpdur_random70_stratified_flowlevel_splitseed42_8feat_timemixer_30ms_seed1,VNAT,VNAT_3s_tcp_duration,3,random70_stratified_flowlevel_splitseed42,42,cac127f87b766f86,Validation,4,timemixer,8feat,30ms,101,8,1,256,1534,663,best_val,26,12345,0,True,True,1.0,4.1893,46.21,44,87.6642,85.8636,89.1403,85.8636,"{""Chat"": 85.465, ""Control"": 94.906, ""File Transfer"": 74.074, ""Streaming"": 89.009}","{""Chat"": 78.191, ""Control"": 91.71, ""File Transfer"": 80.0, ""Streaming"": 96.109}","{""Chat"": 94.231, ""Control"": 98.333, ""File Transfer"": 68.966, ""Streaming"": 82.886}","{""Chat"": 156, ""Control"": 180, ""File Transfer"": 29, ""Streaming"": 298}","{""Chat"": 1.098854, ""Control"": 0.906619, ""File Transfer"": 5.9, ""Streaming"": 0.550215}","{""Chat"": 349, ""Control"": 423, ""File Transfer"": 65, ""Streaming"": 697}",218128,checkpoints/VNAT_3s_tcp_duration_8feat_seed1/VNAT_3s_tcpdur_random70_stratified_flowlevel_splitseed42_8feat_timemixer_30ms_seed1.pth,2189126,32.0,OK,,"{""torch"": ""2.4.1+cu121"", ""cuda"": ""12.1"", ""gpu"": ""NVIDIA RTX A4500"", ""numpy"": ""1.26.0"", ""python"": ""3.10.12"", ""deterministic"": true, ""grad_clip_max_norm"": 1.0, ""CUBLAS_WORKSPACE_CONFIG"": "":4096:8"", ""CUDA_VISIBLE_DEVICES"": ""0""}",2026-08-21T15:49:55
VNAT_3s_tcpdur_random70_stratified_flowlevel_splitseed42_8feat_timemixer_30ms_seed2,VNAT,VNAT_3s_tcp_duration,3,random70_stratified_flowlevel_splitseed42,42,cac127f87b766f86,Validation,4,timemixer,8feat,30ms,101,8,2,256,1534,663,best_val,33,12345,0,True,True,1.0,21.8343,53.51,57,88.2276,86.5745,89.2911,86.5745,"{""Chat"": 86.957, ""Control"": 93.011, ""File Transfer"": 76.923, ""Streaming"": 89.408}","{""Chat"": 79.365, ""Control"": 90.104, ""File Transfer"": 86.957, ""Streaming"": 96.139}","{""Chat"": 96.154, ""Control"": 96.111, ""File Transfer"": 68.966, ""Streaming"": 83.557}","{""Chat"": 156, ""Control"": 180, ""File Transfer"": 29, ""Streaming"": 298}","{""Chat"": 1.098854, ""Control"": 0.906619, ""File Transfer"": 5.9, ""Streaming"": 0.550215}","{""Chat"": 349, ""Control"": 423, ""File Transfer"": 65, ""Streaming"": 697}",218128,checkpoints/VNAT_3s_tcp_duration_8feat_seed2/VNAT_3s_tcpdur_random70_stratified_flowlevel_splitseed42_8feat_timemixer_30ms_seed2.pth,2189126,37.5,OK,,"{""torch"": ""2.4.1+cu121"", ""cuda"": ""12.1"", ""gpu"": ""NVIDIA RTX A4500"", ""numpy"": ""1.26.0"", ""python"": ""3.10.12"", ""deterministic"": true, ""grad_clip_max_norm"": 1.0, ""CUBLAS_WORKSPACE_CONFIG"": "":4096:8"", ""CUDA_VISIBLE_DEVICES"": ""0""}",2026-08-21T15:50:33
VNAT_3s_tcpdur_random70_stratified_flowlevel_splitseed42_8feat_timesnet_40ms_seed0,VNAT,VNAT_3s_tcp_duration,3,random70_stratified_flowlevel_splitseed42,42,cac127f87b766f86,Validation,4,timesnet,8feat,40ms,76,8,0,256,1534,663,best_val,29,12345,0,True,True,1.0,9.6667,90.15,44,87.8617,88.6393,90.4977,88.6393,"{""Chat"": 85.96, ""Control"": 95.368, ""File Transfer"": 82.353, ""Streaming"": 90.877}","{""Chat"": 77.72, ""Control"": 93.583, ""File Transfer"": 95.455, ""Streaming"": 97.318}","{""Chat"": 96.154, ""Control"": 97.222, ""File Transfer"": 72.414, ""Streaming"": 85.235}","{""Chat"": 156, ""Control"": 180, ""File Transfer"": 29, ""Streaming"": 298}","{""Chat"": 1.098854, ""Control"": 0.906619, ""File Transfer"": 5.9, ""Streaming"": 0.550215}","{""Chat"": 349, ""Control"": 423, ""File Transfer"": 65, ""Streaming"": 697}",9395396,checkpoints/VNAT_3s_tcp_duration_8feat_seed0/VNAT_3s_tcpdur_random70_stratified_flowlevel_splitseed42_8feat_timesnet_40ms_seed0.pth,38891010,87.3,OK,,"{""torch"": ""2.4.1+cu121"", ""cuda"": ""12.1"", ""gpu"": ""NVIDIA RTX A4500"", ""numpy"": ""1.26.0"", ""python"": ""3.10.12"", ""deterministic"": true, ""grad_clip_max_norm"": 1.0, ""CUBLAS_WORKSPACE_CONFIG"": "":4096:8"", ""CUDA_VISIBLE_DEVICES"": ""0""}",2026-08-21T15:52:02
VNAT_3s_tcpdur_random70_stratified_flowlevel_splitseed42_8feat_timesnet_40ms_seed1,VNAT,VNAT_3s_tcp_duration,3,random70_stratified_flowlevel_splitseed42,42,cac127f87b766f86,Validation,4,timesnet,8feat,40ms,76,8,1,256,1534,663,best_val,31,12345,0,True,True,1.0,8.9667,90.87,42,86.9213,87.9394,90.3469,87.9394,"{""Chat"": 86.705, ""Control"": 95.028, ""File Transfer"": 79.31, ""Streaming"": 90.714}","{""Chat"": 78.947, ""Control"": 94.505, ""File Transfer"": 79.31, ""Streaming"": 96.947}","{""Chat"": 96.154, ""Control"": 95.556, ""File Transfer"": 79.31, ""Streaming"": 85.235}","{""Chat"": 156, ""Control"": 180, ""File Transfer"": 29, ""Streaming"": 298}","{""Chat"": 1.098854, ""Control"": 0.906619, ""File Transfer"": 5.9, ""Streaming"": 0.550215}","{""Chat"": 349, ""Control"": 423, ""File Transfer"": 65, ""Streaming"": 697}",9395396,checkpoints/VNAT_3s_tcp_duration_8feat_seed1/VNAT_3s_tcpdur_random70_stratified_flowlevel_splitseed42_8feat_timesnet_40ms_seed1.pth,38891010,75.5,OK,,"{""torch"": ""2.4.1+cu121"", ""cuda"": ""12.1"", ""gpu"": ""NVIDIA RTX A4500"", ""numpy"": ""1.26.0"", ""python"": ""3.10.12"", ""deterministic"": true, ""grad_clip_max_norm"": 1.0, ""CUBLAS_WORKSPACE_CONFIG"": "":4096:8"", ""CUDA_VISIBLE_DEVICES"": ""0""}",2026-08-21T15:53:18
VNAT_3s_tcpdur_random70_stratified_flowlevel_splitseed42_8feat_timesnet_40ms_seed2,VNAT,VNAT_3s_tcp_duration,3,random70_stratified_flowlevel_splitseed42,42,cac127f87b766f86,Validation,4,timesnet,8feat,40ms,76,8,2,256,1534,663,best_val,28,12345,0,True,True,1.0,9.4915,92.31,39,86.012,87.0758,90.1961,87.0758,"{""Chat"": 86.705, ""Control"": 95.055, ""File Transfer"": 75.862, ""Streaming"": 90.681}","{""Chat"": 78.947, ""Control"": 94.022, ""File Transfer"": 75.862, ""Streaming"": 97.308}","{""Chat"": 96.154, ""Control"": 96.111, ""File Transfer"": 75.862, ""Streaming"": 84.899}","{""Chat"": 156, ""Control"": 180, ""File Transfer"": 29, ""Streaming"": 298}","{""Chat"": 1.098854, ""Control"": 0.906619, ""File Transfer"": 5.9, ""Streaming"": 0.550215}","{""Chat"": 349, ""Control"": 423, ""File Transfer"": 65, ""Streaming"": 697}",9395396,checkpoints/VNAT_3s_tcp_duration_8feat_seed2/VNAT_3s_tcpdur_random70_stratified_flowlevel_splitseed42_8feat_timesnet_40ms_seed2.pth,38891010,69.5,OK,,"{""torch"": ""2.4.1+cu121"", ""cuda"": ""12.1"", ""gpu"": ""NVIDIA RTX A4500"", ""numpy"": ""1.26.0"", ""python"": ""3.10.12"", ""deterministic"": true, ""grad_clip_max_norm"": 1.0, ""CUBLAS_WORKSPACE_CONFIG"": "":4096:8"", ""CUDA_VISIBLE_DEVICES"": ""0""}",2026-08-21T15:54:28
VNAT_3s_tcpdur_random70_stratified_flowlevel_splitseed42_8feat_informer_40ms_seed0,VNAT,VNAT_3s_tcp_duration,3,random70_stratified_flowlevel_splitseed42,42,cac127f87b766f86,Validation,4,informer,8feat,40ms,76,8,0,64,1534,663,best_val,10,12345,0,True,True,1.0,32.3247,98.07,41,94.7638,93.2147,95.3243,91.9963,"{""Chat"": 93.93, ""Control"": 96.953, ""File Transfer"": 80.769, ""Streaming"": 96.333}","{""Chat"": 93.631, ""Control"": 96.685, ""File Transfer"": 91.304, ""Streaming"": 95.695}","{""Chat"": 94.231, ""Control"": 97.222, ""File Transfer"": 72.414, ""Streaming"": 96.98}","{""Chat"": 156, ""Control"": 180, ""File Transfer"": 29, ""Streaming"": 298}","{""Chat"": 1.098854, ""Control"": 0.906619, ""File Transfer"": 5.9, ""Streaming"": 0.550215}","{""Chat"": 349, ""Control"": 423, ""File Transfer"": 65, ""Streaming"": 697}",2758405,checkpoints/VNAT_3s_tcp_duration_8feat_seed0/VNAT_3s_tcpdur_random70_stratified_flowlevel_splitseed42_8feat_informer_40ms_seed0.pth,21317634,38.7,OK,,"{""torch"": ""2.4.1+cu121"", ""cuda"": ""12.1"", ""gpu"": ""NVIDIA RTX A4500"", ""numpy"": ""1.26.0"", ""python"": ""3.10.12"", ""deterministic"": true, ""grad_clip_max_norm"": 1.0, ""CUBLAS_WORKSPACE_CONFIG"": "":4096:8"", ""CUDA_VISIBLE_DEVICES"": ""0""}",2026-08-21T15:55:07
VNAT_3s_tcpdur_random70_stratified_flowlevel_splitseed42_8feat_informer_40ms_seed1,VNAT,VNAT_3s_tcp_duration,3,random70_stratified_flowlevel_splitseed42,42,cac127f87b766f86,Validation,4,informer,8feat,40ms,76,8,1,64,1534,663,best_val,25,12345,0,True,True,1.0,29.3824,83.9,37,97.6408,93.278,96.0784,93.278,"{""Chat"": 94.872, ""Control"": 97.765, ""File Transfer"": 83.636, ""Streaming"": 96.839}","{""Chat"": 94.872, ""Control"": 98.315, ""File Transfer"": 88.462, ""Streaming"": 96.04}","{""Chat"": 94.872, ""Control"": 97.222, ""File Transfer"": 79.31, ""Streaming"": 97.651}","{""Chat"": 156, ""Control"": 180, ""File Transfer"": 29, ""Streaming"": 298}","{""Chat"": 1.098854, ""Control"": 0.906619, ""File Transfer"": 5.9, ""Streaming"": 0.550215}","{""Chat"": 349, ""Control"": 423, ""File Transfer"": 65, ""Streaming"": 697}",2758405,checkpoints/VNAT_3s_tcp_duration_8feat_seed1/VNAT_3s_tcpdur_random70_stratified_flowlevel_splitseed42_8feat_informer_40ms_seed1.pth,21317634,34.6,OK,,"{""torch"": ""2.4.1+cu121"", ""cuda"": ""12.1"", ""gpu"": ""NVIDIA RTX A4500"", ""numpy"": ""1.26.0"", ""python"": ""3.10.12"", ""deterministic"": true, ""grad_clip_max_norm"": 1.0, ""CUBLAS_WORKSPACE_CONFIG"": "":4096:8"", ""CUDA_VISIBLE_DEVICES"": ""0""}",2026-08-21T15:55:41
VNAT_3s_tcpdur_random70_stratified_flowlevel_splitseed42_8feat_informer_40ms_seed2,VNAT,VNAT_3s_tcp_duration,3,random70_stratified_flowlevel_splitseed42,42,cac127f87b766f86,Validation,4,informer,8feat,40ms,76,8,2,64,1534,663,best_val,14,12345,0,True,True,1.0,29.6568,100.0,22,92.519,91.6777,92.7602,90.4792,"{""Chat"": 88.095, ""Control"": 97.238, ""File Transfer"": 83.019, ""Streaming"": 93.565}","{""Chat"": 82.222, ""Control"": 96.703, ""File Transfer"": 91.667, ""Streaming"": 97.112}","{""Chat"": 94.872, ""Control"": 97.778, ""File Transfer"": 75.862, ""Streaming"": 90.268}","{""Chat"": 156, ""Control"": 180, ""File Transfer"": 29, ""Streaming"": 298}","{""Chat"": 1.098854, ""Control"": 0.906619, ""File Transfer"": 5.9, ""Streaming"": 0.550215}","{""Chat"": 349, ""Control"": 423, ""File Transfer"": 65, ""Streaming"": 697}",2758405,checkpoints/VNAT_3s_tcp_duration_8feat_seed2/VNAT_3s_tcpdur_random70_stratified_flowlevel_splitseed42_8feat_informer_40ms_seed2.pth,21317634,21.1,OK,,"{""torch"": ""2.4.1+cu121"", ""cuda"": ""12.1"", ""gpu"": ""NVIDIA RTX A4500"", ""numpy"": ""1.26.0"", ""python"": ""3.10.12"", ""deterministic"": true, ""grad_clip_max_norm"": 1.0, ""CUBLAS_WORKSPACE_CONFIG"": "":4096:8"", ""CUDA_VISIBLE_DEVICES"": ""0""}",2026-08-21T15:56:03
VNAT_3s_tcpdur_random70_stratified_flowlevel_splitseed42_8feat_nst_40ms_seed0,VNAT,VNAT_3s_tcp_duration,3,random70_stratified_flowlevel_splitseed42,42,cac127f87b766f86,Validation,4,nst,8feat,40ms,76,8,0,64,1534,663,best_val,19,12345,0,True,True,1.0,13.0859,99.75,33,91.2073,89.9085,92.911,89.9085,"{""Chat"": 89.021, ""Control"": 96.721, ""File Transfer"": 80.0, ""Streaming"": 93.892}","{""Chat"": 82.873, ""Control"": 95.161, ""File Transfer"": 95.238, ""Streaming"": 97.818}","{""Chat"": 96.154, ""Control"": 98.333, ""File Transfer"": 68.966, ""Streaming"": 90.268}","{""Chat"": 156, ""Control"": 180, ""File Transfer"": 29, ""Streaming"": 298}","{""Chat"": 1.098854, ""Control"": 0.906619, ""File Transfer"": 5.9, ""Streaming"": 0.550215}","{""Chat"": 349, ""Control"": 423, ""File Transfer"": 65, ""Streaming"": 697}",147660,checkpoints/VNAT_3s_tcp_duration_8feat_seed0/VNAT_3s_tcpdur_random70_stratified_flowlevel_splitseed42_8feat_nst_40ms_seed0.pth,1898698,25.6,OK,,"{""torch"": ""2.4.1+cu121"", ""cuda"": ""12.1"", ""gpu"": ""NVIDIA RTX A4500"", ""numpy"": ""1.26.0"", ""python"": ""3.10.12"", ""deterministic"": true, ""grad_clip_max_norm"": 1.0, ""CUBLAS_WORKSPACE_CONFIG"": "":4096:8"", ""CUDA_VISIBLE_DEVICES"": ""0""}",2026-08-21T15:56:28
VNAT_3s_tcpdur_random70_stratified_flowlevel_splitseed42_8feat_nst_40ms_seed1,VNAT,VNAT_3s_tcp_duration,3,random70_stratified_flowlevel_splitseed42,42,cac127f87b766f86,Validation,4,nst,8feat,40ms,76,8,1,64,1534,663,best_val,12,12345,0,True,True,1.0,15.8513,99.85,28,90.2513,89.7153,92.1569,89.7153,"{""Chat"": 87.977, ""Control"": 96.458, ""File Transfer"": 81.633, ""Streaming"": 92.794}","{""Chat"": 81.081, ""Control"": 94.652, ""File Transfer"": 100.0, ""Streaming"": 97.417}","{""Chat"": 96.154, ""Control"": 98.333, ""File Transfer"": 68.966, ""Streaming"": 88.591}","{""Chat"": 156, ""Control"": 180, ""File Transfer"": 29, ""Streaming"": 298}","{""Chat"": 1.098854, ""Control"": 0.906619, ""File Transfer"": 5.9, ""Streaming"": 0.550215}","{""Chat"": 349, ""Control"": 423, ""File Transfer"": 65, ""Streaming"": 697}",147660,checkpoints/VNAT_3s_tcp_duration_8feat_seed1/VNAT_3s_tcpdur_random70_stratified_flowlevel_splitseed42_8feat_nst_40ms_seed1.pth,1898698,21.8,OK,,"{""torch"": ""2.4.1+cu121"", ""cuda"": ""12.1"", ""gpu"": ""NVIDIA RTX A4500"", ""numpy"": ""1.26.0"", ""python"": ""3.10.12"", ""deterministic"": true, ""grad_clip_max_norm"": 1.0, ""CUBLAS_WORKSPACE_CONFIG"": "":4096:8"", ""CUDA_VISIBLE_DEVICES"": ""0""}",2026-08-21T15:56:50
VNAT_3s_tcpdur_random70_stratified_flowlevel_splitseed42_8feat_nst_40ms_seed2,VNAT,VNAT_3s_tcp_duration,3,random70_stratified_flowlevel_splitseed42,42,cac127f87b766f86,Validation,4,nst,8feat,40ms,76,8,2,64,1534,663,best_val,12,12345,0,True,True,1.0,13.7586,98.96,32,90.851,92.2246,95.7768,92.2246,"{""Chat"": 94.872, ""Control"": 97.521, ""File Transfer"": 80.0, ""Streaming"": 96.506}","{""Chat"": 94.872, ""Control"": 96.721, ""File Transfer"": 95.238, ""Streaming"": 95.71}","{""Chat"": 94.872, ""Control"": 98.333, ""File Transfer"": 68.966, ""Streaming"": 97.315}","{""Chat"": 156, ""Control"": 180, ""File Transfer"": 29, ""Streaming"": 298}","{""Chat"": 1.098854, ""Control"": 0.906619, ""File Transfer"": 5.9, ""Streaming"": 0.550215}","{""Chat"": 349, ""Control"": 423, ""File Transfer"": 65, ""Streaming"": 697}",147660,checkpoints/VNAT_3s_tcp_duration_8feat_seed2/VNAT_3s_tcpdur_random70_stratified_flowlevel_splitseed42_8feat_nst_40ms_seed2.pth,1898698,24.9,OK,,"{""torch"": ""2.4.1+cu121"", ""cuda"": ""12.1"", ""gpu"": ""NVIDIA RTX A4500"", ""numpy"": ""1.26.0"", ""python"": ""3.10.12"", ""deterministic"": true, ""grad_clip_max_norm"": 1.0, ""CUBLAS_WORKSPACE_CONFIG"": "":4096:8"", ""CUDA_VISIBLE_DEVICES"": ""0""}",2026-08-21T15:57:16
VNAT_3s_tcpdur_random70_stratified_flowlevel_splitseed42_8feat_autoformer_40ms_seed0,VNAT,VNAT_3s_tcp_duration,3,random70_stratified_flowlevel_splitseed42,42,cac127f87b766f86,Validation,4,autoformer,8feat,40ms,76,8,0,256,1534,663,best_val,18,12345,0,True,True,1.0,6.4376,100.0,28,86.5577,86.5953,89.1403,86.5953,"{""Chat"": 82.927, ""Control"": 95.368, ""File Transfer"": 78.431, ""Streaming"": 89.655}","{""Chat"": 79.07, ""Control"": 93.583, ""File Transfer"": 90.909, ""Streaming"": 92.199}","{""Chat"": 87.179, ""Control"": 97.222, ""File Transfer"": 68.966, ""Streaming"": 87.248}","{""Chat"": 156, ""Control"": 180, ""File Transfer"": 29, ""Streaming"": 298}","{""Chat"": 1.098854, ""Control"": 0.906619, ""File Transfer"": 5.9, ""Streaming"": 0.550215}","{""Chat"": 349, ""Control"": 423, ""File Transfer"": 65, ""Streaming"": 697}",120260,checkpoints/VNAT_3s_tcp_duration_8feat_seed0/VNAT_3s_tcpdur_random70_stratified_flowlevel_splitseed42_8feat_autoformer_40ms_seed0.pth,1778530,11.7,OK,,"{""torch"": ""2.4.1+cu121"", ""cuda"": ""12.1"", ""gpu"": ""NVIDIA RTX A4500"", ""numpy"": ""1.26.0"", ""python"": ""3.10.12"", ""deterministic"": true, ""grad_clip_max_norm"": 1.0, ""CUBLAS_WORKSPACE_CONFIG"": "":4096:8"", ""CUDA_VISIBLE_DEVICES"": ""0""}",2026-08-21T15:57:27
VNAT_3s_tcpdur_random70_stratified_flowlevel_splitseed42_8feat_autoformer_40ms_seed1,VNAT,VNAT_3s_tcp_duration,3,random70_stratified_flowlevel_splitseed42,42,cac127f87b766f86,Validation,4,autoformer,8feat,40ms,76,8,1,256,1534,663,best_val,22,12345,0,True,True,1.0,8.0723,100.0,44,88.1054,87.9748,90.3469,87.9748,"{""Chat"": 84.177, ""Control"": 95.89, ""File Transfer"": 80.769, ""Streaming"": 91.062}","{""Chat"": 83.125, ""Control"": 94.595, ""File Transfer"": 91.304, ""Streaming"": 91.525}","{""Chat"": 85.256, ""Control"": 97.222, ""File Transfer"": 72.414, ""Streaming"": 90.604}","{""Chat"": 156, ""Control"": 180, ""File Transfer"": 29, ""Streaming"": 298}","{""Chat"": 1.098854, ""Control"": 0.906619, ""File Transfer"": 5.9, ""Streaming"": 0.550215}","{""Chat"": 349, ""Control"": 423, ""File Transfer"": 65, ""Streaming"": 697}",120260,checkpoints/VNAT_3s_tcp_duration_8feat_seed1/VNAT_3s_tcpdur_random70_stratified_flowlevel_splitseed42_8feat_autoformer_40ms_seed1.pth,1778530,18.5,OK,,"{""torch"": ""2.4.1+cu121"", ""cuda"": ""12.1"", ""gpu"": ""NVIDIA RTX A4500"", ""numpy"": ""1.26.0"", ""python"": ""3.10.12"", ""deterministic"": true, ""grad_clip_max_norm"": 1.0, ""CUBLAS_WORKSPACE_CONFIG"": "":4096:8"", ""CUDA_VISIBLE_DEVICES"": ""0""}",2026-08-21T15:57:46
VNAT_3s_tcpdur_random70_stratified_flowlevel_splitseed42_8feat_autoformer_40ms_seed2,VNAT,VNAT_3s_tcp_duration,3,random70_stratified_flowlevel_splitseed42,42,cac127f87b766f86,Validation,4,autoformer,8feat,40ms,76,8,2,256,1534,663,best_val,18,12345,0,True,True,1.0,6.9078,100.0,32,86.1067,87.5187,90.1961,87.5187,"{""Chat"": 85.882, ""Control"": 95.109, ""File Transfer"": 78.431, ""Streaming"": 90.653}","{""Chat"": 79.348, ""Control"": 93.085, ""File Transfer"": 90.909, ""Streaming"": 95.539}","{""Chat"": 93.59, ""Control"": 97.222, ""File Transfer"": 68.966, ""Streaming"": 86.242}","{""Chat"": 156, ""Control"": 180, ""File Transfer"": 29, ""Streaming"": 298}","{""Chat"": 1.098854, ""Control"": 0.906619, ""File Transfer"": 5.9, ""Streaming"": 0.550215}","{""Chat"": 349, ""Control"": 423, ""File Transfer"": 65, ""Streaming"": 697}",120260,checkpoints/VNAT_3s_tcp_duration_8feat_seed2/VNAT_3s_tcpdur_random70_stratified_flowlevel_splitseed42_8feat_autoformer_40ms_seed2.pth,1778530,13.8,OK,,"{""torch"": ""2.4.1+cu121"", ""cuda"": ""12.1"", ""gpu"": ""NVIDIA RTX A4500"", ""numpy"": ""1.26.0"", ""python"": ""3.10.12"", ""deterministic"": true, ""grad_clip_max_norm"": 1.0, ""CUBLAS_WORKSPACE_CONFIG"": "":4096:8"", ""CUDA_VISIBLE_DEVICES"": ""0""}",2026-08-21T15:58:00
VNAT_3s_tcpdur_random70_stratified_flowlevel_splitseed42_8feat_fedformer_40ms_seed0,VNAT,VNAT_3s_tcp_duration,3,random70_stratified_flowlevel_splitseed42,42,cac127f87b766f86,Validation,4,fedformer,8feat,40ms,76,8,0,256,1534,663,best_val,27,12345,4,True,True,1.0,7.4372,99.54,36,85.6346,85.5196,87.4811,85.5196,"{""Chat"": 84.091, ""Control"": 92.632, ""File Transfer"": 78.431, ""Streaming"": 86.924}","{""Chat"": 75.51, ""Control"": 88.0, ""File Transfer"": 90.909, ""Streaming"": 96.327}","{""Chat"": 94.872, ""Control"": 97.778, ""File Transfer"": 68.966, ""Streaming"": 79.195}","{""Chat"": 156, ""Control"": 180, ""File Transfer"": 29, ""Streaming"": 298}","{""Chat"": 1.098854, ""Control"": 0.906619, ""File Transfer"": 5.9, ""Streaming"": 0.550215}","{""Chat"": 349, ""Control"": 423, ""File Transfer"": 65, ""Streaming"": 697}",330565,checkpoints/VNAT_3s_tcp_duration_8feat_seed0/VNAT_3s_tcpdur_random70_stratified_flowlevel_splitseed42_8feat_fedformer_40ms_seed0.pth,3918315,73.7,OK,,"{""torch"": ""2.4.1+cu121"", ""cuda"": ""12.1"", ""gpu"": ""NVIDIA RTX A4500"", ""numpy"": ""1.26.0"", ""python"": ""3.10.12"", ""deterministic"": true, ""grad_clip_max_norm"": 1.0, ""CUBLAS_WORKSPACE_CONFIG"": "":4096:8"", ""CUDA_VISIBLE_DEVICES"": ""0""}",2026-08-21T15:59:14
VNAT_3s_tcpdur_random70_stratified_flowlevel_splitseed42_8feat_fedformer_40ms_seed1,VNAT,VNAT_3s_tcp_duration,3,random70_stratified_flowlevel_splitseed42,42,cac127f87b766f86,Validation,4,fedformer,8feat,40ms,76,8,1,256,1534,663,best_val,27,12345,4,True,True,1.0,8.2366,99.12,38,89.1742,87.1259,90.0452,87.1259,"{""Chat"": 86.286, ""Control"": 94.879, ""File Transfer"": 76.923, ""Streaming"": 90.416}","{""Chat"": 77.835, ""Control"": 92.147, ""File Transfer"": 86.957, ""Streaming"": 98.039}","{""Chat"": 96.795, ""Control"": 97.778, ""File Transfer"": 68.966, ""Streaming"": 83.893}","{""Chat"": 156, ""Control"": 180, ""File Transfer"": 29, ""Streaming"": 298}","{""Chat"": 1.098854, ""Control"": 0.906619, ""File Transfer"": 5.9, ""Streaming"": 0.550215}","{""Chat"": 349, ""Control"": 423, ""File Transfer"": 65, ""Streaming"": 697}",330565,checkpoints/VNAT_3s_tcp_duration_8feat_seed1/VNAT_3s_tcpdur_random70_stratified_flowlevel_splitseed42_8feat_fedformer_40ms_seed1.pth,3918315,76.6,OK,,"{""torch"": ""2.4.1+cu121"", ""cuda"": ""12.1"", ""gpu"": ""NVIDIA RTX A4500"", ""numpy"": ""1.26.0"", ""python"": ""3.10.12"", ""deterministic"": true, ""grad_clip_max_norm"": 1.0, ""CUBLAS_WORKSPACE_CONFIG"": "":4096:8"", ""CUDA_VISIBLE_DEVICES"": ""0""}",2026-08-21T16:00:31
VNAT_3s_tcpdur_random70_stratified_flowlevel_splitseed42_8feat_fedformer_40ms_seed2,VNAT,VNAT_3s_tcp_duration,3,random70_stratified_flowlevel_splitseed42,42,cac127f87b766f86,Validation,4,fedformer,8feat,40ms,76,8,2,256,1534,663,best_val,28,12345,4,True,True,1.0,6.4637,96.58,39,86.1287,87.0927,89.5928,87.0927,"{""Chat"": 85.714, ""Control"": 94.37, ""File Transfer"": 78.431, ""Streaming"": 89.855}","{""Chat"": 77.32, ""Control"": 91.192, ""File Transfer"": 90.909, ""Streaming"": 97.638}","{""Chat"": 96.154, ""Control"": 97.778, ""File Transfer"": 68.966, ""Streaming"": 83.221}","{""Chat"": 156, ""Control"": 180, ""File Transfer"": 29, ""Streaming"": 298}","{""Chat"": 1.098854, ""Control"": 0.906619, ""File Transfer"": 5.9, ""Streaming"": 0.550215}","{""Chat"": 349, ""Control"": 423, ""File Transfer"": 65, ""Streaming"": 697}",330565,checkpoints/VNAT_3s_tcp_duration_8feat_seed2/VNAT_3s_tcpdur_random70_stratified_flowlevel_splitseed42_8feat_fedformer_40ms_seed2.pth,3918315,78.2,OK,,"{""torch"": ""2.4.1+cu121"", ""cuda"": ""12.1"", ""gpu"": ""NVIDIA RTX A4500"", ""numpy"": ""1.26.0"", ""python"": ""3.10.12"", ""deterministic"": true, ""grad_clip_max_norm"": 1.0, ""CUBLAS_WORKSPACE_CONFIG"": "":4096:8"", ""CUDA_VISIBLE_DEVICES"": ""0""}",2026-08-21T16:01:50
VNAT_3s_tcpdur_random70_stratified_flowlevel_splitseed42_8feat_timemixer_40ms_seed0,VNAT,VNAT_3s_tcp_duration,3,random70_stratified_flowlevel_splitseed42,42,cac127f87b766f86,Validation,4,timemixer,8feat,40ms,76,8,0,256,1534,663,best_val,24,12345,0,True,True,1.0,25.8215,53.85,52,84.8624,86.0494,88.9894,86.0494,"{""Chat"": 86.957, ""Control"": 92.8, ""File Transfer"": 75.472, ""Streaming"": 88.969}","{""Chat"": 79.365, ""Control"": 89.231, ""File Transfer"": 83.333, ""Streaming"": 96.471}","{""Chat"": 96.154, ""Control"": 96.667, ""File Transfer"": 68.966, ""Streaming"": 82.55}","{""Chat"": 156, ""Control"": 180, ""File Transfer"": 29, ""Streaming"": 298}","{""Chat"": 1.098854, ""Control"": 0.906619, ""File Transfer"": 5.9, ""Streaming"": 0.550215}","{""Chat"": 349, ""Control"": 423, ""File Transfer"": 65, ""Streaming"": 697}",187146,checkpoints/VNAT_3s_tcp_duration_8feat_seed0/VNAT_3s_tcpdur_random70_stratified_flowlevel_splitseed42_8feat_timemixer_40ms_seed0.pth,2065094,17.5,OK,,"{""torch"": ""2.4.1+cu121"", ""cuda"": ""12.1"", ""gpu"": ""NVIDIA RTX A4500"", ""numpy"": ""1.26.0"", ""python"": ""3.10.12"", ""deterministic"": true, ""grad_clip_max_norm"": 1.0, ""CUBLAS_WORKSPACE_CONFIG"": "":4096:8"", ""CUDA_VISIBLE_DEVICES"": ""0""}",2026-08-21T16:02:07
VNAT_3s_tcpdur_random70_stratified_flowlevel_splitseed42_8feat_timemixer_40ms_seed1,VNAT,VNAT_3s_tcp_duration,3,random70_stratified_flowlevel_splitseed42,42,cac127f87b766f86,Validation,4,timemixer,8feat,40ms,76,8,1,256,1534,663,best_val,26,12345,0,True,True,1.0,15.7465,51.19,56,85.3407,85.4861,88.2353,85.4861,"{""Chat"": 86.455, ""Control"": 92.105, ""File Transfer"": 75.472, ""Streaming"": 87.912}","{""Chat"": 78.534, ""Control"": 87.5, ""File Transfer"": 83.333, ""Streaming"": 96.774}","{""Chat"": 96.154, ""Control"": 97.222, ""File Transfer"": 68.966, ""Streaming"": 80.537}","{""Chat"": 156, ""Control"": 180, ""File Transfer"": 29, ""Streaming"": 298}","{""Chat"": 1.098854, ""Control"": 0.906619, ""File Transfer"": 5.9, ""Streaming"": 0.550215}","{""Chat"": 349, ""Control"": 423, ""File Transfer"": 65, ""Streaming"": 697}",187146,checkpoints/VNAT_3s_tcp_duration_8feat_seed1/VNAT_3s_tcpdur_random70_stratified_flowlevel_splitseed42_8feat_timemixer_40ms_seed1.pth,2065094,22.4,OK,,"{""torch"": ""2.4.1+cu121"", ""cuda"": ""12.1"", ""gpu"": ""NVIDIA RTX A4500"", ""numpy"": ""1.26.0"", ""python"": ""3.10.12"", ""deterministic"": true, ""grad_clip_max_norm"": 1.0, ""CUBLAS_WORKSPACE_CONFIG"": "":4096:8"", ""CUDA_VISIBLE_DEVICES"": ""0""}",2026-08-21T16:02:30
VNAT_3s_tcpdur_random70_stratified_flowlevel_splitseed42_8feat_timemixer_40ms_seed2,VNAT,VNAT_3s_tcp_duration,3,random70_stratified_flowlevel_splitseed42,42,cac127f87b766f86,Validation,4,timemixer,8feat,40ms,76,8,2,256,1534,663,best_val,41,12345,0,True,True,1.0,16.6365,53.67,59,85.9593,85.8772,88.0845,85.8772,"{""Chat"": 82.985, ""Control"": 94.149, ""File Transfer"": 78.431, ""Streaming"": 87.943}","{""Chat"": 77.654, ""Control"": 90.306, ""File Transfer"": 90.909, ""Streaming"": 93.233}","{""Chat"": 89.103, ""Control"": 98.333, ""File Transfer"": 68.966, ""Streaming"": 83.221}","{""Chat"": 156, ""Control"": 180, ""File Transfer"": 29, ""Streaming"": 298}","{""Chat"": 1.098854, ""Control"": 0.906619, ""File Transfer"": 5.9, ""Streaming"": 0.550215}","{""Chat"": 349, ""Control"": 423, ""File Transfer"": 65, ""Streaming"": 697}",187146,checkpoints/VNAT_3s_tcp_duration_8feat_seed2/VNAT_3s_tcpdur_random70_stratified_flowlevel_splitseed42_8feat_timemixer_40ms_seed2.pth,2065094,19.8,OK,,"{""torch"": ""2.4.1+cu121"", ""cuda"": ""12.1"", ""gpu"": ""NVIDIA RTX A4500"", ""numpy"": ""1.26.0"", ""python"": ""3.10.12"", ""deterministic"": true, ""grad_clip_max_norm"": 1.0, ""CUBLAS_WORKSPACE_CONFIG"": "":4096:8"", ""CUDA_VISIBLE_DEVICES"": ""0""}",2026-08-21T16:02:50
VNAT_3s_tcpdur_random70_stratified_flowlevel_splitseed42_8feat_timesnet_50ms_seed0,VNAT,VNAT_3s_tcp_duration,3,random70_stratified_flowlevel_splitseed42,42,cac127f87b766f86,Validation,4,timesnet,8feat,50ms,61,8,0,256,1534,663,best_val,25,12345,0,True,True,1.0,9.0408,99.49,33,85.7806,84.6119,85.822,84.6119,"{""Chat"": 82.123, ""Control"": 91.623, ""File Transfer"": 80.0, ""Streaming"": 84.701}","{""Chat"": 72.772, ""Control"": 86.634, ""File Transfer"": 95.238, ""Streaming"": 95.378}","{""Chat"": 94.231, ""Control"": 97.222, ""File Transfer"": 68.966, ""Streaming"": 76.174}","{""Chat"": 156, ""Control"": 180, ""File Transfer"": 29, ""Streaming"": 298}","{""Chat"": 1.098854, ""Control"": 0.906619, ""File Transfer"": 5.9, ""Streaming"": 0.550215}","{""Chat"": 349, ""Control"": 423, ""File Transfer"": 65, ""Streaming"": 697}",9391556,checkpoints/VNAT_3s_tcp_duration_8feat_seed0/VNAT_3s_tcpdur_random70_stratified_flowlevel_splitseed42_8feat_timesnet_50ms_seed0.pth,38875650,62.2,OK,,"{""torch"": ""2.4.1+cu121"", ""cuda"": ""12.1"", ""gpu"": ""NVIDIA RTX A4500"", ""numpy"": ""1.26.0"", ""python"": ""3.10.12"", ""deterministic"": true, ""grad_clip_max_norm"": 1.0, ""CUBLAS_WORKSPACE_CONFIG"": "":4096:8"", ""CUDA_VISIBLE_DEVICES"": ""0""}",2026-08-21T16:03:53
VNAT_3s_tcpdur_random70_stratified_flowlevel_splitseed42_8feat_timesnet_50ms_seed1,VNAT,VNAT_3s_tcp_duration,3,random70_stratified_flowlevel_splitseed42,42,cac127f87b766f86,Validation,4,timesnet,8feat,50ms,61,8,1,256,1534,663,best_val,27,12345,0,True,True,1.0,7.921,98.65,37,86.2414,85.1611,86.5762,85.1611,"{""Chat"": 82.72, ""Control"": 92.105, ""File Transfer"": 80.0, ""Streaming"": 85.82}","{""Chat"": 74.112, ""Control"": 87.5, ""File Transfer"": 95.238, ""Streaming"": 95.102}","{""Chat"": 93.59, ""Control"": 97.222, ""File Transfer"": 68.966, ""Streaming"": 78.188}","{""Chat"": 156, ""Control"": 180, ""File Transfer"": 29, ""Streaming"": 298}","{""Chat"": 1.098854, ""Control"": 0.906619, ""File Transfer"": 5.9, ""Streaming"": 0.550215}","{""Chat"": 349, ""Control"": 423, ""File Transfer"": 65, ""Streaming"": 697}",9391556,checkpoints/VNAT_3s_tcp_duration_8feat_seed1/VNAT_3s_tcpdur_random70_stratified_flowlevel_splitseed42_8feat_timesnet_50ms_seed1.pth,38875650,76.1,OK,,"{""torch"": ""2.4.1+cu121"", ""cuda"": ""12.1"", ""gpu"": ""NVIDIA RTX A4500"", ""numpy"": ""1.26.0"", ""python"": ""3.10.12"", ""deterministic"": true, ""grad_clip_max_norm"": 1.0, ""CUBLAS_WORKSPACE_CONFIG"": "":4096:8"", ""CUDA_VISIBLE_DEVICES"": ""0""}",2026-08-21T16:05:09
VNAT_3s_tcpdur_random70_stratified_flowlevel_splitseed42_8feat_timesnet_50ms_seed2,VNAT,VNAT_3s_tcp_duration,3,random70_stratified_flowlevel_splitseed42,42,cac127f87b766f86,Validation,4,timesnet,8feat,50ms,61,8,2,256,1534,663,best_val,20,12345,0,True,True,1.0,7.7062,96.67,35,86.0909,85.4134,86.8778,85.4134,"{""Chat"": 83.473, ""Control"": 92.147, ""File Transfer"": 80.0, ""Streaming"": 86.034}","{""Chat"": 74.129, ""Control"": 87.129, ""File Transfer"": 95.238, ""Streaming"": 96.653}","{""Chat"": 95.513, ""Control"": 97.778, ""File Transfer"": 68.966, ""Streaming"": 77.517}","{""Chat"": 156, ""Control"": 180, ""File Transfer"": 29, ""Streaming"": 298}","{""Chat"": 1.098854, ""Control"": 0.906619, ""File Transfer"": 5.9, ""Streaming"": 0.550215}","{""Chat"": 349, ""Control"": 423, ""File Transfer"": 65, ""Streaming"": 697}",9391556,checkpoints/VNAT_3s_tcp_duration_8feat_seed2/VNAT_3s_tcpdur_random70_stratified_flowlevel_splitseed42_8feat_timesnet_50ms_seed2.pth,38875650,78.2,OK,,"{""torch"": ""2.4.1+cu121"", ""cuda"": ""12.1"", ""gpu"": ""NVIDIA RTX A4500"", ""numpy"": ""1.26.0"", ""python"": ""3.10.12"", ""deterministic"": true, ""grad_clip_max_norm"": 1.0, ""CUBLAS_WORKSPACE_CONFIG"": "":4096:8"", ""CUDA_VISIBLE_DEVICES"": ""0""}",2026-08-21T16:06:28
VNAT_3s_tcpdur_random70_stratified_flowlevel_splitseed42_8feat_informer_50ms_seed0,VNAT,VNAT_3s_tcp_duration,3,random70_stratified_flowlevel_splitseed42,42,cac127f87b766f86,Validation,4,informer,8feat,50ms,61,8,0,64,1534,663,best_val,8,12345,0,True,True,1.0,26.6909,100.0,27,90.8482,90.6547,94.2685,90.7658,"{""Chat"": 91.25, ""Control"": 97.521, ""File Transfer"": 79.167, ""Streaming"": 95.126}","{""Chat"": 89.024, ""Control"": 96.721, ""File Transfer"": 100.0, ""Streaming"": 95.286}","{""Chat"": 93.59, ""Control"": 98.333, ""File Transfer"": 65.517, ""Streaming"": 94.966}","{""Chat"": 156, ""Control"": 180, ""File Transfer"": 29, ""Streaming"": 298}","{""Chat"": 1.098854, ""Control"": 0.906619, ""File Transfer"": 5.9, ""Streaming"": 0.550215}","{""Chat"": 349, ""Control"": 423, ""File Transfer"": 65, ""Streaming"": 697}",2743045,checkpoints/VNAT_3s_tcp_duration_8feat_seed0/VNAT_3s_tcpdur_random70_stratified_flowlevel_splitseed42_8feat_informer_50ms_seed0.pth,21256194,25.5,OK,,"{""torch"": ""2.4.1+cu121"", ""cuda"": ""12.1"", ""gpu"": ""NVIDIA RTX A4500"", ""numpy"": ""1.26.0"", ""python"": ""3.10.12"", ""deterministic"": true, ""grad_clip_max_norm"": 1.0, ""CUBLAS_WORKSPACE_CONFIG"": "":4096:8"", ""CUDA_VISIBLE_DEVICES"": ""0""}",2026-08-21T16:06:54
VNAT_3s_tcpdur_random70_stratified_flowlevel_splitseed42_8feat_informer_50ms_seed1,VNAT,VNAT_3s_tcp_duration,3,random70_stratified_flowlevel_splitseed42,42,cac127f87b766f86,Validation,4,informer,8feat,50ms,61,8,1,64,1534,663,best_val,11,12345,0,True,True,1.0,25.8091,99.85,28,92.9393,91.9663,94.5701,92.0816,"{""Chat"": 91.25, ""Control"": 97.79, ""File Transfer"": 84.0, ""Streaming"": 95.286}","{""Chat"": 89.024, ""Control"": 97.253, ""File Transfer"": 100.0, ""Streaming"": 95.608}","{""Chat"": 93.59, ""Control"": 98.333, ""File Transfer"": 72.414, ""Streaming"": 94.966}","{""Chat"": 156, ""Control"": 180, ""File Transfer"": 29, ""Streaming"": 298}","{""Chat"": 1.098854, ""Control"": 0.906619, ""File Transfer"": 5.9, ""Streaming"": 0.550215}","{""Chat"": 349, ""Control"": 423, ""File Transfer"": 65, ""Streaming"": 697}",2743045,checkpoints/VNAT_3s_tcp_duration_8feat_seed1/VNAT_3s_tcpdur_random70_stratified_flowlevel_splitseed42_8feat_informer_50ms_seed1.pth,21256194,26.2,OK,,"{""torch"": ""2.4.1+cu121"", ""cuda"": ""12.1"", ""gpu"": ""NVIDIA RTX A4500"", ""numpy"": ""1.26.0"", ""python"": ""3.10.12"", ""deterministic"": true, ""grad_clip_max_norm"": 1.0, ""CUBLAS_WORKSPACE_CONFIG"": "":4096:8"", ""CUDA_VISIBLE_DEVICES"": ""0""}",2026-08-21T16:07:21
VNAT_3s_tcpdur_random70_stratified_flowlevel_splitseed42_8feat_informer_50ms_seed2,VNAT,VNAT_3s_tcp_duration,3,random70_stratified_flowlevel_splitseed42,42,cac127f87b766f86,Validation,4,informer,8feat,50ms,61,8,2,64,1534,663,best_val,25,12345,0,True,True,1.0,24.1077,100.0,33,92.821,91.2196,93.816,90.9906,"{""Chat"": 90.123, ""Control"": 97.79, ""File Transfer"": 81.633, ""Streaming"": 94.416}","{""Chat"": 86.905, ""Control"": 97.253, ""File Transfer"": 100.0, ""Streaming"": 95.222}","{""Chat"": 93.59, ""Control"": 98.333, ""File Transfer"": 68.966, ""Streaming"": 93.624}","{""Chat"": 156, ""Control"": 180, ""File Transfer"": 29, ""Streaming"": 298}","{""Chat"": 1.098854, ""Control"": 0.906619, ""File Transfer"": 5.9, ""Streaming"": 0.550215}","{""Chat"": 349, ""Control"": 423, ""File Transfer"": 65, ""Streaming"": 697}",2743045,checkpoints/VNAT_3s_tcp_duration_8feat_seed2/VNAT_3s_tcpdur_random70_stratified_flowlevel_splitseed42_8feat_informer_50ms_seed2.pth,21256194,27.2,OK,,"{""torch"": ""2.4.1+cu121"", ""cuda"": ""12.1"", ""gpu"": ""NVIDIA RTX A4500"", ""numpy"": ""1.26.0"", ""python"": ""3.10.12"", ""deterministic"": true, ""grad_clip_max_norm"": 1.0, ""CUBLAS_WORKSPACE_CONFIG"": "":4096:8"", ""CUDA_VISIBLE_DEVICES"": ""0""}",2026-08-21T16:07:48
VNAT_3s_tcpdur_random70_stratified_flowlevel_splitseed42_8feat_nst_50ms_seed0,VNAT,VNAT_3s_tcp_duration,3,random70_stratified_flowlevel_splitseed42,42,cac127f87b766f86,Validation,4,nst,8feat,50ms,61,8,0,64,1534,663,best_val,10,12345,0,True,True,1.0,14.4905,100.0,31,87.9454,88.9464,91.1011,88.9464,"{""Chat"": 85.143, ""Control"": 97.521, ""File Transfer"": 81.633, ""Streaming"": 91.489}","{""Chat"": 76.804, ""Control"": 96.721, ""File Transfer"": 100.0, ""Streaming"": 96.992}","{""Chat"": 95.513, ""Control"": 98.333, ""File Transfer"": 68.966, ""Streaming"": 86.577}","{""Chat"": 156, ""Control"": 180, ""File Transfer"": 29, ""Streaming"": 298}","{""Chat"": 1.098854, ""Control"": 0.906619, ""File Transfer"": 5.9, ""Streaming"": 0.550215}","{""Chat"": 349, ""Control"": 423, ""File Transfer"": 65, ""Streaming"": 697}",142770,checkpoints/VNAT_3s_tcp_duration_8feat_seed0/VNAT_3s_tcpdur_random70_stratified_flowlevel_splitseed42_8feat_nst_50ms_seed0.pth,1879114,16.9,OK,,"{""torch"": ""2.4.1+cu121"", ""cuda"": ""12.1"", ""gpu"": ""NVIDIA RTX A4500"", ""numpy"": ""1.26.0"", ""python"": ""3.10.12"", ""deterministic"": true, ""grad_clip_max_norm"": 1.0, ""CUBLAS_WORKSPACE_CONFIG"": "":4096:8"", ""CUDA_VISIBLE_DEVICES"": ""0""}",2026-08-21T16:08:06
VNAT_3s_tcpdur_random70_stratified_flowlevel_splitseed42_8feat_nst_50ms_seed1,VNAT,VNAT_3s_tcp_duration,3,random70_stratified_flowlevel_splitseed42,42,cac127f87b766f86,Validation,4,nst,8feat,50ms,61,8,1,64,1534,663,best_val,17,12345,0,True,True,1.0,12.5961,99.87,31,89.1483,89.0238,91.2519,89.0238,"{""Chat"": 85.632, ""Control"": 96.986, ""File Transfer"": 81.633, ""Streaming"": 91.844}","{""Chat"": 77.604, ""Control"": 95.676, ""File Transfer"": 100.0, ""Streaming"": 97.368}","{""Chat"": 95.513, ""Control"": 98.333, ""File Transfer"": 68.966, ""Streaming"": 86.913}","{""Chat"": 156, ""Control"": 180, ""File Transfer"": 29, ""Streaming"": 298}","{""Chat"": 1.098854, ""Control"": 0.906619, ""File Transfer"": 5.9, ""Streaming"": 0.550215}","{""Chat"": 349, ""Control"": 423, ""File Transfer"": 65, ""Streaming"": 697}",142770,checkpoints/VNAT_3s_tcp_duration_8feat_seed1/VNAT_3s_tcpdur_random70_stratified_flowlevel_splitseed42_8feat_nst_50ms_seed1.pth,1879114,17.4,OK,,"{""torch"": ""2.4.1+cu121"", ""cuda"": ""12.1"", ""gpu"": ""NVIDIA RTX A4500"", ""numpy"": ""1.26.0"", ""python"": ""3.10.12"", ""deterministic"": true, ""grad_clip_max_norm"": 1.0, ""CUBLAS_WORKSPACE_CONFIG"": "":4096:8"", ""CUDA_VISIBLE_DEVICES"": ""0""}",2026-08-21T16:08:23
VNAT_3s_tcpdur_random70_stratified_flowlevel_splitseed42_8feat_nst_50ms_seed2,VNAT,VNAT_3s_tcp_duration,3,random70_stratified_flowlevel_splitseed42,42,cac127f87b766f86,Validation,4,nst,8feat,50ms,61,8,2,64,1534,663,best_val,21,12345,0,True,True,1.0,13.5846,100.0,33,90.432,90.6821,94.1176,90.6821,"{""Chat"": 91.411, ""Control"": 97.253, ""File Transfer"": 79.167, ""Streaming"": 94.898}","{""Chat"": 87.647, ""Control"": 96.196, ""File Transfer"": 100.0, ""Streaming"": 96.207}","{""Chat"": 95.513, ""Control"": 98.333, ""File Transfer"": 65.517, ""Streaming"": 93.624}","{""Chat"": 156, ""Control"": 180, ""File Transfer"": 29, ""Streaming"": 298}","{""Chat"": 1.098854, ""Control"": 0.906619, ""File Transfer"": 5.9, ""Streaming"": 0.550215}","{""Chat"": 349, ""Control"": 423, ""File Transfer"": 65, ""Streaming"": 697}",142770,checkpoints/VNAT_3s_tcp_duration_8feat_seed2/VNAT_3s_tcpdur_random70_stratified_flowlevel_splitseed42_8feat_nst_50ms_seed2.pth,1879114,25.6,OK,,"{""torch"": ""2.4.1+cu121"", ""cuda"": ""12.1"", ""gpu"": ""NVIDIA RTX A4500"", ""numpy"": ""1.26.0"", ""python"": ""3.10.12"", ""deterministic"": true, ""grad_clip_max_norm"": 1.0, ""CUBLAS_WORKSPACE_CONFIG"": "":4096:8"", ""CUDA_VISIBLE_DEVICES"": ""0""}",2026-08-21T16:08:49
VNAT_3s_tcpdur_random70_stratified_flowlevel_splitseed42_8feat_autoformer_50ms_seed0,VNAT,VNAT_3s_tcp_duration,3,random70_stratified_flowlevel_splitseed42,42,cac127f87b766f86,Validation,4,autoformer,8feat,50ms,61,8,0,256,1534,663,best_val,14,12345,0,True,True,1.0,5.7971,100.0,27,83.8784,83.4664,85.3695,83.4664,"{""Chat"": 78.717, ""Control"": 93.333, ""File Transfer"": 76.923, ""Streaming"": 84.892}","{""Chat"": 72.193, ""Control"": 89.744, ""File Transfer"": 86.957, ""Streaming"": 91.473}","{""Chat"": 86.538, ""Control"": 97.222, ""File Transfer"": 68.966, ""Streaming"": 79.195}","{""Chat"": 156, ""Control"": 180, ""File Transfer"": 29, ""Streaming"": 298}","{""Chat"": 1.098854, ""Control"": 0.906619, ""File Transfer"": 5.9, ""Streaming"": 0.550215}","{""Chat"": 349, ""Control"": 423, ""File Transfer"": 65, ""Streaming"": 697}",116420,checkpoints/VNAT_3s_tcp_duration_8feat_seed0/VNAT_3s_tcpdur_random70_stratified_flowlevel_splitseed42_8feat_autoformer_50ms_seed0.pth,1763170,9.9,OK,,"{""torch"": ""2.4.1+cu121"", ""cuda"": ""12.1"", ""gpu"": ""NVIDIA RTX A4500"", ""numpy"": ""1.26.0"", ""python"": ""3.10.12"", ""deterministic"": true, ""grad_clip_max_norm"": 1.0, ""CUBLAS_WORKSPACE_CONFIG"": "":4096:8"", ""CUDA_VISIBLE_DEVICES"": ""0""}",2026-08-21T16:08:59
VNAT_3s_tcpdur_random70_stratified_flowlevel_splitseed42_8feat_autoformer_50ms_seed1,VNAT,VNAT_3s_tcp_duration,3,random70_stratified_flowlevel_splitseed42,42,cac127f87b766f86,Validation,4,autoformer,8feat,50ms,61,8,1,256,1534,663,best_val,18,12345,0,True,True,1.0,5.6731,100.0,32,85.9762,84.0382,86.1237,84.0382,"{""Chat"": 79.882, ""Control"": 93.583, ""File Transfer"": 76.923, ""Streaming"": 85.765}","{""Chat"": 74.176, ""Control"": 90.206, ""File Transfer"": 86.957, ""Streaming"": 91.288}","{""Chat"": 86.538, ""Control"": 97.222, ""File Transfer"": 68.966, ""Streaming"": 80.872}","{""Chat"": 156, ""Control"": 180, ""File Transfer"": 29, ""Streaming"": 298}","{""Chat"": 1.098854, ""Control"": 0.906619, ""File Transfer"": 5.9, ""Streaming"": 0.550215}","{""Chat"": 349, ""Control"": 423, ""File Transfer"": 65, ""Streaming"": 697}",116420,checkpoints/VNAT_3s_tcp_duration_8feat_seed1/VNAT_3s_tcpdur_random70_stratified_flowlevel_splitseed42_8feat_autoformer_50ms_seed1.pth,1763170,16.7,OK,,"{""torch"": ""2.4.1+cu121"", ""cuda"": ""12.1"", ""gpu"": ""NVIDIA RTX A4500"", ""numpy"": ""1.26.0"", ""python"": ""3.10.12"", ""deterministic"": true, ""grad_clip_max_norm"": 1.0, ""CUBLAS_WORKSPACE_CONFIG"": "":4096:8"", ""CUDA_VISIBLE_DEVICES"": ""0""}",2026-08-21T16:09:16
VNAT_3s_tcpdur_random70_stratified_flowlevel_splitseed42_8feat_autoformer_50ms_seed2,VNAT,VNAT_3s_tcp_duration,3,random70_stratified_flowlevel_splitseed42,42,cac127f87b766f86,Validation,4,autoformer,8feat,50ms,61,8,2,256,1534,663,best_val,20,12345,0,True,True,1.0,6.3788,100.0,38,85.9262,85.8051,87.9336,85.8051,"{""Chat"": 82.521, ""Control"": 94.34, ""File Transfer"": 78.431, ""Streaming"": 87.928}","{""Chat"": 74.611, ""Control"": 91.623, ""File Transfer"": 90.909, ""Streaming"": 94.942}","{""Chat"": 92.308, ""Control"": 97.222, ""File Transfer"": 68.966, ""Streaming"": 81.879}","{""Chat"": 156, ""Control"": 180, ""File Transfer"": 29, ""Streaming"": 298}","{""Chat"": 1.098854, ""Control"": 0.906619, ""File Transfer"": 5.9, ""Streaming"": 0.550215}","{""Chat"": 349, ""Control"": 423, ""File Transfer"": 65, ""Streaming"": 697}",116420,checkpoints/VNAT_3s_tcp_duration_8feat_seed2/VNAT_3s_tcpdur_random70_stratified_flowlevel_splitseed42_8feat_autoformer_50ms_seed2.pth,1763170,20.0,OK,,"{""torch"": ""2.4.1+cu121"", ""cuda"": ""12.1"", ""gpu"": ""NVIDIA RTX A4500"", ""numpy"": ""1.26.0"", ""python"": ""3.10.12"", ""deterministic"": true, ""grad_clip_max_norm"": 1.0, ""CUBLAS_WORKSPACE_CONFIG"": "":4096:8"", ""CUDA_VISIBLE_DEVICES"": ""0""}",2026-08-21T16:09:36
VNAT_3s_tcpdur_random70_stratified_flowlevel_splitseed42_8feat_fedformer_50ms_seed0,VNAT,VNAT_3s_tcp_duration,3,random70_stratified_flowlevel_splitseed42,42,cac127f87b766f86,Validation,4,fedformer,8feat,50ms,61,8,0,256,1534,663,best_val,22,12345,4,True,True,1.0,7.2804,100.0,34,85.561,81.3182,83.1071,81.3182,"{""Chat"": 78.919, ""Control"": 91.429, ""File Transfer"": 74.074, ""Streaming"": 80.851}","{""Chat"": 68.224, ""Control"": 85.854, ""File Transfer"": 80.0, ""Streaming"": 95.434}","{""Chat"": 93.59, ""Control"": 97.778, ""File Transfer"": 68.966, ""Streaming"": 70.134}","{""Chat"": 156, ""Control"": 180, ""File Transfer"": 29, ""Streaming"": 298}","{""Chat"": 1.098854, ""Control"": 0.906619, ""File Transfer"": 5.9, ""Streaming"": 0.550215}","{""Chat"": 349, ""Control"": 423, ""File Transfer"": 65, ""Streaming"": 697}",306245,checkpoints/VNAT_3s_tcp_duration_8feat_seed0/VNAT_3s_tcpdur_random70_stratified_flowlevel_splitseed42_8feat_fedformer_50ms_seed0.pth,3820971,62.9,OK,,"{""torch"": ""2.4.1+cu121"", ""cuda"": ""12.1"", ""gpu"": ""NVIDIA RTX A4500"", ""numpy"": ""1.26.0"", ""python"": ""3.10.12"", ""deterministic"": true, ""grad_clip_max_norm"": 1.0, ""CUBLAS_WORKSPACE_CONFIG"": "":4096:8"", ""CUDA_VISIBLE_DEVICES"": ""0""}",2026-08-21T16:10:39
VNAT_3s_tcpdur_random70_stratified_flowlevel_splitseed42_8feat_fedformer_50ms_seed1,VNAT,VNAT_3s_tcp_duration,3,random70_stratified_flowlevel_splitseed42,42,cac127f87b766f86,Validation,4,fedformer,8feat,50ms,61,8,1,256,1534,663,best_val,31,12345,4,True,True,1.0,11.5781,100.0,44,87.179,84.5676,86.1237,84.5676,"{""Chat"": 80.759, ""Control"": 94.118, ""File Transfer"": 78.431, ""Streaming"": 84.962}","{""Chat"": 69.953, ""Control"": 90.722, ""File Transfer"": 90.909, ""Streaming"": 96.581}","{""Chat"": 95.513, ""Control"": 97.778, ""File Transfer"": 68.966, ""Streaming"": 75.839}","{""Chat"": 156, ""Control"": 180, ""File Transfer"": 29, ""Streaming"": 298}","{""Chat"": 1.098854, ""Control"": 0.906619, ""File Transfer"": 5.9, ""Streaming"": 0.550215}","{""Chat"": 349, ""Control"": 423, ""File Transfer"": 65, ""Streaming"": 697}",306245,checkpoints/VNAT_3s_tcp_duration_8feat_seed1/VNAT_3s_tcpdur_random70_stratified_flowlevel_splitseed42_8feat_fedformer_50ms_seed1.pth,3820971,87.7,OK,,"{""torch"": ""2.4.1+cu121"", ""cuda"": ""12.1"", ""gpu"": ""NVIDIA RTX A4500"", ""numpy"": ""1.26.0"", ""python"": ""3.10.12"", ""deterministic"": true, ""grad_clip_max_norm"": 1.0, ""CUBLAS_WORKSPACE_CONFIG"": "":4096:8"", ""CUDA_VISIBLE_DEVICES"": ""0""}",2026-08-21T16:12:07
VNAT_3s_tcpdur_random70_stratified_flowlevel_splitseed42_8feat_fedformer_50ms_seed2,VNAT,VNAT_3s_tcp_duration,3,random70_stratified_flowlevel_splitseed42,42,cac127f87b766f86,Validation,4,fedformer,8feat,50ms,61,8,2,256,1534,663,best_val,20,12345,4,True,True,1.0,7.9972,100.0,30,85.7041,81.633,83.5596,81.633,"{""Chat"": 80.663, ""Control"": 90.256, ""File Transfer"": 74.074, ""Streaming"": 81.538}","{""Chat"": 70.874, ""Control"": 83.81, ""File Transfer"": 80.0, ""Streaming"": 95.495}","{""Chat"": 93.59, ""Control"": 97.778, ""File Transfer"": 68.966, ""Streaming"": 71.141}","{""Chat"": 156, ""Control"": 180, ""File Transfer"": 29, ""Streaming"": 298}","{""Chat"": 1.098854, ""Control"": 0.906619, ""File Transfer"": 5.9, ""Streaming"": 0.550215}","{""Chat"": 349, ""Control"": 423, ""File Transfer"": 65, ""Streaming"": 697}",306245,checkpoints/VNAT_3s_tcp_duration_8feat_seed2/VNAT_3s_tcpdur_random70_stratified_flowlevel_splitseed42_8feat_fedformer_50ms_seed2.pth,3820971,55.8,OK,,"{""torch"": ""2.4.1+cu121"", ""cuda"": ""12.1"", ""gpu"": ""NVIDIA RTX A4500"", ""numpy"": ""1.26.0"", ""python"": ""3.10.12"", ""deterministic"": true, ""grad_clip_max_norm"": 1.0, ""CUBLAS_WORKSPACE_CONFIG"": "":4096:8"", ""CUDA_VISIBLE_DEVICES"": ""0""}",2026-08-21T16:13:04
VNAT_3s_tcpdur_random70_stratified_flowlevel_splitseed42_8feat_timemixer_50ms_seed0,VNAT,VNAT_3s_tcp_duration,3,random70_stratified_flowlevel_splitseed42,42,cac127f87b766f86,Validation,4,timemixer,8feat,50ms,61,8,0,256,1534,663,best_val,32,12345,0,True,True,1.0,4.827,45.45,55,84.8757,83.5291,85.3695,83.5291,"{""Chat"": 79.651, ""Control"": 93.122, ""File Transfer"": 76.923, ""Streaming"": 84.42}","{""Chat"": 72.872, ""Control"": 88.889, ""File Transfer"": 86.957, ""Streaming"": 91.732}","{""Chat"": 87.821, ""Control"": 97.778, ""File Transfer"": 68.966, ""Streaming"": 78.188}","{""Chat"": 156, ""Control"": 180, ""File Transfer"": 29, ""Streaming"": 298}","{""Chat"": 1.098854, ""Control"": 0.906619, ""File Transfer"": 5.9, ""Streaming"": 0.550215}","{""Chat"": 349, ""Control"": 423, ""File Transfer"": 65, ""Streaming"": 697}",171288,checkpoints/VNAT_3s_tcp_duration_8feat_seed0/VNAT_3s_tcpdur_random70_stratified_flowlevel_splitseed42_8feat_timemixer_50ms_seed0.pth,2002182,18.8,OK,,"{""torch"": ""2.4.1+cu121"", ""cuda"": ""12.1"", ""gpu"": ""NVIDIA RTX A4500"", ""numpy"": ""1.26.0"", ""python"": ""3.10.12"", ""deterministic"": true, ""grad_clip_max_norm"": 1.0, ""CUBLAS_WORKSPACE_CONFIG"": "":4096:8"", ""CUDA_VISIBLE_DEVICES"": ""0""}",2026-08-21T16:13:23
VNAT_3s_tcpdur_random70_stratified_flowlevel_splitseed42_8feat_timemixer_50ms_seed1,VNAT,VNAT_3s_tcp_duration,3,random70_stratified_flowlevel_splitseed42,42,cac127f87b766f86,Validation,4,timemixer,8feat,50ms,61,8,1,256,1534,663,best_val,43,12345,0,True,True,1.0,13.3292,57.38,70,85.7521,83.8621,85.822,83.8621,"{""Chat"": 79.883, ""Control"": 93.651, ""File Transfer"": 76.923, ""Streaming"": 84.991}","{""Chat"": 73.262, ""Control"": 89.394, ""File Transfer"": 86.957, ""Streaming"": 92.157}","{""Chat"": 87.821, ""Control"": 98.333, ""File Transfer"": 68.966, ""Streaming"": 78.859}","{""Chat"": 156, ""Control"": 180, ""File Transfer"": 29, ""Streaming"": 298}","{""Chat"": 1.098854, ""Control"": 0.906619, ""File Transfer"": 5.9, ""Streaming"": 0.550215}","{""Chat"": 349, ""Control"": 423, ""File Transfer"": 65, ""Streaming"": 697}",171288,checkpoints/VNAT_3s_tcp_duration_8feat_seed1/VNAT_3s_tcpdur_random70_stratified_flowlevel_splitseed42_8feat_timemixer_50ms_seed1.pth,2002182,26.5,OK,,"{""torch"": ""2.4.1+cu121"", ""cuda"": ""12.1"", ""gpu"": ""NVIDIA RTX A4500"", ""numpy"": ""1.26.0"", ""python"": ""3.10.12"", ""deterministic"": true, ""grad_clip_max_norm"": 1.0, ""CUBLAS_WORKSPACE_CONFIG"": "":4096:8"", ""CUDA_VISIBLE_DEVICES"": ""0""}",2026-08-21T16:13:49
VNAT_3s_tcpdur_random70_stratified_flowlevel_splitseed42_8feat_timemixer_50ms_seed2,VNAT,VNAT_3s_tcp_duration,3,random70_stratified_flowlevel_splitseed42,42,cac127f87b766f86,Validation,4,timemixer,8feat,50ms,61,8,2,256,1534,663,best_val,24,12345,0,True,True,1.0,24.8415,47.33,50,82.2225,82.8577,85.0679,82.8577,"{""Chat"": 82.817, ""Control"": 90.488, ""File Transfer"": 74.51, ""Streaming"": 83.616}","{""Chat"": 73.869, ""Control"": 84.211, ""File Transfer"": 86.364, ""Streaming"": 95.279}","{""Chat"": 94.231, ""Control"": 97.778, ""File Transfer"": 65.517, ""Streaming"": 74.497}","{""Chat"": 156, ""Control"": 180, ""File Transfer"": 29, ""Streaming"": 298}","{""Chat"": 1.098854, ""Control"": 0.906619, ""File Transfer"": 5.9, ""Streaming"": 0.550215}","{""Chat"": 349, ""Control"": 423, ""File Transfer"": 65, ""Streaming"": 697}",171288,checkpoints/VNAT_3s_tcp_duration_8feat_seed2/VNAT_3s_tcpdur_random70_stratified_flowlevel_splitseed42_8feat_timemixer_50ms_seed2.pth,2002182,14.7,OK,,"{""torch"": ""2.4.1+cu121"", ""cuda"": ""12.1"", ""gpu"": ""NVIDIA RTX A4500"", ""numpy"": ""1.26.0"", ""python"": ""3.10.12"", ""deterministic"": true, ""grad_clip_max_norm"": 1.0, ""CUBLAS_WORKSPACE_CONFIG"": "":4096:8"", ""CUDA_VISIBLE_DEVICES"": ""0""}",2026-08-21T16:14:04
VNAT_3s_tcpdur_random70_stratified_flowlevel_splitseed42_8feat_timesnet_75ms_seed0,VNAT,VNAT_3s_tcp_duration,3,random70_stratified_flowlevel_splitseed42,42,cac127f87b766f86,Validation,4,timesnet,8feat,75ms,41,8,0,256,1534,663,best_val,23,12345,0,True,True,1.0,7.8534,92.86,35,82.9149,81.7881,82.2021,81.7881,"{""Chat"": 73.713, ""Control"": 92.308, ""File Transfer"": 80.0, ""Streaming"": 81.132}","{""Chat"": 63.85, ""Control"": 88.325, ""File Transfer"": 95.238, ""Streaming"": 92.672}","{""Chat"": 87.179, ""Control"": 96.667, ""File Transfer"": 68.966, ""Streaming"": 72.148}","{""Chat"": 156, ""Control"": 180, ""File Transfer"": 29, ""Streaming"": 298}","{""Chat"": 1.098854, ""Control"": 0.906619, ""File Transfer"": 5.9, ""Streaming"": 0.550215}","{""Chat"": 349, ""Control"": 423, ""File Transfer"": 65, ""Streaming"": 697}",9386436,checkpoints/VNAT_3s_tcp_duration_8feat_seed0/VNAT_3s_tcpdur_random70_stratified_flowlevel_splitseed42_8feat_timesnet_75ms_seed0.pth,38855170,69.7,OK,,"{""torch"": ""2.4.1+cu121"", ""cuda"": ""12.1"", ""gpu"": ""NVIDIA RTX A4500"", ""numpy"": ""1.26.0"", ""python"": ""3.10.12"", ""deterministic"": true, ""grad_clip_max_norm"": 1.0, ""CUBLAS_WORKSPACE_CONFIG"": "":4096:8"", ""CUDA_VISIBLE_DEVICES"": ""0""}",2026-08-21T16:15:14
VNAT_3s_tcpdur_random70_stratified_flowlevel_splitseed42_8feat_timesnet_75ms_seed1,VNAT,VNAT_3s_tcp_duration,3,random70_stratified_flowlevel_splitseed42,42,cac127f87b766f86,Validation,4,timesnet,8feat,75ms,41,8,1,256,1534,663,best_val,23,12345,0,True,True,1.0,8.0421,91.89,37,83.2651,82.8555,83.1071,82.8555,"{""Chat"": 73.713, ""Control"": 93.834, ""File Transfer"": 81.633, ""Streaming"": 82.243}","{""Chat"": 63.85, ""Control"": 90.674, ""File Transfer"": 100.0, ""Streaming"": 92.827}","{""Chat"": 87.179, ""Control"": 97.222, ""File Transfer"": 68.966, ""Streaming"": 73.826}","{""Chat"": 156, ""Control"": 180, ""File Transfer"": 29, ""Streaming"": 298}","{""Chat"": 1.098854, ""Control"": 0.906619, ""File Transfer"": 5.9, ""Streaming"": 0.550215}","{""Chat"": 349, ""Control"": 423, ""File Transfer"": 65, ""Streaming"": 697}",9386436,checkpoints/VNAT_3s_tcp_duration_8feat_seed1/VNAT_3s_tcpdur_random70_stratified_flowlevel_splitseed42_8feat_timesnet_75ms_seed1.pth,38855170,40.6,OK,,"{""torch"": ""2.4.1+cu121"", ""cuda"": ""12.1"", ""gpu"": ""NVIDIA RTX A4500"", ""numpy"": ""1.26.0"", ""python"": ""3.10.12"", ""deterministic"": true, ""grad_clip_max_norm"": 1.0, ""CUBLAS_WORKSPACE_CONFIG"": "":4096:8"", ""CUDA_VISIBLE_DEVICES"": ""0""}",2026-08-21T16:15:55
VNAT_3s_tcpdur_random70_stratified_flowlevel_splitseed42_8feat_timesnet_75ms_seed2,VNAT,VNAT_3s_tcp_duration,3,random70_stratified_flowlevel_splitseed42,42,cac127f87b766f86,Validation,4,timesnet,8feat,75ms,41,8,2,256,1534,663,best_val,13,12345,0,True,True,1.0,6.3797,89.74,39,82.6401,81.5655,82.6546,81.5655,"{""Chat"": 74.931, ""Control"": 92.063, ""File Transfer"": 77.551, ""Streaming"": 81.716}","{""Chat"": 65.7, ""Control"": 87.879, ""File Transfer"": 95.0, ""Streaming"": 92.017}","{""Chat"": 87.179, ""Control"": 96.667, ""File Transfer"": 65.517, ""Streaming"": 73.49}","{""Chat"": 156, ""Control"": 180, ""File Transfer"": 29, ""Streaming"": 298}","{""Chat"": 1.098854, ""Control"": 0.906619, ""File Transfer"": 5.9, ""Streaming"": 0.550215}","{""Chat"": 349, ""Control"": 423, ""File Transfer"": 65, ""Streaming"": 697}",9386436,checkpoints/VNAT_3s_tcp_duration_8feat_seed2/VNAT_3s_tcpdur_random70_stratified_flowlevel_splitseed42_8feat_timesnet_75ms_seed2.pth,38855170,40.0,OK,,"{""torch"": ""2.4.1+cu121"", ""cuda"": ""12.1"", ""gpu"": ""NVIDIA RTX A4500"", ""numpy"": ""1.26.0"", ""python"": ""3.10.12"", ""deterministic"": true, ""grad_clip_max_norm"": 1.0, ""CUBLAS_WORKSPACE_CONFIG"": "":4096:8"", ""CUDA_VISIBLE_DEVICES"": ""0""}",2026-08-21T16:16:36
VNAT_3s_tcpdur_random70_stratified_flowlevel_splitseed42_8feat_informer_75ms_seed0,VNAT,VNAT_3s_tcp_duration,3,random70_stratified_flowlevel_splitseed42,42,cac127f87b766f86,Validation,4,informer,8feat,75ms,41,8,0,64,1534,663,best_val,2,12345,0,True,True,1.0,18.8283,100.0,23,82.7562,84.2484,84.3137,83.8273,"{""Chat"": 74.011, ""Control"": 96.067, ""File Transfer"": 81.633, ""Streaming"": 83.598}","{""Chat"": 66.162, ""Control"": 97.159, ""File Transfer"": 100.0, ""Streaming"": 88.104}","{""Chat"": 83.974, ""Control"": 95.0, ""File Transfer"": 68.966, ""Streaming"": 79.53}","{""Chat"": 156, ""Control"": 180, ""File Transfer"": 29, ""Streaming"": 298}","{""Chat"": 1.098854, ""Control"": 0.906619, ""File Transfer"": 5.9, ""Streaming"": 0.550215}","{""Chat"": 349, ""Control"": 423, ""File Transfer"": 65, ""Streaming"": 697}",2722565,checkpoints/VNAT_3s_tcp_duration_8feat_seed0/VNAT_3s_tcpdur_random70_stratified_flowlevel_splitseed42_8feat_informer_75ms_seed0.pth,21174274,23.8,OK,,"{""torch"": ""2.4.1+cu121"", ""cuda"": ""12.1"", ""gpu"": ""NVIDIA RTX A4500"", ""numpy"": ""1.26.0"", ""python"": ""3.10.12"", ""deterministic"": true, ""grad_clip_max_norm"": 1.0, ""CUBLAS_WORKSPACE_CONFIG"": "":4096:8"", ""CUDA_VISIBLE_DEVICES"": ""0""}",2026-08-21T16:17:00
VNAT_3s_tcpdur_random70_stratified_flowlevel_splitseed42_8feat_informer_75ms_seed1,VNAT,VNAT_3s_tcp_duration,3,random70_stratified_flowlevel_splitseed42,42,cac127f87b766f86,Validation,4,informer,8feat,75ms,41,8,1,64,1534,663,best_val,17,12345,0,True,True,1.0,26.632,100.0,25,85.358,84.2584,85.3695,84.1329,"{""Chat"": 75.766, ""Control"": 95.418, ""File Transfer"": 80.0, ""Streaming"": 85.348}","{""Chat"": 66.995, ""Control"": 92.67, ""File Transfer"": 95.238, ""Streaming"": 93.952}","{""Chat"": 87.179, ""Control"": 98.333, ""File Transfer"": 68.966, ""Streaming"": 78.188}","{""Chat"": 156, ""Control"": 180, ""File Transfer"": 29, ""Streaming"": 298}","{""Chat"": 1.098854, ""Control"": 0.906619, ""File Transfer"": 5.9, ""Streaming"": 0.550215}","{""Chat"": 349, ""Control"": 423, ""File Transfer"": 65, ""Streaming"": 697}",2722565,checkpoints/VNAT_3s_tcp_duration_8feat_seed1/VNAT_3s_tcpdur_random70_stratified_flowlevel_splitseed42_8feat_informer_75ms_seed1.pth,21174274,24.7,OK,,"{""torch"": ""2.4.1+cu121"", ""cuda"": ""12.1"", ""gpu"": ""NVIDIA RTX A4500"", ""numpy"": ""1.26.0"", ""python"": ""3.10.12"", ""deterministic"": true, ""grad_clip_max_norm"": 1.0, ""CUBLAS_WORKSPACE_CONFIG"": "":4096:8"", ""CUDA_VISIBLE_DEVICES"": ""0""}",2026-08-21T16:17:25
VNAT_3s_tcpdur_random70_stratified_flowlevel_splitseed42_8feat_informer_75ms_seed2,VNAT,VNAT_3s_tcp_duration,3,random70_stratified_flowlevel_splitseed42,42,cac127f87b766f86,Validation,4,informer,8feat,75ms,41,8,2,64,1534,663,best_val,23,12345,0,True,True,1.0,25.4774,99.87,31,91.4956,89.5148,91.7044,88.5873,"{""Chat"": 88.63, ""Control"": 96.458, ""File Transfer"": 77.551, ""Streaming"": 91.711}","{""Chat"": 81.283, ""Control"": 94.652, ""File Transfer"": 95.0, ""Streaming"": 96.654}","{""Chat"": 97.436, ""Control"": 98.333, ""File Transfer"": 65.517, ""Streaming"": 87.248}","{""Chat"": 156, ""Control"": 180, ""File Transfer"": 29, ""Streaming"": 298}","{""Chat"": 1.098854, ""Control"": 0.906619, ""File Transfer"": 5.9, ""Streaming"": 0.550215}","{""Chat"": 349, ""Control"": 423, ""File Transfer"": 65, ""Streaming"": 697}",2722565,checkpoints/VNAT_3s_tcp_duration_8feat_seed2/VNAT_3s_tcpdur_random70_stratified_flowlevel_splitseed42_8feat_informer_75ms_seed2.pth,21174274,29.0,OK,,"{""torch"": ""2.4.1+cu121"", ""cuda"": ""12.1"", ""gpu"": ""NVIDIA RTX A4500"", ""numpy"": ""1.26.0"", ""python"": ""3.10.12"", ""deterministic"": true, ""grad_clip_max_norm"": 1.0, ""CUBLAS_WORKSPACE_CONFIG"": "":4096:8"", ""CUDA_VISIBLE_DEVICES"": ""0""}",2026-08-21T16:17:54
VNAT_3s_tcpdur_random70_stratified_flowlevel_splitseed42_8feat_nst_75ms_seed0,VNAT,VNAT_3s_tcp_duration,3,random70_stratified_flowlevel_splitseed42,42,cac127f87b766f86,Validation,4,nst,8feat,75ms,41,8,0,64,1534,663,best_val,9,12345,0,True,True,1.0,10.1706,100.0,23,83.4889,81.9421,83.4087,81.9421,"{""Chat"": 74.576, ""Control"": 93.333, ""File Transfer"": 76.923, ""Streaming"": 82.936}","{""Chat"": 66.667, ""Control"": 89.744, ""File Transfer"": 86.957, ""Streaming"": 91.498}","{""Chat"": 84.615, ""Control"": 97.222, ""File Transfer"": 68.966, ""Streaming"": 75.839}","{""Chat"": 156, ""Control"": 180, ""File Transfer"": 29, ""Streaming"": 298}","{""Chat"": 1.098854, ""Control"": 0.906619, ""File Transfer"": 5.9, ""Streaming"": 0.550215}","{""Chat"": 349, ""Control"": 423, ""File Transfer"": 65, ""Streaming"": 697}",136250,checkpoints/VNAT_3s_tcp_duration_8feat_seed0/VNAT_3s_tcpdur_random70_stratified_flowlevel_splitseed42_8feat_nst_75ms_seed0.pth,1853002,19.6,OK,,"{""torch"": ""2.4.1+cu121"", ""cuda"": ""12.1"", ""gpu"": ""NVIDIA RTX A4500"", ""numpy"": ""1.26.0"", ""python"": ""3.10.12"", ""deterministic"": true, ""grad_clip_max_norm"": 1.0, ""CUBLAS_WORKSPACE_CONFIG"": "":4096:8"", ""CUDA_VISIBLE_DEVICES"": ""0""}",2026-08-21T16:18:13
VNAT_3s_tcpdur_random70_stratified_flowlevel_splitseed42_8feat_nst_75ms_seed1,VNAT,VNAT_3s_tcp_duration,3,random70_stratified_flowlevel_splitseed42,42,cac127f87b766f86,Validation,4,nst,8feat,75ms,41,8,1,64,1534,663,best_val,10,12345,0,True,True,1.0,10.9493,100.0,23,82.6946,82.79,83.5596,82.79,"{""Chat"": 75.204, ""Control"": 93.158, ""File Transfer"": 80.0, ""Streaming"": 82.798}","{""Chat"": 65.403, ""Control"": 88.5, ""File Transfer"": 95.238, ""Streaming"": 94.805}","{""Chat"": 88.462, ""Control"": 98.333, ""File Transfer"": 68.966, ""Streaming"": 73.49}","{""Chat"": 156, ""Control"": 180, ""File Transfer"": 29, ""Streaming"": 298}","{""Chat"": 1.098854, ""Control"": 0.906619, ""File Transfer"": 5.9, ""Streaming"": 0.550215}","{""Chat"": 349, ""Control"": 423, ""File Transfer"": 65, ""Streaming"": 697}",136250,checkpoints/VNAT_3s_tcp_duration_8feat_seed1/VNAT_3s_tcpdur_random70_stratified_flowlevel_splitseed42_8feat_nst_75ms_seed1.pth,1853002,20.8,OK,,"{""torch"": ""2.4.1+cu121"", ""cuda"": ""12.1"", ""gpu"": ""NVIDIA RTX A4500"", ""numpy"": ""1.26.0"", ""python"": ""3.10.12"", ""deterministic"": true, ""grad_clip_max_norm"": 1.0, ""CUBLAS_WORKSPACE_CONFIG"": "":4096:8"", ""CUDA_VISIBLE_DEVICES"": ""0""}",2026-08-21T16:18:34
VNAT_3s_tcpdur_random70_stratified_flowlevel_splitseed42_8feat_nst_75ms_seed2,VNAT,VNAT_3s_tcp_duration,3,random70_stratified_flowlevel_splitseed42,42,cac127f87b766f86,Validation,4,nst,8feat,75ms,41,8,2,64,1534,663,best_val,20,12345,0,True,True,1.0,10.8304,99.89,37,84.8031,84.5417,85.5204,84.5417,"{""Chat"": 77.333, ""Control"": 96.721, ""File Transfer"": 80.0, ""Streaming"": 84.112}","{""Chat"": 66.21, ""Control"": 95.161, ""File Transfer"": 95.238, ""Streaming"": 94.937}","{""Chat"": 92.949, ""Control"": 98.333, ""File Transfer"": 68.966, ""Streaming"": 75.503}","{""Chat"": 156, ""Control"": 180, ""File Transfer"": 29, ""Streaming"": 298}","{""Chat"": 1.098854, ""Control"": 0.906619, ""File Transfer"": 5.9, ""Streaming"": 0.550215}","{""Chat"": 349, ""Control"": 423, ""File Transfer"": 65, ""Streaming"": 697}",136250,checkpoints/VNAT_3s_tcp_duration_8feat_seed2/VNAT_3s_tcpdur_random70_stratified_flowlevel_splitseed42_8feat_nst_75ms_seed2.pth,1853002,30.0,OK,,"{""torch"": ""2.4.1+cu121"", ""cuda"": ""12.1"", ""gpu"": ""NVIDIA RTX A4500"", ""numpy"": ""1.26.0"", ""python"": ""3.10.12"", ""deterministic"": true, ""grad_clip_max_norm"": 1.0, ""CUBLAS_WORKSPACE_CONFIG"": "":4096:8"", ""CUDA_VISIBLE_DEVICES"": ""0""}",2026-08-21T16:19:05
VNAT_3s_tcpdur_random70_stratified_flowlevel_splitseed42_8feat_autoformer_75ms_seed0,VNAT,VNAT_3s_tcp_duration,3,random70_stratified_flowlevel_splitseed42,42,cac127f87b766f86,Validation,4,autoformer,8feat,75ms,41,8,0,256,1534,663,best_val,15,12345,0,True,True,1.0,6.147,100.0,27,80.5587,79.0295,80.2413,79.0295,"{""Chat"": 71.545, ""Control"": 92.105, ""File Transfer"": 74.074, ""Streaming"": 78.394}","{""Chat"": 61.972, ""Control"": 87.5, ""File Transfer"": 80.0, ""Streaming"": 91.111}","{""Chat"": 84.615, ""Control"": 97.222, ""File Transfer"": 68.966, ""Streaming"": 68.792}","{""Chat"": 156, ""Control"": 180, ""File Transfer"": 29, ""Streaming"": 298}","{""Chat"": 1.098854, ""Control"": 0.906619, ""File Transfer"": 5.9, ""Streaming"": 0.550215}","{""Chat"": 349, ""Control"": 423, ""File Transfer"": 65, ""Streaming"": 697}",111300,checkpoints/VNAT_3s_tcp_duration_8feat_seed0/VNAT_3s_tcpdur_random70_stratified_flowlevel_splitseed42_8feat_autoformer_75ms_seed0.pth,1742690,10.2,OK,,"{""torch"": ""2.4.1+cu121"", ""cuda"": ""12.1"", ""gpu"": ""NVIDIA RTX A4500"", ""numpy"": ""1.26.0"", ""python"": ""3.10.12"", ""deterministic"": true, ""grad_clip_max_norm"": 1.0, ""CUBLAS_WORKSPACE_CONFIG"": "":4096:8"", ""CUDA_VISIBLE_DEVICES"": ""0""}",2026-08-21T16:19:15
VNAT_3s_tcpdur_random70_stratified_flowlevel_splitseed42_8feat_autoformer_75ms_seed1,VNAT,VNAT_3s_tcp_duration,3,random70_stratified_flowlevel_splitseed42,42,cac127f87b766f86,Validation,4,autoformer,8feat,75ms,41,8,1,256,1534,663,best_val,19,12345,0,True,True,1.0,7.3778,100.0,31,81.6135,80.7609,81.7496,80.7609,"{""Chat"": 73.077, ""Control"": 92.593, ""File Transfer"": 76.923, ""Streaming"": 80.451}","{""Chat"": 63.942, ""Control"": 88.384, ""File Transfer"": 86.957, ""Streaming"": 91.453}","{""Chat"": 85.256, ""Control"": 97.222, ""File Transfer"": 68.966, ""Streaming"": 71.812}","{""Chat"": 156, ""Control"": 180, ""File Transfer"": 29, ""Streaming"": 298}","{""Chat"": 1.098854, ""Control"": 0.906619, ""File Transfer"": 5.9, ""Streaming"": 0.550215}","{""Chat"": 349, ""Control"": 423, ""File Transfer"": 65, ""Streaming"": 697}",111300,checkpoints/VNAT_3s_tcp_duration_8feat_seed1/VNAT_3s_tcpdur_random70_stratified_flowlevel_splitseed42_8feat_autoformer_75ms_seed1.pth,1742690,10.3,OK,,"{""torch"": ""2.4.1+cu121"", ""cuda"": ""12.1"", ""gpu"": ""NVIDIA RTX A4500"", ""numpy"": ""1.26.0"", ""python"": ""3.10.12"", ""deterministic"": true, ""grad_clip_max_norm"": 1.0, ""CUBLAS_WORKSPACE_CONFIG"": "":4096:8"", ""CUDA_VISIBLE_DEVICES"": ""0""}",2026-08-21T16:19:25
VNAT_3s_tcpdur_random70_stratified_flowlevel_splitseed42_8feat_autoformer_75ms_seed2,VNAT,VNAT_3s_tcp_duration,3,random70_stratified_flowlevel_splitseed42,42,cac127f87b766f86,Validation,4,autoformer,8feat,75ms,41,8,2,256,1534,663,best_val,14,12345,0,True,True,1.0,5.9645,100.0,27,82.0184,81.6129,82.3529,81.6129,"{""Chat"": 74.194, ""Control"": 92.838, ""File Transfer"": 78.431, ""Streaming"": 80.989}","{""Chat"": 63.889, ""Control"": 88.832, ""File Transfer"": 90.909, ""Streaming"": 93.421}","{""Chat"": 88.462, ""Control"": 97.222, ""File Transfer"": 68.966, ""Streaming"": 71.477}","{""Chat"": 156, ""Control"": 180, ""File Transfer"": 29, ""Streaming"": 298}","{""Chat"": 1.098854, ""Control"": 0.906619, ""File Transfer"": 5.9, ""Streaming"": 0.550215}","{""Chat"": 349, ""Control"": 423, ""File Transfer"": 65, ""Streaming"": 697}",111300,checkpoints/VNAT_3s_tcp_duration_8feat_seed2/VNAT_3s_tcpdur_random70_stratified_flowlevel_splitseed42_8feat_autoformer_75ms_seed2.pth,1742690,9.2,OK,,"{""torch"": ""2.4.1+cu121"", ""cuda"": ""12.1"", ""gpu"": ""NVIDIA RTX A4500"", ""numpy"": ""1.26.0"", ""python"": ""3.10.12"", ""deterministic"": true, ""grad_clip_max_norm"": 1.0, ""CUBLAS_WORKSPACE_CONFIG"": "":4096:8"", ""CUDA_VISIBLE_DEVICES"": ""0""}",2026-08-21T16:19:34
VNAT_3s_tcpdur_random70_stratified_flowlevel_splitseed42_8feat_fedformer_75ms_seed0,VNAT,VNAT_3s_tcp_duration,3,random70_stratified_flowlevel_splitseed42,42,cac127f87b766f86,Validation,4,fedformer,8feat,75ms,41,8,0,256,1534,663,best_val,17,12345,4,True,True,1.0,6.3224,100.0,31,80.8866,78.8159,78.8839,78.8159,"{""Chat"": 70.051, ""Control"": 92.593, ""File Transfer"": 76.923, ""Streaming"": 75.697}","{""Chat"": 57.983, ""Control"": 88.384, ""File Transfer"": 86.957, ""Streaming"": 93.137}","{""Chat"": 88.462, ""Control"": 97.222, ""File Transfer"": 68.966, ""Streaming"": 63.758}","{""Chat"": 156, ""Control"": 180, ""File Transfer"": 29, ""Streaming"": 298}","{""Chat"": 1.098854, ""Control"": 0.906619, ""File Transfer"": 5.9, ""Streaming"": 0.550215}","{""Chat"": 349, ""Control"": 423, ""File Transfer"": 65, ""Streaming"": 697}",260165,checkpoints/VNAT_3s_tcp_duration_8feat_seed0/VNAT_3s_tcpdur_random70_stratified_flowlevel_splitseed42_8feat_fedformer_75ms_seed0.pth,3636587,40.7,OK,,"{""torch"": ""2.4.1+cu121"", ""cuda"": ""12.1"", ""gpu"": ""NVIDIA RTX A4500"", ""numpy"": ""1.26.0"", ""python"": ""3.10.12"", ""deterministic"": true, ""grad_clip_max_norm"": 1.0, ""CUBLAS_WORKSPACE_CONFIG"": "":4096:8"", ""CUDA_VISIBLE_DEVICES"": ""0""}",2026-08-21T16:20:15
VNAT_3s_tcpdur_random70_stratified_flowlevel_splitseed42_8feat_fedformer_75ms_seed1,VNAT,VNAT_3s_tcp_duration,3,random70_stratified_flowlevel_splitseed42,42,cac127f87b766f86,Validation,4,fedformer,8feat,75ms,41,8,1,256,1534,663,best_val,25,12345,4,True,True,1.0,7.2024,97.62,35,82.3276,80.5404,80.3922,80.5404,"{""Chat"": 71.688, ""Control"": 92.348, ""File Transfer"": 80.0, ""Streaming"": 78.125}","{""Chat"": 60.262, ""Control"": 87.94, ""File Transfer"": 95.238, ""Streaming"": 93.458}","{""Chat"": 88.462, ""Control"": 97.222, ""File Transfer"": 68.966, ""Streaming"": 67.114}","{""Chat"": 156, ""Control"": 180, ""File Transfer"": 29, ""Streaming"": 298}","{""Chat"": 1.098854, ""Control"": 0.906619, ""File Transfer"": 5.9, ""Streaming"": 0.550215}","{""Chat"": 349, ""Control"": 423, ""File Transfer"": 65, ""Streaming"": 697}",260165,checkpoints/VNAT_3s_tcp_duration_8feat_seed1/VNAT_3s_tcpdur_random70_stratified_flowlevel_splitseed42_8feat_fedformer_75ms_seed1.pth,3636587,46.3,OK,,"{""torch"": ""2.4.1+cu121"", ""cuda"": ""12.1"", ""gpu"": ""NVIDIA RTX A4500"", ""numpy"": ""1.26.0"", ""python"": ""3.10.12"", ""deterministic"": true, ""grad_clip_max_norm"": 1.0, ""CUBLAS_WORKSPACE_CONFIG"": "":4096:8"", ""CUDA_VISIBLE_DEVICES"": ""0""}",2026-08-21T16:21:02
VNAT_3s_tcpdur_random70_stratified_flowlevel_splitseed42_8feat_fedformer_75ms_seed2,VNAT,VNAT_3s_tcp_duration,3,random70_stratified_flowlevel_splitseed42,42,cac127f87b766f86,Validation,4,fedformer,8feat,75ms,41,8,2,256,1534,663,best_val,14,12345,4,True,True,1.0,5.3983,100.0,28,79.7923,78.1092,77.9789,78.1092,"{""Chat"": 69.697, ""Control"": 91.623, ""File Transfer"": 76.923, ""Streaming"": 74.194}","{""Chat"": 57.5, ""Control"": 86.634, ""File Transfer"": 86.957, ""Streaming"": 92.929}","{""Chat"": 88.462, ""Control"": 97.222, ""File Transfer"": 68.966, ""Streaming"": 61.745}","{""Chat"": 156, ""Control"": 180, ""File Transfer"": 29, ""Streaming"": 298}","{""Chat"": 1.098854, ""Control"": 0.906619, ""File Transfer"": 5.9, ""Streaming"": 0.550215}","{""Chat"": 349, ""Control"": 423, ""File Transfer"": 65, ""Streaming"": 697}",260165,checkpoints/VNAT_3s_tcp_duration_8feat_seed2/VNAT_3s_tcpdur_random70_stratified_flowlevel_splitseed42_8feat_fedformer_75ms_seed2.pth,3636587,37.2,OK,,"{""torch"": ""2.4.1+cu121"", ""cuda"": ""12.1"", ""gpu"": ""NVIDIA RTX A4500"", ""numpy"": ""1.26.0"", ""python"": ""3.10.12"", ""deterministic"": true, ""grad_clip_max_norm"": 1.0, ""CUBLAS_WORKSPACE_CONFIG"": "":4096:8"", ""CUDA_VISIBLE_DEVICES"": ""0""}",2026-08-21T16:21:39
VNAT_3s_tcpdur_random70_stratified_flowlevel_splitseed42_8feat_timemixer_75ms_seed0,VNAT,VNAT_3s_tcp_duration,3,random70_stratified_flowlevel_splitseed42,42,cac127f87b766f86,Validation,4,timemixer,8feat,75ms,41,8,0,256,1534,663,best_val,31,12345,0,True,True,1.0,2.8604,33.01,52,81.2801,82.2855,82.8054,82.2855,"{""Chat"": 74.394, ""Control"": 93.085, ""File Transfer"": 80.0, ""Streaming"": 81.664}","{""Chat"": 64.186, ""Control"": 89.286, ""File Transfer"": 95.238, ""Streaming"": 93.506}","{""Chat"": 88.462, ""Control"": 97.222, ""File Transfer"": 68.966, ""Streaming"": 72.483}","{""Chat"": 156, ""Control"": 180, ""File Transfer"": 29, ""Streaming"": 298}","{""Chat"": 1.098854, ""Control"": 0.906619, ""File Transfer"": 5.9, ""Streaming"": 0.550215}","{""Chat"": 349, ""Control"": 423, ""File Transfer"": 65, ""Streaming"": 697}",154618,checkpoints/VNAT_3s_tcp_duration_8feat_seed0/VNAT_3s_tcpdur_random70_stratified_flowlevel_splitseed42_8feat_timemixer_75ms_seed0.pth,1935046,16.6,OK,,"{""torch"": ""2.4.1+cu121"", ""cuda"": ""12.1"", ""gpu"": ""NVIDIA RTX A4500"", ""numpy"": ""1.26.0"", ""python"": ""3.10.12"", ""deterministic"": true, ""grad_clip_max_norm"": 1.0, ""CUBLAS_WORKSPACE_CONFIG"": "":4096:8"", ""CUDA_VISIBLE_DEVICES"": ""0""}",2026-08-21T16:21:56
VNAT_3s_tcpdur_random70_stratified_flowlevel_splitseed42_8feat_timemixer_75ms_seed1,VNAT,VNAT_3s_tcp_duration,3,random70_stratified_flowlevel_splitseed42,42,cac127f87b766f86,Validation,4,timemixer,8feat,75ms,41,8,1,256,1534,663,best_val,31,12345,0,True,True,1.0,4.4945,44.84,42,81.7661,80.6307,80.0905,80.6307,"{""Chat"": 70.899, ""Control"": 92.063, ""File Transfer"": 81.633, ""Streaming"": 77.927}","{""Chat"": 60.36, ""Control"": 87.879, ""File Transfer"": 100.0, ""Streaming"": 91.031}","{""Chat"": 85.897, ""Control"": 96.667, ""File Transfer"": 68.966, ""Streaming"": 68.121}","{""Chat"": 156, ""Control"": 180, ""File Transfer"": 29, ""Streaming"": 298}","{""Chat"": 1.098854, ""Control"": 0.906619, ""File Transfer"": 5.9, ""Streaming"": 0.550215}","{""Chat"": 349, ""Control"": 423, ""File Transfer"": 65, ""Streaming"": 697}",154618,checkpoints/VNAT_3s_tcp_duration_8feat_seed1/VNAT_3s_tcpdur_random70_stratified_flowlevel_splitseed42_8feat_timemixer_75ms_seed1.pth,1935046,13.3,OK,,"{""torch"": ""2.4.1+cu121"", ""cuda"": ""12.1"", ""gpu"": ""NVIDIA RTX A4500"", ""numpy"": ""1.26.0"", ""python"": ""3.10.12"", ""deterministic"": true, ""grad_clip_max_norm"": 1.0, ""CUBLAS_WORKSPACE_CONFIG"": "":4096:8"", ""CUDA_VISIBLE_DEVICES"": ""0""}",2026-08-21T16:22:10
VNAT_3s_tcpdur_random70_stratified_flowlevel_splitseed42_8feat_timemixer_75ms_seed2,VNAT,VNAT_3s_tcp_duration,3,random70_stratified_flowlevel_splitseed42,42,cac127f87b766f86,Validation,4,timemixer,8feat,75ms,41,8,2,256,1534,663,best_val,35,12345,0,True,True,1.0,2.6796,31.94,48,84.1358,81.7963,82.9563,81.7963,"{""Chat"": 73.829, ""Control"": 93.583, ""File Transfer"": 77.551, ""Streaming"": 82.222}","{""Chat"": 64.734, ""Control"": 90.206, ""File Transfer"": 95.0, ""Streaming"": 91.736}","{""Chat"": 85.897, ""Control"": 97.222, ""File Transfer"": 65.517, ""Streaming"": 74.497}","{""Chat"": 156, ""Control"": 180, ""File Transfer"": 29, ""Streaming"": 298}","{""Chat"": 1.098854, ""Control"": 0.906619, ""File Transfer"": 5.9, ""Streaming"": 0.550215}","{""Chat"": 349, ""Control"": 423, ""File Transfer"": 65, ""Streaming"": 697}",154618,checkpoints/VNAT_3s_tcp_duration_8feat_seed2/VNAT_3s_tcpdur_random70_stratified_flowlevel_splitseed42_8feat_timemixer_75ms_seed2.pth,1935046,16.2,OK,,"{""torch"": ""2.4.1+cu121"", ""cuda"": ""12.1"", ""gpu"": ""NVIDIA RTX A4500"", ""numpy"": ""1.26.0"", ""python"": ""3.10.12"", ""deterministic"": true, ""grad_clip_max_norm"": 1.0, ""CUBLAS_WORKSPACE_CONFIG"": "":4096:8"", ""CUDA_VISIBLE_DEVICES"": ""0""}",2026-08-21T16:22:26
VNAT_3s_tcpdur_random70_stratified_flowlevel_splitseed42_8feat_timesnet_100ms_seed0,VNAT,VNAT_3s_tcp_duration,3,random70_stratified_flowlevel_splitseed42,42,cac127f87b766f86,Validation,4,timesnet,8feat,100ms,31,8,0,256,1534,663,best_val,24,12345,0,True,True,1.0,4.4059,88.6,38,77.7782,76.687,75.4148,76.687,"{""Chat"": 67.506, ""Control"": 90.439, ""File Transfer"": 79.167, ""Streaming"": 69.636}","{""Chat"": 55.602, ""Control"": 84.541, ""File Transfer"": 100.0, ""Streaming"": 87.755}","{""Chat"": 85.897, ""Control"": 97.222, ""File Transfer"": 65.517, ""Streaming"": 57.718}","{""Chat"": 156, ""Control"": 180, ""File Transfer"": 29, ""Streaming"": 298}","{""Chat"": 1.098854, ""Control"": 0.906619, ""File Transfer"": 5.9, ""Streaming"": 0.550215}","{""Chat"": 349, ""Control"": 423, ""File Transfer"": 65, ""Streaming"": 697}",9383876,checkpoints/VNAT_3s_tcp_duration_8feat_seed0/VNAT_3s_tcpdur_random70_stratified_flowlevel_splitseed42_8feat_timesnet_100ms_seed0.pth,38844990,34.4,OK,,"{""torch"": ""2.4.1+cu121"", ""cuda"": ""12.1"", ""gpu"": ""NVIDIA RTX A4500"", ""numpy"": ""1.26.0"", ""python"": ""3.10.12"", ""deterministic"": true, ""grad_clip_max_norm"": 1.0, ""CUBLAS_WORKSPACE_CONFIG"": "":4096:8"", ""CUDA_VISIBLE_DEVICES"": ""0""}",2026-08-21T16:23:01
VNAT_3s_tcpdur_random70_stratified_flowlevel_splitseed42_8feat_timesnet_100ms_seed1,VNAT,VNAT_3s_tcp_duration,3,random70_stratified_flowlevel_splitseed42,42,cac127f87b766f86,Validation,4,timesnet,8feat,100ms,31,8,1,256,1534,663,best_val,18,12345,0,True,True,1.0,7.3436,92.22,30,77.6458,76.5165,74.9623,76.5165,"{""Chat"": 68.627, ""Control"": 89.514, ""File Transfer"": 80.0, ""Streaming"": 67.925}","{""Chat"": 55.556, ""Control"": 82.938, ""File Transfer"": 95.238, ""Streaming"": 90.503}","{""Chat"": 89.744, ""Control"": 97.222, ""File Transfer"": 68.966, ""Streaming"": 54.362}","{""Chat"": 156, ""Control"": 180, ""File Transfer"": 29, ""Streaming"": 298}","{""Chat"": 1.098854, ""Control"": 0.906619, ""File Transfer"": 5.9, ""Streaming"": 0.550215}","{""Chat"": 349, ""Control"": 423, ""File Transfer"": 65, ""Streaming"": 697}",9383876,checkpoints/VNAT_3s_tcp_duration_8feat_seed1/VNAT_3s_tcpdur_random70_stratified_flowlevel_splitseed42_8feat_timesnet_100ms_seed1.pth,38844990,27.9,OK,,"{""torch"": ""2.4.1+cu121"", ""cuda"": ""12.1"", ""gpu"": ""NVIDIA RTX A4500"", ""numpy"": ""1.26.0"", ""python"": ""3.10.12"", ""deterministic"": true, ""grad_clip_max_norm"": 1.0, ""CUBLAS_WORKSPACE_CONFIG"": "":4096:8"", ""CUDA_VISIBLE_DEVICES"": ""0""}",2026-08-21T16:23:29
VNAT_3s_tcpdur_random70_stratified_flowlevel_splitseed42_8feat_timesnet_100ms_seed2,VNAT,VNAT_3s_tcp_duration,3,random70_stratified_flowlevel_splitseed42,42,cac127f87b766f86,Validation,4,timesnet,8feat,100ms,31,8,2,256,1534,663,best_val,15,12345,0,True,True,1.0,5.5222,87.5,32,76.8101,76.1528,75.264,76.1528,"{""Chat"": 68.528, ""Control"": 89.286, ""File Transfer"": 77.551, ""Streaming"": 69.246}","{""Chat"": 56.723, ""Control"": 82.547, ""File Transfer"": 95.0, ""Streaming"": 88.083}","{""Chat"": 86.538, ""Control"": 97.222, ""File Transfer"": 65.517, ""Streaming"": 57.047}","{""Chat"": 156, ""Control"": 180, ""File Transfer"": 29, ""Streaming"": 298}","{""Chat"": 1.098854, ""Control"": 0.906619, ""File Transfer"": 5.9, ""Streaming"": 0.550215}","{""Chat"": 349, ""Control"": 423, ""File Transfer"": 65, ""Streaming"": 697}",9383876,checkpoints/VNAT_3s_tcp_duration_8feat_seed2/VNAT_3s_tcpdur_random70_stratified_flowlevel_splitseed42_8feat_timesnet_100ms_seed2.pth,38844990,29.7,OK,,"{""torch"": ""2.4.1+cu121"", ""cuda"": ""12.1"", ""gpu"": ""NVIDIA RTX A4500"", ""numpy"": ""1.26.0"", ""python"": ""3.10.12"", ""deterministic"": true, ""grad_clip_max_norm"": 1.0, ""CUBLAS_WORKSPACE_CONFIG"": "":4096:8"", ""CUDA_VISIBLE_DEVICES"": ""0""}",2026-08-21T16:23:59
VNAT_3s_tcpdur_random70_stratified_flowlevel_splitseed42_8feat_informer_100ms_seed0,VNAT,VNAT_3s_tcp_duration,3,random70_stratified_flowlevel_splitseed42,42,cac127f87b766f86,Validation,4,informer,8feat,100ms,31,8,0,64,1534,663,best_val,22,12345,0,True,True,1.0,21.7525,100.0,36,90.3862,90.0857,90.9502,88.9453,"{""Chat"": 86.61, ""Control"": 96.986, ""File Transfer"": 81.633, ""Streaming"": 90.553}","{""Chat"": 77.949, ""Control"": 95.676, ""File Transfer"": 100.0, ""Streaming"": 96.578}","{""Chat"": 97.436, ""Control"": 98.333, ""File Transfer"": 68.966, ""Streaming"": 85.235}","{""Chat"": 156, ""Control"": 180, ""File Transfer"": 29, ""Streaming"": 298}","{""Chat"": 1.098854, ""Control"": 0.906619, ""File Transfer"": 5.9, ""Streaming"": 0.550215}","{""Chat"": 349, ""Control"": 423, ""File Transfer"": 65, ""Streaming"": 697}",2712325,checkpoints/VNAT_3s_tcp_duration_8feat_seed0/VNAT_3s_tcpdur_random70_stratified_flowlevel_splitseed42_8feat_informer_100ms_seed0.pth,21133398,32.9,OK,,"{""torch"": ""2.4.1+cu121"", ""cuda"": ""12.1"", ""gpu"": ""NVIDIA RTX A4500"", ""numpy"": ""1.26.0"", ""python"": ""3.10.12"", ""deterministic"": true, ""grad_clip_max_norm"": 1.0, ""CUBLAS_WORKSPACE_CONFIG"": "":4096:8"", ""CUDA_VISIBLE_DEVICES"": ""0""}",2026-08-21T16:24:33
VNAT_3s_tcpdur_random70_stratified_flowlevel_splitseed42_8feat_informer_100ms_seed1,VNAT,VNAT_3s_tcp_duration,3,random70_stratified_flowlevel_splitseed42,42,cac127f87b766f86,Validation,4,informer,8feat,100ms,31,8,1,64,1534,663,best_val,19,12345,0,True,True,1.0,20.4243,99.87,32,90.7056,90.4025,91.2519,90.2196,"{""Chat"": 85.795, ""Control"": 98.061, ""File Transfer"": 86.275, ""Streaming"": 90.747}","{""Chat"": 77.041, ""Control"": 97.79, ""File Transfer"": 100.0, ""Streaming"": 96.591}","{""Chat"": 96.795, ""Control"": 98.333, ""File Transfer"": 75.862, ""Streaming"": 85.57}","{""Chat"": 156, ""Control"": 180, ""File Transfer"": 29, ""Streaming"": 298}","{""Chat"": 1.098854, ""Control"": 0.906619, ""File Transfer"": 5.9, ""Streaming"": 0.550215}","{""Chat"": 349, ""Control"": 423, ""File Transfer"": 65, ""Streaming"": 697}",2712325,checkpoints/VNAT_3s_tcp_duration_8feat_seed1/VNAT_3s_tcpdur_random70_stratified_flowlevel_splitseed42_8feat_informer_100ms_seed1.pth,21133398,28.4,OK,,"{""torch"": ""2.4.1+cu121"", ""cuda"": ""12.1"", ""gpu"": ""NVIDIA RTX A4500"", ""numpy"": ""1.26.0"", ""python"": ""3.10.12"", ""deterministic"": true, ""grad_clip_max_norm"": 1.0, ""CUBLAS_WORKSPACE_CONFIG"": "":4096:8"", ""CUDA_VISIBLE_DEVICES"": ""0""}",2026-08-21T16:25:01
VNAT_3s_tcpdur_random70_stratified_flowlevel_splitseed42_8feat_informer_100ms_seed2,VNAT,VNAT_3s_tcp_duration,3,random70_stratified_flowlevel_splitseed42,42,cac127f87b766f86,Validation,4,informer,8feat,100ms,31,8,2,64,1534,663,best_val,9,12345,0,True,True,1.0,20.7382,100.0,28,82.0562,86.3444,86.4253,85.2347,"{""Chat"": 76.786, ""Control"": 96.458, ""File Transfer"": 81.633, ""Streaming"": 86.063}","{""Chat"": 71.667, ""Control"": 94.652, ""File Transfer"": 100.0, ""Streaming"": 89.493}","{""Chat"": 82.692, ""Control"": 98.333, ""File Transfer"": 68.966, ""Streaming"": 82.886}","{""Chat"": 156, ""Control"": 180, ""File Transfer"": 29, ""Streaming"": 298}","{""Chat"": 1.098854, ""Control"": 0.906619, ""File Transfer"": 5.9, ""Streaming"": 0.550215}","{""Chat"": 349, ""Control"": 423, ""File Transfer"": 65, ""Streaming"": 697}",2712325,checkpoints/VNAT_3s_tcp_duration_8feat_seed2/VNAT_3s_tcpdur_random70_stratified_flowlevel_splitseed42_8feat_informer_100ms_seed2.pth,21133398,27.0,OK,,"{""torch"": ""2.4.1+cu121"", ""cuda"": ""12.1"", ""gpu"": ""NVIDIA RTX A4500"", ""numpy"": ""1.26.0"", ""python"": ""3.10.12"", ""deterministic"": true, ""grad_clip_max_norm"": 1.0, ""CUBLAS_WORKSPACE_CONFIG"": "":4096:8"", ""CUDA_VISIBLE_DEVICES"": ""0""}",2026-08-21T16:25:28
VNAT_3s_tcpdur_random70_stratified_flowlevel_splitseed42_8feat_nst_100ms_seed0,VNAT,VNAT_3s_tcp_duration,3,random70_stratified_flowlevel_splitseed42,42,cac127f87b766f86,Validation,4,nst,8feat,100ms,31,8,0,64,1534,663,best_val,22,12345,0,True,True,1.0,10.3593,99.63,34,81.7266,83.0273,82.9563,83.0273,"{""Chat"": 74.801, ""Control"": 95.676, ""File Transfer"": 81.633, ""Streaming"": 80.0}","{""Chat"": 63.801, ""Control"": 93.158, ""File Transfer"": 100.0, ""Streaming"": 91.379}","{""Chat"": 90.385, ""Control"": 98.333, ""File Transfer"": 68.966, ""Streaming"": 71.141}","{""Chat"": 156, ""Control"": 180, ""File Transfer"": 29, ""Streaming"": 298}","{""Chat"": 1.098854, ""Control"": 0.906619, ""File Transfer"": 5.9, ""Streaming"": 0.550215}","{""Chat"": 349, ""Control"": 423, ""File Transfer"": 65, ""Streaming"": 697}",132990,checkpoints/VNAT_3s_tcp_duration_8feat_seed0/VNAT_3s_tcpdur_random70_stratified_flowlevel_splitseed42_8feat_nst_100ms_seed0.pth,1840002,29.8,OK,,"{""torch"": ""2.4.1+cu121"", ""cuda"": ""12.1"", ""gpu"": ""NVIDIA RTX A4500"", ""numpy"": ""1.26.0"", ""python"": ""3.10.12"", ""deterministic"": true, ""grad_clip_max_norm"": 1.0, ""CUBLAS_WORKSPACE_CONFIG"": "":4096:8"", ""CUDA_VISIBLE_DEVICES"": ""0""}",2026-08-21T16:25:58
VNAT_3s_tcpdur_random70_stratified_flowlevel_splitseed42_8feat_nst_100ms_seed1,VNAT,VNAT_3s_tcp_duration,3,random70_stratified_flowlevel_splitseed42,42,cac127f87b766f86,Validation,4,nst,8feat,100ms,31,8,1,64,1534,663,best_val,14,12345,0,True,True,1.0,9.2688,100.0,28,80.5054,82.5176,82.3529,82.5176,"{""Chat"": 73.404, ""Control"": 95.109, ""File Transfer"": 81.633, ""Streaming"": 79.925}","{""Chat"": 62.727, ""Control"": 93.085, ""File Transfer"": 100.0, ""Streaming"": 90.638}","{""Chat"": 88.462, ""Control"": 97.222, ""File Transfer"": 68.966, ""Streaming"": 71.477}","{""Chat"": 156, ""Control"": 180, ""File Transfer"": 29, ""Streaming"": 298}","{""Chat"": 1.098854, ""Control"": 0.906619, ""File Transfer"": 5.9, ""Streaming"": 0.550215}","{""Chat"": 349, ""Control"": 423, ""File Transfer"": 65, ""Streaming"": 697}",132990,checkpoints/VNAT_3s_tcp_duration_8feat_seed1/VNAT_3s_tcpdur_random70_stratified_flowlevel_splitseed42_8feat_nst_100ms_seed1.pth,1840002,24.3,OK,,"{""torch"": ""2.4.1+cu121"", ""cuda"": ""12.1"", ""gpu"": ""NVIDIA RTX A4500"", ""numpy"": ""1.26.0"", ""python"": ""3.10.12"", ""deterministic"": true, ""grad_clip_max_norm"": 1.0, ""CUBLAS_WORKSPACE_CONFIG"": "":4096:8"", ""CUDA_VISIBLE_DEVICES"": ""0""}",2026-08-21T16:26:23
VNAT_3s_tcpdur_random70_stratified_flowlevel_splitseed42_8feat_nst_100ms_seed2,VNAT,VNAT_3s_tcp_duration,3,random70_stratified_flowlevel_splitseed42,42,cac127f87b766f86,Validation,4,nst,8feat,100ms,31,8,2,64,1534,663,best_val,7,12345,0,True,True,1.0,8.8727,100.0,28,76.6816,80.4516,79.638,80.4516,"{""Chat"": 70.0, ""Control"": 93.514, ""File Transfer"": 81.633, ""Streaming"": 76.66}","{""Chat"": 59.375, ""Control"": 91.053, ""File Transfer"": 100.0, ""Streaming"": 88.21}","{""Chat"": 85.256, ""Control"": 96.111, ""File Transfer"": 68.966, ""Streaming"": 67.785}","{""Chat"": 156, ""Control"": 180, ""File Transfer"": 29, ""Streaming"": 298}","{""Chat"": 1.098854, ""Control"": 0.906619, ""File Transfer"": 5.9, ""Streaming"": 0.550215}","{""Chat"": 349, ""Control"": 423, ""File Transfer"": 65, ""Streaming"": 697}",132990,checkpoints/VNAT_3s_tcp_duration_8feat_seed2/VNAT_3s_tcpdur_random70_stratified_flowlevel_splitseed42_8feat_nst_100ms_seed2.pth,1840002,25.8,OK,,"{""torch"": ""2.4.1+cu121"", ""cuda"": ""12.1"", ""gpu"": ""NVIDIA RTX A4500"", ""numpy"": ""1.26.0"", ""python"": ""3.10.12"", ""deterministic"": true, ""grad_clip_max_norm"": 1.0, ""CUBLAS_WORKSPACE_CONFIG"": "":4096:8"", ""CUDA_VISIBLE_DEVICES"": ""0""}",2026-08-21T16:26:48
VNAT_3s_tcpdur_random70_stratified_flowlevel_splitseed42_8feat_autoformer_100ms_seed0,VNAT,VNAT_3s_tcp_duration,3,random70_stratified_flowlevel_splitseed42,42,cac127f87b766f86,Validation,4,autoformer,8feat,100ms,31,8,0,256,1534,663,best_val,30,12345,0,True,True,1.0,5.7344,99.24,44,78.8766,78.4555,77.9789,78.4555,"{""Chat"": 68.421, ""Control"": 92.838, ""File Transfer"": 78.431, ""Streaming"": 74.131}","{""Chat"": 58.036, ""Control"": 88.832, ""File Transfer"": 90.909, ""Streaming"": 87.273}","{""Chat"": 83.333, ""Control"": 97.222, ""File Transfer"": 68.966, ""Streaming"": 64.43}","{""Chat"": 156, ""Control"": 180, ""File Transfer"": 29, ""Streaming"": 298}","{""Chat"": 1.098854, ""Control"": 0.906619, ""File Transfer"": 5.9, ""Streaming"": 0.550215}","{""Chat"": 349, ""Control"": 423, ""File Transfer"": 65, ""Streaming"": 697}",108740,checkpoints/VNAT_3s_tcp_duration_8feat_seed0/VNAT_3s_tcpdur_random70_stratified_flowlevel_splitseed42_8feat_autoformer_100ms_seed0.pth,1732546,14.6,OK,,"{""torch"": ""2.4.1+cu121"", ""cuda"": ""12.1"", ""gpu"": ""NVIDIA RTX A4500"", ""numpy"": ""1.26.0"", ""python"": ""3.10.12"", ""deterministic"": true, ""grad_clip_max_norm"": 1.0, ""CUBLAS_WORKSPACE_CONFIG"": "":4096:8"", ""CUDA_VISIBLE_DEVICES"": ""0""}",2026-08-21T16:27:03
VNAT_3s_tcpdur_random70_stratified_flowlevel_splitseed42_8feat_autoformer_100ms_seed1,VNAT,VNAT_3s_tcp_duration,3,random70_stratified_flowlevel_splitseed42,42,cac127f87b766f86,Validation,4,autoformer,8feat,100ms,31,8,1,256,1534,663,best_val,22,12345,0,True,True,1.0,4.4744,100.0,36,77.926,76.7137,76.1689,76.7137,"{""Chat"": 67.358, ""Control"": 91.146, ""File Transfer"": 76.923, ""Streaming"": 71.429}","{""Chat"": 56.522, ""Control"": 85.784, ""File Transfer"": 86.957, ""Streaming"": 87.379}","{""Chat"": 83.333, ""Control"": 97.222, ""File Transfer"": 68.966, ""Streaming"": 60.403}","{""Chat"": 156, ""Control"": 180, ""File Transfer"": 29, ""Streaming"": 298}","{""Chat"": 1.098854, ""Control"": 0.906619, ""File Transfer"": 5.9, ""Streaming"": 0.550215}","{""Chat"": 349, ""Control"": 423, ""File Transfer"": 65, ""Streaming"": 697}",108740,checkpoints/VNAT_3s_tcp_duration_8feat_seed1/VNAT_3s_tcpdur_random70_stratified_flowlevel_splitseed42_8feat_autoformer_100ms_seed1.pth,1732546,11.2,OK,,"{""torch"": ""2.4.1+cu121"", ""cuda"": ""12.1"", ""gpu"": ""NVIDIA RTX A4500"", ""numpy"": ""1.26.0"", ""python"": ""3.10.12"", ""deterministic"": true, ""grad_clip_max_norm"": 1.0, ""CUBLAS_WORKSPACE_CONFIG"": "":4096:8"", ""CUDA_VISIBLE_DEVICES"": ""0""}",2026-08-21T16:27:15
VNAT_3s_tcpdur_random70_stratified_flowlevel_splitseed42_8feat_autoformer_100ms_seed2,VNAT,VNAT_3s_tcp_duration,3,random70_stratified_flowlevel_splitseed42,42,cac127f87b766f86,Validation,4,autoformer,8feat,100ms,31,8,2,256,1534,663,best_val,22,12345,0,True,True,1.0,4.6752,99.54,36,77.6188,76.7246,76.1689,76.7246,"{""Chat"": 67.866, ""Control"": 90.909, ""File Transfer"": 76.923, ""Streaming"": 71.2}","{""Chat"": 56.652, ""Control"": 85.366, ""File Transfer"": 86.957, ""Streaming"": 88.119}","{""Chat"": 84.615, ""Control"": 97.222, ""File Transfer"": 68.966, ""Streaming"": 59.732}","{""Chat"": 156, ""Control"": 180, ""File Transfer"": 29, ""Streaming"": 298}","{""Chat"": 1.098854, ""Control"": 0.906619, ""File Transfer"": 5.9, ""Streaming"": 0.550215}","{""Chat"": 349, ""Control"": 423, ""File Transfer"": 65, ""Streaming"": 697}",108740,checkpoints/VNAT_3s_tcp_duration_8feat_seed2/VNAT_3s_tcpdur_random70_stratified_flowlevel_splitseed42_8feat_autoformer_100ms_seed2.pth,1732546,11.6,OK,,"{""torch"": ""2.4.1+cu121"", ""cuda"": ""12.1"", ""gpu"": ""NVIDIA RTX A4500"", ""numpy"": ""1.26.0"", ""python"": ""3.10.12"", ""deterministic"": true, ""grad_clip_max_norm"": 1.0, ""CUBLAS_WORKSPACE_CONFIG"": "":4096:8"", ""CUDA_VISIBLE_DEVICES"": ""0""}",2026-08-21T16:27:26
VNAT_3s_tcpdur_random70_stratified_flowlevel_splitseed42_8feat_fedformer_100ms_seed0,VNAT,VNAT_3s_tcp_duration,3,random70_stratified_flowlevel_splitseed42,42,cac127f87b766f86,Validation,4,fedformer,8feat,100ms,31,8,0,256,1534,663,best_val,32,12345,4,True,True,1.0,4.4749,95.93,45,77.6403,75.3757,75.264,75.3757,"{""Chat"": 66.667, ""Control"": 90.722, ""File Transfer"": 74.074, ""Streaming"": 70.04}","{""Chat"": 55.556, ""Control"": 84.615, ""File Transfer"": 80.0, ""Streaming"": 88.265}","{""Chat"": 83.333, ""Control"": 97.778, ""File Transfer"": 68.966, ""Streaming"": 58.054}","{""Chat"": 156, ""Control"": 180, ""File Transfer"": 29, ""Streaming"": 298}","{""Chat"": 1.098854, ""Control"": 0.906619, ""File Transfer"": 5.9, ""Streaming"": 0.550215}","{""Chat"": 349, ""Control"": 423, ""File Transfer"": 65, ""Streaming"": 697}",235077,checkpoints/VNAT_3s_tcp_duration_8feat_seed0/VNAT_3s_tcpdur_random70_stratified_flowlevel_splitseed42_8feat_fedformer_100ms_seed0.pth,3536300,48.4,OK,,"{""torch"": ""2.4.1+cu121"", ""cuda"": ""12.1"", ""gpu"": ""NVIDIA RTX A4500"", ""numpy"": ""1.26.0"", ""python"": ""3.10.12"", ""deterministic"": true, ""grad_clip_max_norm"": 1.0, ""CUBLAS_WORKSPACE_CONFIG"": "":4096:8"", ""CUDA_VISIBLE_DEVICES"": ""0""}",2026-08-21T16:28:15
VNAT_3s_tcpdur_random70_stratified_flowlevel_splitseed42_8feat_fedformer_100ms_seed1,VNAT,VNAT_3s_tcp_duration,3,random70_stratified_flowlevel_splitseed42,42,cac127f87b766f86,Validation,4,fedformer,8feat,100ms,31,8,1,256,1534,663,best_val,24,12345,4,True,True,1.0,4.3927,96.93,38,76.2308,74.5297,74.359,74.5297,"{""Chat"": 66.334, ""Control"": 91.429, ""File Transfer"": 72.727, ""Streaming"": 67.629}","{""Chat"": 54.286, ""Control"": 85.854, ""File Transfer"": 76.923, ""Streaming"": 87.701}","{""Chat"": 85.256, ""Control"": 97.778, ""File Transfer"": 68.966, ""Streaming"": 55.034}","{""Chat"": 156, ""Control"": 180, ""File Transfer"": 29, ""Streaming"": 298}","{""Chat"": 1.098854, ""Control"": 0.906619, ""File Transfer"": 5.9, ""Streaming"": 0.550215}","{""Chat"": 349, ""Control"": 423, ""File Transfer"": 65, ""Streaming"": 697}",235077,checkpoints/VNAT_3s_tcp_duration_8feat_seed1/VNAT_3s_tcpdur_random70_stratified_flowlevel_splitseed42_8feat_fedformer_100ms_seed1.pth,3536300,41.1,OK,,"{""torch"": ""2.4.1+cu121"", ""cuda"": ""12.1"", ""gpu"": ""NVIDIA RTX A4500"", ""numpy"": ""1.26.0"", ""python"": ""3.10.12"", ""deterministic"": true, ""grad_clip_max_norm"": 1.0, ""CUBLAS_WORKSPACE_CONFIG"": "":4096:8"", ""CUDA_VISIBLE_DEVICES"": ""0""}",2026-08-21T16:28:56
VNAT_3s_tcpdur_random70_stratified_flowlevel_splitseed42_8feat_fedformer_100ms_seed2,VNAT,VNAT_3s_tcp_duration,3,random70_stratified_flowlevel_splitseed42,42,cac127f87b766f86,Validation,4,fedformer,8feat,100ms,31,8,2,256,1534,663,best_val,19,12345,4,True,True,1.0,5.3006,97.69,36,76.218,76.0168,75.264,76.0168,"{""Chat"": 68.354, ""Control"": 89.796, ""File Transfer"": 76.923, ""Streaming"": 68.994}","{""Chat"": 56.485, ""Control"": 83.019, ""File Transfer"": 86.957, ""Streaming"": 88.889}","{""Chat"": 86.538, ""Control"": 97.778, ""File Transfer"": 68.966, ""Streaming"": 56.376}","{""Chat"": 156, ""Control"": 180, ""File Transfer"": 29, ""Streaming"": 298}","{""Chat"": 1.098854, ""Control"": 0.906619, ""File Transfer"": 5.9, ""Streaming"": 0.550215}","{""Chat"": 349, ""Control"": 423, ""File Transfer"": 65, ""Streaming"": 697}",235077,checkpoints/VNAT_3s_tcp_duration_8feat_seed2/VNAT_3s_tcpdur_random70_stratified_flowlevel_splitseed42_8feat_fedformer_100ms_seed2.pth,3536300,38.8,OK,,"{""torch"": ""2.4.1+cu121"", ""cuda"": ""12.1"", ""gpu"": ""NVIDIA RTX A4500"", ""numpy"": ""1.26.0"", ""python"": ""3.10.12"", ""deterministic"": true, ""grad_clip_max_norm"": 1.0, ""CUBLAS_WORKSPACE_CONFIG"": "":4096:8"", ""CUDA_VISIBLE_DEVICES"": ""0""}",2026-08-21T16:29:35
VNAT_3s_tcpdur_random70_stratified_flowlevel_splitseed42_8feat_timemixer_100ms_seed0,VNAT,VNAT_3s_tcp_duration,3,random70_stratified_flowlevel_splitseed42,42,cac127f87b766f86,Validation,4,timemixer,8feat,100ms,31,8,0,256,1534,663,best_val,51,12345,0,True,True,1.0,8.1929,40.0,65,77.733,77.4677,76.9231,77.4677,"{""Chat"": 67.176, ""Control"": 93.583, ""File Transfer"": 76.923, ""Streaming"": 72.189}","{""Chat"": 55.696, ""Control"": 90.206, ""File Transfer"": 86.957, ""Streaming"": 87.56}","{""Chat"": 84.615, ""Control"": 97.222, ""File Transfer"": 68.966, ""Streaming"": 61.409}","{""Chat"": 156, ""Control"": 180, ""File Transfer"": 29, ""Streaming"": 298}","{""Chat"": 1.098854, ""Control"": 0.906619, ""File Transfer"": 5.9, ""Streaming"": 0.550215}","{""Chat"": 349, ""Control"": 423, ""File Transfer"": 65, ""Streaming"": 697}",147924,checkpoints/VNAT_3s_tcp_duration_8feat_seed0/VNAT_3s_tcpdur_random70_stratified_flowlevel_splitseed42_8feat_timemixer_100ms_seed0.pth,1908746,20.4,OK,,"{""torch"": ""2.4.1+cu121"", ""cuda"": ""12.1"", ""gpu"": ""NVIDIA RTX A4500"", ""numpy"": ""1.26.0"", ""python"": ""3.10.12"", ""deterministic"": true, ""grad_clip_max_norm"": 1.0, ""CUBLAS_WORKSPACE_CONFIG"": "":4096:8"", ""CUDA_VISIBLE_DEVICES"": ""0""}",2026-08-21T16:29:56
VNAT_3s_tcpdur_random70_stratified_flowlevel_splitseed42_8feat_timemixer_100ms_seed1,VNAT,VNAT_3s_tcp_duration,3,random70_stratified_flowlevel_splitseed42,42,cac127f87b766f86,Validation,4,timemixer,8feat,100ms,31,8,1,256,1534,663,best_val,23,12345,0,True,True,1.0,8.8444,33.97,52,72.1721,74.3015,71.9457,74.3015,"{""Chat"": 64.399, ""Control"": 83.333, ""File Transfer"": 80.0, ""Streaming"": 69.474}","{""Chat"": 49.825, ""Control"": 83.333, ""File Transfer"": 95.238, ""Streaming"": 93.22}","{""Chat"": 91.026, ""Control"": 83.333, ""File Transfer"": 68.966, ""Streaming"": 55.369}","{""Chat"": 156, ""Control"": 180, ""File Transfer"": 29, ""Streaming"": 298}","{""Chat"": 1.098854, ""Control"": 0.906619, ""File Transfer"": 5.9, ""Streaming"": 0.550215}","{""Chat"": 349, ""Control"": 423, ""File Transfer"": 65, ""Streaming"": 697}",147924,checkpoints/VNAT_3s_tcp_duration_8feat_seed1/VNAT_3s_tcpdur_random70_stratified_flowlevel_splitseed42_8feat_timemixer_100ms_seed1.pth,1908746,16.6,OK,,"{""torch"": ""2.4.1+cu121"", ""cuda"": ""12.1"", ""gpu"": ""NVIDIA RTX A4500"", ""numpy"": ""1.26.0"", ""python"": ""3.10.12"", ""deterministic"": true, ""grad_clip_max_norm"": 1.0, ""CUBLAS_WORKSPACE_CONFIG"": "":4096:8"", ""CUDA_VISIBLE_DEVICES"": ""0""}",2026-08-21T16:30:13
VNAT_3s_tcpdur_random70_stratified_flowlevel_splitseed42_8feat_timemixer_100ms_seed2,VNAT,VNAT_3s_tcp_duration,3,random70_stratified_flowlevel_splitseed42,42,cac127f87b766f86,Validation,4,timemixer,8feat,100ms,31,8,2,256,1534,663,best_val,58,12345,0,True,True,1.0,3.7518,34.26,72,79.1104,79.2276,79.4872,79.2276,"{""Chat"": 69.211, ""Control"": 95.676, ""File Transfer"": 76.0, ""Streaming"": 76.023}","{""Chat"": 57.384, ""Control"": 93.158, ""File Transfer"": 90.476, ""Streaming"": 90.698}","{""Chat"": 87.179, ""Control"": 98.333, ""File Transfer"": 65.517, ""Streaming"": 65.436}","{""Chat"": 156, ""Control"": 180, ""File Transfer"": 29, ""Streaming"": 298}","{""Chat"": 1.098854, ""Control"": 0.906619, ""File Transfer"": 5.9, ""Streaming"": 0.550215}","{""Chat"": 349, ""Control"": 423, ""File Transfer"": 65, ""Streaming"": 697}",147924,checkpoints/VNAT_3s_tcp_duration_8feat_seed2/VNAT_3s_tcpdur_random70_stratified_flowlevel_splitseed42_8feat_timemixer_100ms_seed2.pth,1908746,22.9,OK,,"{""torch"": ""2.4.1+cu121"", ""cuda"": ""12.1"", ""gpu"": ""NVIDIA RTX A4500"", ""numpy"": ""1.26.0"", ""python"": ""3.10.12"", ""deterministic"": true, ""grad_clip_max_norm"": 1.0, ""CUBLAS_WORKSPACE_CONFIG"": "":4096:8"", ""CUDA_VISIBLE_DEVICES"": ""0""}",2026-08-21T16:30:36
VNAT_3s_tcpdur_random70_stratified_flowlevel_splitseed42_8feat_timesnet_150ms_seed0,VNAT,VNAT_3s_tcp_duration,3,random70_stratified_flowlevel_splitseed42,42,cac127f87b766f86,Validation,4,timesnet,8feat,150ms,21,8,0,256,1534,663,best_val,20,12345,0,True,True,1.0,5.9864,80.08,41,75.3557,74.8774,74.6606,74.8774,"{""Chat"": 69.524, ""Control"": 90.956, ""File Transfer"": 73.077, ""Streaming"": 65.953}","{""Chat"": 55.303, ""Control"": 85.024, ""File Transfer"": 82.609, ""Streaming"": 91.124}","{""Chat"": 93.59, ""Control"": 97.778, ""File Transfer"": 65.517, ""Streaming"": 51.678}","{""Chat"": 156, ""Control"": 180, ""File Transfer"": 29, ""Streaming"": 298}","{""Chat"": 1.098854, ""Control"": 0.906619, ""File Transfer"": 5.9, ""Streaming"": 0.550215}","{""Chat"": 349, ""Control"": 423, ""File Transfer"": 65, ""Streaming"": 697}",9381316,checkpoints/VNAT_3s_tcp_duration_8feat_seed0/VNAT_3s_tcpdur_random70_stratified_flowlevel_splitseed42_8feat_timesnet_150ms_seed0.pth,38834750,28.2,OK,,"{""torch"": ""2.4.1+cu121"", ""cuda"": ""12.1"", ""gpu"": ""NVIDIA RTX A4500"", ""numpy"": ""1.26.0"", ""python"": ""3.10.12"", ""deterministic"": true, ""grad_clip_max_norm"": 1.0, ""CUBLAS_WORKSPACE_CONFIG"": "":4096:8"", ""CUDA_VISIBLE_DEVICES"": ""0""}",2026-08-21T16:31:04
VNAT_3s_tcpdur_random70_stratified_flowlevel_splitseed42_8feat_timesnet_150ms_seed1,VNAT,VNAT_3s_tcp_duration,3,random70_stratified_flowlevel_splitseed42,42,cac127f87b766f86,Validation,4,timesnet,8feat,150ms,21,8,1,256,1534,663,best_val,25,12345,0,True,True,1.0,4.2491,77.78,39,75.7261,78.6861,78.2805,78.6861,"{""Chat"": 65.714, ""Control"": 94.595, ""File Transfer"": 79.167, ""Streaming"": 75.269}","{""Chat"": 59.278, ""Control"": 92.105, ""File Transfer"": 100.0, ""Streaming"": 80.769}","{""Chat"": 73.718, ""Control"": 97.222, ""File Transfer"": 65.517, ""Streaming"": 70.47}","{""Chat"": 156, ""Control"": 180, ""File Transfer"": 29, ""Streaming"": 298}","{""Chat"": 1.098854, ""Control"": 0.906619, ""File Transfer"": 5.9, ""Streaming"": 0.550215}","{""Chat"": 349, ""Control"": 423, ""File Transfer"": 65, ""Streaming"": 697}",9381316,checkpoints/VNAT_3s_tcp_duration_8feat_seed1/VNAT_3s_tcpdur_random70_stratified_flowlevel_splitseed42_8feat_timesnet_150ms_seed1.pth,38834750,27.2,OK,,"{""torch"": ""2.4.1+cu121"", ""cuda"": ""12.1"", ""gpu"": ""NVIDIA RTX A4500"", ""numpy"": ""1.26.0"", ""python"": ""3.10.12"", ""deterministic"": true, ""grad_clip_max_norm"": 1.0, ""CUBLAS_WORKSPACE_CONFIG"": "":4096:8"", ""CUDA_VISIBLE_DEVICES"": ""0""}",2026-08-21T16:31:32
VNAT_3s_tcpdur_random70_stratified_flowlevel_splitseed42_8feat_timesnet_150ms_seed2,VNAT,VNAT_3s_tcp_duration,3,random70_stratified_flowlevel_splitseed42,42,cac127f87b766f86,Validation,4,timesnet,8feat,150ms,21,8,2,256,1534,663,best_val,24,12345,0,True,True,1.0,4.6998,77.94,34,77.1452,79.175,77.6772,79.175,"{""Chat"": 70.416, ""Control"": 93.369, ""File Transfer"": 81.633, ""Streaming"": 71.283}","{""Chat"": 56.917, ""Control"": 89.34, ""File Transfer"": 100.0, ""Streaming"": 90.674}","{""Chat"": 92.308, ""Control"": 97.778, ""File Transfer"": 68.966, ""Streaming"": 58.725}","{""Chat"": 156, ""Control"": 180, ""File Transfer"": 29, ""Streaming"": 298}","{""Chat"": 1.098854, ""Control"": 0.906619, ""File Transfer"": 5.9, ""Streaming"": 0.550215}","{""Chat"": 349, ""Control"": 423, ""File Transfer"": 65, ""Streaming"": 697}",9381316,checkpoints/VNAT_3s_tcp_duration_8feat_seed2/VNAT_3s_tcpdur_random70_stratified_flowlevel_splitseed42_8feat_timesnet_150ms_seed2.pth,38834750,24.3,OK,,"{""torch"": ""2.4.1+cu121"", ""cuda"": ""12.1"", ""gpu"": ""NVIDIA RTX A4500"", ""numpy"": ""1.26.0"", ""python"": ""3.10.12"", ""deterministic"": true, ""grad_clip_max_norm"": 1.0, ""CUBLAS_WORKSPACE_CONFIG"": "":4096:8"", ""CUDA_VISIBLE_DEVICES"": ""0""}",2026-08-21T16:31:56
VNAT_3s_tcpdur_random70_stratified_flowlevel_splitseed42_8feat_informer_150ms_seed0,VNAT,VNAT_3s_tcp_duration,3,random70_stratified_flowlevel_splitseed42,42,cac127f87b766f86,Validation,4,informer,8feat,150ms,21,8,0,64,1534,663,best_val,15,12345,0,True,True,1.0,13.8523,100.0,29,79.1097,80.5022,80.2413,80.3986,"{""Chat"": 68.182, ""Control"": 95.935, ""File Transfer"": 80.0, ""Streaming"": 77.477}","{""Chat"": 61.224, ""Control"": 93.651, ""File Transfer"": 95.238, ""Streaming"": 83.658}","{""Chat"": 76.923, ""Control"": 98.333, ""File Transfer"": 68.966, ""Streaming"": 72.148}","{""Chat"": 156, ""Control"": 180, ""File Transfer"": 29, ""Streaming"": 298}","{""Chat"": 1.098854, ""Control"": 0.906619, ""File Transfer"": 5.9, ""Streaming"": 0.550215}","{""Chat"": 349, ""Control"": 423, ""File Transfer"": 65, ""Streaming"": 697}",2702085,checkpoints/VNAT_3s_tcp_duration_8feat_seed0/VNAT_3s_tcpdur_random70_stratified_flowlevel_splitseed42_8feat_informer_150ms_seed0.pth,21092438,27.9,OK,,"{""torch"": ""2.4.1+cu121"", ""cuda"": ""12.1"", ""gpu"": ""NVIDIA RTX A4500"", ""numpy"": ""1.26.0"", ""python"": ""3.10.12"", ""deterministic"": true, ""grad_clip_max_norm"": 1.0, ""CUBLAS_WORKSPACE_CONFIG"": "":4096:8"", ""CUDA_VISIBLE_DEVICES"": ""0""}",2026-08-21T16:32:25
VNAT_3s_tcpdur_random70_stratified_flowlevel_splitseed42_8feat_informer_150ms_seed1,VNAT,VNAT_3s_tcp_duration,3,random70_stratified_flowlevel_splitseed42,42,cac127f87b766f86,Validation,4,informer,8feat,150ms,21,8,1,64,1534,663,best_val,16,12345,0,True,True,1.0,15.1536,100.0,39,88.9206,87.1668,88.2353,86.7267,"{""Chat"": 80.967, ""Control"": 96.721, ""File Transfer"": 81.633, ""Streaming"": 87.586}","{""Chat"": 76.571, ""Control"": 95.161, ""File Transfer"": 100.0, ""Streaming"": 90.071}","{""Chat"": 85.897, ""Control"": 98.333, ""File Transfer"": 68.966, ""Streaming"": 85.235}","{""Chat"": 156, ""Control"": 180, ""File Transfer"": 29, ""Streaming"": 298}","{""Chat"": 1.098854, ""Control"": 0.906619, ""File Transfer"": 5.9, ""Streaming"": 0.550215}","{""Chat"": 349, ""Control"": 423, ""File Transfer"": 65, ""Streaming"": 697}",2702085,checkpoints/VNAT_3s_tcp_duration_8feat_seed1/VNAT_3s_tcpdur_random70_stratified_flowlevel_splitseed42_8feat_informer_150ms_seed1.pth,21092438,35.5,OK,,"{""torch"": ""2.4.1+cu121"", ""cuda"": ""12.1"", ""gpu"": ""NVIDIA RTX A4500"", ""numpy"": ""1.26.0"", ""python"": ""3.10.12"", ""deterministic"": true, ""grad_clip_max_norm"": 1.0, ""CUBLAS_WORKSPACE_CONFIG"": "":4096:8"", ""CUDA_VISIBLE_DEVICES"": ""0""}",2026-08-21T16:33:00
VNAT_3s_tcpdur_random70_stratified_flowlevel_splitseed42_8feat_informer_150ms_seed2,VNAT,VNAT_3s_tcp_duration,3,random70_stratified_flowlevel_splitseed42,42,cac127f87b766f86,Validation,4,informer,8feat,150ms,21,8,2,64,1534,663,best_val,29,12345,0,True,True,1.0,15.0365,100.0,37,87.1393,87.8612,90.0452,87.6298,"{""Chat"": 84.33, ""Control"": 96.986, ""File Transfer"": 79.167, ""Streaming"": 90.036}","{""Chat"": 75.897, ""Control"": 95.676, ""File Transfer"": 100.0, ""Streaming"": 95.833}","{""Chat"": 94.872, ""Control"": 98.333, ""File Transfer"": 65.517, ""Streaming"": 84.899}","{""Chat"": 156, ""Control"": 180, ""File Transfer"": 29, ""Streaming"": 298}","{""Chat"": 1.098854, ""Control"": 0.906619, ""File Transfer"": 5.9, ""Streaming"": 0.550215}","{""Chat"": 349, ""Control"": 423, ""File Transfer"": 65, ""Streaming"": 697}",2702085,checkpoints/VNAT_3s_tcp_duration_8feat_seed2/VNAT_3s_tcpdur_random70_stratified_flowlevel_splitseed42_8feat_informer_150ms_seed2.pth,21092438,30.6,OK,,"{""torch"": ""2.4.1+cu121"", ""cuda"": ""12.1"", ""gpu"": ""NVIDIA RTX A4500"", ""numpy"": ""1.26.0"", ""python"": ""3.10.12"", ""deterministic"": true, ""grad_clip_max_norm"": 1.0, ""CUBLAS_WORKSPACE_CONFIG"": "":4096:8"", ""CUDA_VISIBLE_DEVICES"": ""0""}",2026-08-21T16:33:31
VNAT_3s_tcpdur_random70_stratified_flowlevel_splitseed42_8feat_nst_150ms_seed0,VNAT,VNAT_3s_tcp_duration,3,random70_stratified_flowlevel_splitseed42,42,cac127f87b766f86,Validation,4,nst,8feat,150ms,21,8,0,64,1534,663,best_val,31,12345,0,True,True,1.0,8.5579,99.9,40,79.1858,82.9397,83.8612,82.9397,"{""Chat"": 74.251, ""Control"": 94.906, ""File Transfer"": 80.0, ""Streaming"": 82.601}","{""Chat"": 69.663, ""Control"": 91.71, ""File Transfer"": 95.238, ""Streaming"": 86.716}","{""Chat"": 79.487, ""Control"": 98.333, ""File Transfer"": 68.966, ""Streaming"": 78.859}","{""Chat"": 156, ""Control"": 180, ""File Transfer"": 29, ""Streaming"": 298}","{""Chat"": 1.098854, ""Control"": 0.906619, ""File Transfer"": 5.9, ""Streaming"": 0.550215}","{""Chat"": 349, ""Control"": 423, ""File Transfer"": 65, ""Streaming"": 697}",129730,checkpoints/VNAT_3s_tcp_duration_8feat_seed0/VNAT_3s_tcpdur_random70_stratified_flowlevel_splitseed42_8feat_nst_150ms_seed0.pth,1827074,28.9,OK,,"{""torch"": ""2.4.1+cu121"", ""cuda"": ""12.1"", ""gpu"": ""NVIDIA RTX A4500"", ""numpy"": ""1.26.0"", ""python"": ""3.10.12"", ""deterministic"": true, ""grad_clip_max_norm"": 1.0, ""CUBLAS_WORKSPACE_CONFIG"": "":4096:8"", ""CUDA_VISIBLE_DEVICES"": ""0""}",2026-08-21T16:34:00
VNAT_3s_tcpdur_random70_stratified_flowlevel_splitseed42_8feat_nst_150ms_seed1,VNAT,VNAT_3s_tcp_duration,3,random70_stratified_flowlevel_splitseed42,42,cac127f87b766f86,Validation,4,nst,8feat,150ms,21,8,1,64,1534,663,best_val,23,12345,0,True,True,1.0,8.0114,99.88,35,81.8042,83.8476,85.0679,83.8476,"{""Chat"": 75.449, ""Control"": 95.676, ""File Transfer"": 80.0, ""Streaming"": 84.266}","{""Chat"": 70.787, ""Control"": 93.158, ""File Transfer"": 95.238, ""Streaming"": 87.956}","{""Chat"": 80.769, ""Control"": 98.333, ""File Transfer"": 68.966, ""Streaming"": 80.872}","{""Chat"": 156, ""Control"": 180, ""File Transfer"": 29, ""Streaming"": 298}","{""Chat"": 1.098854, ""Control"": 0.906619, ""File Transfer"": 5.9, ""Streaming"": 0.550215}","{""Chat"": 349, ""Control"": 423, ""File Transfer"": 65, ""Streaming"": 697}",129730,checkpoints/VNAT_3s_tcp_duration_8feat_seed1/VNAT_3s_tcpdur_random70_stratified_flowlevel_splitseed42_8feat_nst_150ms_seed1.pth,1827074,25.0,OK,,"{""torch"": ""2.4.1+cu121"", ""cuda"": ""12.1"", ""gpu"": ""NVIDIA RTX A4500"", ""numpy"": ""1.26.0"", ""python"": ""3.10.12"", ""deterministic"": true, ""grad_clip_max_norm"": 1.0, ""CUBLAS_WORKSPACE_CONFIG"": "":4096:8"", ""CUDA_VISIBLE_DEVICES"": ""0""}",2026-08-21T16:34:25
VNAT_3s_tcpdur_random70_stratified_flowlevel_splitseed42_8feat_nst_150ms_seed2,VNAT,VNAT_3s_tcp_duration,3,random70_stratified_flowlevel_splitseed42,42,cac127f87b766f86,Validation,4,nst,8feat,150ms,21,8,2,64,1534,663,best_val,17,12345,0,True,True,1.0,9.7121,99.92,53,79.9394,81.7648,82.2021,81.7648,"{""Chat"": 72.941, ""Control"": 93.834, ""File Transfer"": 80.0, ""Streaming"": 80.284}","{""Chat"": 67.391, ""Control"": 90.674, ""File Transfer"": 95.238, ""Streaming"": 85.283}","{""Chat"": 79.487, ""Control"": 97.222, ""File Transfer"": 68.966, ""Streaming"": 75.839}","{""Chat"": 156, ""Control"": 180, ""File Transfer"": 29, ""Streaming"": 298}","{""Chat"": 1.098854, ""Control"": 0.906619, ""File Transfer"": 5.9, ""Streaming"": 0.550215}","{""Chat"": 349, ""Control"": 423, ""File Transfer"": 65, ""Streaming"": 697}",129730,checkpoints/VNAT_3s_tcp_duration_8feat_seed2/VNAT_3s_tcpdur_random70_stratified_flowlevel_splitseed42_8feat_nst_150ms_seed2.pth,1827074,44.5,OK,,"{""torch"": ""2.4.1+cu121"", ""cuda"": ""12.1"", ""gpu"": ""NVIDIA RTX A4500"", ""numpy"": ""1.26.0"", ""python"": ""3.10.12"", ""deterministic"": true, ""grad_clip_max_norm"": 1.0, ""CUBLAS_WORKSPACE_CONFIG"": "":4096:8"", ""CUDA_VISIBLE_DEVICES"": ""0""}",2026-08-21T16:35:10
VNAT_3s_tcpdur_random70_stratified_flowlevel_splitseed42_8feat_autoformer_150ms_seed0,VNAT,VNAT_3s_tcp_duration,3,random70_stratified_flowlevel_splitseed42,42,cac127f87b766f86,Validation,4,autoformer,8feat,150ms,21,8,0,256,1534,663,best_val,28,12345,0,True,True,1.0,3.4439,94.74,38,72.8604,73.3255,74.2081,73.3255,"{""Chat"": 69.802, ""Control"": 90.026, ""File Transfer"": 67.797, ""Streaming"": 65.678}","{""Chat"": 56.855, ""Control"": 83.412, ""File Transfer"": 66.667, ""Streaming"": 89.08}","{""Chat"": 90.385, ""Control"": 97.778, ""File Transfer"": 68.966, ""Streaming"": 52.013}","{""Chat"": 156, ""Control"": 180, ""File Transfer"": 29, ""Streaming"": 298}","{""Chat"": 1.098854, ""Control"": 0.906619, ""File Transfer"": 5.9, ""Streaming"": 0.550215}","{""Chat"": 349, ""Control"": 423, ""File Transfer"": 65, ""Streaming"": 697}",106180,checkpoints/VNAT_3s_tcp_duration_8feat_seed0/VNAT_3s_tcpdur_random70_stratified_flowlevel_splitseed42_8feat_autoformer_150ms_seed0.pth,1722306,11.6,OK,,"{""torch"": ""2.4.1+cu121"", ""cuda"": ""12.1"", ""gpu"": ""NVIDIA RTX A4500"", ""numpy"": ""1.26.0"", ""python"": ""3.10.12"", ""deterministic"": true, ""grad_clip_max_norm"": 1.0, ""CUBLAS_WORKSPACE_CONFIG"": "":4096:8"", ""CUDA_VISIBLE_DEVICES"": ""0""}",2026-08-21T16:35:22
VNAT_3s_tcpdur_random70_stratified_flowlevel_splitseed42_8feat_autoformer_150ms_seed1,VNAT,VNAT_3s_tcp_duration,3,random70_stratified_flowlevel_splitseed42,42,cac127f87b766f86,Validation,4,autoformer,8feat,150ms,21,8,1,256,1534,663,best_val,45,12345,0,True,True,1.0,5.1571,90.8,58,78.3466,79.2367,79.4872,79.2367,"{""Chat"": 72.774, ""Control"": 93.617, ""File Transfer"": 76.0, ""Streaming"": 74.556}","{""Chat"": 60.338, ""Control"": 89.796, ""File Transfer"": 90.476, ""Streaming"": 90.431}","{""Chat"": 91.667, ""Control"": 97.778, ""File Transfer"": 65.517, ""Streaming"": 63.423}","{""Chat"": 156, ""Control"": 180, ""File Transfer"": 29, ""Streaming"": 298}","{""Chat"": 1.098854, ""Control"": 0.906619, ""File Transfer"": 5.9, ""Streaming"": 0.550215}","{""Chat"": 349, ""Control"": 423, ""File Transfer"": 65, ""Streaming"": 697}",106180,checkpoints/VNAT_3s_tcp_duration_8feat_seed1/VNAT_3s_tcpdur_random70_stratified_flowlevel_splitseed42_8feat_autoformer_150ms_seed1.pth,1722306,18.2,OK,,"{""torch"": ""2.4.1+cu121"", ""cuda"": ""12.1"", ""gpu"": ""NVIDIA RTX A4500"", ""numpy"": ""1.26.0"", ""python"": ""3.10.12"", ""deterministic"": true, ""grad_clip_max_norm"": 1.0, ""CUBLAS_WORKSPACE_CONFIG"": "":4096:8"", ""CUDA_VISIBLE_DEVICES"": ""0""}",2026-08-21T16:35:40
VNAT_3s_tcpdur_random70_stratified_flowlevel_splitseed42_8feat_autoformer_150ms_seed2,VNAT,VNAT_3s_tcp_duration,3,random70_stratified_flowlevel_splitseed42,42,cac127f87b766f86,Validation,4,autoformer,8feat,150ms,21,8,2,256,1534,663,best_val,38,12345,0,True,True,1.0,4.6413,86.16,53,77.6197,78.1035,78.4314,78.1035,"{""Chat"": 71.033, ""Control"": 94.652, ""File Transfer"": 74.074, ""Streaming"": 72.655}","{""Chat"": 58.506, ""Control"": 91.237, ""File Transfer"": 80.0, ""Streaming"": 89.655}","{""Chat"": 90.385, ""Control"": 98.333, ""File Transfer"": 68.966, ""Streaming"": 61.074}","{""Chat"": 156, ""Control"": 180, ""File Transfer"": 29, ""Streaming"": 298}","{""Chat"": 1.098854, ""Control"": 0.906619, ""File Transfer"": 5.9, ""Streaming"": 0.550215}","{""Chat"": 349, ""Control"": 423, ""File Transfer"": 65, ""Streaming"": 697}",106180,checkpoints/VNAT_3s_tcp_duration_8feat_seed2/VNAT_3s_tcpdur_random70_stratified_flowlevel_splitseed42_8feat_autoformer_150ms_seed2.pth,1722306,17.1,OK,,"{""torch"": ""2.4.1+cu121"", ""cuda"": ""12.1"", ""gpu"": ""NVIDIA RTX A4500"", ""numpy"": ""1.26.0"", ""python"": ""3.10.12"", ""deterministic"": true, ""grad_clip_max_norm"": 1.0, ""CUBLAS_WORKSPACE_CONFIG"": "":4096:8"", ""CUDA_VISIBLE_DEVICES"": ""0""}",2026-08-21T16:35:57
VNAT_3s_tcpdur_random70_stratified_flowlevel_splitseed42_8feat_fedformer_150ms_seed0,VNAT,VNAT_3s_tcp_duration,3,random70_stratified_flowlevel_splitseed42,42,cac127f87b766f86,Validation,4,fedformer,8feat,150ms,21,8,0,256,1534,663,best_val,39,12345,4,True,True,1.0,4.79,80.19,53,75.8647,77.921,77.5264,77.921,"{""Chat"": 70.324, ""Control"": 92.632, ""File Transfer"": 76.923, ""Streaming"": 71.805}","{""Chat"": 57.551, ""Control"": 88.0, ""File Transfer"": 86.957, ""Streaming"": 90.769}","{""Chat"": 90.385, ""Control"": 97.778, ""File Transfer"": 68.966, ""Streaming"": 59.396}","{""Chat"": 156, ""Control"": 180, ""File Transfer"": 29, ""Streaming"": 298}","{""Chat"": 1.098854, ""Control"": 0.906619, ""File Transfer"": 5.9, ""Streaming"": 0.550215}","{""Chat"": 349, ""Control"": 423, ""File Transfer"": 65, ""Streaming"": 697}",214085,checkpoints/VNAT_3s_tcp_duration_8feat_seed0/VNAT_3s_tcpdur_random70_stratified_flowlevel_splitseed42_8feat_fedformer_150ms_seed0.pth,3452332,41.6,OK,,"{""torch"": ""2.4.1+cu121"", ""cuda"": ""12.1"", ""gpu"": ""NVIDIA RTX A4500"", ""numpy"": ""1.26.0"", ""python"": ""3.10.12"", ""deterministic"": true, ""grad_clip_max_norm"": 1.0, ""CUBLAS_WORKSPACE_CONFIG"": "":4096:8"", ""CUDA_VISIBLE_DEVICES"": ""0""}",2026-08-21T16:36:39
VNAT_3s_tcpdur_random70_stratified_flowlevel_splitseed42_8feat_fedformer_150ms_seed1,VNAT,VNAT_3s_tcp_duration,3,random70_stratified_flowlevel_splitseed42,42,cac127f87b766f86,Validation,4,fedformer,8feat,150ms,21,8,1,256,1534,663,best_val,39,12345,4,True,True,1.0,3.7718,83.01,52,76.256,76.9548,76.7722,76.9548,"{""Chat"": 69.734, ""Control"": 93.617, ""File Transfer"": 74.51, ""Streaming"": 69.959}","{""Chat"": 56.031, ""Control"": 89.796, ""File Transfer"": 86.364, ""Streaming"": 90.426}","{""Chat"": 92.308, ""Control"": 97.778, ""File Transfer"": 65.517, ""Streaming"": 57.047}","{""Chat"": 156, ""Control"": 180, ""File Transfer"": 29, ""Streaming"": 298}","{""Chat"": 1.098854, ""Control"": 0.906619, ""File Transfer"": 5.9, ""Streaming"": 0.550215}","{""Chat"": 349, ""Control"": 423, ""File Transfer"": 65, ""Streaming"": 697}",214085,checkpoints/VNAT_3s_tcp_duration_8feat_seed1/VNAT_3s_tcpdur_random70_stratified_flowlevel_splitseed42_8feat_fedformer_150ms_seed1.pth,3452332,40.9,OK,,"{""torch"": ""2.4.1+cu121"", ""cuda"": ""12.1"", ""gpu"": ""NVIDIA RTX A4500"", ""numpy"": ""1.26.0"", ""python"": ""3.10.12"", ""deterministic"": true, ""grad_clip_max_norm"": 1.0, ""CUBLAS_WORKSPACE_CONFIG"": "":4096:8"", ""CUDA_VISIBLE_DEVICES"": ""0""}",2026-08-21T16:37:20
VNAT_3s_tcpdur_random70_stratified_flowlevel_splitseed42_8feat_fedformer_150ms_seed2,VNAT,VNAT_3s_tcp_duration,3,random70_stratified_flowlevel_splitseed42,42,cac127f87b766f86,Validation,4,fedformer,8feat,150ms,21,8,2,256,1534,663,best_val,23,12345,4,True,True,1.0,4.0624,88.29,37,71.6649,69.3696,68.0241,69.3696,"{""Chat"": 65.904, ""Control"": 81.313, ""File Transfer"": 72.727, ""Streaming"": 57.534}","{""Chat"": 51.246, ""Control"": 74.537, ""File Transfer"": 76.923, ""Streaming"": 90.0}","{""Chat"": 92.308, ""Control"": 89.444, ""File Transfer"": 68.966, ""Streaming"": 42.282}","{""Chat"": 156, ""Control"": 180, ""File Transfer"": 29, ""Streaming"": 298}","{""Chat"": 1.098854, ""Control"": 0.906619, ""File Transfer"": 5.9, ""Streaming"": 0.550215}","{""Chat"": 349, ""Control"": 423, ""File Transfer"": 65, ""Streaming"": 697}",214085,checkpoints/VNAT_3s_tcp_duration_8feat_seed2/VNAT_3s_tcpdur_random70_stratified_flowlevel_splitseed42_8feat_fedformer_150ms_seed2.pth,3452332,29.1,OK,,"{""torch"": ""2.4.1+cu121"", ""cuda"": ""12.1"", ""gpu"": ""NVIDIA RTX A4500"", ""numpy"": ""1.26.0"", ""python"": ""3.10.12"", ""deterministic"": true, ""grad_clip_max_norm"": 1.0, ""CUBLAS_WORKSPACE_CONFIG"": "":4096:8"", ""CUDA_VISIBLE_DEVICES"": ""0""}",2026-08-21T16:37:49
VNAT_3s_tcpdur_random70_stratified_flowlevel_splitseed42_8feat_timemixer_150ms_seed0,VNAT,VNAT_3s_tcp_duration,3,random70_stratified_flowlevel_splitseed42,42,cac127f87b766f86,Validation,4,timemixer,8feat,150ms,21,8,0,256,1534,663,best_val,58,12345,0,True,True,1.0,4.4498,46.48,71,75.883,74.8115,73.0015,74.8115,"{""Chat"": 65.76, ""Control"": 90.27, ""File Transfer"": 77.551, ""Streaming"": 65.665}","{""Chat"": 50.877, ""Control"": 87.895, ""File Transfer"": 95.0, ""Streaming"": 91.071}","{""Chat"": 92.949, ""Control"": 92.778, ""File Transfer"": 65.517, ""Streaming"": 51.342}","{""Chat"": 156, ""Control"": 180, ""File Transfer"": 29, ""Streaming"": 298}","{""Chat"": 1.098854, ""Control"": 0.906619, ""File Transfer"": 5.9, ""Streaming"": 0.550215}","{""Chat"": 349, ""Control"": 423, ""File Transfer"": 65, ""Streaming"": 697}",142448,checkpoints/VNAT_3s_tcp_duration_8feat_seed0/VNAT_3s_tcpdur_random70_stratified_flowlevel_splitseed42_8feat_timemixer_150ms_seed0.pth,1886346,22.2,OK,,"{""torch"": ""2.4.1+cu121"", ""cuda"": ""12.1"", ""gpu"": ""NVIDIA RTX A4500"", ""numpy"": ""1.26.0"", ""python"": ""3.10.12"", ""deterministic"": true, ""grad_clip_max_norm"": 1.0, ""CUBLAS_WORKSPACE_CONFIG"": "":4096:8"", ""CUDA_VISIBLE_DEVICES"": ""0""}",2026-08-21T16:38:11
VNAT_3s_tcpdur_random70_stratified_flowlevel_splitseed42_8feat_timemixer_150ms_seed1,VNAT,VNAT_3s_tcp_duration,3,random70_stratified_flowlevel_splitseed42,42,cac127f87b766f86,Validation,4,timemixer,8feat,150ms,21,8,1,256,1534,663,best_val,58,12345,0,True,True,1.0,5.9195,34.54,69,77.3867,78.5897,77.5264,78.5897,"{""Chat"": 70.0, ""Control"": 94.118, ""File Transfer"": 79.167, ""Streaming"": 71.074}","{""Chat"": 55.682, ""Control"": 90.722, ""File Transfer"": 100.0, ""Streaming"": 92.473}","{""Chat"": 94.231, ""Control"": 97.778, ""File Transfer"": 65.517, ""Streaming"": 57.718}","{""Chat"": 156, ""Control"": 180, ""File Transfer"": 29, ""Streaming"": 298}","{""Chat"": 1.098854, ""Control"": 0.906619, ""File Transfer"": 5.9, ""Streaming"": 0.550215}","{""Chat"": 349, ""Control"": 423, ""File Transfer"": 65, ""Streaming"": 697}",142448,checkpoints/VNAT_3s_tcp_duration_8feat_seed1/VNAT_3s_tcpdur_random70_stratified_flowlevel_splitseed42_8feat_timemixer_150ms_seed1.pth,1886346,21.9,OK,,"{""torch"": ""2.4.1+cu121"", ""cuda"": ""12.1"", ""gpu"": ""NVIDIA RTX A4500"", ""numpy"": ""1.26.0"", ""python"": ""3.10.12"", ""deterministic"": true, ""grad_clip_max_norm"": 1.0, ""CUBLAS_WORKSPACE_CONFIG"": "":4096:8"", ""CUDA_VISIBLE_DEVICES"": ""0""}",2026-08-21T16:38:33
VNAT_3s_tcpdur_random70_stratified_flowlevel_splitseed42_8feat_timemixer_150ms_seed2,VNAT,VNAT_3s_tcp_duration,3,random70_stratified_flowlevel_splitseed42,42,cac127f87b766f86,Validation,4,timemixer,8feat,150ms,21,8,2,256,1534,663,best_val,55,12345,0,True,True,1.0,4.6923,44.78,67,74.7607,73.6587,71.1916,73.6587,"{""Chat"": 65.055, ""Control"": 87.467, ""File Transfer"": 79.167, ""Streaming"": 62.946}","{""Chat"": 49.498, ""Control"": 84.103, ""File Transfer"": 100.0, ""Streaming"": 94.0}","{""Chat"": 94.872, ""Control"": 91.111, ""File Transfer"": 65.517, ""Streaming"": 47.315}","{""Chat"": 156, ""Control"": 180, ""File Transfer"": 29, ""Streaming"": 298}","{""Chat"": 1.098854, ""Control"": 0.906619, ""File Transfer"": 5.9, ""Streaming"": 0.550215}","{""Chat"": 349, ""Control"": 423, ""File Transfer"": 65, ""Streaming"": 697}",142448,checkpoints/VNAT_3s_tcp_duration_8feat_seed2/VNAT_3s_tcpdur_random70_stratified_flowlevel_splitseed42_8feat_timemixer_150ms_seed2.pth,1886346,20.7,OK,,"{""torch"": ""2.4.1+cu121"", ""cuda"": ""12.1"", ""gpu"": ""NVIDIA RTX A4500"", ""numpy"": ""1.26.0"", ""python"": ""3.10.12"", ""deterministic"": true, ""grad_clip_max_norm"": 1.0, ""CUBLAS_WORKSPACE_CONFIG"": "":4096:8"", ""CUDA_VISIBLE_DEVICES"": ""0""}",2026-08-21T16:38:54
VNAT_3s_tcpdur_random70_stratified_flowlevel_splitseed42_8feat_timesnet_200ms_seed0,VNAT,VNAT_3s_tcp_duration,3,random70_stratified_flowlevel_splitseed42,42,cac127f87b766f86,Validation,4,timesnet,8feat,200ms,16,8,0,256,1534,663,best_val,18,12345,0,True,True,1.0,3.7917,68.33,30,75.8338,76.7183,75.4148,76.7183,"{""Chat"": 67.47, ""Control"": 92.913, ""File Transfer"": 78.431, ""Streaming"": 68.058}","{""Chat"": 54.054, ""Control"": 88.06, ""File Transfer"": 90.909, ""Streaming"": 90.055}","{""Chat"": 89.744, ""Control"": 98.333, ""File Transfer"": 68.966, ""Streaming"": 54.698}","{""Chat"": 156, ""Control"": 180, ""File Transfer"": 29, ""Streaming"": 298}","{""Chat"": 1.098854, ""Control"": 0.906619, ""File Transfer"": 5.9, ""Streaming"": 0.550215}","{""Chat"": 349, ""Control"": 423, ""File Transfer"": 65, ""Streaming"": 697}",9380036,checkpoints/VNAT_3s_tcp_duration_8feat_seed0/VNAT_3s_tcpdur_random70_stratified_flowlevel_splitseed42_8feat_timesnet_200ms_seed0.pth,38829630,16.8,OK,,"{""torch"": ""2.4.1+cu121"", ""cuda"": ""12.1"", ""gpu"": ""NVIDIA RTX A4500"", ""numpy"": ""1.26.0"", ""python"": ""3.10.12"", ""deterministic"": true, ""grad_clip_max_norm"": 1.0, ""CUBLAS_WORKSPACE_CONFIG"": "":4096:8"", ""CUDA_VISIBLE_DEVICES"": ""0""}",2026-08-21T16:39:11
VNAT_3s_tcpdur_random70_stratified_flowlevel_splitseed42_8feat_timesnet_200ms_seed1,VNAT,VNAT_3s_tcp_duration,3,random70_stratified_flowlevel_splitseed42,42,cac127f87b766f86,Validation,4,timesnet,8feat,200ms,16,8,1,256,1534,663,best_val,26,12345,0,True,True,1.0,6.3997,63.24,34,77.038,76.4146,75.5656,76.4146,"{""Chat"": 67.633, ""Control"": 93.583, ""File Transfer"": 76.0, ""Streaming"": 68.443}","{""Chat"": 54.264, ""Control"": 90.206, ""File Transfer"": 90.476, ""Streaming"": 87.895}","{""Chat"": 89.744, ""Control"": 97.222, ""File Transfer"": 65.517, ""Streaming"": 56.04}","{""Chat"": 156, ""Control"": 180, ""File Transfer"": 29, ""Streaming"": 298}","{""Chat"": 1.098854, ""Control"": 0.906619, ""File Transfer"": 5.9, ""Streaming"": 0.550215}","{""Chat"": 349, ""Control"": 423, ""File Transfer"": 65, ""Streaming"": 697}",9380036,checkpoints/VNAT_3s_tcp_duration_8feat_seed1/VNAT_3s_tcpdur_random70_stratified_flowlevel_splitseed42_8feat_timesnet_200ms_seed1.pth,38829630,19.1,OK,,"{""torch"": ""2.4.1+cu121"", ""cuda"": ""12.1"", ""gpu"": ""NVIDIA RTX A4500"", ""numpy"": ""1.26.0"", ""python"": ""3.10.12"", ""deterministic"": true, ""grad_clip_max_norm"": 1.0, ""CUBLAS_WORKSPACE_CONFIG"": "":4096:8"", ""CUDA_VISIBLE_DEVICES"": ""0""}",2026-08-21T16:39:31
VNAT_3s_tcpdur_random70_stratified_flowlevel_splitseed42_8feat_timesnet_200ms_seed2,VNAT,VNAT_3s_tcp_duration,3,random70_stratified_flowlevel_splitseed42,42,cac127f87b766f86,Validation,4,timesnet,8feat,200ms,16,8,2,256,1534,663,best_val,14,12345,0,True,True,1.0,4.6064,58.13,41,75.112,77.0704,76.0181,77.0704,"{""Chat"": 69.118, ""Control"": 91.71, ""File Transfer"": 78.431, ""Streaming"": 69.023}","{""Chat"": 55.952, ""Control"": 85.922, ""File Transfer"": 90.909, ""Streaming"": 90.71}","{""Chat"": 90.385, ""Control"": 98.333, ""File Transfer"": 68.966, ""Streaming"": 55.705}","{""Chat"": 156, ""Control"": 180, ""File Transfer"": 29, ""Streaming"": 298}","{""Chat"": 1.098854, ""Control"": 0.906619, ""File Transfer"": 5.9, ""Streaming"": 0.550215}","{""Chat"": 349, ""Control"": 423, ""File Transfer"": 65, ""Streaming"": 697}",9380036,checkpoints/VNAT_3s_tcp_duration_8feat_seed2/VNAT_3s_tcpdur_random70_stratified_flowlevel_splitseed42_8feat_timesnet_200ms_seed2.pth,38829630,22.6,OK,,"{""torch"": ""2.4.1+cu121"", ""cuda"": ""12.1"", ""gpu"": ""NVIDIA RTX A4500"", ""numpy"": ""1.26.0"", ""python"": ""3.10.12"", ""deterministic"": true, ""grad_clip_max_norm"": 1.0, ""CUBLAS_WORKSPACE_CONFIG"": "":4096:8"", ""CUDA_VISIBLE_DEVICES"": ""0""}",2026-08-21T16:39:54
VNAT_3s_tcpdur_random70_stratified_flowlevel_splitseed42_8feat_informer_200ms_seed0,VNAT,VNAT_3s_tcp_duration,3,random70_stratified_flowlevel_splitseed42,42,cac127f87b766f86,Validation,4,informer,8feat,200ms,16,8,0,64,1534,663,best_val,11,12345,0,True,True,1.0,11.6684,100.0,26,83.7137,83.7244,86.1237,84.1124,"{""Chat"": 78.313, ""Control"": 96.196, ""File Transfer"": 76.923, ""Streaming"": 85.017}","{""Chat"": 73.864, ""Control"": 94.149, ""File Transfer"": 86.957, ""Streaming"": 88.406}","{""Chat"": 83.333, ""Control"": 98.333, ""File Transfer"": 68.966, ""Streaming"": 81.879}","{""Chat"": 156, ""Control"": 180, ""File Transfer"": 29, ""Streaming"": 298}","{""Chat"": 1.098854, ""Control"": 0.906619, ""File Transfer"": 5.9, ""Streaming"": 0.550215}","{""Chat"": 349, ""Control"": 423, ""File Transfer"": 65, ""Streaming"": 697}",2696965,checkpoints/VNAT_3s_tcp_duration_8feat_seed0/VNAT_3s_tcpdur_random70_stratified_flowlevel_splitseed42_8feat_informer_200ms_seed0.pth,21071958,22.4,OK,,"{""torch"": ""2.4.1+cu121"", ""cuda"": ""12.1"", ""gpu"": ""NVIDIA RTX A4500"", ""numpy"": ""1.26.0"", ""python"": ""3.10.12"", ""deterministic"": true, ""grad_clip_max_norm"": 1.0, ""CUBLAS_WORKSPACE_CONFIG"": "":4096:8"", ""CUDA_VISIBLE_DEVICES"": ""0""}",2026-08-21T16:40:16
VNAT_3s_tcpdur_random70_stratified_flowlevel_splitseed42_8feat_informer_200ms_seed1,VNAT,VNAT_3s_tcp_duration,3,random70_stratified_flowlevel_splitseed42,42,cac127f87b766f86,Validation,4,informer,8feat,200ms,16,8,1,64,1534,663,best_val,32,12345,0,True,True,1.0,12.9986,100.0,40,85.6855,85.2556,85.9729,84.1939,"{""Chat"": 75.988, ""Control"": 96.986, ""File Transfer"": 78.431, ""Streaming"": 85.37}","{""Chat"": 72.254, ""Control"": 95.676, ""File Transfer"": 90.909, ""Streaming"": 87.633}","{""Chat"": 80.128, ""Control"": 98.333, ""File Transfer"": 68.966, ""Streaming"": 83.221}","{""Chat"": 156, ""Control"": 180, ""File Transfer"": 29, ""Streaming"": 298}","{""Chat"": 1.098854, ""Control"": 0.906619, ""File Transfer"": 5.9, ""Streaming"": 0.550215}","{""Chat"": 349, ""Control"": 423, ""File Transfer"": 65, ""Streaming"": 697}",2696965,checkpoints/VNAT_3s_tcp_duration_8feat_seed1/VNAT_3s_tcpdur_random70_stratified_flowlevel_splitseed42_8feat_informer_200ms_seed1.pth,21071958,35.2,OK,,"{""torch"": ""2.4.1+cu121"", ""cuda"": ""12.1"", ""gpu"": ""NVIDIA RTX A4500"", ""numpy"": ""1.26.0"", ""python"": ""3.10.12"", ""deterministic"": true, ""grad_clip_max_norm"": 1.0, ""CUBLAS_WORKSPACE_CONFIG"": "":4096:8"", ""CUDA_VISIBLE_DEVICES"": ""0""}",2026-08-21T16:40:51
VNAT_3s_tcpdur_random70_stratified_flowlevel_splitseed42_8feat_informer_200ms_seed2,VNAT,VNAT_3s_tcp_duration,3,random70_stratified_flowlevel_splitseed42,42,cac127f87b766f86,Validation,4,informer,8feat,200ms,16,8,2,64,1534,663,best_val,24,12345,0,True,True,1.0,14.2578,99.31,36,89.7596,88.2515,90.6486,88.1429,"{""Chat"": 85.237, ""Control"": 97.521, ""File Transfer"": 79.167, ""Streaming"": 90.647}","{""Chat"": 75.369, ""Control"": 96.721, ""File Transfer"": 100.0, ""Streaming"": 97.674}","{""Chat"": 98.077, ""Control"": 98.333, ""File Transfer"": 65.517, ""Streaming"": 84.564}","{""Chat"": 156, ""Control"": 180, ""File Transfer"": 29, ""Streaming"": 298}","{""Chat"": 1.098854, ""Control"": 0.906619, ""File Transfer"": 5.9, ""Streaming"": 0.550215}","{""Chat"": 349, ""Control"": 423, ""File Transfer"": 65, ""Streaming"": 697}",2696965,checkpoints/VNAT_3s_tcp_duration_8feat_seed2/VNAT_3s_tcpdur_random70_stratified_flowlevel_splitseed42_8feat_informer_200ms_seed2.pth,21071958,34.9,OK,,"{""torch"": ""2.4.1+cu121"", ""cuda"": ""12.1"", ""gpu"": ""NVIDIA RTX A4500"", ""numpy"": ""1.26.0"", ""python"": ""3.10.12"", ""deterministic"": true, ""grad_clip_max_norm"": 1.0, ""CUBLAS_WORKSPACE_CONFIG"": "":4096:8"", ""CUDA_VISIBLE_DEVICES"": ""0""}",2026-08-21T16:41:26
VNAT_3s_tcpdur_random70_stratified_flowlevel_splitseed42_8feat_nst_200ms_seed0,VNAT,VNAT_3s_tcp_duration,3,random70_stratified_flowlevel_splitseed42,42,cac127f87b766f86,Validation,4,nst,8feat,200ms,16,8,0,64,1534,663,best_val,12,12345,0,True,True,1.0,7.939,100.0,25,75.6197,78.8925,77.8281,78.8925,"{""Chat"": 69.903, ""Control"": 93.651, ""File Transfer"": 80.0, ""Streaming"": 72.016}","{""Chat"": 56.25, ""Control"": 89.394, ""File Transfer"": 95.238, ""Streaming"": 93.085}","{""Chat"": 92.308, ""Control"": 98.333, ""File Transfer"": 68.966, ""Streaming"": 58.725}","{""Chat"": 156, ""Control"": 180, ""File Transfer"": 29, ""Streaming"": 298}","{""Chat"": 1.098854, ""Control"": 0.906619, ""File Transfer"": 5.9, ""Streaming"": 0.550215}","{""Chat"": 349, ""Control"": 423, ""File Transfer"": 65, ""Streaming"": 697}",128100,checkpoints/VNAT_3s_tcp_duration_8feat_seed0/VNAT_3s_tcpdur_random70_stratified_flowlevel_splitseed42_8feat_nst_200ms_seed0.pth,1820546,24.7,OK,,"{""torch"": ""2.4.1+cu121"", ""cuda"": ""12.1"", ""gpu"": ""NVIDIA RTX A4500"", ""numpy"": ""1.26.0"", ""python"": ""3.10.12"", ""deterministic"": true, ""grad_clip_max_norm"": 1.0, ""CUBLAS_WORKSPACE_CONFIG"": "":4096:8"", ""CUDA_VISIBLE_DEVICES"": ""0""}",2026-08-21T16:41:51
VNAT_3s_tcpdur_random70_stratified_flowlevel_splitseed42_8feat_nst_200ms_seed1,VNAT,VNAT_3s_tcp_duration,3,random70_stratified_flowlevel_splitseed42,42,cac127f87b766f86,Validation,4,nst,8feat,200ms,16,8,1,64,1534,663,best_val,22,12345,0,True,True,1.0,6.8072,99.75,34,80.4427,80.3939,81.5988,80.3939,"{""Chat"": 69.971, ""Control"": 95.676, ""File Transfer"": 76.0, ""Streaming"": 79.929}","{""Chat"": 64.171, ""Control"": 93.158, ""File Transfer"": 90.476, ""Streaming"": 84.906}","{""Chat"": 76.923, ""Control"": 98.333, ""File Transfer"": 65.517, ""Streaming"": 75.503}","{""Chat"": 156, ""Control"": 180, ""File Transfer"": 29, ""Streaming"": 298}","{""Chat"": 1.098854, ""Control"": 0.906619, ""File Transfer"": 5.9, ""Streaming"": 0.550215}","{""Chat"": 349, ""Control"": 423, ""File Transfer"": 65, ""Streaming"": 697}",128100,checkpoints/VNAT_3s_tcp_duration_8feat_seed1/VNAT_3s_tcpdur_random70_stratified_flowlevel_splitseed42_8feat_nst_200ms_seed1.pth,1820546,31.7,OK,,"{""torch"": ""2.4.1+cu121"", ""cuda"": ""12.1"", ""gpu"": ""NVIDIA RTX A4500"", ""numpy"": ""1.26.0"", ""python"": ""3.10.12"", ""deterministic"": true, ""grad_clip_max_norm"": 1.0, ""CUBLAS_WORKSPACE_CONFIG"": "":4096:8"", ""CUDA_VISIBLE_DEVICES"": ""0""}",2026-08-21T16:42:23
VNAT_3s_tcpdur_random70_stratified_flowlevel_splitseed42_8feat_nst_200ms_seed2,VNAT,VNAT_3s_tcp_duration,3,random70_stratified_flowlevel_splitseed42,42,cac127f87b766f86,Validation,4,nst,8feat,200ms,16,8,2,64,1534,663,best_val,9,12345,0,True,True,1.0,7.9624,100.0,36,75.7853,77.6312,76.4706,77.6312,"{""Chat"": 69.34, ""Control"": 93.298, ""File Transfer"": 78.431, ""Streaming"": 69.456}","{""Chat"": 54.851, ""Control"": 90.155, ""File Transfer"": 90.909, ""Streaming"": 92.222}","{""Chat"": 94.231, ""Control"": 96.667, ""File Transfer"": 68.966, ""Streaming"": 55.705}","{""Chat"": 156, ""Control"": 180, ""File Transfer"": 29, ""Streaming"": 298}","{""Chat"": 1.098854, ""Control"": 0.906619, ""File Transfer"": 5.9, ""Streaming"": 0.550215}","{""Chat"": 349, ""Control"": 423, ""File Transfer"": 65, ""Streaming"": 697}",128100,checkpoints/VNAT_3s_tcp_duration_8feat_seed2/VNAT_3s_tcpdur_random70_stratified_flowlevel_splitseed42_8feat_nst_200ms_seed2.pth,1820546,31.3,OK,,"{""torch"": ""2.4.1+cu121"", ""cuda"": ""12.1"", ""gpu"": ""NVIDIA RTX A4500"", ""numpy"": ""1.26.0"", ""python"": ""3.10.12"", ""deterministic"": true, ""grad_clip_max_norm"": 1.0, ""CUBLAS_WORKSPACE_CONFIG"": "":4096:8"", ""CUDA_VISIBLE_DEVICES"": ""0""}",2026-08-21T16:42:54
VNAT_3s_tcpdur_random70_stratified_flowlevel_splitseed42_8feat_autoformer_200ms_seed0,VNAT,VNAT_3s_tcp_duration,3,random70_stratified_flowlevel_splitseed42,42,cac127f87b766f86,Validation,4,autoformer,8feat,200ms,16,8,0,256,1534,663,best_val,46,12345,0,True,True,1.0,3.5474,66.38,59,75.4622,75.8779,76.1689,75.8779,"{""Chat"": 69.608, ""Control"": 93.085, ""File Transfer"": 71.698, ""Streaming"": 69.121}","{""Chat"": 56.349, ""Control"": 89.286, ""File Transfer"": 79.167, ""Streaming"": 88.482}","{""Chat"": 91.026, ""Control"": 97.222, ""File Transfer"": 65.517, ""Streaming"": 56.711}","{""Chat"": 156, ""Control"": 180, ""File Transfer"": 29, ""Streaming"": 298}","{""Chat"": 1.098854, ""Control"": 0.906619, ""File Transfer"": 5.9, ""Streaming"": 0.550215}","{""Chat"": 349, ""Control"": 423, ""File Transfer"": 65, ""Streaming"": 697}",104900,checkpoints/VNAT_3s_tcp_duration_8feat_seed0/VNAT_3s_tcpdur_random70_stratified_flowlevel_splitseed42_8feat_autoformer_200ms_seed0.pth,1717186,19.7,OK,,"{""torch"": ""2.4.1+cu121"", ""cuda"": ""12.1"", ""gpu"": ""NVIDIA RTX A4500"", ""numpy"": ""1.26.0"", ""python"": ""3.10.12"", ""deterministic"": true, ""grad_clip_max_norm"": 1.0, ""CUBLAS_WORKSPACE_CONFIG"": "":4096:8"", ""CUDA_VISIBLE_DEVICES"": ""0""}",2026-08-21T16:43:14
VNAT_3s_tcpdur_random70_stratified_flowlevel_splitseed42_8feat_autoformer_200ms_seed1,VNAT,VNAT_3s_tcp_duration,3,random70_stratified_flowlevel_splitseed42,42,cac127f87b766f86,Validation,4,autoformer,8feat,200ms,16,8,1,256,1534,663,best_val,47,12345,0,True,True,1.0,3.8175,66.67,62,77.2322,74.1246,74.5098,74.1246,"{""Chat"": 62.125, ""Control"": 94.34, ""File Transfer"": 70.37, ""Streaming"": 69.663}","{""Chat"": 54.028, ""Control"": 91.623, ""File Transfer"": 76.0, ""Streaming"": 78.814}","{""Chat"": 73.077, ""Control"": 97.222, ""File Transfer"": 65.517, ""Streaming"": 62.416}","{""Chat"": 156, ""Control"": 180, ""File Transfer"": 29, ""Streaming"": 298}","{""Chat"": 1.098854, ""Control"": 0.906619, ""File Transfer"": 5.9, ""Streaming"": 0.550215}","{""Chat"": 349, ""Control"": 423, ""File Transfer"": 65, ""Streaming"": 697}",104900,checkpoints/VNAT_3s_tcp_duration_8feat_seed1/VNAT_3s_tcpdur_random70_stratified_flowlevel_splitseed42_8feat_autoformer_200ms_seed1.pth,1717186,20.8,OK,,"{""torch"": ""2.4.1+cu121"", ""cuda"": ""12.1"", ""gpu"": ""NVIDIA RTX A4500"", ""numpy"": ""1.26.0"", ""python"": ""3.10.12"", ""deterministic"": true, ""grad_clip_max_norm"": 1.0, ""CUBLAS_WORKSPACE_CONFIG"": "":4096:8"", ""CUDA_VISIBLE_DEVICES"": ""0""}",2026-08-21T16:43:35
VNAT_3s_tcpdur_random70_stratified_flowlevel_splitseed42_8feat_autoformer_200ms_seed2,VNAT,VNAT_3s_tcp_duration,3,random70_stratified_flowlevel_splitseed42,42,cac127f87b766f86,Validation,4,autoformer,8feat,200ms,16,8,2,256,1534,663,best_val,42,12345,0,True,True,1.0,3.1699,68.95,51,76.1929,76.8236,76.6214,76.8236,"{""Chat"": 69.586, ""Control"": 93.651, ""File Transfer"": 74.51, ""Streaming"": 69.547}","{""Chat"": 56.078, ""Control"": 89.394, ""File Transfer"": 86.364, ""Streaming"": 89.894}","{""Chat"": 91.667, ""Control"": 98.333, ""File Transfer"": 65.517, ""Streaming"": 56.711}","{""Chat"": 156, ""Control"": 180, ""File Transfer"": 29, ""Streaming"": 298}","{""Chat"": 1.098854, ""Control"": 0.906619, ""File Transfer"": 5.9, ""Streaming"": 0.550215}","{""Chat"": 349, ""Control"": 423, ""File Transfer"": 65, ""Streaming"": 697}",104900,checkpoints/VNAT_3s_tcp_duration_8feat_seed2/VNAT_3s_tcpdur_random70_stratified_flowlevel_splitseed42_8feat_autoformer_200ms_seed2.pth,1717186,17.3,OK,,"{""torch"": ""2.4.1+cu121"", ""cuda"": ""12.1"", ""gpu"": ""NVIDIA RTX A4500"", ""numpy"": ""1.26.0"", ""python"": ""3.10.12"", ""deterministic"": true, ""grad_clip_max_norm"": 1.0, ""CUBLAS_WORKSPACE_CONFIG"": "":4096:8"", ""CUDA_VISIBLE_DEVICES"": ""0""}",2026-08-21T16:43:52
VNAT_3s_tcpdur_random70_stratified_flowlevel_splitseed42_8feat_fedformer_200ms_seed0,VNAT,VNAT_3s_tcp_duration,3,random70_stratified_flowlevel_splitseed42,42,cac127f87b766f86,Validation,4,fedformer,8feat,200ms,16,8,0,256,1534,663,best_val,35,12345,4,True,True,1.0,3.611,65.31,49,75.507,73.4363,73.7557,73.4363,"{""Chat"": 67.303, ""Control"": 92.67, ""File Transfer"": 69.091, ""Streaming"": 64.681}","{""Chat"": 53.612, ""Control"": 87.624, ""File Transfer"": 73.077, ""Streaming"": 88.372}","{""Chat"": 90.385, ""Control"": 98.333, ""File Transfer"": 65.517, ""Streaming"": 51.007}","{""Chat"": 156, ""Control"": 180, ""File Transfer"": 29, ""Streaming"": 298}","{""Chat"": 1.098854, ""Control"": 0.906619, ""File Transfer"": 5.9, ""Streaming"": 0.550215}","{""Chat"": 349, ""Control"": 423, ""File Transfer"": 65, ""Streaming"": 697}",204613,checkpoints/VNAT_3s_tcp_duration_8feat_seed0/VNAT_3s_tcpdur_random70_stratified_flowlevel_splitseed42_8feat_fedformer_200ms_seed0.pth,3414380,31.2,OK,,"{""torch"": ""2.4.1+cu121"", ""cuda"": ""12.1"", ""gpu"": ""NVIDIA RTX A4500"", ""numpy"": ""1.26.0"", ""python"": ""3.10.12"", ""deterministic"": true, ""grad_clip_max_norm"": 1.0, ""CUBLAS_WORKSPACE_CONFIG"": "":4096:8"", ""CUDA_VISIBLE_DEVICES"": ""0""}",2026-08-21T16:44:24
VNAT_3s_tcpdur_random70_stratified_flowlevel_splitseed42_8feat_fedformer_200ms_seed1,VNAT,VNAT_3s_tcp_duration,3,random70_stratified_flowlevel_splitseed42,42,cac127f87b766f86,Validation,4,fedformer,8feat,200ms,16,8,1,256,1534,663,best_val,39,12345,4,True,True,1.0,4.2586,69.87,52,74.6538,71.7498,71.1916,71.7498,"{""Chat"": 60.154, ""Control"": 92.838, ""File Transfer"": 70.37, ""Streaming"": 63.636}","{""Chat"": 50.215, ""Control"": 88.832, ""File Transfer"": 76.0, ""Streaming"": 77.404}","{""Chat"": 75.0, ""Control"": 97.222, ""File Transfer"": 65.517, ""Streaming"": 54.027}","{""Chat"": 156, ""Control"": 180, ""File Transfer"": 29, ""Streaming"": 298}","{""Chat"": 1.098854, ""Control"": 0.906619, ""File Transfer"": 5.9, ""Streaming"": 0.550215}","{""Chat"": 349, ""Control"": 423, ""File Transfer"": 65, ""Streaming"": 697}",204613,checkpoints/VNAT_3s_tcp_duration_8feat_seed1/VNAT_3s_tcpdur_random70_stratified_flowlevel_splitseed42_8feat_fedformer_200ms_seed1.pth,3414380,34.3,OK,,"{""torch"": ""2.4.1+cu121"", ""cuda"": ""12.1"", ""gpu"": ""NVIDIA RTX A4500"", ""numpy"": ""1.26.0"", ""python"": ""3.10.12"", ""deterministic"": true, ""grad_clip_max_norm"": 1.0, ""CUBLAS_WORKSPACE_CONFIG"": "":4096:8"", ""CUDA_VISIBLE_DEVICES"": ""0""}",2026-08-21T16:44:58
VNAT_3s_tcpdur_random70_stratified_flowlevel_splitseed42_8feat_fedformer_200ms_seed2,VNAT,VNAT_3s_tcp_duration,3,random70_stratified_flowlevel_splitseed42,42,cac127f87b766f86,Validation,4,fedformer,8feat,200ms,16,8,2,256,1534,663,best_val,43,12345,4,True,True,1.0,3.964,64.37,58,74.9492,74.906,76.0181,74.906,"{""Chat"": 69.756, ""Control"": 93.404, ""File Transfer"": 67.857, ""Streaming"": 68.607}","{""Chat"": 56.299, ""Control"": 88.945, ""File Transfer"": 70.37, ""Streaming"": 90.164}","{""Chat"": 91.667, ""Control"": 98.333, ""File Transfer"": 65.517, ""Streaming"": 55.369}","{""Chat"": 156, ""Control"": 180, ""File Transfer"": 29, ""Streaming"": 298}","{""Chat"": 1.098854, ""Control"": 0.906619, ""File Transfer"": 5.9, ""Streaming"": 0.550215}","{""Chat"": 349, ""Control"": 423, ""File Transfer"": 65, ""Streaming"": 697}",204613,checkpoints/VNAT_3s_tcp_duration_8feat_seed2/VNAT_3s_tcpdur_random70_stratified_flowlevel_splitseed42_8feat_fedformer_200ms_seed2.pth,3414380,37.8,OK,,"{""torch"": ""2.4.1+cu121"", ""cuda"": ""12.1"", ""gpu"": ""NVIDIA RTX A4500"", ""numpy"": ""1.26.0"", ""python"": ""3.10.12"", ""deterministic"": true, ""grad_clip_max_norm"": 1.0, ""CUBLAS_WORKSPACE_CONFIG"": "":4096:8"", ""CUDA_VISIBLE_DEVICES"": ""0""}",2026-08-21T16:45:36
VNAT_3s_tcpdur_random70_stratified_flowlevel_splitseed42_8feat_timemixer_200ms_seed0,VNAT,VNAT_3s_tcp_duration,3,random70_stratified_flowlevel_splitseed42,42,cac127f87b766f86,Validation,4,timemixer,8feat,200ms,16,8,0,256,1534,663,best_val,31,12345,0,True,True,1.0,1.4205,5.3,44,70.8126,75.044,73.9065,75.044,"{""Chat"": 68.852, ""Control"": 89.362, ""File Transfer"": 76.0, ""Streaming"": 65.962}","{""Chat"": 54.244, ""Control"": 85.714, ""File Transfer"": 90.476, ""Streaming"": 89.143}","{""Chat"": 94.231, ""Control"": 93.333, ""File Transfer"": 65.517, ""Streaming"": 52.349}","{""Chat"": 156, ""Control"": 180, ""File Transfer"": 29, ""Streaming"": 298}","{""Chat"": 1.098854, ""Control"": 0.906619, ""File Transfer"": 5.9, ""Streaming"": 0.550215}","{""Chat"": 349, ""Control"": 423, ""File Transfer"": 65, ""Streaming"": 697}",140196,checkpoints/VNAT_3s_tcp_duration_8feat_seed0/VNAT_3s_tcpdur_random70_stratified_flowlevel_splitseed42_8feat_timemixer_200ms_seed0.pth,1877770,14.8,OK,,"{""torch"": ""2.4.1+cu121"", ""cuda"": ""12.1"", ""gpu"": ""NVIDIA RTX A4500"", ""numpy"": ""1.26.0"", ""python"": ""3.10.12"", ""deterministic"": true, ""grad_clip_max_norm"": 1.0, ""CUBLAS_WORKSPACE_CONFIG"": "":4096:8"", ""CUDA_VISIBLE_DEVICES"": ""0""}",2026-08-21T16:45:51
VNAT_3s_tcpdur_random70_stratified_flowlevel_splitseed42_8feat_timemixer_200ms_seed1,VNAT,VNAT_3s_tcp_duration,3,random70_stratified_flowlevel_splitseed42,42,cac127f87b766f86,Validation,4,timemixer,8feat,200ms,16,8,1,256,1534,663,best_val,35,12345,0,True,True,1.0,7.4595,30.3,66,74.4368,75.9801,75.4148,75.9801,"{""Chat"": 69.378, ""Control"": 90.585, ""File Transfer"": 76.0, ""Streaming"": 67.957}","{""Chat"": 55.344, ""Control"": 83.568, ""File Transfer"": 90.476, ""Streaming"": 94.611}","{""Chat"": 92.949, ""Control"": 98.889, ""File Transfer"": 65.517, ""Streaming"": 53.02}","{""Chat"": 156, ""Control"": 180, ""File Transfer"": 29, ""Streaming"": 298}","{""Chat"": 1.098854, ""Control"": 0.906619, ""File Transfer"": 5.9, ""Streaming"": 0.550215}","{""Chat"": 349, ""Control"": 423, ""File Transfer"": 65, ""Streaming"": 697}",140196,checkpoints/VNAT_3s_tcp_duration_8feat_seed1/VNAT_3s_tcpdur_random70_stratified_flowlevel_splitseed42_8feat_timemixer_200ms_seed1.pth,1877770,22.7,OK,,"{""torch"": ""2.4.1+cu121"", ""cuda"": ""12.1"", ""gpu"": ""NVIDIA RTX A4500"", ""numpy"": ""1.26.0"", ""python"": ""3.10.12"", ""deterministic"": true, ""grad_clip_max_norm"": 1.0, ""CUBLAS_WORKSPACE_CONFIG"": "":4096:8"", ""CUDA_VISIBLE_DEVICES"": ""0""}",2026-08-21T16:46:14
VNAT_3s_tcpdur_random70_stratified_flowlevel_splitseed42_8feat_timemixer_200ms_seed2,VNAT,VNAT_3s_tcp_duration,3,random70_stratified_flowlevel_splitseed42,42,cac127f87b766f86,Validation,4,timemixer,8feat,200ms,16,8,2,256,1534,663,best_val,41,12345,0,True,True,1.0,2.5125,24.73,62,75.7637,76.9107,76.0181,76.9107,"{""Chat"": 70.617, ""Control"": 89.673, ""File Transfer"": 78.431, ""Streaming"": 68.922}","{""Chat"": 57.43, ""Control"": 82.028, ""File Transfer"": 90.909, ""Streaming"": 93.143}","{""Chat"": 91.667, ""Control"": 98.889, ""File Transfer"": 68.966, ""Streaming"": 54.698}","{""Chat"": 156, ""Control"": 180, ""File Transfer"": 29, ""Streaming"": 298}","{""Chat"": 1.098854, ""Control"": 0.906619, ""File Transfer"": 5.9, ""Streaming"": 0.550215}","{""Chat"": 349, ""Control"": 423, ""File Transfer"": 65, ""Streaming"": 697}",140196,checkpoints/VNAT_3s_tcp_duration_8feat_seed2/VNAT_3s_tcpdur_random70_stratified_flowlevel_splitseed42_8feat_timemixer_200ms_seed2.pth,1877770,21.4,OK,,"{""torch"": ""2.4.1+cu121"", ""cuda"": ""12.1"", ""gpu"": ""NVIDIA RTX A4500"", ""numpy"": ""1.26.0"", ""python"": ""3.10.12"", ""deterministic"": true, ""grad_clip_max_norm"": 1.0, ""CUBLAS_WORKSPACE_CONFIG"": "":4096:8"", ""CUDA_VISIBLE_DEVICES"": ""0""}",2026-08-21T16:46:35
VNAT_3s_tcpdur_random70_stratified_flowlevel_splitseed42_8feat_timesnet_250ms_seed0,VNAT,VNAT_3s_tcp_duration,3,random70_stratified_flowlevel_splitseed42,42,cac127f87b766f86,Validation,4,timesnet,8feat,250ms,13,8,0,256,1534,663,best_val,10,12345,0,True,True,1.0,3.8374,49.1,37,75.5955,77.4153,76.1689,77.4153,"{""Chat"": 68.085, ""Control"": 93.834, ""File Transfer"": 78.431, ""Streaming"": 69.311}","{""Chat"": 53.933, ""Control"": 90.674, ""File Transfer"": 90.909, ""Streaming"": 91.713}","{""Chat"": 92.308, ""Control"": 97.222, ""File Transfer"": 68.966, ""Streaming"": 55.705}","{""Chat"": 156, ""Control"": 180, ""File Transfer"": 29, ""Streaming"": 298}","{""Chat"": 1.098854, ""Control"": 0.906619, ""File Transfer"": 5.9, ""Streaming"": 0.550215}","{""Chat"": 349, ""Control"": 423, ""File Transfer"": 65, ""Streaming"": 697}",9379268,checkpoints/VNAT_3s_tcp_duration_8feat_seed0/VNAT_3s_tcpdur_random70_stratified_flowlevel_splitseed42_8feat_timesnet_250ms_seed0.pth,38826558,16.1,OK,,"{""torch"": ""2.4.1+cu121"", ""cuda"": ""12.1"", ""gpu"": ""NVIDIA RTX A4500"", ""numpy"": ""1.26.0"", ""python"": ""3.10.12"", ""deterministic"": true, ""grad_clip_max_norm"": 1.0, ""CUBLAS_WORKSPACE_CONFIG"": "":4096:8"", ""CUDA_VISIBLE_DEVICES"": ""0""}",2026-08-21T16:46:52
VNAT_3s_tcpdur_random70_stratified_flowlevel_splitseed42_8feat_timesnet_250ms_seed1,VNAT,VNAT_3s_tcp_duration,3,random70_stratified_flowlevel_splitseed42,42,cac127f87b766f86,Validation,4,timesnet,8feat,250ms,13,8,1,256,1534,663,best_val,18,12345,0,True,True,1.0,4.9804,57.78,30,75.7455,76.6804,74.9623,76.6804,"{""Chat"": 68.246, ""Control"": 91.384, ""File Transfer"": 80.0, ""Streaming"": 67.091}","{""Chat"": 54.135, ""Control"": 86.207, ""File Transfer"": 95.238, ""Streaming"": 91.329}","{""Chat"": 92.308, ""Control"": 97.222, ""File Transfer"": 68.966, ""Streaming"": 53.02}","{""Chat"": 156, ""Control"": 180, ""File Transfer"": 29, ""Streaming"": 298}","{""Chat"": 1.098854, ""Control"": 0.906619, ""File Transfer"": 5.9, ""Streaming"": 0.550215}","{""Chat"": 349, ""Control"": 423, ""File Transfer"": 65, ""Streaming"": 697}",9379268,checkpoints/VNAT_3s_tcp_duration_8feat_seed1/VNAT_3s_tcpdur_random70_stratified_flowlevel_splitseed42_8feat_timesnet_250ms_seed1.pth,38826558,13.6,OK,,"{""torch"": ""2.4.1+cu121"", ""cuda"": ""12.1"", ""gpu"": ""NVIDIA RTX A4500"", ""numpy"": ""1.26.0"", ""python"": ""3.10.12"", ""deterministic"": true, ""grad_clip_max_norm"": 1.0, ""CUBLAS_WORKSPACE_CONFIG"": "":4096:8"", ""CUDA_VISIBLE_DEVICES"": ""0""}",2026-08-21T16:47:06
VNAT_3s_tcpdur_random70_stratified_flowlevel_splitseed42_8feat_timesnet_250ms_seed2,VNAT,VNAT_3s_tcp_duration,3,random70_stratified_flowlevel_splitseed42,42,cac127f87b766f86,Validation,4,timesnet,8feat,250ms,13,8,2,256,1534,663,best_val,21,12345,0,True,True,1.0,4.7577,50.0,45,73.7696,77.9492,77.8281,77.9492,"{""Chat"": 65.13, ""Control"": 94.34, ""File Transfer"": 77.551, ""Streaming"": 74.776}","{""Chat"": 59.162, ""Control"": 91.623, ""File Transfer"": 95.0, ""Streaming"": 80.077}","{""Chat"": 72.436, ""Control"": 97.222, ""File Transfer"": 65.517, ""Streaming"": 70.134}","{""Chat"": 156, ""Control"": 180, ""File Transfer"": 29, ""Streaming"": 298}","{""Chat"": 1.098854, ""Control"": 0.906619, ""File Transfer"": 5.9, ""Streaming"": 0.550215}","{""Chat"": 349, ""Control"": 423, ""File Transfer"": 65, ""Streaming"": 697}",9379268,checkpoints/VNAT_3s_tcp_duration_8feat_seed2/VNAT_3s_tcpdur_random70_stratified_flowlevel_splitseed42_8feat_timesnet_250ms_seed2.pth,38826558,21.1,OK,,"{""torch"": ""2.4.1+cu121"", ""cuda"": ""12.1"", ""gpu"": ""NVIDIA RTX A4500"", ""numpy"": ""1.26.0"", ""python"": ""3.10.12"", ""deterministic"": true, ""grad_clip_max_norm"": 1.0, ""CUBLAS_WORKSPACE_CONFIG"": "":4096:8"", ""CUDA_VISIBLE_DEVICES"": ""0""}",2026-08-21T16:47:27
VNAT_3s_tcpdur_random70_stratified_flowlevel_splitseed42_8feat_informer_250ms_seed0,VNAT,VNAT_3s_tcp_duration,3,random70_stratified_flowlevel_splitseed42,42,cac127f87b766f86,Validation,4,informer,8feat,250ms,13,8,0,64,1534,663,best_val,18,12345,0,True,True,1.0,11.9015,99.84,26,87.111,86.2112,87.7828,86.2112,"{""Chat"": 81.199, ""Control"": 96.721, ""File Transfer"": 80.0, ""Streaming"": 86.924}","{""Chat"": 70.616, ""Control"": 95.161, ""File Transfer"": 95.238, ""Streaming"": 96.327}","{""Chat"": 95.513, ""Control"": 98.333, ""File Transfer"": 68.966, ""Streaming"": 79.195}","{""Chat"": 156, ""Control"": 180, ""File Transfer"": 29, ""Streaming"": 298}","{""Chat"": 1.098854, ""Control"": 0.906619, ""File Transfer"": 5.9, ""Streaming"": 0.550215}","{""Chat"": 349, ""Control"": 423, ""File Transfer"": 65, ""Streaming"": 697}",2693893,checkpoints/VNAT_3s_tcp_duration_8feat_seed0/VNAT_3s_tcpdur_random70_stratified_flowlevel_splitseed42_8feat_informer_250ms_seed0.pth,21059670,22.6,OK,,"{""torch"": ""2.4.1+cu121"", ""cuda"": ""12.1"", ""gpu"": ""NVIDIA RTX A4500"", ""numpy"": ""1.26.0"", ""python"": ""3.10.12"", ""deterministic"": true, ""grad_clip_max_norm"": 1.0, ""CUBLAS_WORKSPACE_CONFIG"": "":4096:8"", ""CUDA_VISIBLE_DEVICES"": ""0""}",2026-08-21T16:47:50
VNAT_3s_tcpdur_random70_stratified_flowlevel_splitseed42_8feat_informer_250ms_seed1,VNAT,VNAT_3s_tcp_duration,3,random70_stratified_flowlevel_splitseed42,42,cac127f87b766f86,Validation,4,informer,8feat,250ms,13,8,1,64,1534,663,best_val,12,12345,0,True,True,1.0,13.9328,100.0,23,81.1806,82.0896,82.9563,82.0896,"{""Chat"": 74.725, ""Control"": 95.935, ""File Transfer"": 77.551, ""Streaming"": 80.147}","{""Chat"": 65.385, ""Control"": 93.651, ""File Transfer"": 95.0, ""Streaming"": 88.618}","{""Chat"": 87.179, ""Control"": 98.333, ""File Transfer"": 65.517, ""Streaming"": 73.154}","{""Chat"": 156, ""Control"": 180, ""File Transfer"": 29, ""Streaming"": 298}","{""Chat"": 1.098854, ""Control"": 0.906619, ""File Transfer"": 5.9, ""Streaming"": 0.550215}","{""Chat"": 349, ""Control"": 423, ""File Transfer"": 65, ""Streaming"": 697}",2693893,checkpoints/VNAT_3s_tcp_duration_8feat_seed1/VNAT_3s_tcpdur_random70_stratified_flowlevel_splitseed42_8feat_informer_250ms_seed1.pth,21059670,21.0,OK,,"{""torch"": ""2.4.1+cu121"", ""cuda"": ""12.1"", ""gpu"": ""NVIDIA RTX A4500"", ""numpy"": ""1.26.0"", ""python"": ""3.10.12"", ""deterministic"": true, ""grad_clip_max_norm"": 1.0, ""CUBLAS_WORKSPACE_CONFIG"": "":4096:8"", ""CUDA_VISIBLE_DEVICES"": ""0""}",2026-08-21T16:48:11
VNAT_3s_tcpdur_random70_stratified_flowlevel_splitseed42_8feat_informer_250ms_seed2,VNAT,VNAT_3s_tcp_duration,3,random70_stratified_flowlevel_splitseed42,42,cac127f87b766f86,Validation,4,informer,8feat,250ms,13,8,2,64,1534,663,best_val,24,12345,0,True,True,1.0,14.8918,100.0,35,88.6545,87.2738,89.4419,87.2738,"{""Chat"": 83.747, ""Control"": 97.253, ""File Transfer"": 79.167, ""Streaming"": 88.929}","{""Chat"": 73.43, ""Control"": 96.196, ""File Transfer"": 100.0, ""Streaming"": 96.838}","{""Chat"": 97.436, ""Control"": 98.333, ""File Transfer"": 65.517, ""Streaming"": 82.215}","{""Chat"": 156, ""Control"": 180, ""File Transfer"": 29, ""Streaming"": 298}","{""Chat"": 1.098854, ""Control"": 0.906619, ""File Transfer"": 5.9, ""Streaming"": 0.550215}","{""Chat"": 349, ""Control"": 423, ""File Transfer"": 65, ""Streaming"": 697}",2693893,checkpoints/VNAT_3s_tcp_duration_8feat_seed2/VNAT_3s_tcpdur_random70_stratified_flowlevel_splitseed42_8feat_informer_250ms_seed2.pth,21059670,28.6,OK,,"{""torch"": ""2.4.1+cu121"", ""cuda"": ""12.1"", ""gpu"": ""NVIDIA RTX A4500"", ""numpy"": ""1.26.0"", ""python"": ""3.10.12"", ""deterministic"": true, ""grad_clip_max_norm"": 1.0, ""CUBLAS_WORKSPACE_CONFIG"": "":4096:8"", ""CUDA_VISIBLE_DEVICES"": ""0""}",2026-08-21T16:48:40
VNAT_3s_tcpdur_random70_stratified_flowlevel_splitseed42_8feat_nst_250ms_seed0,VNAT,VNAT_3s_tcp_duration,3,random70_stratified_flowlevel_splitseed42,42,cac127f87b766f86,Validation,4,nst,8feat,250ms,13,8,0,64,1534,663,best_val,7,12345,0,True,True,1.0,7.1183,99.85,27,73.7329,77.7497,76.0181,77.7497,"{""Chat"": 67.89, ""Control"": 94.879, ""File Transfer"": 80.0, ""Streaming"": 68.23}","{""Chat"": 52.857, ""Control"": 92.147, ""File Transfer"": 95.238, ""Streaming"": 93.567}","{""Chat"": 94.872, ""Control"": 97.778, ""File Transfer"": 68.966, ""Streaming"": 53.691}","{""Chat"": 156, ""Control"": 180, ""File Transfer"": 29, ""Streaming"": 298}","{""Chat"": 1.098854, ""Control"": 0.906619, ""File Transfer"": 5.9, ""Streaming"": 0.550215}","{""Chat"": 349, ""Control"": 423, ""File Transfer"": 65, ""Streaming"": 697}",127122,checkpoints/VNAT_3s_tcp_duration_8feat_seed0/VNAT_3s_tcpdur_random70_stratified_flowlevel_splitseed42_8feat_nst_250ms_seed0.pth,1816578,21.5,OK,,"{""torch"": ""2.4.1+cu121"", ""cuda"": ""12.1"", ""gpu"": ""NVIDIA RTX A4500"", ""numpy"": ""1.26.0"", ""python"": ""3.10.12"", ""deterministic"": true, ""grad_clip_max_norm"": 1.0, ""CUBLAS_WORKSPACE_CONFIG"": "":4096:8"", ""CUDA_VISIBLE_DEVICES"": ""0""}",2026-08-21T16:49:01
VNAT_3s_tcpdur_random70_stratified_flowlevel_splitseed42_8feat_nst_250ms_seed1,VNAT,VNAT_3s_tcp_duration,3,random70_stratified_flowlevel_splitseed42,42,cac127f87b766f86,Validation,4,nst,8feat,250ms,13,8,1,64,1534,663,best_val,26,12345,0,True,True,1.0,6.7784,99.69,40,81.6515,82.922,83.2579,82.922,"{""Chat"": 72.674, ""Control"": 95.676, ""File Transfer"": 81.633, ""Streaming"": 81.705}","{""Chat"": 66.489, ""Control"": 93.158, ""File Transfer"": 100.0, ""Streaming"": 86.792}","{""Chat"": 80.128, ""Control"": 98.333, ""File Transfer"": 68.966, ""Streaming"": 77.181}","{""Chat"": 156, ""Control"": 180, ""File Transfer"": 29, ""Streaming"": 298}","{""Chat"": 1.098854, ""Control"": 0.906619, ""File Transfer"": 5.9, ""Streaming"": 0.550215}","{""Chat"": 349, ""Control"": 423, ""File Transfer"": 65, ""Streaming"": 697}",127122,checkpoints/VNAT_3s_tcp_duration_8feat_seed1/VNAT_3s_tcpdur_random70_stratified_flowlevel_splitseed42_8feat_nst_250ms_seed1.pth,1816578,33.0,OK,,"{""torch"": ""2.4.1+cu121"", ""cuda"": ""12.1"", ""gpu"": ""NVIDIA RTX A4500"", ""numpy"": ""1.26.0"", ""python"": ""3.10.12"", ""deterministic"": true, ""grad_clip_max_norm"": 1.0, ""CUBLAS_WORKSPACE_CONFIG"": "":4096:8"", ""CUDA_VISIBLE_DEVICES"": ""0""}",2026-08-21T16:49:34
VNAT_3s_tcpdur_random70_stratified_flowlevel_splitseed42_8feat_nst_250ms_seed2,VNAT,VNAT_3s_tcp_duration,3,random70_stratified_flowlevel_splitseed42,42,cac127f87b766f86,Validation,4,nst,8feat,250ms,13,8,2,64,1534,663,best_val,14,12345,0,True,True,1.0,5.6341,99.31,30,77.8378,79.581,78.1297,79.581,"{""Chat"": 69.608, ""Control"": 94.906, ""File Transfer"": 81.633, ""Streaming"": 72.177}","{""Chat"": 56.349, ""Control"": 91.71, ""File Transfer"": 100.0, ""Streaming"": 90.404}","{""Chat"": 91.026, ""Control"": 98.333, ""File Transfer"": 68.966, ""Streaming"": 60.067}","{""Chat"": 156, ""Control"": 180, ""File Transfer"": 29, ""Streaming"": 298}","{""Chat"": 1.098854, ""Control"": 0.906619, ""File Transfer"": 5.9, ""Streaming"": 0.550215}","{""Chat"": 349, ""Control"": 423, ""File Transfer"": 65, ""Streaming"": 697}",127122,checkpoints/VNAT_3s_tcp_duration_8feat_seed2/VNAT_3s_tcpdur_random70_stratified_flowlevel_splitseed42_8feat_nst_250ms_seed2.pth,1816578,22.0,OK,,"{""torch"": ""2.4.1+cu121"", ""cuda"": ""12.1"", ""gpu"": ""NVIDIA RTX A4500"", ""numpy"": ""1.26.0"", ""python"": ""3.10.12"", ""deterministic"": true, ""grad_clip_max_norm"": 1.0, ""CUBLAS_WORKSPACE_CONFIG"": "":4096:8"", ""CUDA_VISIBLE_DEVICES"": ""0""}",2026-08-21T16:49:57
VNAT_3s_tcpdur_random70_stratified_flowlevel_splitseed42_8feat_autoformer_250ms_seed0,VNAT,VNAT_3s_tcp_duration,3,random70_stratified_flowlevel_splitseed42,42,cac127f87b766f86,Validation,4,autoformer,8feat,250ms,13,8,0,256,1534,663,best_val,47,12345,0,True,True,1.0,3.5484,52.73,61,76.2722,74.8217,74.0573,74.8217,"{""Chat"": 61.741, ""Control"": 94.595, ""File Transfer"": 74.51, ""Streaming"": 68.441}","{""Chat"": 52.466, ""Control"": 92.105, ""File Transfer"": 86.364, ""Streaming"": 78.947}","{""Chat"": 75.0, ""Control"": 97.222, ""File Transfer"": 65.517, ""Streaming"": 60.403}","{""Chat"": 156, ""Control"": 180, ""File Transfer"": 29, ""Streaming"": 298}","{""Chat"": 1.098854, ""Control"": 0.906619, ""File Transfer"": 5.9, ""Streaming"": 0.550215}","{""Chat"": 349, ""Control"": 423, ""File Transfer"": 65, ""Streaming"": 697}",104132,checkpoints/VNAT_3s_tcp_duration_8feat_seed0/VNAT_3s_tcpdur_random70_stratified_flowlevel_splitseed42_8feat_autoformer_250ms_seed0.pth,1714114,19.4,OK,,"{""torch"": ""2.4.1+cu121"", ""cuda"": ""12.1"", ""gpu"": ""NVIDIA RTX A4500"", ""numpy"": ""1.26.0"", ""python"": ""3.10.12"", ""deterministic"": true, ""grad_clip_max_norm"": 1.0, ""CUBLAS_WORKSPACE_CONFIG"": "":4096:8"", ""CUDA_VISIBLE_DEVICES"": ""0""}",2026-08-21T16:50:16
VNAT_3s_tcpdur_random70_stratified_flowlevel_splitseed42_8feat_autoformer_250ms_seed1,VNAT,VNAT_3s_tcp_duration,3,random70_stratified_flowlevel_splitseed42,42,cac127f87b766f86,Validation,4,autoformer,8feat,250ms,13,8,1,256,1534,663,best_val,53,12345,0,True,True,1.0,2.7223,54.17,68,77.0361,74.858,74.5098,74.858,"{""Chat"": 62.434, ""Control"": 94.851, ""File Transfer"": 73.077, ""Streaming"": 69.07}","{""Chat"": 53.153, ""Control"": 92.593, ""File Transfer"": 82.609, ""Streaming"": 79.476}","{""Chat"": 75.641, ""Control"": 97.222, ""File Transfer"": 65.517, ""Streaming"": 61.074}","{""Chat"": 156, ""Control"": 180, ""File Transfer"": 29, ""Streaming"": 298}","{""Chat"": 1.098854, ""Control"": 0.906619, ""File Transfer"": 5.9, ""Streaming"": 0.550215}","{""Chat"": 349, ""Control"": 423, ""File Transfer"": 65, ""Streaming"": 697}",104132,checkpoints/VNAT_3s_tcp_duration_8feat_seed1/VNAT_3s_tcpdur_random70_stratified_flowlevel_splitseed42_8feat_autoformer_250ms_seed1.pth,1714114,22.5,OK,,"{""torch"": ""2.4.1+cu121"", ""cuda"": ""12.1"", ""gpu"": ""NVIDIA RTX A4500"", ""numpy"": ""1.26.0"", ""python"": ""3.10.12"", ""deterministic"": true, ""grad_clip_max_norm"": 1.0, ""CUBLAS_WORKSPACE_CONFIG"": "":4096:8"", ""CUDA_VISIBLE_DEVICES"": ""0""}",2026-08-21T16:50:39
VNAT_3s_tcpdur_random70_stratified_flowlevel_splitseed42_8feat_autoformer_250ms_seed2,VNAT,VNAT_3s_tcp_duration,3,random70_stratified_flowlevel_splitseed42,42,cac127f87b766f86,Validation,4,autoformer,8feat,250ms,13,8,2,256,1534,663,best_val,28,12345,0,True,True,1.0,3.8099,59.26,54,75.2846,75.0157,74.6606,75.0157,"{""Chat"": 64.467, ""Control"": 94.4, ""File Transfer"": 73.077, ""Streaming"": 68.119}","{""Chat"": 53.361, ""Control"": 90.769, ""File Transfer"": 82.609, ""Streaming"": 83.092}","{""Chat"": 81.41, ""Control"": 98.333, ""File Transfer"": 65.517, ""Streaming"": 57.718}","{""Chat"": 156, ""Control"": 180, ""File Transfer"": 29, ""Streaming"": 298}","{""Chat"": 1.098854, ""Control"": 0.906619, ""File Transfer"": 5.9, ""Streaming"": 0.550215}","{""Chat"": 349, ""Control"": 423, ""File Transfer"": 65, ""Streaming"": 697}",104132,checkpoints/VNAT_3s_tcp_duration_8feat_seed2/VNAT_3s_tcpdur_random70_stratified_flowlevel_splitseed42_8feat_autoformer_250ms_seed2.pth,1714114,17.1,OK,,"{""torch"": ""2.4.1+cu121"", ""cuda"": ""12.1"", ""gpu"": ""NVIDIA RTX A4500"", ""numpy"": ""1.26.0"", ""python"": ""3.10.12"", ""deterministic"": true, ""grad_clip_max_norm"": 1.0, ""CUBLAS_WORKSPACE_CONFIG"": "":4096:8"", ""CUDA_VISIBLE_DEVICES"": ""0""}",2026-08-21T16:50:56
VNAT_3s_tcpdur_random70_stratified_flowlevel_splitseed42_8feat_fedformer_250ms_seed0,VNAT,VNAT_3s_tcp_duration,3,random70_stratified_flowlevel_splitseed42,42,cac127f87b766f86,Validation,4,fedformer,8feat,250ms,13,8,0,256,1534,663,best_val,46,12345,4,True,True,1.0,4.2232,50.29,58,75.2585,75.9231,76.1689,75.9231,"{""Chat"": 69.417, ""Control"": 93.583, ""File Transfer"": 71.698, ""Streaming"": 68.994}","{""Chat"": 55.859, ""Control"": 90.206, ""File Transfer"": 79.167, ""Streaming"": 88.889}","{""Chat"": 91.667, ""Control"": 97.222, ""File Transfer"": 65.517, ""Streaming"": 56.376}","{""Chat"": 156, ""Control"": 180, ""File Transfer"": 29, ""Streaming"": 298}","{""Chat"": 1.098854, ""Control"": 0.906619, ""File Transfer"": 5.9, ""Streaming"": 0.550215}","{""Chat"": 349, ""Control"": 423, ""File Transfer"": 65, ""Streaming"": 697}",195653,checkpoints/VNAT_3s_tcp_duration_8feat_seed0/VNAT_3s_tcpdur_random70_stratified_flowlevel_splitseed42_8feat_fedformer_250ms_seed0.pth,3378540,31.9,OK,,"{""torch"": ""2.4.1+cu121"", ""cuda"": ""12.1"", ""gpu"": ""NVIDIA RTX A4500"", ""numpy"": ""1.26.0"", ""python"": ""3.10.12"", ""deterministic"": true, ""grad_clip_max_norm"": 1.0, ""CUBLAS_WORKSPACE_CONFIG"": "":4096:8"", ""CUDA_VISIBLE_DEVICES"": ""0""}",2026-08-21T16:51:28
VNAT_3s_tcpdur_random70_stratified_flowlevel_splitseed42_8feat_fedformer_250ms_seed1,VNAT,VNAT_3s_tcp_duration,3,random70_stratified_flowlevel_splitseed42,42,cac127f87b766f86,Validation,4,fedformer,8feat,250ms,13,8,1,256,1534,663,best_val,54,12345,4,True,True,1.0,2.4543,47.26,67,75.5005,73.1025,72.8507,73.1025,"{""Chat"": 60.779, ""Control"": 94.851, ""File Transfer"": 70.37, ""Streaming"": 66.409}","{""Chat"": 51.092, ""Control"": 92.593, ""File Transfer"": 76.0, ""Streaming"": 78.182}","{""Chat"": 75.0, ""Control"": 97.222, ""File Transfer"": 65.517, ""Streaming"": 57.718}","{""Chat"": 156, ""Control"": 180, ""File Transfer"": 29, ""Streaming"": 298}","{""Chat"": 1.098854, ""Control"": 0.906619, ""File Transfer"": 5.9, ""Streaming"": 0.550215}","{""Chat"": 349, ""Control"": 423, ""File Transfer"": 65, ""Streaming"": 697}",195653,checkpoints/VNAT_3s_tcp_duration_8feat_seed1/VNAT_3s_tcpdur_random70_stratified_flowlevel_splitseed42_8feat_fedformer_250ms_seed1.pth,3378540,38.4,OK,,"{""torch"": ""2.4.1+cu121"", ""cuda"": ""12.1"", ""gpu"": ""NVIDIA RTX A4500"", ""numpy"": ""1.26.0"", ""python"": ""3.10.12"", ""deterministic"": true, ""grad_clip_max_norm"": 1.0, ""CUBLAS_WORKSPACE_CONFIG"": "":4096:8"", ""CUDA_VISIBLE_DEVICES"": ""0""}",2026-08-21T16:52:06
VNAT_3s_tcpdur_random70_stratified_flowlevel_splitseed42_8feat_fedformer_250ms_seed2,VNAT,VNAT_3s_tcp_duration,3,random70_stratified_flowlevel_splitseed42,42,cac127f87b766f86,Validation,4,fedformer,8feat,250ms,13,8,2,256,1534,663,best_val,34,12345,4,True,True,1.0,3.6171,61.96,46,73.3982,73.7369,73.454,73.7369,"{""Chat"": 67.464, ""Control"": 91.667, ""File Transfer"": 71.698, ""Streaming"": 64.119}","{""Chat"": 53.817, ""Control"": 86.275, ""File Transfer"": 79.167, ""Streaming"": 87.283}","{""Chat"": 90.385, ""Control"": 97.778, ""File Transfer"": 65.517, ""Streaming"": 50.671}","{""Chat"": 156, ""Control"": 180, ""File Transfer"": 29, ""Streaming"": 298}","{""Chat"": 1.098854, ""Control"": 0.906619, ""File Transfer"": 5.9, ""Streaming"": 0.550215}","{""Chat"": 349, ""Control"": 423, ""File Transfer"": 65, ""Streaming"": 697}",195653,checkpoints/VNAT_3s_tcp_duration_8feat_seed2/VNAT_3s_tcpdur_random70_stratified_flowlevel_splitseed42_8feat_fedformer_250ms_seed2.pth,3378540,25.2,OK,,"{""torch"": ""2.4.1+cu121"", ""cuda"": ""12.1"", ""gpu"": ""NVIDIA RTX A4500"", ""numpy"": ""1.26.0"", ""python"": ""3.10.12"", ""deterministic"": true, ""grad_clip_max_norm"": 1.0, ""CUBLAS_WORKSPACE_CONFIG"": "":4096:8"", ""CUDA_VISIBLE_DEVICES"": ""0""}",2026-08-21T16:52:32
VNAT_3s_tcpdur_random70_stratified_flowlevel_splitseed42_8feat_timemixer_250ms_seed0,VNAT,VNAT_3s_tcp_duration,3,random70_stratified_flowlevel_splitseed42,42,cac127f87b766f86,Validation,4,timemixer,8feat,250ms,13,8,0,256,1534,663,best_val,55,12345,0,True,True,1.0,6.5598,31.4,86,75.021,73.166,70.1357,73.166,"{""Chat"": 57.843, ""Control"": 94.054, ""File Transfer"": 79.167, ""Streaming"": 61.6}","{""Chat"": 46.825, ""Control"": 91.579, ""File Transfer"": 100.0, ""Streaming"": 76.238}","{""Chat"": 75.641, ""Control"": 96.667, ""File Transfer"": 65.517, ""Streaming"": 51.678}","{""Chat"": 156, ""Control"": 180, ""File Transfer"": 29, ""Streaming"": 298}","{""Chat"": 1.098854, ""Control"": 0.906619, ""File Transfer"": 5.9, ""Streaming"": 0.550215}","{""Chat"": 349, ""Control"": 423, ""File Transfer"": 65, ""Streaming"": 697}",138840,checkpoints/VNAT_3s_tcp_duration_8feat_seed0/VNAT_3s_tcpdur_random70_stratified_flowlevel_splitseed42_8feat_timemixer_250ms_seed0.pth,1872266,25.9,OK,,"{""torch"": ""2.4.1+cu121"", ""cuda"": ""12.1"", ""gpu"": ""NVIDIA RTX A4500"", ""numpy"": ""1.26.0"", ""python"": ""3.10.12"", ""deterministic"": true, ""grad_clip_max_norm"": 1.0, ""CUBLAS_WORKSPACE_CONFIG"": "":4096:8"", ""CUDA_VISIBLE_DEVICES"": ""0""}",2026-08-21T16:52:58
VNAT_3s_tcpdur_random70_stratified_flowlevel_splitseed42_8feat_timemixer_250ms_seed1,VNAT,VNAT_3s_tcp_duration,3,random70_stratified_flowlevel_splitseed42,42,cac127f87b766f86,Validation,4,timemixer,8feat,250ms,13,8,1,256,1534,663,best_val,32,12345,0,True,True,1.0,4.8164,41.56,79,72.4624,76.3773,75.8673,76.3773,"{""Chat"": 68.065, ""Control"": 93.478, ""File Transfer"": 74.51, ""Streaming"": 69.456}","{""Chat"": 53.48, ""Control"": 91.489, ""File Transfer"": 86.364, ""Streaming"": 92.222}","{""Chat"": 93.59, ""Control"": 95.556, ""File Transfer"": 65.517, ""Streaming"": 55.705}","{""Chat"": 156, ""Control"": 180, ""File Transfer"": 29, ""Streaming"": 298}","{""Chat"": 1.098854, ""Control"": 0.906619, ""File Transfer"": 5.9, ""Streaming"": 0.550215}","{""Chat"": 349, ""Control"": 423, ""File Transfer"": 65, ""Streaming"": 697}",138840,checkpoints/VNAT_3s_tcp_duration_8feat_seed1/VNAT_3s_tcpdur_random70_stratified_flowlevel_splitseed42_8feat_timemixer_250ms_seed1.pth,1872266,26.0,OK,,"{""torch"": ""2.4.1+cu121"", ""cuda"": ""12.1"", ""gpu"": ""NVIDIA RTX A4500"", ""numpy"": ""1.26.0"", ""python"": ""3.10.12"", ""deterministic"": true, ""grad_clip_max_norm"": 1.0, ""CUBLAS_WORKSPACE_CONFIG"": "":4096:8"", ""CUDA_VISIBLE_DEVICES"": ""0""}",2026-08-21T16:53:24
VNAT_3s_tcpdur_random70_stratified_flowlevel_splitseed42_8feat_timemixer_250ms_seed2,VNAT,VNAT_3s_tcp_duration,3,random70_stratified_flowlevel_splitseed42,42,cac127f87b766f86,Validation,4,timemixer,8feat,250ms,13,8,2,256,1534,663,best_val,65,12345,0,True,True,1.0,4.5556,22.15,79,74.2018,75.4567,74.0573,75.4567,"{""Chat"": 61.376, ""Control"": 94.34, ""File Transfer"": 77.551, ""Streaming"": 68.561}","{""Chat"": 52.252, ""Control"": 91.623, ""File Transfer"": 95.0, ""Streaming"": 78.696}","{""Chat"": 74.359, ""Control"": 97.222, ""File Transfer"": 65.517, ""Streaming"": 60.738}","{""Chat"": 156, ""Control"": 180, ""File Transfer"": 29, ""Streaming"": 298}","{""Chat"": 1.098854, ""Control"": 0.906619, ""File Transfer"": 5.9, ""Streaming"": 0.550215}","{""Chat"": 349, ""Control"": 423, ""File Transfer"": 65, ""Streaming"": 697}",138840,checkpoints/VNAT_3s_tcp_duration_8feat_seed2/VNAT_3s_tcpdur_random70_stratified_flowlevel_splitseed42_8feat_timemixer_250ms_seed2.pth,1872266,26.3,OK,,"{""torch"": ""2.4.1+cu121"", ""cuda"": ""12.1"", ""gpu"": ""NVIDIA RTX A4500"", ""numpy"": ""1.26.0"", ""python"": ""3.10.12"", ""deterministic"": true, ""grad_clip_max_norm"": 1.0, ""CUBLAS_WORKSPACE_CONFIG"": "":4096:8"", ""CUDA_VISIBLE_DEVICES"": ""0""}",2026-08-21T16:53:50
