run_id,dataset,variant,big_window_s,split_protocol,split_seed,split_fingerprint,eval_side,n_classes,model,feature_config,window,seq_len,n_features,training_seed,batch_size,n_flows_train,n_flows_val,metric_state,best_epoch,eval_seed,selection_state_entries,weighted_loss,deterministic,grad_clip_max_norm,grad_norm_max,grad_pct_clipped,epochs_run,train_macro_f1,val_macro_f1_best,flow_acc,flow_macro_f1,flow_per_f1,flow_per_precision,flow_per_recall,flow_support,class_weights,train_counts,params,checkpoint,checkpoint_bytes,runtime_s,status,error,environment,finished
VNAT_8s_tcpdur_random70_stratified_flowlevel_splitseed42_3feat_timesnet_20ms_seed0,VNAT,VNAT_8s_tcp_duration,8,random70_stratified_flowlevel_splitseed42,42,278befae3cd3e10e,Validation,4,timesnet,3feat,20ms,401,3,0,256,1382,598,best_val,8,12345,0,True,True,1.0,24.9539,100.0,23,63.2683,86.0723,91.1371,86.0723,"{""Chat"": 90.855, ""Control"": 93.143, ""File Transfer"": 69.231, ""Streaming"": 91.06}","{""Chat"": 84.153, ""Control"": 91.573, ""File Transfer"": 81.818, ""Streaming"": 96.903}","{""Chat"": 98.718, ""Control"": 94.767, ""File Transfer"": 60.0, ""Streaming"": 85.882}","{""Chat"": 156, ""Control"": 172, ""File Transfer"": 15, ""Streaming"": 255}","{""Chat"": 0.989971, ""Control"": 0.848894, ""File Transfer"": 9.337838, ""Streaming"": 0.586587}","{""Chat"": 349, ""Control"": 407, ""File Transfer"": 37, ""Streaming"": 589}",9477636,checkpoints/VNAT_8s_tcp_duration_3feat_seed0/VNAT_8s_tcpdur_random70_stratified_flowlevel_splitseed42_3feat_timesnet_20ms_seed0.pth,39219970,156.0,OK,,"{""torch"": ""2.4.1+cu121"", ""cuda"": ""12.1"", ""gpu"": ""NVIDIA RTX A4500"", ""numpy"": ""1.26.0"", ""python"": ""3.10.12"", ""deterministic"": true, ""grad_clip_max_norm"": 1.0, ""CUBLAS_WORKSPACE_CONFIG"": "":4096:8"", ""CUDA_VISIBLE_DEVICES"": ""2""}",2026-08-21T13:56:02
VNAT_8s_tcpdur_random70_stratified_flowlevel_splitseed42_3feat_timesnet_20ms_seed1,VNAT,VNAT_8s_tcp_duration,8,random70_stratified_flowlevel_splitseed42,42,278befae3cd3e10e,Validation,4,timesnet,3feat,20ms,401,3,1,256,1382,598,best_val,6,12345,0,True,True,1.0,28.7817,100.0,19,55.2768,85.7789,90.8027,85.7789,"{""Chat"": 90.634, ""Control"": 92.265, ""File Transfer"": 69.231, ""Streaming"": 90.985}","{""Chat"": 85.714, ""Control"": 87.895, ""File Transfer"": 81.818, ""Streaming"": 97.748}","{""Chat"": 96.154, ""Control"": 97.093, ""File Transfer"": 60.0, ""Streaming"": 85.098}","{""Chat"": 156, ""Control"": 172, ""File Transfer"": 15, ""Streaming"": 255}","{""Chat"": 0.989971, ""Control"": 0.848894, ""File Transfer"": 9.337838, ""Streaming"": 0.586587}","{""Chat"": 349, ""Control"": 407, ""File Transfer"": 37, ""Streaming"": 589}",9477636,checkpoints/VNAT_8s_tcp_duration_3feat_seed1/VNAT_8s_tcpdur_random70_stratified_flowlevel_splitseed42_3feat_timesnet_20ms_seed1.pth,39219970,130.1,OK,,"{""torch"": ""2.4.1+cu121"", ""cuda"": ""12.1"", ""gpu"": ""NVIDIA RTX A4500"", ""numpy"": ""1.26.0"", ""python"": ""3.10.12"", ""deterministic"": true, ""grad_clip_max_norm"": 1.0, ""CUBLAS_WORKSPACE_CONFIG"": "":4096:8"", ""CUDA_VISIBLE_DEVICES"": ""2""}",2026-08-21T13:58:13
VNAT_8s_tcpdur_random70_stratified_flowlevel_splitseed42_3feat_timesnet_20ms_seed2,VNAT,VNAT_8s_tcp_duration,8,random70_stratified_flowlevel_splitseed42,42,278befae3cd3e10e,Validation,4,timesnet,3feat,20ms,401,3,2,256,1382,598,best_val,9,12345,0,True,True,1.0,26.8894,100.0,51,60.7032,87.1789,92.6421,87.1789,"{""Chat"": 91.892, ""Control"": 94.618, ""File Transfer"": 69.231, ""Streaming"": 92.975}","{""Chat"": 86.441, ""Control"": 92.265, ""File Transfer"": 81.818, ""Streaming"": 98.253}","{""Chat"": 98.077, ""Control"": 97.093, ""File Transfer"": 60.0, ""Streaming"": 88.235}","{""Chat"": 156, ""Control"": 172, ""File Transfer"": 15, ""Streaming"": 255}","{""Chat"": 0.989971, ""Control"": 0.848894, ""File Transfer"": 9.337838, ""Streaming"": 0.586587}","{""Chat"": 349, ""Control"": 407, ""File Transfer"": 37, ""Streaming"": 589}",9477636,checkpoints/VNAT_8s_tcp_duration_3feat_seed2/VNAT_8s_tcpdur_random70_stratified_flowlevel_splitseed42_3feat_timesnet_20ms_seed2.pth,39219970,350.1,OK,,"{""torch"": ""2.4.1+cu121"", ""cuda"": ""12.1"", ""gpu"": ""NVIDIA RTX A4500"", ""numpy"": ""1.26.0"", ""python"": ""3.10.12"", ""deterministic"": true, ""grad_clip_max_norm"": 1.0, ""CUBLAS_WORKSPACE_CONFIG"": "":4096:8"", ""CUDA_VISIBLE_DEVICES"": ""2""}",2026-08-21T14:04:05
VNAT_8s_tcpdur_random70_stratified_flowlevel_splitseed42_3feat_informer_20ms_seed0,VNAT,VNAT_8s_tcp_duration,8,random70_stratified_flowlevel_splitseed42,42,278befae3cd3e10e,Validation,4,informer,3feat,20ms,401,3,0,64,1382,598,best_val,16,12345,0,True,True,1.0,141.659,100.0,24,90.2115,90.9139,94.1472,90.7848,"{""Chat"": 91.892, ""Control"": 96.532, ""File Transfer"": 80.0, ""Streaming"": 94.715}","{""Chat"": 86.441, ""Control"": 95.977, ""File Transfer"": 100.0, ""Streaming"": 98.312}","{""Chat"": 98.077, ""Control"": 97.093, ""File Transfer"": 66.667, ""Streaming"": 91.373}","{""Chat"": 156, ""Control"": 172, ""File Transfer"": 15, ""Streaming"": 255}","{""Chat"": 0.989971, ""Control"": 0.848894, ""File Transfer"": 9.337838, ""Streaming"": 0.586587}","{""Chat"": 349, ""Control"": 407, ""File Transfer"": 37, ""Streaming"": 589}",3087365,checkpoints/VNAT_8s_tcp_duration_3feat_seed0/VNAT_8s_tcpdur_random70_stratified_flowlevel_splitseed42_3feat_informer_20ms_seed0.pth,22633474,39.1,OK,,"{""torch"": ""2.4.1+cu121"", ""cuda"": ""12.1"", ""gpu"": ""NVIDIA RTX A4500"", ""numpy"": ""1.26.0"", ""python"": ""3.10.12"", ""deterministic"": true, ""grad_clip_max_norm"": 1.0, ""CUBLAS_WORKSPACE_CONFIG"": "":4096:8"", ""CUDA_VISIBLE_DEVICES"": ""2""}",2026-08-21T14:04:44
VNAT_8s_tcpdur_random70_stratified_flowlevel_splitseed42_3feat_informer_20ms_seed1,VNAT,VNAT_8s_tcp_duration,8,random70_stratified_flowlevel_splitseed42,42,278befae3cd3e10e,Validation,4,informer,3feat,20ms,401,3,1,64,1382,598,best_val,10,12345,0,True,True,1.0,120.0597,100.0,21,90.8802,92.0106,95.3177,93.017,"{""Chat"": 93.009, ""Control"": 97.361, ""File Transfer"": 85.714, ""Streaming"": 95.984}","{""Chat"": 88.439, ""Control"": 98.225, ""File Transfer"": 92.308, ""Streaming"": 98.354}","{""Chat"": 98.077, ""Control"": 96.512, ""File Transfer"": 80.0, ""Streaming"": 93.725}","{""Chat"": 156, ""Control"": 172, ""File Transfer"": 15, ""Streaming"": 255}","{""Chat"": 0.989971, ""Control"": 0.848894, ""File Transfer"": 9.337838, ""Streaming"": 0.586587}","{""Chat"": 349, ""Control"": 407, ""File Transfer"": 37, ""Streaming"": 589}",3087365,checkpoints/VNAT_8s_tcp_duration_3feat_seed1/VNAT_8s_tcpdur_random70_stratified_flowlevel_splitseed42_3feat_informer_20ms_seed1.pth,22633474,34.1,OK,,"{""torch"": ""2.4.1+cu121"", ""cuda"": ""12.1"", ""gpu"": ""NVIDIA RTX A4500"", ""numpy"": ""1.26.0"", ""python"": ""3.10.12"", ""deterministic"": true, ""grad_clip_max_norm"": 1.0, ""CUBLAS_WORKSPACE_CONFIG"": "":4096:8"", ""CUDA_VISIBLE_DEVICES"": ""2""}",2026-08-21T14:05:19
VNAT_8s_tcpdur_random70_stratified_flowlevel_splitseed42_3feat_informer_20ms_seed2,VNAT,VNAT_8s_tcp_duration,8,random70_stratified_flowlevel_splitseed42,42,278befae3cd3e10e,Validation,4,informer,3feat,20ms,401,3,2,64,1382,598,best_val,6,12345,0,True,True,1.0,150.647,100.0,26,80.1419,90.7642,94.1472,90.7642,"{""Chat"": 91.617, ""Control"": 96.532, ""File Transfer"": 80.0, ""Streaming"": 94.908}","{""Chat"": 85.955, ""Control"": 95.977, ""File Transfer"": 100.0, ""Streaming"": 98.729}","{""Chat"": 98.077, ""Control"": 97.093, ""File Transfer"": 66.667, ""Streaming"": 91.373}","{""Chat"": 156, ""Control"": 172, ""File Transfer"": 15, ""Streaming"": 255}","{""Chat"": 0.989971, ""Control"": 0.848894, ""File Transfer"": 9.337838, ""Streaming"": 0.586587}","{""Chat"": 349, ""Control"": 407, ""File Transfer"": 37, ""Streaming"": 589}",3087365,checkpoints/VNAT_8s_tcp_duration_3feat_seed2/VNAT_8s_tcpdur_random70_stratified_flowlevel_splitseed42_3feat_informer_20ms_seed2.pth,22633474,42.9,OK,,"{""torch"": ""2.4.1+cu121"", ""cuda"": ""12.1"", ""gpu"": ""NVIDIA RTX A4500"", ""numpy"": ""1.26.0"", ""python"": ""3.10.12"", ""deterministic"": true, ""grad_clip_max_norm"": 1.0, ""CUBLAS_WORKSPACE_CONFIG"": "":4096:8"", ""CUDA_VISIBLE_DEVICES"": ""2""}",2026-08-21T14:06:02
VNAT_8s_tcpdur_random70_stratified_flowlevel_splitseed42_3feat_nst_20ms_seed0,VNAT,VNAT_8s_tcp_duration,8,random70_stratified_flowlevel_splitseed42,42,278befae3cd3e10e,Validation,4,nst,3feat,20ms,401,3,0,64,1382,598,best_val,16,12345,0,True,True,1.0,45.406,100.0,34,89.7445,92.1751,95.9866,92.1751,"{""Chat"": 95.356, ""Control"": 96.532, ""File Transfer"": 80.0, ""Streaming"": 96.813}","{""Chat"": 92.216, ""Control"": 95.977, ""File Transfer"": 100.0, ""Streaming"": 98.381}","{""Chat"": 98.718, ""Control"": 97.093, ""File Transfer"": 66.667, ""Streaming"": 95.294}","{""Chat"": 156, ""Control"": 172, ""File Transfer"": 15, ""Streaming"": 255}","{""Chat"": 0.989971, ""Control"": 0.848894, ""File Transfer"": 9.337838, ""Streaming"": 0.586587}","{""Chat"": 349, ""Control"": 407, ""File Transfer"": 37, ""Streaming"": 589}",250090,checkpoints/VNAT_8s_tcp_duration_3feat_seed0/VNAT_8s_tcpdur_random70_stratified_flowlevel_splitseed42_3feat_nst_20ms_seed0.pth,2308426,37.9,OK,,"{""torch"": ""2.4.1+cu121"", ""cuda"": ""12.1"", ""gpu"": ""NVIDIA RTX A4500"", ""numpy"": ""1.26.0"", ""python"": ""3.10.12"", ""deterministic"": true, ""grad_clip_max_norm"": 1.0, ""CUBLAS_WORKSPACE_CONFIG"": "":4096:8"", ""CUDA_VISIBLE_DEVICES"": ""2""}",2026-08-21T14:06:40
VNAT_8s_tcpdur_random70_stratified_flowlevel_splitseed42_3feat_nst_20ms_seed1,VNAT,VNAT_8s_tcp_duration,8,random70_stratified_flowlevel_splitseed42,42,278befae3cd3e10e,Validation,4,nst,3feat,20ms,401,3,1,64,1382,598,best_val,15,12345,0,True,True,1.0,41.653,100.0,26,87.3748,90.6997,94.1472,90.6997,"{""Chat"": 91.743, ""Control"": 95.702, ""File Transfer"": 80.0, ""Streaming"": 95.354}","{""Chat"": 87.719, ""Control"": 94.35, ""File Transfer"": 100.0, ""Streaming"": 98.333}","{""Chat"": 96.154, ""Control"": 97.093, ""File Transfer"": 66.667, ""Streaming"": 92.549}","{""Chat"": 156, ""Control"": 172, ""File Transfer"": 15, ""Streaming"": 255}","{""Chat"": 0.989971, ""Control"": 0.848894, ""File Transfer"": 9.337838, ""Streaming"": 0.586587}","{""Chat"": 349, ""Control"": 407, ""File Transfer"": 37, ""Streaming"": 589}",250090,checkpoints/VNAT_8s_tcp_duration_3feat_seed1/VNAT_8s_tcpdur_random70_stratified_flowlevel_splitseed42_3feat_nst_20ms_seed1.pth,2308426,28.9,OK,,"{""torch"": ""2.4.1+cu121"", ""cuda"": ""12.1"", ""gpu"": ""NVIDIA RTX A4500"", ""numpy"": ""1.26.0"", ""python"": ""3.10.12"", ""deterministic"": true, ""grad_clip_max_norm"": 1.0, ""CUBLAS_WORKSPACE_CONFIG"": "":4096:8"", ""CUDA_VISIBLE_DEVICES"": ""2""}",2026-08-21T14:07:09
VNAT_8s_tcpdur_random70_stratified_flowlevel_splitseed42_3feat_nst_20ms_seed2,VNAT,VNAT_8s_tcp_duration,8,random70_stratified_flowlevel_splitseed42,42,278befae3cd3e10e,Validation,4,nst,3feat,20ms,401,3,2,64,1382,598,best_val,5,12345,0,True,True,1.0,37.0323,100.0,46,63.7437,87.7431,90.9699,87.7431,"{""Chat"": 89.213, ""Control"": 94.35, ""File Transfer"": 76.923, ""Streaming"": 90.486}","{""Chat"": 81.818, ""Control"": 91.758, ""File Transfer"": 90.909, ""Streaming"": 98.165}","{""Chat"": 98.077, ""Control"": 97.093, ""File Transfer"": 66.667, ""Streaming"": 83.922}","{""Chat"": 156, ""Control"": 172, ""File Transfer"": 15, ""Streaming"": 255}","{""Chat"": 0.989971, ""Control"": 0.848894, ""File Transfer"": 9.337838, ""Streaming"": 0.586587}","{""Chat"": 349, ""Control"": 407, ""File Transfer"": 37, ""Streaming"": 589}",250090,checkpoints/VNAT_8s_tcp_duration_3feat_seed2/VNAT_8s_tcpdur_random70_stratified_flowlevel_splitseed42_3feat_nst_20ms_seed2.pth,2308426,51.4,OK,,"{""torch"": ""2.4.1+cu121"", ""cuda"": ""12.1"", ""gpu"": ""NVIDIA RTX A4500"", ""numpy"": ""1.26.0"", ""python"": ""3.10.12"", ""deterministic"": true, ""grad_clip_max_norm"": 1.0, ""CUBLAS_WORKSPACE_CONFIG"": "":4096:8"", ""CUDA_VISIBLE_DEVICES"": ""2""}",2026-08-21T14:08:01
VNAT_8s_tcpdur_random70_stratified_flowlevel_splitseed42_3feat_autoformer_20ms_seed0,VNAT,VNAT_8s_tcp_duration,8,random70_stratified_flowlevel_splitseed42,42,278befae3cd3e10e,Validation,4,autoformer,3feat,20ms,401,3,0,256,1382,598,best_val,7,12345,0,True,True,1.0,19.8676,100.0,32,72.0189,47.3095,60.8696,47.3095,"{""Chat"": 15.294, ""Control"": 73.26, ""File Transfer"": 28.889, ""Streaming"": 71.795}","{""Chat"": 92.857, ""Control"": 99.01, ""File Transfer"": 17.333, ""Streaming"": 58.333}","{""Chat"": 8.333, ""Control"": 58.14, ""File Transfer"": 86.667, ""Streaming"": 93.333}","{""Chat"": 156, ""Control"": 172, ""File Transfer"": 15, ""Streaming"": 255}","{""Chat"": 0.989971, ""Control"": 0.848894, ""File Transfer"": 9.337838, ""Streaming"": 0.586587}","{""Chat"": 349, ""Control"": 407, ""File Transfer"": 37, ""Streaming"": 589}",202500,checkpoints/VNAT_8s_tcp_duration_3feat_seed0/VNAT_8s_tcpdur_random70_stratified_flowlevel_splitseed42_3feat_autoformer_20ms_seed0.pth,2107554,37.1,OK,,"{""torch"": ""2.4.1+cu121"", ""cuda"": ""12.1"", ""gpu"": ""NVIDIA RTX A4500"", ""numpy"": ""1.26.0"", ""python"": ""3.10.12"", ""deterministic"": true, ""grad_clip_max_norm"": 1.0, ""CUBLAS_WORKSPACE_CONFIG"": "":4096:8"", ""CUDA_VISIBLE_DEVICES"": ""2""}",2026-08-21T14:08:39
VNAT_8s_tcpdur_random70_stratified_flowlevel_splitseed42_3feat_autoformer_20ms_seed1,VNAT,VNAT_8s_tcp_duration,8,random70_stratified_flowlevel_splitseed42,42,278befae3cd3e10e,Validation,4,autoformer,3feat,20ms,401,3,1,256,1382,598,best_val,4,12345,0,True,True,1.0,18.2524,100.0,19,67.6387,57.0471,68.3946,57.0471,"{""Chat"": 18.497, ""Control"": 87.179, ""File Transfer"": 48.78, ""Streaming"": 73.731}","{""Chat"": 94.118, ""Control"": 97.143, ""File Transfer"": 38.462, ""Streaming"": 59.518}","{""Chat"": 10.256, ""Control"": 79.07, ""File Transfer"": 66.667, ""Streaming"": 96.863}","{""Chat"": 156, ""Control"": 172, ""File Transfer"": 15, ""Streaming"": 255}","{""Chat"": 0.989971, ""Control"": 0.848894, ""File Transfer"": 9.337838, ""Streaming"": 0.586587}","{""Chat"": 349, ""Control"": 407, ""File Transfer"": 37, ""Streaming"": 589}",202500,checkpoints/VNAT_8s_tcp_duration_3feat_seed1/VNAT_8s_tcpdur_random70_stratified_flowlevel_splitseed42_3feat_autoformer_20ms_seed1.pth,2107554,21.7,OK,,"{""torch"": ""2.4.1+cu121"", ""cuda"": ""12.1"", ""gpu"": ""NVIDIA RTX A4500"", ""numpy"": ""1.26.0"", ""python"": ""3.10.12"", ""deterministic"": true, ""grad_clip_max_norm"": 1.0, ""CUBLAS_WORKSPACE_CONFIG"": "":4096:8"", ""CUDA_VISIBLE_DEVICES"": ""2""}",2026-08-21T14:09:01
VNAT_8s_tcpdur_random70_stratified_flowlevel_splitseed42_3feat_autoformer_20ms_seed2,VNAT,VNAT_8s_tcp_duration,8,random70_stratified_flowlevel_splitseed42,42,278befae3cd3e10e,Validation,4,autoformer,3feat,20ms,401,3,2,256,1382,598,best_val,9,12345,0,True,True,1.0,17.4675,100.0,22,81.6367,59.2253,69.0635,59.2253,"{""Chat"": 17.341, ""Control"": 88.608, ""File Transfer"": 57.143, ""Streaming"": 73.81}","{""Chat"": 88.235, ""Control"": 97.222, ""File Transfer"": 50.0, ""Streaming"": 59.472}","{""Chat"": 9.615, ""Control"": 81.395, ""File Transfer"": 66.667, ""Streaming"": 97.255}","{""Chat"": 156, ""Control"": 172, ""File Transfer"": 15, ""Streaming"": 255}","{""Chat"": 0.989971, ""Control"": 0.848894, ""File Transfer"": 9.337838, ""Streaming"": 0.586587}","{""Chat"": 349, ""Control"": 407, ""File Transfer"": 37, ""Streaming"": 589}",202500,checkpoints/VNAT_8s_tcp_duration_3feat_seed2/VNAT_8s_tcpdur_random70_stratified_flowlevel_splitseed42_3feat_autoformer_20ms_seed2.pth,2107554,25.3,OK,,"{""torch"": ""2.4.1+cu121"", ""cuda"": ""12.1"", ""gpu"": ""NVIDIA RTX A4500"", ""numpy"": ""1.26.0"", ""python"": ""3.10.12"", ""deterministic"": true, ""grad_clip_max_norm"": 1.0, ""CUBLAS_WORKSPACE_CONFIG"": "":4096:8"", ""CUDA_VISIBLE_DEVICES"": ""2""}",2026-08-21T14:09:27
VNAT_8s_tcpdur_random70_stratified_flowlevel_splitseed42_3feat_fedformer_20ms_seed0,VNAT,VNAT_8s_tcp_duration,8,random70_stratified_flowlevel_splitseed42,42,278befae3cd3e10e,Validation,4,fedformer,3feat,20ms,401,3,0,256,1382,598,best_val,17,12345,4,True,True,1.0,23.7732,100.0,36,84.719,84.5439,86.6221,84.5439,"{""Chat"": 85.873, ""Control"": 89.783, ""File Transfer"": 76.923, ""Streaming"": 85.597}","{""Chat"": 75.61, ""Control"": 96.026, ""File Transfer"": 90.909, ""Streaming"": 90.043}","{""Chat"": 99.359, ""Control"": 84.302, ""File Transfer"": 66.667, ""Streaming"": 81.569}","{""Chat"": 156, ""Control"": 172, ""File Transfer"": 15, ""Streaming"": 255}","{""Chat"": 0.989971, ""Control"": 0.848894, ""File Transfer"": 9.337838, ""Streaming"": 0.586587}","{""Chat"": 349, ""Control"": 407, ""File Transfer"": 37, ""Streaming"": 589}",466053,checkpoints/VNAT_8s_tcp_duration_3feat_seed0/VNAT_8s_tcpdur_random70_stratified_flowlevel_splitseed42_3feat_fedformer_20ms_seed0.pth,4460331,68.2,OK,,"{""torch"": ""2.4.1+cu121"", ""cuda"": ""12.1"", ""gpu"": ""NVIDIA RTX A4500"", ""numpy"": ""1.26.0"", ""python"": ""3.10.12"", ""deterministic"": true, ""grad_clip_max_norm"": 1.0, ""CUBLAS_WORKSPACE_CONFIG"": "":4096:8"", ""CUDA_VISIBLE_DEVICES"": ""2""}",2026-08-21T14:10:35
VNAT_8s_tcpdur_random70_stratified_flowlevel_splitseed42_3feat_fedformer_20ms_seed1,VNAT,VNAT_8s_tcp_duration,8,random70_stratified_flowlevel_splitseed42,42,278befae3cd3e10e,Validation,4,fedformer,3feat,20ms,401,3,1,256,1382,598,best_val,30,12345,4,True,True,1.0,29.2135,100.0,42,86.6121,81.9119,82.9431,81.9119,"{""Chat"": 81.053, ""Control"": 89.759, ""File Transfer"": 76.923, ""Streaming"": 79.913}","{""Chat"": 68.75, ""Control"": 93.125, ""File Transfer"": 90.909, ""Streaming"": 90.148}","{""Chat"": 98.718, ""Control"": 86.628, ""File Transfer"": 66.667, ""Streaming"": 71.765}","{""Chat"": 156, ""Control"": 172, ""File Transfer"": 15, ""Streaming"": 255}","{""Chat"": 0.989971, ""Control"": 0.848894, ""File Transfer"": 9.337838, ""Streaming"": 0.586587}","{""Chat"": 349, ""Control"": 407, ""File Transfer"": 37, ""Streaming"": 589}",466053,checkpoints/VNAT_8s_tcp_duration_3feat_seed1/VNAT_8s_tcpdur_random70_stratified_flowlevel_splitseed42_3feat_fedformer_20ms_seed1.pth,4460331,79.4,OK,,"{""torch"": ""2.4.1+cu121"", ""cuda"": ""12.1"", ""gpu"": ""NVIDIA RTX A4500"", ""numpy"": ""1.26.0"", ""python"": ""3.10.12"", ""deterministic"": true, ""grad_clip_max_norm"": 1.0, ""CUBLAS_WORKSPACE_CONFIG"": "":4096:8"", ""CUDA_VISIBLE_DEVICES"": ""2""}",2026-08-21T14:11:55
VNAT_8s_tcpdur_random70_stratified_flowlevel_splitseed42_3feat_fedformer_20ms_seed2,VNAT,VNAT_8s_tcp_duration,8,random70_stratified_flowlevel_splitseed42,42,278befae3cd3e10e,Validation,4,fedformer,3feat,20ms,401,3,2,256,1382,598,best_val,24,12345,4,True,True,1.0,24.4766,100.0,38,86.603,83.7799,85.6187,83.7799,"{""Chat"": 84.765, ""Control"": 89.222, ""File Transfer"": 76.923, ""Streaming"": 84.211}","{""Chat"": 74.634, ""Control"": 91.975, ""File Transfer"": 90.909, ""Streaming"": 90.909}","{""Chat"": 98.077, ""Control"": 86.628, ""File Transfer"": 66.667, ""Streaming"": 78.431}","{""Chat"": 156, ""Control"": 172, ""File Transfer"": 15, ""Streaming"": 255}","{""Chat"": 0.989971, ""Control"": 0.848894, ""File Transfer"": 9.337838, ""Streaming"": 0.586587}","{""Chat"": 349, ""Control"": 407, ""File Transfer"": 37, ""Streaming"": 589}",466053,checkpoints/VNAT_8s_tcp_duration_3feat_seed2/VNAT_8s_tcpdur_random70_stratified_flowlevel_splitseed42_3feat_fedformer_20ms_seed2.pth,4460331,70.8,OK,,"{""torch"": ""2.4.1+cu121"", ""cuda"": ""12.1"", ""gpu"": ""NVIDIA RTX A4500"", ""numpy"": ""1.26.0"", ""python"": ""3.10.12"", ""deterministic"": true, ""grad_clip_max_norm"": 1.0, ""CUBLAS_WORKSPACE_CONFIG"": "":4096:8"", ""CUDA_VISIBLE_DEVICES"": ""2""}",2026-08-21T14:13:06
VNAT_8s_tcpdur_random70_stratified_flowlevel_splitseed42_3feat_timemixer_20ms_seed0,VNAT,VNAT_8s_tcp_duration,8,random70_stratified_flowlevel_splitseed42,42,278befae3cd3e10e,Validation,4,timemixer,3feat,20ms,401,3,0,256,1382,598,best_val,7,12345,0,True,True,1.0,5.6316,21.97,22,49.3354,58.4554,67.3913,58.4554,"{""Chat"": 0.0, ""Control"": 85.044, ""File Transfer"": 75.0, ""Streaming"": 73.778}","{""Chat"": 0.0, ""Control"": 85.799, ""File Transfer"": 100.0, ""Streaming"": 59.286}","{""Chat"": 0.0, ""Control"": 84.302, ""File Transfer"": 60.0, ""Streaming"": 97.647}","{""Chat"": 156, ""Control"": 172, ""File Transfer"": 15, ""Streaming"": 255}","{""Chat"": 0.989971, ""Control"": 0.848894, ""File Transfer"": 9.337838, ""Streaming"": 0.586587}","{""Chat"": 349, ""Control"": 407, ""File Transfer"": 37, ""Streaming"": 589}",1142188,checkpoints/VNAT_8s_tcp_duration_3feat_seed0/VNAT_8s_tcpdur_random70_stratified_flowlevel_splitseed42_3feat_timemixer_20ms_seed0.pth,5885638,10.8,OK,,"{""torch"": ""2.4.1+cu121"", ""cuda"": ""12.1"", ""gpu"": ""NVIDIA RTX A4500"", ""numpy"": ""1.26.0"", ""python"": ""3.10.12"", ""deterministic"": true, ""grad_clip_max_norm"": 1.0, ""CUBLAS_WORKSPACE_CONFIG"": "":4096:8"", ""CUDA_VISIBLE_DEVICES"": ""2""}",2026-08-21T14:13:17
VNAT_8s_tcpdur_random70_stratified_flowlevel_splitseed42_3feat_timemixer_20ms_seed1,VNAT,VNAT_8s_tcp_duration,8,random70_stratified_flowlevel_splitseed42,42,278befae3cd3e10e,Validation,4,timemixer,3feat,20ms,401,3,1,256,1382,598,best_val,6,12345,0,True,True,1.0,7.0437,14.71,17,42.1803,55.7957,65.0502,55.7957,"{""Chat"": 0.0, ""Control"": 59.627, ""File Transfer"": 75.0, ""Streaming"": 88.555}","{""Chat"": 0.0, ""Control"": 46.302, ""File Transfer"": 100.0, ""Streaming"": 84.892}","{""Chat"": 0.0, ""Control"": 83.721, ""File Transfer"": 60.0, ""Streaming"": 92.549}","{""Chat"": 156, ""Control"": 172, ""File Transfer"": 15, ""Streaming"": 255}","{""Chat"": 0.989971, ""Control"": 0.848894, ""File Transfer"": 9.337838, ""Streaming"": 0.586587}","{""Chat"": 349, ""Control"": 407, ""File Transfer"": 37, ""Streaming"": 589}",1142188,checkpoints/VNAT_8s_tcp_duration_3feat_seed1/VNAT_8s_tcpdur_random70_stratified_flowlevel_splitseed42_3feat_timemixer_20ms_seed1.pth,5885638,8.3,OK,,"{""torch"": ""2.4.1+cu121"", ""cuda"": ""12.1"", ""gpu"": ""NVIDIA RTX A4500"", ""numpy"": ""1.26.0"", ""python"": ""3.10.12"", ""deterministic"": true, ""grad_clip_max_norm"": 1.0, ""CUBLAS_WORKSPACE_CONFIG"": "":4096:8"", ""CUDA_VISIBLE_DEVICES"": ""2""}",2026-08-21T14:13:26
VNAT_8s_tcpdur_random70_stratified_flowlevel_splitseed42_3feat_timemixer_20ms_seed2,VNAT,VNAT_8s_tcp_duration,8,random70_stratified_flowlevel_splitseed42,42,278befae3cd3e10e,Validation,4,timemixer,3feat,20ms,401,3,2,256,1382,598,best_val,5,12345,0,True,True,1.0,7.3577,21.05,19,41.0682,35.9663,33.7793,35.9663,"{""Chat"": 12.821, ""Control"": 50.742, ""File Transfer"": 75.0, ""Streaming"": 5.303}","{""Chat"": 19.231, ""Control"": 34.064, ""File Transfer"": 100.0, ""Streaming"": 77.778}","{""Chat"": 9.615, ""Control"": 99.419, ""File Transfer"": 60.0, ""Streaming"": 2.745}","{""Chat"": 156, ""Control"": 172, ""File Transfer"": 15, ""Streaming"": 255}","{""Chat"": 0.989971, ""Control"": 0.848894, ""File Transfer"": 9.337838, ""Streaming"": 0.586587}","{""Chat"": 349, ""Control"": 407, ""File Transfer"": 37, ""Streaming"": 589}",1142188,checkpoints/VNAT_8s_tcp_duration_3feat_seed2/VNAT_8s_tcpdur_random70_stratified_flowlevel_splitseed42_3feat_timemixer_20ms_seed2.pth,5885638,9.6,OK,,"{""torch"": ""2.4.1+cu121"", ""cuda"": ""12.1"", ""gpu"": ""NVIDIA RTX A4500"", ""numpy"": ""1.26.0"", ""python"": ""3.10.12"", ""deterministic"": true, ""grad_clip_max_norm"": 1.0, ""CUBLAS_WORKSPACE_CONFIG"": "":4096:8"", ""CUDA_VISIBLE_DEVICES"": ""2""}",2026-08-21T14:13:36
VNAT_8s_tcpdur_random70_stratified_flowlevel_splitseed42_3feat_timesnet_30ms_seed0,VNAT,VNAT_8s_tcp_duration,8,random70_stratified_flowlevel_splitseed42,42,278befae3cd3e10e,Validation,4,timesnet,3feat,30ms,267,3,0,256,1382,598,best_val,17,12345,0,True,True,1.0,21.1398,100.0,23,62.0388,84.6221,89.2977,84.6221,"{""Chat"": 87.209, ""Control"": 92.778, ""File Transfer"": 69.231, ""Streaming"": 89.27}","{""Chat"": 79.787, ""Control"": 88.83, ""File Transfer"": 81.818, ""Streaming"": 98.578}","{""Chat"": 96.154, ""Control"": 97.093, ""File Transfer"": 60.0, ""Streaming"": 81.569}","{""Chat"": 156, ""Control"": 172, ""File Transfer"": 15, ""Streaming"": 255}","{""Chat"": 0.989971, ""Control"": 0.848894, ""File Transfer"": 9.337838, ""Streaming"": 0.586587}","{""Chat"": 349, ""Control"": 407, ""File Transfer"": 37, ""Streaming"": 589}",9443332,checkpoints/VNAT_8s_tcp_duration_3feat_seed0/VNAT_8s_tcpdur_random70_stratified_flowlevel_splitseed42_3feat_timesnet_30ms_seed0.pth,39082754,99.7,OK,,"{""torch"": ""2.4.1+cu121"", ""cuda"": ""12.1"", ""gpu"": ""NVIDIA RTX A4500"", ""numpy"": ""1.26.0"", ""python"": ""3.10.12"", ""deterministic"": true, ""grad_clip_max_norm"": 1.0, ""CUBLAS_WORKSPACE_CONFIG"": "":4096:8"", ""CUDA_VISIBLE_DEVICES"": ""2""}",2026-08-21T14:15:16
VNAT_8s_tcpdur_random70_stratified_flowlevel_splitseed42_3feat_timesnet_30ms_seed1,VNAT,VNAT_8s_tcp_duration,8,random70_stratified_flowlevel_splitseed42,42,278befae3cd3e10e,Validation,4,timesnet,3feat,30ms,267,3,1,256,1382,598,best_val,7,12345,0,True,True,1.0,24.2194,100.0,39,54.7018,84.8344,88.6288,84.8344,"{""Chat"": 84.706, ""Control"": 95.184, ""File Transfer"": 72.0, ""Streaming"": 87.448}","{""Chat"": 78.261, ""Control"": 92.818, ""File Transfer"": 90.0, ""Streaming"": 93.722}","{""Chat"": 92.308, ""Control"": 97.674, ""File Transfer"": 60.0, ""Streaming"": 81.961}","{""Chat"": 156, ""Control"": 172, ""File Transfer"": 15, ""Streaming"": 255}","{""Chat"": 0.989971, ""Control"": 0.848894, ""File Transfer"": 9.337838, ""Streaming"": 0.586587}","{""Chat"": 349, ""Control"": 407, ""File Transfer"": 37, ""Streaming"": 589}",9443332,checkpoints/VNAT_8s_tcp_duration_3feat_seed1/VNAT_8s_tcpdur_random70_stratified_flowlevel_splitseed42_3feat_timesnet_30ms_seed1.pth,39082754,168.8,OK,,"{""torch"": ""2.4.1+cu121"", ""cuda"": ""12.1"", ""gpu"": ""NVIDIA RTX A4500"", ""numpy"": ""1.26.0"", ""python"": ""3.10.12"", ""deterministic"": true, ""grad_clip_max_norm"": 1.0, ""CUBLAS_WORKSPACE_CONFIG"": "":4096:8"", ""CUDA_VISIBLE_DEVICES"": ""2""}",2026-08-21T14:18:06
VNAT_8s_tcpdur_random70_stratified_flowlevel_splitseed42_3feat_timesnet_30ms_seed2,VNAT,VNAT_8s_tcp_duration,8,random70_stratified_flowlevel_splitseed42,42,278befae3cd3e10e,Validation,4,timesnet,3feat,30ms,267,3,2,256,1382,598,best_val,58,12345,0,True,True,1.0,24.1955,100.0,66,49.1228,77.9848,79.4314,77.9848,"{""Chat"": 75.248, ""Control"": 92.055, ""File Transfer"": 72.0, ""Streaming"": 72.637}","{""Chat"": 61.29, ""Control"": 87.047, ""File Transfer"": 90.0, ""Streaming"": 99.32}","{""Chat"": 97.436, ""Control"": 97.674, ""File Transfer"": 60.0, ""Streaming"": 57.255}","{""Chat"": 156, ""Control"": 172, ""File Transfer"": 15, ""Streaming"": 255}","{""Chat"": 0.989971, ""Control"": 0.848894, ""File Transfer"": 9.337838, ""Streaming"": 0.586587}","{""Chat"": 349, ""Control"": 407, ""File Transfer"": 37, ""Streaming"": 589}",9443332,checkpoints/VNAT_8s_tcp_duration_3feat_seed2/VNAT_8s_tcpdur_random70_stratified_flowlevel_splitseed42_3feat_timesnet_30ms_seed2.pth,39082754,286.5,OK,,"{""torch"": ""2.4.1+cu121"", ""cuda"": ""12.1"", ""gpu"": ""NVIDIA RTX A4500"", ""numpy"": ""1.26.0"", ""python"": ""3.10.12"", ""deterministic"": true, ""grad_clip_max_norm"": 1.0, ""CUBLAS_WORKSPACE_CONFIG"": "":4096:8"", ""CUDA_VISIBLE_DEVICES"": ""2""}",2026-08-21T14:22:53
VNAT_8s_tcpdur_random70_stratified_flowlevel_splitseed42_3feat_informer_30ms_seed0,VNAT,VNAT_8s_tcp_duration,8,random70_stratified_flowlevel_splitseed42,42,278befae3cd3e10e,Validation,4,informer,3feat,30ms,267,3,0,64,1382,598,best_val,3,12345,0,True,True,1.0,122.8965,100.0,27,69.4248,88.4032,93.4783,88.4032,"{""Chat"": 91.793, ""Control"": 95.702, ""File Transfer"": 72.0, ""Streaming"": 94.118}","{""Chat"": 87.283, ""Control"": 94.35, ""File Transfer"": 90.0, ""Streaming"": 97.479}","{""Chat"": 96.795, ""Control"": 97.093, ""File Transfer"": 60.0, ""Streaming"": 90.98}","{""Chat"": 156, ""Control"": 172, ""File Transfer"": 15, ""Streaming"": 255}","{""Chat"": 0.989971, ""Control"": 0.848894, ""File Transfer"": 9.337838, ""Streaming"": 0.586587}","{""Chat"": 349, ""Control"": 407, ""File Transfer"": 37, ""Streaming"": 589}",2950149,checkpoints/VNAT_8s_tcp_duration_3feat_seed0/VNAT_8s_tcpdur_random70_stratified_flowlevel_splitseed42_3feat_informer_30ms_seed0.pth,22084610,35.0,OK,,"{""torch"": ""2.4.1+cu121"", ""cuda"": ""12.1"", ""gpu"": ""NVIDIA RTX A4500"", ""numpy"": ""1.26.0"", ""python"": ""3.10.12"", ""deterministic"": true, ""grad_clip_max_norm"": 1.0, ""CUBLAS_WORKSPACE_CONFIG"": "":4096:8"", ""CUDA_VISIBLE_DEVICES"": ""2""}",2026-08-21T14:23:28
VNAT_8s_tcpdur_random70_stratified_flowlevel_splitseed42_3feat_informer_30ms_seed1,VNAT,VNAT_8s_tcp_duration,8,random70_stratified_flowlevel_splitseed42,42,278befae3cd3e10e,Validation,4,informer,3feat,30ms,267,3,1,64,1382,598,best_val,14,12345,0,True,True,1.0,87.0596,100.0,22,90.0452,88.5113,91.9732,88.5113,"{""Chat"": 88.889, ""Control"": 96.532, ""File Transfer"": 76.923, ""Streaming"": 91.701}","{""Chat"": 81.72, ""Control"": 95.977, ""File Transfer"": 90.909, ""Streaming"": 97.357}","{""Chat"": 97.436, ""Control"": 97.093, ""File Transfer"": 66.667, ""Streaming"": 86.667}","{""Chat"": 156, ""Control"": 172, ""File Transfer"": 15, ""Streaming"": 255}","{""Chat"": 0.989971, ""Control"": 0.848894, ""File Transfer"": 9.337838, ""Streaming"": 0.586587}","{""Chat"": 349, ""Control"": 407, ""File Transfer"": 37, ""Streaming"": 589}",2950149,checkpoints/VNAT_8s_tcp_duration_3feat_seed1/VNAT_8s_tcpdur_random70_stratified_flowlevel_splitseed42_3feat_informer_30ms_seed1.pth,22084610,28.5,OK,,"{""torch"": ""2.4.1+cu121"", ""cuda"": ""12.1"", ""gpu"": ""NVIDIA RTX A4500"", ""numpy"": ""1.26.0"", ""python"": ""3.10.12"", ""deterministic"": true, ""grad_clip_max_norm"": 1.0, ""CUBLAS_WORKSPACE_CONFIG"": "":4096:8"", ""CUDA_VISIBLE_DEVICES"": ""2""}",2026-08-21T14:23:57
VNAT_8s_tcpdur_random70_stratified_flowlevel_splitseed42_3feat_informer_30ms_seed2,VNAT,VNAT_8s_tcp_duration,8,random70_stratified_flowlevel_splitseed42,42,278befae3cd3e10e,Validation,4,informer,3feat,30ms,267,3,2,64,1382,598,best_val,4,12345,0,True,True,1.0,77.3199,100.0,31,82.345,89.4021,93.1438,89.4021,"{""Chat"": 90.588, ""Control"": 97.093, ""File Transfer"": 76.923, ""Streaming"": 93.004}","{""Chat"": 83.696, ""Control"": 97.093, ""File Transfer"": 90.909, ""Streaming"": 97.835}","{""Chat"": 98.718, ""Control"": 97.093, ""File Transfer"": 66.667, ""Streaming"": 88.627}","{""Chat"": 156, ""Control"": 172, ""File Transfer"": 15, ""Streaming"": 255}","{""Chat"": 0.989971, ""Control"": 0.848894, ""File Transfer"": 9.337838, ""Streaming"": 0.586587}","{""Chat"": 349, ""Control"": 407, ""File Transfer"": 37, ""Streaming"": 589}",2950149,checkpoints/VNAT_8s_tcp_duration_3feat_seed2/VNAT_8s_tcpdur_random70_stratified_flowlevel_splitseed42_3feat_informer_30ms_seed2.pth,22084610,39.9,OK,,"{""torch"": ""2.4.1+cu121"", ""cuda"": ""12.1"", ""gpu"": ""NVIDIA RTX A4500"", ""numpy"": ""1.26.0"", ""python"": ""3.10.12"", ""deterministic"": true, ""grad_clip_max_norm"": 1.0, ""CUBLAS_WORKSPACE_CONFIG"": "":4096:8"", ""CUDA_VISIBLE_DEVICES"": ""2""}",2026-08-21T14:24:37
VNAT_8s_tcpdur_random70_stratified_flowlevel_splitseed42_3feat_nst_30ms_seed0,VNAT,VNAT_8s_tcp_duration,8,random70_stratified_flowlevel_splitseed42,42,278befae3cd3e10e,Validation,4,nst,3feat,30ms,267,3,0,64,1382,598,best_val,9,12345,0,True,True,1.0,37.3606,100.0,35,69.6303,87.4708,90.6355,87.4708,"{""Chat"": 87.791, ""Control"": 94.915, ""File Transfer"": 76.923, ""Streaming"": 90.254}","{""Chat"": 80.319, ""Control"": 92.308, ""File Transfer"": 90.909, ""Streaming"": 98.157}","{""Chat"": 96.795, ""Control"": 97.674, ""File Transfer"": 66.667, ""Streaming"": 83.529}","{""Chat"": 156, ""Control"": 172, ""File Transfer"": 15, ""Streaming"": 255}","{""Chat"": 0.989971, ""Control"": 0.848894, ""File Transfer"": 9.337838, ""Streaming"": 0.586587}","{""Chat"": 349, ""Control"": 407, ""File Transfer"": 37, ""Streaming"": 589}",206406,checkpoints/VNAT_8s_tcp_duration_3feat_seed0/VNAT_8s_tcpdur_random70_stratified_flowlevel_splitseed42_3feat_nst_30ms_seed0.pth,2133706,26.7,OK,,"{""torch"": ""2.4.1+cu121"", ""cuda"": ""12.1"", ""gpu"": ""NVIDIA RTX A4500"", ""numpy"": ""1.26.0"", ""python"": ""3.10.12"", ""deterministic"": true, ""grad_clip_max_norm"": 1.0, ""CUBLAS_WORKSPACE_CONFIG"": "":4096:8"", ""CUDA_VISIBLE_DEVICES"": ""2""}",2026-08-21T14:25:04
VNAT_8s_tcpdur_random70_stratified_flowlevel_splitseed42_3feat_nst_30ms_seed1,VNAT,VNAT_8s_tcp_duration,8,random70_stratified_flowlevel_splitseed42,42,278befae3cd3e10e,Validation,4,nst,3feat,30ms,267,3,1,64,1382,598,best_val,10,12345,0,True,True,1.0,49.2807,100.0,27,87.773,89.2216,92.9766,89.2216,"{""Chat"": 90.208, ""Control"": 96.532, ""File Transfer"": 76.923, ""Streaming"": 93.224}","{""Chat"": 83.978, ""Control"": 95.977, ""File Transfer"": 90.909, ""Streaming"": 97.845}","{""Chat"": 97.436, ""Control"": 97.093, ""File Transfer"": 66.667, ""Streaming"": 89.02}","{""Chat"": 156, ""Control"": 172, ""File Transfer"": 15, ""Streaming"": 255}","{""Chat"": 0.989971, ""Control"": 0.848894, ""File Transfer"": 9.337838, ""Streaming"": 0.586587}","{""Chat"": 349, ""Control"": 407, ""File Transfer"": 37, ""Streaming"": 589}",206406,checkpoints/VNAT_8s_tcp_duration_3feat_seed1/VNAT_8s_tcpdur_random70_stratified_flowlevel_splitseed42_3feat_nst_30ms_seed1.pth,2133706,20.2,OK,,"{""torch"": ""2.4.1+cu121"", ""cuda"": ""12.1"", ""gpu"": ""NVIDIA RTX A4500"", ""numpy"": ""1.26.0"", ""python"": ""3.10.12"", ""deterministic"": true, ""grad_clip_max_norm"": 1.0, ""CUBLAS_WORKSPACE_CONFIG"": "":4096:8"", ""CUDA_VISIBLE_DEVICES"": ""2""}",2026-08-21T14:25:25
VNAT_8s_tcpdur_random70_stratified_flowlevel_splitseed42_3feat_nst_30ms_seed2,VNAT,VNAT_8s_tcp_duration,8,random70_stratified_flowlevel_splitseed42,42,278befae3cd3e10e,Validation,4,nst,3feat,30ms,267,3,2,64,1382,598,best_val,12,12345,0,True,True,1.0,34.3638,99.83,26,87.6993,89.8438,92.8094,89.8438,"{""Chat"": 89.941, ""Control"": 96.812, ""File Transfer"": 80.0, ""Streaming"": 92.623}","{""Chat"": 83.516, ""Control"": 96.532, ""File Transfer"": 100.0, ""Streaming"": 96.996}","{""Chat"": 97.436, ""Control"": 97.093, ""File Transfer"": 66.667, ""Streaming"": 88.627}","{""Chat"": 156, ""Control"": 172, ""File Transfer"": 15, ""Streaming"": 255}","{""Chat"": 0.989971, ""Control"": 0.848894, ""File Transfer"": 9.337838, ""Streaming"": 0.586587}","{""Chat"": 349, ""Control"": 407, ""File Transfer"": 37, ""Streaming"": 589}",206406,checkpoints/VNAT_8s_tcp_duration_3feat_seed2/VNAT_8s_tcpdur_random70_stratified_flowlevel_splitseed42_3feat_nst_30ms_seed2.pth,2133706,18.4,OK,,"{""torch"": ""2.4.1+cu121"", ""cuda"": ""12.1"", ""gpu"": ""NVIDIA RTX A4500"", ""numpy"": ""1.26.0"", ""python"": ""3.10.12"", ""deterministic"": true, ""grad_clip_max_norm"": 1.0, ""CUBLAS_WORKSPACE_CONFIG"": "":4096:8"", ""CUDA_VISIBLE_DEVICES"": ""2""}",2026-08-21T14:25:43
VNAT_8s_tcpdur_random70_stratified_flowlevel_splitseed42_3feat_autoformer_30ms_seed0,VNAT,VNAT_8s_tcp_duration,8,random70_stratified_flowlevel_splitseed42,42,278befae3cd3e10e,Validation,4,autoformer,3feat,30ms,267,3,0,256,1382,598,best_val,7,12345,0,True,True,1.0,14.0584,100.0,17,69.0474,52.5586,62.5418,52.5586,"{""Chat"": 16.374, ""Control"": 77.58, ""File Transfer"": 47.619, ""Streaming"": 68.661}","{""Chat"": 93.333, ""Control"": 100.0, ""File Transfer"": 37.037, ""Streaming"": 53.915}","{""Chat"": 8.974, ""Control"": 63.372, ""File Transfer"": 66.667, ""Streaming"": 94.51}","{""Chat"": 156, ""Control"": 172, ""File Transfer"": 15, ""Streaming"": 255}","{""Chat"": 0.989971, ""Control"": 0.848894, ""File Transfer"": 9.337838, ""Streaming"": 0.586587}","{""Chat"": 349, ""Control"": 407, ""File Transfer"": 37, ""Streaming"": 589}",168196,checkpoints/VNAT_8s_tcp_duration_3feat_seed0/VNAT_8s_tcpdur_random70_stratified_flowlevel_splitseed42_3feat_autoformer_30ms_seed0.pth,1970338,12.9,OK,,"{""torch"": ""2.4.1+cu121"", ""cuda"": ""12.1"", ""gpu"": ""NVIDIA RTX A4500"", ""numpy"": ""1.26.0"", ""python"": ""3.10.12"", ""deterministic"": true, ""grad_clip_max_norm"": 1.0, ""CUBLAS_WORKSPACE_CONFIG"": "":4096:8"", ""CUDA_VISIBLE_DEVICES"": ""2""}",2026-08-21T14:25:56
VNAT_8s_tcpdur_random70_stratified_flowlevel_splitseed42_3feat_autoformer_30ms_seed1,VNAT,VNAT_8s_tcp_duration,8,random70_stratified_flowlevel_splitseed42,42,278befae3cd3e10e,Validation,4,autoformer,3feat,30ms,267,3,1,256,1382,598,best_val,11,12345,0,True,True,1.0,15.4747,100.0,19,74.4175,53.9122,64.5485,53.9122,"{""Chat"": 17.341, ""Control"": 81.605, ""File Transfer"": 46.512, ""Streaming"": 70.191}","{""Chat"": 88.235, ""Control"": 96.063, ""File Transfer"": 35.714, ""Streaming"": 56.103}","{""Chat"": 9.615, ""Control"": 70.93, ""File Transfer"": 66.667, ""Streaming"": 93.725}","{""Chat"": 156, ""Control"": 172, ""File Transfer"": 15, ""Streaming"": 255}","{""Chat"": 0.989971, ""Control"": 0.848894, ""File Transfer"": 9.337838, ""Streaming"": 0.586587}","{""Chat"": 349, ""Control"": 407, ""File Transfer"": 37, ""Streaming"": 589}",168196,checkpoints/VNAT_8s_tcp_duration_3feat_seed1/VNAT_8s_tcpdur_random70_stratified_flowlevel_splitseed42_3feat_autoformer_30ms_seed1.pth,1970338,14.2,OK,,"{""torch"": ""2.4.1+cu121"", ""cuda"": ""12.1"", ""gpu"": ""NVIDIA RTX A4500"", ""numpy"": ""1.26.0"", ""python"": ""3.10.12"", ""deterministic"": true, ""grad_clip_max_norm"": 1.0, ""CUBLAS_WORKSPACE_CONFIG"": "":4096:8"", ""CUDA_VISIBLE_DEVICES"": ""2""}",2026-08-21T14:26:11
VNAT_8s_tcpdur_random70_stratified_flowlevel_splitseed42_3feat_autoformer_30ms_seed2,VNAT,VNAT_8s_tcp_duration,8,random70_stratified_flowlevel_splitseed42,42,278befae3cd3e10e,Validation,4,autoformer,3feat,30ms,267,3,2,256,1382,598,best_val,4,12345,0,True,True,1.0,15.4631,100.0,18,63.7338,55.1177,64.8829,55.1177,"{""Chat"": 16.854, ""Control"": 83.766, ""File Transfer"": 50.0, ""Streaming"": 69.851}","{""Chat"": 68.182, ""Control"": 94.853, ""File Transfer"": 40.0, ""Streaming"": 56.386}","{""Chat"": 9.615, ""Control"": 75.0, ""File Transfer"": 66.667, ""Streaming"": 91.765}","{""Chat"": 156, ""Control"": 172, ""File Transfer"": 15, ""Streaming"": 255}","{""Chat"": 0.989971, ""Control"": 0.848894, ""File Transfer"": 9.337838, ""Streaming"": 0.586587}","{""Chat"": 349, ""Control"": 407, ""File Transfer"": 37, ""Streaming"": 589}",168196,checkpoints/VNAT_8s_tcp_duration_3feat_seed2/VNAT_8s_tcpdur_random70_stratified_flowlevel_splitseed42_3feat_autoformer_30ms_seed2.pth,1970338,13.2,OK,,"{""torch"": ""2.4.1+cu121"", ""cuda"": ""12.1"", ""gpu"": ""NVIDIA RTX A4500"", ""numpy"": ""1.26.0"", ""python"": ""3.10.12"", ""deterministic"": true, ""grad_clip_max_norm"": 1.0, ""CUBLAS_WORKSPACE_CONFIG"": "":4096:8"", ""CUDA_VISIBLE_DEVICES"": ""2""}",2026-08-21T14:26:25
VNAT_8s_tcpdur_random70_stratified_flowlevel_splitseed42_3feat_fedformer_30ms_seed0,VNAT,VNAT_8s_tcp_duration,8,random70_stratified_flowlevel_splitseed42,42,278befae3cd3e10e,Validation,4,fedformer,3feat,30ms,267,3,0,256,1382,598,best_val,28,12345,4,True,True,1.0,19.6476,100.0,42,86.6606,86.295,88.9632,86.295,"{""Chat"": 84.211, ""Control"": 95.977, ""File Transfer"": 76.923, ""Streaming"": 88.069}","{""Chat"": 74.146, ""Control"": 94.886, ""File Transfer"": 90.909, ""Streaming"": 98.544}","{""Chat"": 97.436, ""Control"": 97.093, ""File Transfer"": 66.667, ""Streaming"": 79.608}","{""Chat"": 156, ""Control"": 172, ""File Transfer"": 15, ""Streaming"": 255}","{""Chat"": 0.989971, ""Control"": 0.848894, ""File Transfer"": 9.337838, ""Streaming"": 0.586587}","{""Chat"": 349, ""Control"": 407, ""File Transfer"": 37, ""Streaming"": 589}",431749,checkpoints/VNAT_8s_tcp_duration_3feat_seed0/VNAT_8s_tcpdur_random70_stratified_flowlevel_splitseed42_3feat_fedformer_30ms_seed0.pth,4323115,76.6,OK,,"{""torch"": ""2.4.1+cu121"", ""cuda"": ""12.1"", ""gpu"": ""NVIDIA RTX A4500"", ""numpy"": ""1.26.0"", ""python"": ""3.10.12"", ""deterministic"": true, ""grad_clip_max_norm"": 1.0, ""CUBLAS_WORKSPACE_CONFIG"": "":4096:8"", ""CUDA_VISIBLE_DEVICES"": ""2""}",2026-08-21T14:27:42
VNAT_8s_tcpdur_random70_stratified_flowlevel_splitseed42_3feat_fedformer_30ms_seed1,VNAT,VNAT_8s_tcp_duration,8,random70_stratified_flowlevel_splitseed42,42,278befae3cd3e10e,Validation,4,fedformer,3feat,30ms,267,3,1,256,1382,598,best_val,19,12345,4,True,True,1.0,16.3715,100.0,35,84.9149,84.1693,85.9532,84.1693,"{""Chat"": 79.79, ""Control"": 96.254, ""File Transfer"": 76.923, ""Streaming"": 83.71}","{""Chat"": 67.556, ""Control"": 95.429, ""File Transfer"": 90.909, ""Streaming"": 98.93}","{""Chat"": 97.436, ""Control"": 97.093, ""File Transfer"": 66.667, ""Streaming"": 72.549}","{""Chat"": 156, ""Control"": 172, ""File Transfer"": 15, ""Streaming"": 255}","{""Chat"": 0.989971, ""Control"": 0.848894, ""File Transfer"": 9.337838, ""Streaming"": 0.586587}","{""Chat"": 349, ""Control"": 407, ""File Transfer"": 37, ""Streaming"": 589}",431749,checkpoints/VNAT_8s_tcp_duration_3feat_seed1/VNAT_8s_tcpdur_random70_stratified_flowlevel_splitseed42_3feat_fedformer_30ms_seed1.pth,4323115,65.2,OK,,"{""torch"": ""2.4.1+cu121"", ""cuda"": ""12.1"", ""gpu"": ""NVIDIA RTX A4500"", ""numpy"": ""1.26.0"", ""python"": ""3.10.12"", ""deterministic"": true, ""grad_clip_max_norm"": 1.0, ""CUBLAS_WORKSPACE_CONFIG"": "":4096:8"", ""CUDA_VISIBLE_DEVICES"": ""2""}",2026-08-21T14:28:47
VNAT_8s_tcpdur_random70_stratified_flowlevel_splitseed42_3feat_fedformer_30ms_seed2,VNAT,VNAT_8s_tcp_duration,8,random70_stratified_flowlevel_splitseed42,42,278befae3cd3e10e,Validation,4,fedformer,3feat,30ms,267,3,2,256,1382,598,best_val,13,12345,4,True,True,1.0,19.6058,100.0,30,83.5654,84.3928,85.786,84.3928,"{""Chat"": 79.213, ""Control"": 92.265, ""File Transfer"": 80.0, ""Streaming"": 86.093}","{""Chat"": 70.5, ""Control"": 87.895, ""File Transfer"": 100.0, ""Streaming"": 98.485}","{""Chat"": 90.385, ""Control"": 97.093, ""File Transfer"": 66.667, ""Streaming"": 76.471}","{""Chat"": 156, ""Control"": 172, ""File Transfer"": 15, ""Streaming"": 255}","{""Chat"": 0.989971, ""Control"": 0.848894, ""File Transfer"": 9.337838, ""Streaming"": 0.586587}","{""Chat"": 349, ""Control"": 407, ""File Transfer"": 37, ""Streaming"": 589}",431749,checkpoints/VNAT_8s_tcp_duration_3feat_seed2/VNAT_8s_tcpdur_random70_stratified_flowlevel_splitseed42_3feat_fedformer_30ms_seed2.pth,4323115,54.5,OK,,"{""torch"": ""2.4.1+cu121"", ""cuda"": ""12.1"", ""gpu"": ""NVIDIA RTX A4500"", ""numpy"": ""1.26.0"", ""python"": ""3.10.12"", ""deterministic"": true, ""grad_clip_max_norm"": 1.0, ""CUBLAS_WORKSPACE_CONFIG"": "":4096:8"", ""CUDA_VISIBLE_DEVICES"": ""2""}",2026-08-21T14:29:42
VNAT_8s_tcpdur_random70_stratified_flowlevel_splitseed42_3feat_timemixer_30ms_seed0,VNAT,VNAT_8s_tcp_duration,8,random70_stratified_flowlevel_splitseed42,42,278befae3cd3e10e,Validation,4,timemixer,3feat,30ms,267,3,0,256,1382,598,best_val,6,12345,0,True,True,1.0,4.7604,12.04,18,44.4587,35.7068,34.9498,35.7068,"{""Chat"": 0.0, ""Control"": 48.247, ""File Transfer"": 75.0, ""Streaming"": 19.58}","{""Chat"": 0.0, ""Control"": 31.793, ""File Transfer"": 100.0, ""Streaming"": 90.323}","{""Chat"": 0.0, ""Control"": 100.0, ""File Transfer"": 60.0, ""Streaming"": 10.98}","{""Chat"": 156, ""Control"": 172, ""File Transfer"": 15, ""Streaming"": 255}","{""Chat"": 0.989971, ""Control"": 0.848894, ""File Transfer"": 9.337838, ""Streaming"": 0.586587}","{""Chat"": 349, ""Control"": 407, ""File Transfer"": 37, ""Streaming"": 589}",603476,checkpoints/VNAT_8s_tcp_duration_3feat_seed0/VNAT_8s_tcpdur_random70_stratified_flowlevel_splitseed42_3feat_timemixer_30ms_seed0.pth,3730374,5.8,OK,,"{""torch"": ""2.4.1+cu121"", ""cuda"": ""12.1"", ""gpu"": ""NVIDIA RTX A4500"", ""numpy"": ""1.26.0"", ""python"": ""3.10.12"", ""deterministic"": true, ""grad_clip_max_norm"": 1.0, ""CUBLAS_WORKSPACE_CONFIG"": "":4096:8"", ""CUDA_VISIBLE_DEVICES"": ""2""}",2026-08-21T14:29:48
VNAT_8s_tcpdur_random70_stratified_flowlevel_splitseed42_3feat_timemixer_30ms_seed1,VNAT,VNAT_8s_tcp_duration,8,random70_stratified_flowlevel_splitseed42,42,278befae3cd3e10e,Validation,4,timemixer,3feat,30ms,267,3,1,256,1382,598,best_val,3,12345,0,True,True,1.0,4.0977,12.75,17,41.4128,34.122,43.9799,34.122,"{""Chat"": 1.25, ""Control"": 0.0, ""File Transfer"": 75.0, ""Streaming"": 60.238}","{""Chat"": 25.0, ""Control"": 0.0, ""File Transfer"": 100.0, ""Streaming"": 43.248}","{""Chat"": 0.641, ""Control"": 0.0, ""File Transfer"": 60.0, ""Streaming"": 99.216}","{""Chat"": 156, ""Control"": 172, ""File Transfer"": 15, ""Streaming"": 255}","{""Chat"": 0.989971, ""Control"": 0.848894, ""File Transfer"": 9.337838, ""Streaming"": 0.586587}","{""Chat"": 349, ""Control"": 407, ""File Transfer"": 37, ""Streaming"": 589}",603476,checkpoints/VNAT_8s_tcp_duration_3feat_seed1/VNAT_8s_tcpdur_random70_stratified_flowlevel_splitseed42_3feat_timemixer_30ms_seed1.pth,3730374,5.8,OK,,"{""torch"": ""2.4.1+cu121"", ""cuda"": ""12.1"", ""gpu"": ""NVIDIA RTX A4500"", ""numpy"": ""1.26.0"", ""python"": ""3.10.12"", ""deterministic"": true, ""grad_clip_max_norm"": 1.0, ""CUBLAS_WORKSPACE_CONFIG"": "":4096:8"", ""CUDA_VISIBLE_DEVICES"": ""2""}",2026-08-21T14:29:54
VNAT_8s_tcpdur_random70_stratified_flowlevel_splitseed42_3feat_timemixer_30ms_seed2,VNAT,VNAT_8s_tcp_duration,8,random70_stratified_flowlevel_splitseed42,42,278befae3cd3e10e,Validation,4,timemixer,3feat,30ms,267,3,2,256,1382,598,best_val,3,12345,0,True,True,1.0,8.4887,9.26,18,41.9544,35.0968,34.4482,35.0968,"{""Chat"": 1.25, ""Control"": 46.995, ""File Transfer"": 75.0, ""Streaming"": 17.143}","{""Chat"": 25.0, ""Control"": 30.714, ""File Transfer"": 100.0, ""Streaming"": 96.0}","{""Chat"": 0.641, ""Control"": 100.0, ""File Transfer"": 60.0, ""Streaming"": 9.412}","{""Chat"": 156, ""Control"": 172, ""File Transfer"": 15, ""Streaming"": 255}","{""Chat"": 0.989971, ""Control"": 0.848894, ""File Transfer"": 9.337838, ""Streaming"": 0.586587}","{""Chat"": 349, ""Control"": 407, ""File Transfer"": 37, ""Streaming"": 589}",603476,checkpoints/VNAT_8s_tcp_duration_3feat_seed2/VNAT_8s_tcpdur_random70_stratified_flowlevel_splitseed42_3feat_timemixer_30ms_seed2.pth,3730374,6.2,OK,,"{""torch"": ""2.4.1+cu121"", ""cuda"": ""12.1"", ""gpu"": ""NVIDIA RTX A4500"", ""numpy"": ""1.26.0"", ""python"": ""3.10.12"", ""deterministic"": true, ""grad_clip_max_norm"": 1.0, ""CUBLAS_WORKSPACE_CONFIG"": "":4096:8"", ""CUDA_VISIBLE_DEVICES"": ""2""}",2026-08-21T14:30:00
VNAT_8s_tcpdur_random70_stratified_flowlevel_splitseed42_3feat_timesnet_40ms_seed0,VNAT,VNAT_8s_tcp_duration,8,random70_stratified_flowlevel_splitseed42,42,278befae3cd3e10e,Validation,4,timesnet,3feat,40ms,201,3,0,256,1382,598,best_val,19,12345,0,True,True,1.0,20.2926,100.0,42,80.8273,84.0646,87.6254,84.0646,"{""Chat"": 83.008, ""Control"": 94.35, ""File Transfer"": 72.0, ""Streaming"": 86.9}","{""Chat"": 73.399, ""Control"": 91.758, ""File Transfer"": 90.0, ""Streaming"": 98.03}","{""Chat"": 95.513, ""Control"": 97.093, ""File Transfer"": 60.0, ""Streaming"": 78.039}","{""Chat"": 156, ""Control"": 172, ""File Transfer"": 15, ""Streaming"": 255}","{""Chat"": 0.989971, ""Control"": 0.848894, ""File Transfer"": 9.337838, ""Streaming"": 0.586587}","{""Chat"": 349, ""Control"": 407, ""File Transfer"": 37, ""Streaming"": 589}",9426436,checkpoints/VNAT_8s_tcp_duration_3feat_seed0/VNAT_8s_tcpdur_random70_stratified_flowlevel_splitseed42_3feat_timesnet_40ms_seed0.pth,39015170,140.0,OK,,"{""torch"": ""2.4.1+cu121"", ""cuda"": ""12.1"", ""gpu"": ""NVIDIA RTX A4500"", ""numpy"": ""1.26.0"", ""python"": ""3.10.12"", ""deterministic"": true, ""grad_clip_max_norm"": 1.0, ""CUBLAS_WORKSPACE_CONFIG"": "":4096:8"", ""CUDA_VISIBLE_DEVICES"": ""2""}",2026-08-21T14:32:21
VNAT_8s_tcpdur_random70_stratified_flowlevel_splitseed42_3feat_timesnet_40ms_seed1,VNAT,VNAT_8s_tcp_duration,8,random70_stratified_flowlevel_splitseed42,42,278befae3cd3e10e,Validation,4,timesnet,3feat,40ms,201,3,1,256,1382,598,best_val,17,12345,0,True,True,1.0,15.6429,100.0,40,73.8694,84.4115,86.4548,84.4115,"{""Chat"": 80.759, ""Control"": 94.886, ""File Transfer"": 76.923, ""Streaming"": 85.078}","{""Chat"": 69.953, ""Control"": 92.778, ""File Transfer"": 90.909, ""Streaming"": 98.454}","{""Chat"": 95.513, ""Control"": 97.093, ""File Transfer"": 66.667, ""Streaming"": 74.902}","{""Chat"": 156, ""Control"": 172, ""File Transfer"": 15, ""Streaming"": 255}","{""Chat"": 0.989971, ""Control"": 0.848894, ""File Transfer"": 9.337838, ""Streaming"": 0.586587}","{""Chat"": 349, ""Control"": 407, ""File Transfer"": 37, ""Streaming"": 589}",9426436,checkpoints/VNAT_8s_tcp_duration_3feat_seed1/VNAT_8s_tcpdur_random70_stratified_flowlevel_splitseed42_3feat_timesnet_40ms_seed1.pth,39015170,134.7,OK,,"{""torch"": ""2.4.1+cu121"", ""cuda"": ""12.1"", ""gpu"": ""NVIDIA RTX A4500"", ""numpy"": ""1.26.0"", ""python"": ""3.10.12"", ""deterministic"": true, ""grad_clip_max_norm"": 1.0, ""CUBLAS_WORKSPACE_CONFIG"": "":4096:8"", ""CUDA_VISIBLE_DEVICES"": ""2""}",2026-08-21T14:34:36
VNAT_8s_tcpdur_random70_stratified_flowlevel_splitseed42_3feat_timesnet_40ms_seed2,VNAT,VNAT_8s_tcp_duration,8,random70_stratified_flowlevel_splitseed42,42,278befae3cd3e10e,Validation,4,timesnet,3feat,40ms,201,3,2,256,1382,598,best_val,6,12345,0,True,True,1.0,15.9396,100.0,47,52.9283,80.0445,81.7726,80.0445,"{""Chat"": 75.369, ""Control"": 96.254, ""File Transfer"": 72.0, ""Streaming"": 76.555}","{""Chat"": 61.2, ""Control"": 95.429, ""File Transfer"": 90.0, ""Streaming"": 98.16}","{""Chat"": 98.077, ""Control"": 97.093, ""File Transfer"": 60.0, ""Streaming"": 62.745}","{""Chat"": 156, ""Control"": 172, ""File Transfer"": 15, ""Streaming"": 255}","{""Chat"": 0.989971, ""Control"": 0.848894, ""File Transfer"": 9.337838, ""Streaming"": 0.586587}","{""Chat"": 349, ""Control"": 407, ""File Transfer"": 37, ""Streaming"": 589}",9426436,checkpoints/VNAT_8s_tcp_duration_3feat_seed2/VNAT_8s_tcpdur_random70_stratified_flowlevel_splitseed42_3feat_timesnet_40ms_seed2.pth,39015170,157.9,OK,,"{""torch"": ""2.4.1+cu121"", ""cuda"": ""12.1"", ""gpu"": ""NVIDIA RTX A4500"", ""numpy"": ""1.26.0"", ""python"": ""3.10.12"", ""deterministic"": true, ""grad_clip_max_norm"": 1.0, ""CUBLAS_WORKSPACE_CONFIG"": "":4096:8"", ""CUDA_VISIBLE_DEVICES"": ""2""}",2026-08-21T14:37:15
VNAT_8s_tcpdur_random70_stratified_flowlevel_splitseed42_3feat_informer_40ms_seed0,VNAT,VNAT_8s_tcp_duration,8,random70_stratified_flowlevel_splitseed42,42,278befae3cd3e10e,Validation,4,informer,3feat,40ms,201,3,0,64,1382,598,best_val,18,12345,0,True,True,1.0,58.3854,100.0,30,86.702,88.1416,88.796,88.0225,"{""Chat"": 83.38, ""Control"": 95.93, ""File Transfer"": 84.848, ""Streaming"": 87.931}","{""Chat"": 74.372, ""Control"": 95.93, ""File Transfer"": 77.778, ""Streaming"": 97.608}","{""Chat"": 94.872, ""Control"": 95.93, ""File Transfer"": 93.333, ""Streaming"": 80.0}","{""Chat"": 156, ""Control"": 172, ""File Transfer"": 15, ""Streaming"": 255}","{""Chat"": 0.989971, ""Control"": 0.848894, ""File Transfer"": 9.337838, ""Streaming"": 0.586587}","{""Chat"": 349, ""Control"": 407, ""File Transfer"": 37, ""Streaming"": 589}",2882565,checkpoints/VNAT_8s_tcp_duration_3feat_seed0/VNAT_8s_tcpdur_random70_stratified_flowlevel_splitseed42_3feat_informer_40ms_seed0.pth,21814274,32.4,OK,,"{""torch"": ""2.4.1+cu121"", ""cuda"": ""12.1"", ""gpu"": ""NVIDIA RTX A4500"", ""numpy"": ""1.26.0"", ""python"": ""3.10.12"", ""deterministic"": true, ""grad_clip_max_norm"": 1.0, ""CUBLAS_WORKSPACE_CONFIG"": "":4096:8"", ""CUDA_VISIBLE_DEVICES"": ""2""}",2026-08-21T14:37:47
VNAT_8s_tcpdur_random70_stratified_flowlevel_splitseed42_3feat_informer_40ms_seed1,VNAT,VNAT_8s_tcp_duration,8,random70_stratified_flowlevel_splitseed42,42,278befae3cd3e10e,Validation,4,informer,3feat,40ms,201,3,1,64,1382,598,best_val,7,12345,0,True,True,1.0,67.6234,100.0,25,85.2105,84.2408,85.1171,83.5231,"{""Chat"": 78.74, ""Control"": 95.702, ""File Transfer"": 76.923, ""Streaming"": 82.727}","{""Chat"": 66.667, ""Control"": 94.35, ""File Transfer"": 90.909, ""Streaming"": 98.378}","{""Chat"": 96.154, ""Control"": 97.093, ""File Transfer"": 66.667, ""Streaming"": 71.373}","{""Chat"": 156, ""Control"": 172, ""File Transfer"": 15, ""Streaming"": 255}","{""Chat"": 0.989971, ""Control"": 0.848894, ""File Transfer"": 9.337838, ""Streaming"": 0.586587}","{""Chat"": 349, ""Control"": 407, ""File Transfer"": 37, ""Streaming"": 589}",2882565,checkpoints/VNAT_8s_tcp_duration_3feat_seed1/VNAT_8s_tcpdur_random70_stratified_flowlevel_splitseed42_3feat_informer_40ms_seed1.pth,21814274,26.7,OK,,"{""torch"": ""2.4.1+cu121"", ""cuda"": ""12.1"", ""gpu"": ""NVIDIA RTX A4500"", ""numpy"": ""1.26.0"", ""python"": ""3.10.12"", ""deterministic"": true, ""grad_clip_max_norm"": 1.0, ""CUBLAS_WORKSPACE_CONFIG"": "":4096:8"", ""CUDA_VISIBLE_DEVICES"": ""2""}",2026-08-21T14:38:15
VNAT_8s_tcpdur_random70_stratified_flowlevel_splitseed42_3feat_informer_40ms_seed2,VNAT,VNAT_8s_tcp_duration,8,random70_stratified_flowlevel_splitseed42,42,278befae3cd3e10e,Validation,4,informer,3feat,40ms,201,3,2,64,1382,598,best_val,14,12345,0,True,True,1.0,66.6628,100.0,30,85.5291,84.3507,86.2876,84.3507,"{""Chat"": 80.214, ""Control"": 95.702, ""File Transfer"": 76.923, ""Streaming"": 84.564}","{""Chat"": 68.807, ""Control"": 94.35, ""File Transfer"": 90.909, ""Streaming"": 98.438}","{""Chat"": 96.154, ""Control"": 97.093, ""File Transfer"": 66.667, ""Streaming"": 74.118}","{""Chat"": 156, ""Control"": 172, ""File Transfer"": 15, ""Streaming"": 255}","{""Chat"": 0.989971, ""Control"": 0.848894, ""File Transfer"": 9.337838, ""Streaming"": 0.586587}","{""Chat"": 349, ""Control"": 407, ""File Transfer"": 37, ""Streaming"": 589}",2882565,checkpoints/VNAT_8s_tcp_duration_3feat_seed2/VNAT_8s_tcpdur_random70_stratified_flowlevel_splitseed42_3feat_informer_40ms_seed2.pth,21814274,32.6,OK,,"{""torch"": ""2.4.1+cu121"", ""cuda"": ""12.1"", ""gpu"": ""NVIDIA RTX A4500"", ""numpy"": ""1.26.0"", ""python"": ""3.10.12"", ""deterministic"": true, ""grad_clip_max_norm"": 1.0, ""CUBLAS_WORKSPACE_CONFIG"": "":4096:8"", ""CUDA_VISIBLE_DEVICES"": ""2""}",2026-08-21T14:38:47
VNAT_8s_tcpdur_random70_stratified_flowlevel_splitseed42_3feat_nst_40ms_seed0,VNAT,VNAT_8s_tcp_duration,8,random70_stratified_flowlevel_splitseed42,42,278befae3cd3e10e,Validation,4,nst,3feat,40ms,201,3,0,64,1382,598,best_val,12,12345,0,True,True,1.0,31.0296,100.0,26,84.7474,87.2216,90.301,87.2216,"{""Chat"": 85.714, ""Control"": 95.954, ""File Transfer"": 76.923, ""Streaming"": 90.295}","{""Chat"": 77.32, ""Control"": 95.402, ""File Transfer"": 90.909, ""Streaming"": 97.717}","{""Chat"": 96.154, ""Control"": 96.512, ""File Transfer"": 66.667, ""Streaming"": 83.922}","{""Chat"": 156, ""Control"": 172, ""File Transfer"": 15, ""Streaming"": 255}","{""Chat"": 0.989971, ""Control"": 0.848894, ""File Transfer"": 9.337838, ""Streaming"": 0.586587}","{""Chat"": 349, ""Control"": 407, ""File Transfer"": 37, ""Streaming"": 589}",184890,checkpoints/VNAT_8s_tcp_duration_3feat_seed0/VNAT_8s_tcpdur_random70_stratified_flowlevel_splitseed42_3feat_nst_40ms_seed0.pth,2047562,18.6,OK,,"{""torch"": ""2.4.1+cu121"", ""cuda"": ""12.1"", ""gpu"": ""NVIDIA RTX A4500"", ""numpy"": ""1.26.0"", ""python"": ""3.10.12"", ""deterministic"": true, ""grad_clip_max_norm"": 1.0, ""CUBLAS_WORKSPACE_CONFIG"": "":4096:8"", ""CUDA_VISIBLE_DEVICES"": ""2""}",2026-08-21T14:39:06
VNAT_8s_tcpdur_random70_stratified_flowlevel_splitseed42_3feat_nst_40ms_seed1,VNAT,VNAT_8s_tcp_duration,8,random70_stratified_flowlevel_splitseed42,42,278befae3cd3e10e,Validation,4,nst,3feat,40ms,201,3,1,64,1382,598,best_val,21,12345,0,True,True,1.0,30.5443,100.0,36,82.4477,87.5789,91.9732,87.5789,"{""Chat"": 87.662, ""Control"": 95.429, ""File Transfer"": 74.074, ""Streaming"": 93.151}","{""Chat"": 88.816, ""Control"": 93.82, ""File Transfer"": 83.333, ""Streaming"": 92.969}","{""Chat"": 86.538, ""Control"": 97.093, ""File Transfer"": 66.667, ""Streaming"": 93.333}","{""Chat"": 156, ""Control"": 172, ""File Transfer"": 15, ""Streaming"": 255}","{""Chat"": 0.989971, ""Control"": 0.848894, ""File Transfer"": 9.337838, ""Streaming"": 0.586587}","{""Chat"": 349, ""Control"": 407, ""File Transfer"": 37, ""Streaming"": 589}",184890,checkpoints/VNAT_8s_tcp_duration_3feat_seed1/VNAT_8s_tcpdur_random70_stratified_flowlevel_splitseed42_3feat_nst_40ms_seed1.pth,2047562,23.9,OK,,"{""torch"": ""2.4.1+cu121"", ""cuda"": ""12.1"", ""gpu"": ""NVIDIA RTX A4500"", ""numpy"": ""1.26.0"", ""python"": ""3.10.12"", ""deterministic"": true, ""grad_clip_max_norm"": 1.0, ""CUBLAS_WORKSPACE_CONFIG"": "":4096:8"", ""CUDA_VISIBLE_DEVICES"": ""2""}",2026-08-21T14:39:30
VNAT_8s_tcpdur_random70_stratified_flowlevel_splitseed42_3feat_nst_40ms_seed2,VNAT,VNAT_8s_tcp_duration,8,random70_stratified_flowlevel_splitseed42,42,278befae3cd3e10e,Validation,4,nst,3feat,40ms,201,3,2,64,1382,598,best_val,7,12345,0,True,True,1.0,27.8066,100.0,27,75.1652,84.5105,86.7893,84.5105,"{""Chat"": 84.393, ""Control"": 90.761, ""File Transfer"": 76.923, ""Streaming"": 85.965}","{""Chat"": 76.842, ""Control"": 85.204, ""File Transfer"": 90.909, ""Streaming"": 97.512}","{""Chat"": 93.59, ""Control"": 97.093, ""File Transfer"": 66.667, ""Streaming"": 76.863}","{""Chat"": 156, ""Control"": 172, ""File Transfer"": 15, ""Streaming"": 255}","{""Chat"": 0.989971, ""Control"": 0.848894, ""File Transfer"": 9.337838, ""Streaming"": 0.586587}","{""Chat"": 349, ""Control"": 407, ""File Transfer"": 37, ""Streaming"": 589}",184890,checkpoints/VNAT_8s_tcp_duration_3feat_seed2/VNAT_8s_tcpdur_random70_stratified_flowlevel_splitseed42_3feat_nst_40ms_seed2.pth,2047562,18.4,OK,,"{""torch"": ""2.4.1+cu121"", ""cuda"": ""12.1"", ""gpu"": ""NVIDIA RTX A4500"", ""numpy"": ""1.26.0"", ""python"": ""3.10.12"", ""deterministic"": true, ""grad_clip_max_norm"": 1.0, ""CUBLAS_WORKSPACE_CONFIG"": "":4096:8"", ""CUDA_VISIBLE_DEVICES"": ""2""}",2026-08-21T14:39:49
VNAT_8s_tcpdur_random70_stratified_flowlevel_splitseed42_3feat_autoformer_40ms_seed0,VNAT,VNAT_8s_tcp_duration,8,random70_stratified_flowlevel_splitseed42,42,278befae3cd3e10e,Validation,4,autoformer,3feat,40ms,201,3,0,256,1382,598,best_val,15,12345,0,True,True,1.0,11.4087,100.0,23,67.0365,47.9976,56.5217,47.9976,"{""Chat"": 17.241, ""Control"": 59.375, ""File Transfer"": 50.0, ""Streaming"": 65.374}","{""Chat"": 83.333, ""Control"": 90.476, ""File Transfer"": 37.931, ""Streaming"": 50.535}","{""Chat"": 9.615, ""Control"": 44.186, ""File Transfer"": 73.333, ""Streaming"": 92.549}","{""Chat"": 156, ""Control"": 172, ""File Transfer"": 15, ""Streaming"": 255}","{""Chat"": 0.989971, ""Control"": 0.848894, ""File Transfer"": 9.337838, ""Streaming"": 0.586587}","{""Chat"": 349, ""Control"": 407, ""File Transfer"": 37, ""Streaming"": 589}",151300,checkpoints/VNAT_8s_tcp_duration_3feat_seed0/VNAT_8s_tcpdur_random70_stratified_flowlevel_splitseed42_3feat_autoformer_40ms_seed0.pth,1902690,12.7,OK,,"{""torch"": ""2.4.1+cu121"", ""cuda"": ""12.1"", ""gpu"": ""NVIDIA RTX A4500"", ""numpy"": ""1.26.0"", ""python"": ""3.10.12"", ""deterministic"": true, ""grad_clip_max_norm"": 1.0, ""CUBLAS_WORKSPACE_CONFIG"": "":4096:8"", ""CUDA_VISIBLE_DEVICES"": ""2""}",2026-08-21T14:40:02
VNAT_8s_tcpdur_random70_stratified_flowlevel_splitseed42_3feat_autoformer_40ms_seed1,VNAT,VNAT_8s_tcp_duration,8,random70_stratified_flowlevel_splitseed42,42,278befae3cd3e10e,Validation,4,autoformer,3feat,40ms,201,3,1,256,1382,598,best_val,6,12345,0,True,True,1.0,12.2026,100.0,41,68.005,45.1677,53.6789,45.1677,"{""Chat"": 15.957, ""Control"": 58.519, ""File Transfer"": 43.478, ""Streaming"": 62.717}","{""Chat"": 46.875, ""Control"": 80.612, ""File Transfer"": 32.258, ""Streaming"": 49.657}","{""Chat"": 9.615, ""Control"": 45.93, ""File Transfer"": 66.667, ""Streaming"": 85.098}","{""Chat"": 156, ""Control"": 172, ""File Transfer"": 15, ""Streaming"": 255}","{""Chat"": 0.989971, ""Control"": 0.848894, ""File Transfer"": 9.337838, ""Streaming"": 0.586587}","{""Chat"": 349, ""Control"": 407, ""File Transfer"": 37, ""Streaming"": 589}",151300,checkpoints/VNAT_8s_tcp_duration_3feat_seed1/VNAT_8s_tcpdur_random70_stratified_flowlevel_splitseed42_3feat_autoformer_40ms_seed1.pth,1902690,22.8,OK,,"{""torch"": ""2.4.1+cu121"", ""cuda"": ""12.1"", ""gpu"": ""NVIDIA RTX A4500"", ""numpy"": ""1.26.0"", ""python"": ""3.10.12"", ""deterministic"": true, ""grad_clip_max_norm"": 1.0, ""CUBLAS_WORKSPACE_CONFIG"": "":4096:8"", ""CUDA_VISIBLE_DEVICES"": ""2""}",2026-08-21T14:40:25
VNAT_8s_tcpdur_random70_stratified_flowlevel_splitseed42_3feat_autoformer_40ms_seed2,VNAT,VNAT_8s_tcp_duration,8,random70_stratified_flowlevel_splitseed42,42,278befae3cd3e10e,Validation,4,autoformer,3feat,40ms,201,3,2,256,1382,598,best_val,4,12345,0,True,True,1.0,14.6501,100.0,21,57.327,56.3607,68.7291,56.3607,"{""Chat"": 15.116, ""Control"": 92.135, ""File Transfer"": 46.512, ""Streaming"": 71.68}","{""Chat"": 81.25, ""Control"": 89.13, ""File Transfer"": 35.714, ""Streaming"": 60.541}","{""Chat"": 8.333, ""Control"": 95.349, ""File Transfer"": 66.667, ""Streaming"": 87.843}","{""Chat"": 156, ""Control"": 172, ""File Transfer"": 15, ""Streaming"": 255}","{""Chat"": 0.989971, ""Control"": 0.848894, ""File Transfer"": 9.337838, ""Streaming"": 0.586587}","{""Chat"": 349, ""Control"": 407, ""File Transfer"": 37, ""Streaming"": 589}",151300,checkpoints/VNAT_8s_tcp_duration_3feat_seed2/VNAT_8s_tcpdur_random70_stratified_flowlevel_splitseed42_3feat_autoformer_40ms_seed2.pth,1902690,11.6,OK,,"{""torch"": ""2.4.1+cu121"", ""cuda"": ""12.1"", ""gpu"": ""NVIDIA RTX A4500"", ""numpy"": ""1.26.0"", ""python"": ""3.10.12"", ""deterministic"": true, ""grad_clip_max_norm"": 1.0, ""CUBLAS_WORKSPACE_CONFIG"": "":4096:8"", ""CUDA_VISIBLE_DEVICES"": ""2""}",2026-08-21T14:40:37
VNAT_8s_tcpdur_random70_stratified_flowlevel_splitseed42_3feat_fedformer_40ms_seed0,VNAT,VNAT_8s_tcp_duration,8,random70_stratified_flowlevel_splitseed42,42,278befae3cd3e10e,Validation,4,fedformer,3feat,40ms,201,3,0,256,1382,598,best_val,15,12345,4,True,True,1.0,15.06,100.0,31,76.601,77.619,77.4247,77.619,"{""Chat"": 73.077, ""Control"": 91.758, ""File Transfer"": 76.923, ""Streaming"": 68.718}","{""Chat"": 58.462, ""Control"": 86.979, ""File Transfer"": 90.909, ""Streaming"": 99.259}","{""Chat"": 97.436, ""Control"": 97.093, ""File Transfer"": 66.667, ""Streaming"": 52.549}","{""Chat"": 156, ""Control"": 172, ""File Transfer"": 15, ""Streaming"": 255}","{""Chat"": 0.989971, ""Control"": 0.848894, ""File Transfer"": 9.337838, ""Streaming"": 0.586587}","{""Chat"": 349, ""Control"": 407, ""File Transfer"": 37, ""Streaming"": 589}",414853,checkpoints/VNAT_8s_tcp_duration_3feat_seed0/VNAT_8s_tcpdur_random70_stratified_flowlevel_splitseed42_3feat_fedformer_40ms_seed0.pth,4255531,57.0,OK,,"{""torch"": ""2.4.1+cu121"", ""cuda"": ""12.1"", ""gpu"": ""NVIDIA RTX A4500"", ""numpy"": ""1.26.0"", ""python"": ""3.10.12"", ""deterministic"": true, ""grad_clip_max_norm"": 1.0, ""CUBLAS_WORKSPACE_CONFIG"": "":4096:8"", ""CUDA_VISIBLE_DEVICES"": ""2""}",2026-08-21T14:41:34
VNAT_8s_tcpdur_random70_stratified_flowlevel_splitseed42_3feat_fedformer_40ms_seed1,VNAT,VNAT_8s_tcp_duration,8,random70_stratified_flowlevel_splitseed42,42,278befae3cd3e10e,Validation,4,fedformer,3feat,40ms,201,3,1,256,1382,598,best_val,11,12345,4,True,True,1.0,20.7535,100.0,25,75.1111,76.4148,76.087,76.4148,"{""Chat"": 72.549, ""Control"": 88.83, ""File Transfer"": 76.923, ""Streaming"": 67.358}","{""Chat"": 58.73, ""Control"": 81.863, ""File Transfer"": 90.909, ""Streaming"": 99.237}","{""Chat"": 94.872, ""Control"": 97.093, ""File Transfer"": 66.667, ""Streaming"": 50.98}","{""Chat"": 156, ""Control"": 172, ""File Transfer"": 15, ""Streaming"": 255}","{""Chat"": 0.989971, ""Control"": 0.848894, ""File Transfer"": 9.337838, ""Streaming"": 0.586587}","{""Chat"": 349, ""Control"": 407, ""File Transfer"": 37, ""Streaming"": 589}",414853,checkpoints/VNAT_8s_tcp_duration_3feat_seed1/VNAT_8s_tcpdur_random70_stratified_flowlevel_splitseed42_3feat_fedformer_40ms_seed1.pth,4255531,46.5,OK,,"{""torch"": ""2.4.1+cu121"", ""cuda"": ""12.1"", ""gpu"": ""NVIDIA RTX A4500"", ""numpy"": ""1.26.0"", ""python"": ""3.10.12"", ""deterministic"": true, ""grad_clip_max_norm"": 1.0, ""CUBLAS_WORKSPACE_CONFIG"": "":4096:8"", ""CUDA_VISIBLE_DEVICES"": ""2""}",2026-08-21T14:42:21
VNAT_8s_tcpdur_random70_stratified_flowlevel_splitseed42_3feat_fedformer_40ms_seed2,VNAT,VNAT_8s_tcp_duration,8,random70_stratified_flowlevel_splitseed42,42,278befae3cd3e10e,Validation,4,fedformer,3feat,40ms,201,3,2,256,1382,598,best_val,15,12345,4,True,True,1.0,14.6235,100.0,36,76.4762,76.8465,76.4214,76.8465,"{""Chat"": 72.038, ""Control"": 91.758, ""File Transfer"": 76.923, ""Streaming"": 66.667}","{""Chat"": 57.143, ""Control"": 86.979, ""File Transfer"": 90.909, ""Streaming"": 99.225}","{""Chat"": 97.436, ""Control"": 97.093, ""File Transfer"": 66.667, ""Streaming"": 50.196}","{""Chat"": 156, ""Control"": 172, ""File Transfer"": 15, ""Streaming"": 255}","{""Chat"": 0.989971, ""Control"": 0.848894, ""File Transfer"": 9.337838, ""Streaming"": 0.586587}","{""Chat"": 349, ""Control"": 407, ""File Transfer"": 37, ""Streaming"": 589}",414853,checkpoints/VNAT_8s_tcp_duration_3feat_seed2/VNAT_8s_tcpdur_random70_stratified_flowlevel_splitseed42_3feat_fedformer_40ms_seed2.pth,4255531,67.8,OK,,"{""torch"": ""2.4.1+cu121"", ""cuda"": ""12.1"", ""gpu"": ""NVIDIA RTX A4500"", ""numpy"": ""1.26.0"", ""python"": ""3.10.12"", ""deterministic"": true, ""grad_clip_max_norm"": 1.0, ""CUBLAS_WORKSPACE_CONFIG"": "":4096:8"", ""CUDA_VISIBLE_DEVICES"": ""2""}",2026-08-21T14:43:29
VNAT_8s_tcpdur_random70_stratified_flowlevel_splitseed42_3feat_timemixer_40ms_seed0,VNAT,VNAT_8s_tcp_duration,8,random70_stratified_flowlevel_splitseed42,42,278befae3cd3e10e,Validation,4,timemixer,3feat,40ms,201,3,0,256,1382,598,best_val,1,12345,0,True,True,1.0,11.0787,7.02,19,11.723,53.4358,59.1973,53.4358,"{""Chat"": 0.0, ""Control"": 76.427, ""File Transfer"": 75.0, ""Streaming"": 62.316}","{""Chat"": 0.0, ""Control"": 66.667, ""File Transfer"": 100.0, ""Streaming"": 53.352}","{""Chat"": 0.0, ""Control"": 89.535, ""File Transfer"": 60.0, ""Streaming"": 74.902}","{""Chat"": 156, ""Control"": 172, ""File Transfer"": 15, ""Streaming"": 255}","{""Chat"": 0.989971, ""Control"": 0.848894, ""File Transfer"": 9.337838, ""Streaming"": 0.586587}","{""Chat"": 349, ""Control"": 407, ""File Transfer"": 37, ""Streaming"": 589}",412988,checkpoints/VNAT_8s_tcp_duration_3feat_seed0/VNAT_8s_tcpdur_random70_stratified_flowlevel_splitseed42_3feat_timemixer_40ms_seed0.pth,2968774,6.1,OK,,"{""torch"": ""2.4.1+cu121"", ""cuda"": ""12.1"", ""gpu"": ""NVIDIA RTX A4500"", ""numpy"": ""1.26.0"", ""python"": ""3.10.12"", ""deterministic"": true, ""grad_clip_max_norm"": 1.0, ""CUBLAS_WORKSPACE_CONFIG"": "":4096:8"", ""CUDA_VISIBLE_DEVICES"": ""2""}",2026-08-21T14:43:35
VNAT_8s_tcpdur_random70_stratified_flowlevel_splitseed42_3feat_timemixer_40ms_seed1,VNAT,VNAT_8s_tcp_duration,8,random70_stratified_flowlevel_splitseed42,42,278befae3cd3e10e,Validation,4,timemixer,3feat,40ms,201,3,1,256,1382,598,best_val,14,12345,0,True,True,1.0,7.9915,6.82,22,46.0211,55.3334,62.3746,55.3334,"{""Chat"": 0.0, ""Control"": 60.746, ""File Transfer"": 75.0, ""Streaming"": 85.588}","{""Chat"": 0.0, ""Control"": 43.734, ""File Transfer"": 100.0, ""Streaming"": 98.469}","{""Chat"": 0.0, ""Control"": 99.419, ""File Transfer"": 60.0, ""Streaming"": 75.686}","{""Chat"": 156, ""Control"": 172, ""File Transfer"": 15, ""Streaming"": 255}","{""Chat"": 0.989971, ""Control"": 0.848894, ""File Transfer"": 9.337838, ""Streaming"": 0.586587}","{""Chat"": 349, ""Control"": 407, ""File Transfer"": 37, ""Streaming"": 589}",412988,checkpoints/VNAT_8s_tcp_duration_3feat_seed1/VNAT_8s_tcpdur_random70_stratified_flowlevel_splitseed42_3feat_timemixer_40ms_seed1.pth,2968774,6.9,OK,,"{""torch"": ""2.4.1+cu121"", ""cuda"": ""12.1"", ""gpu"": ""NVIDIA RTX A4500"", ""numpy"": ""1.26.0"", ""python"": ""3.10.12"", ""deterministic"": true, ""grad_clip_max_norm"": 1.0, ""CUBLAS_WORKSPACE_CONFIG"": "":4096:8"", ""CUDA_VISIBLE_DEVICES"": ""2""}",2026-08-21T14:43:42
VNAT_8s_tcpdur_random70_stratified_flowlevel_splitseed42_3feat_timemixer_40ms_seed2,VNAT,VNAT_8s_tcp_duration,8,random70_stratified_flowlevel_splitseed42,42,278befae3cd3e10e,Validation,4,timemixer,3feat,40ms,201,3,2,256,1382,598,best_val,4,12345,0,True,True,1.0,5.3021,9.65,19,29.1987,51.9505,50.3344,51.9505,"{""Chat"": 51.333, ""Control"": 17.617, ""File Transfer"": 75.0, ""Streaming"": 63.852}","{""Chat"": 34.685, ""Control"": 80.952, ""File Transfer"": 100.0, ""Streaming"": 97.581}","{""Chat"": 98.718, ""Control"": 9.884, ""File Transfer"": 60.0, ""Streaming"": 47.451}","{""Chat"": 156, ""Control"": 172, ""File Transfer"": 15, ""Streaming"": 255}","{""Chat"": 0.989971, ""Control"": 0.848894, ""File Transfer"": 9.337838, ""Streaming"": 0.586587}","{""Chat"": 349, ""Control"": 407, ""File Transfer"": 37, ""Streaming"": 589}",412988,checkpoints/VNAT_8s_tcp_duration_3feat_seed2/VNAT_8s_tcpdur_random70_stratified_flowlevel_splitseed42_3feat_timemixer_40ms_seed2.pth,2968774,6.1,OK,,"{""torch"": ""2.4.1+cu121"", ""cuda"": ""12.1"", ""gpu"": ""NVIDIA RTX A4500"", ""numpy"": ""1.26.0"", ""python"": ""3.10.12"", ""deterministic"": true, ""grad_clip_max_norm"": 1.0, ""CUBLAS_WORKSPACE_CONFIG"": "":4096:8"", ""CUDA_VISIBLE_DEVICES"": ""2""}",2026-08-21T14:43:48
VNAT_8s_tcpdur_random70_stratified_flowlevel_splitseed42_3feat_timesnet_50ms_seed0,VNAT,VNAT_8s_tcp_duration,8,random70_stratified_flowlevel_splitseed42,42,278befae3cd3e10e,Validation,4,timesnet,3feat,50ms,161,3,0,256,1382,598,best_val,4,12345,0,True,True,1.0,13.5578,100.0,32,48.3166,74.3259,74.9164,74.3259,"{""Chat"": 80.0, ""Control"": 76.923, ""File Transfer"": 72.0, ""Streaming"": 68.38}","{""Chat"": 73.913, ""Control"": 62.963, ""File Transfer"": 90.0, ""Streaming"": 99.254}","{""Chat"": 87.179, ""Control"": 98.837, ""File Transfer"": 60.0, ""Streaming"": 52.157}","{""Chat"": 156, ""Control"": 172, ""File Transfer"": 15, ""Streaming"": 255}","{""Chat"": 0.989971, ""Control"": 0.848894, ""File Transfer"": 9.337838, ""Streaming"": 0.586587}","{""Chat"": 349, ""Control"": 407, ""File Transfer"": 37, ""Streaming"": 589}",9416196,checkpoints/VNAT_8s_tcp_duration_3feat_seed0/VNAT_8s_tcpdur_random70_stratified_flowlevel_splitseed42_3feat_timesnet_50ms_seed0.pth,38974210,91.7,OK,,"{""torch"": ""2.4.1+cu121"", ""cuda"": ""12.1"", ""gpu"": ""NVIDIA RTX A4500"", ""numpy"": ""1.26.0"", ""python"": ""3.10.12"", ""deterministic"": true, ""grad_clip_max_norm"": 1.0, ""CUBLAS_WORKSPACE_CONFIG"": "":4096:8"", ""CUDA_VISIBLE_DEVICES"": ""2""}",2026-08-21T14:45:21
VNAT_8s_tcpdur_random70_stratified_flowlevel_splitseed42_3feat_timesnet_50ms_seed1,VNAT,VNAT_8s_tcp_duration,8,random70_stratified_flowlevel_splitseed42,42,278befae3cd3e10e,Validation,4,timesnet,3feat,50ms,161,3,1,256,1382,598,best_val,7,12345,0,True,True,1.0,12.0757,100.0,17,52.9246,68.0396,67.0569,68.0396,"{""Chat"": 63.525, ""Control"": 93.82, ""File Transfer"": 72.0, ""Streaming"": 42.813}","{""Chat"": 46.687, ""Control"": 90.761, ""File Transfer"": 90.0, ""Streaming"": 97.222}","{""Chat"": 99.359, ""Control"": 97.093, ""File Transfer"": 60.0, ""Streaming"": 27.451}","{""Chat"": 156, ""Control"": 172, ""File Transfer"": 15, ""Streaming"": 255}","{""Chat"": 0.989971, ""Control"": 0.848894, ""File Transfer"": 9.337838, ""Streaming"": 0.586587}","{""Chat"": 349, ""Control"": 407, ""File Transfer"": 37, ""Streaming"": 589}",9416196,checkpoints/VNAT_8s_tcp_duration_3feat_seed1/VNAT_8s_tcpdur_random70_stratified_flowlevel_splitseed42_3feat_timesnet_50ms_seed1.pth,38974210,49.4,OK,,"{""torch"": ""2.4.1+cu121"", ""cuda"": ""12.1"", ""gpu"": ""NVIDIA RTX A4500"", ""numpy"": ""1.26.0"", ""python"": ""3.10.12"", ""deterministic"": true, ""grad_clip_max_norm"": 1.0, ""CUBLAS_WORKSPACE_CONFIG"": "":4096:8"", ""CUDA_VISIBLE_DEVICES"": ""2""}",2026-08-21T14:46:10
VNAT_8s_tcpdur_random70_stratified_flowlevel_splitseed42_3feat_timesnet_50ms_seed2,VNAT,VNAT_8s_tcp_duration,8,random70_stratified_flowlevel_splitseed42,42,278befae3cd3e10e,Validation,4,timesnet,3feat,50ms,161,3,2,256,1382,598,best_val,9,12345,0,True,True,1.0,12.8711,100.0,29,56.137,77.473,79.5987,77.473,"{""Chat"": 75.773, ""Control"": 91.507, ""File Transfer"": 69.231, ""Streaming"": 73.381}","{""Chat"": 63.362, ""Control"": 86.528, ""File Transfer"": 81.818, ""Streaming"": 94.444}","{""Chat"": 94.231, ""Control"": 97.093, ""File Transfer"": 60.0, ""Streaming"": 60.0}","{""Chat"": 156, ""Control"": 172, ""File Transfer"": 15, ""Streaming"": 255}","{""Chat"": 0.989971, ""Control"": 0.848894, ""File Transfer"": 9.337838, ""Streaming"": 0.586587}","{""Chat"": 349, ""Control"": 407, ""File Transfer"": 37, ""Streaming"": 589}",9416196,checkpoints/VNAT_8s_tcp_duration_3feat_seed2/VNAT_8s_tcpdur_random70_stratified_flowlevel_splitseed42_3feat_timesnet_50ms_seed2.pth,38974210,84.3,OK,,"{""torch"": ""2.4.1+cu121"", ""cuda"": ""12.1"", ""gpu"": ""NVIDIA RTX A4500"", ""numpy"": ""1.26.0"", ""python"": ""3.10.12"", ""deterministic"": true, ""grad_clip_max_norm"": 1.0, ""CUBLAS_WORKSPACE_CONFIG"": "":4096:8"", ""CUDA_VISIBLE_DEVICES"": ""2""}",2026-08-21T14:47:35
VNAT_8s_tcpdur_random70_stratified_flowlevel_splitseed42_3feat_informer_50ms_seed0,VNAT,VNAT_8s_tcp_duration,8,random70_stratified_flowlevel_splitseed42,42,278befae3cd3e10e,Validation,4,informer,3feat,50ms,161,3,0,64,1382,598,best_val,7,12345,0,True,True,1.0,76.0537,100.0,32,74.3707,82.7584,84.7826,82.6245,"{""Chat"": 78.689, ""Control"": 95.977, ""File Transfer"": 74.074, ""Streaming"": 81.758}","{""Chat"": 68.571, ""Control"": 94.886, ""File Transfer"": 83.333, ""Streaming"": 93.0}","{""Chat"": 92.308, ""Control"": 97.093, ""File Transfer"": 66.667, ""Streaming"": 72.941}","{""Chat"": 156, ""Control"": 172, ""File Transfer"": 15, ""Streaming"": 255}","{""Chat"": 0.989971, ""Control"": 0.848894, ""File Transfer"": 9.337838, ""Streaming"": 0.586587}","{""Chat"": 349, ""Control"": 407, ""File Transfer"": 37, ""Streaming"": 589}",2841605,checkpoints/VNAT_8s_tcp_duration_3feat_seed0/VNAT_8s_tcpdur_random70_stratified_flowlevel_splitseed42_3feat_informer_50ms_seed0.pth,21650434,34.4,OK,,"{""torch"": ""2.4.1+cu121"", ""cuda"": ""12.1"", ""gpu"": ""NVIDIA RTX A4500"", ""numpy"": ""1.26.0"", ""python"": ""3.10.12"", ""deterministic"": true, ""grad_clip_max_norm"": 1.0, ""CUBLAS_WORKSPACE_CONFIG"": "":4096:8"", ""CUDA_VISIBLE_DEVICES"": ""2""}",2026-08-21T14:48:10
VNAT_8s_tcpdur_random70_stratified_flowlevel_splitseed42_3feat_informer_50ms_seed1,VNAT,VNAT_8s_tcp_duration,8,random70_stratified_flowlevel_splitseed42,42,278befae3cd3e10e,Validation,4,informer,3feat,50ms,161,3,1,64,1382,598,best_val,6,12345,0,True,True,1.0,58.5127,100.0,20,77.8491,79.1382,79.2642,79.2615,"{""Chat"": 73.529, ""Control"": 94.886, ""File Transfer"": 76.923, ""Streaming"": 71.707}","{""Chat"": 59.524, ""Control"": 92.778, ""File Transfer"": 90.909, ""Streaming"": 94.839}","{""Chat"": 96.154, ""Control"": 97.093, ""File Transfer"": 66.667, ""Streaming"": 57.647}","{""Chat"": 156, ""Control"": 172, ""File Transfer"": 15, ""Streaming"": 255}","{""Chat"": 0.989971, ""Control"": 0.848894, ""File Transfer"": 9.337838, ""Streaming"": 0.586587}","{""Chat"": 349, ""Control"": 407, ""File Transfer"": 37, ""Streaming"": 589}",2841605,checkpoints/VNAT_8s_tcp_duration_3feat_seed1/VNAT_8s_tcpdur_random70_stratified_flowlevel_splitseed42_3feat_informer_50ms_seed1.pth,21650434,19.8,OK,,"{""torch"": ""2.4.1+cu121"", ""cuda"": ""12.1"", ""gpu"": ""NVIDIA RTX A4500"", ""numpy"": ""1.26.0"", ""python"": ""3.10.12"", ""deterministic"": true, ""grad_clip_max_norm"": 1.0, ""CUBLAS_WORKSPACE_CONFIG"": "":4096:8"", ""CUDA_VISIBLE_DEVICES"": ""2""}",2026-08-21T14:48:30
VNAT_8s_tcpdur_random70_stratified_flowlevel_splitseed42_3feat_informer_50ms_seed2,VNAT,VNAT_8s_tcp_duration,8,random70_stratified_flowlevel_splitseed42,42,278befae3cd3e10e,Validation,4,informer,3feat,50ms,161,3,2,64,1382,598,best_val,4,12345,0,True,True,1.0,68.7533,100.0,22,62.4742,80.1576,80.9365,80.1576,"{""Chat"": 78.167, ""Control"": 89.305, ""File Transfer"": 76.923, ""Streaming"": 76.235}","{""Chat"": 67.442, ""Control"": 82.673, ""File Transfer"": 90.909, ""Streaming"": 95.294}","{""Chat"": 92.949, ""Control"": 97.093, ""File Transfer"": 66.667, ""Streaming"": 63.529}","{""Chat"": 156, ""Control"": 172, ""File Transfer"": 15, ""Streaming"": 255}","{""Chat"": 0.989971, ""Control"": 0.848894, ""File Transfer"": 9.337838, ""Streaming"": 0.586587}","{""Chat"": 349, ""Control"": 407, ""File Transfer"": 37, ""Streaming"": 589}",2841605,checkpoints/VNAT_8s_tcp_duration_3feat_seed2/VNAT_8s_tcpdur_random70_stratified_flowlevel_splitseed42_3feat_informer_50ms_seed2.pth,21650434,23.6,OK,,"{""torch"": ""2.4.1+cu121"", ""cuda"": ""12.1"", ""gpu"": ""NVIDIA RTX A4500"", ""numpy"": ""1.26.0"", ""python"": ""3.10.12"", ""deterministic"": true, ""grad_clip_max_norm"": 1.0, ""CUBLAS_WORKSPACE_CONFIG"": "":4096:8"", ""CUDA_VISIBLE_DEVICES"": ""2""}",2026-08-21T14:48:54
VNAT_8s_tcpdur_random70_stratified_flowlevel_splitseed42_3feat_nst_50ms_seed0,VNAT,VNAT_8s_tcp_duration,8,random70_stratified_flowlevel_splitseed42,42,278befae3cd3e10e,Validation,4,nst,3feat,50ms,161,3,0,64,1382,598,best_val,18,12345,0,True,True,1.0,24.7772,100.0,28,82.4883,80.755,81.2709,80.755,"{""Chat"": 74.742, ""Control"": 95.429, ""File Transfer"": 76.923, ""Streaming"": 75.926}","{""Chat"": 62.5, ""Control"": 93.82, ""File Transfer"": 90.909, ""Streaming"": 92.655}","{""Chat"": 92.949, ""Control"": 97.093, ""File Transfer"": 66.667, ""Streaming"": 64.314}","{""Chat"": 156, ""Control"": 172, ""File Transfer"": 15, ""Streaming"": 255}","{""Chat"": 0.989971, ""Control"": 0.848894, ""File Transfer"": 9.337838, ""Streaming"": 0.586587}","{""Chat"": 349, ""Control"": 407, ""File Transfer"": 37, ""Streaming"": 589}",171850,checkpoints/VNAT_8s_tcp_duration_3feat_seed0/VNAT_8s_tcpdur_random70_stratified_flowlevel_splitseed42_3feat_nst_50ms_seed0.pth,1995466,23.5,OK,,"{""torch"": ""2.4.1+cu121"", ""cuda"": ""12.1"", ""gpu"": ""NVIDIA RTX A4500"", ""numpy"": ""1.26.0"", ""python"": ""3.10.12"", ""deterministic"": true, ""grad_clip_max_norm"": 1.0, ""CUBLAS_WORKSPACE_CONFIG"": "":4096:8"", ""CUDA_VISIBLE_DEVICES"": ""2""}",2026-08-21T14:49:17
VNAT_8s_tcpdur_random70_stratified_flowlevel_splitseed42_3feat_nst_50ms_seed1,VNAT,VNAT_8s_tcp_duration,8,random70_stratified_flowlevel_splitseed42,42,278befae3cd3e10e,Validation,4,nst,3feat,50ms,161,3,1,64,1382,598,best_val,24,12345,0,True,True,1.0,31.9753,100.0,38,84.8217,88.4184,90.9699,88.4184,"{""Chat"": 87.834, ""Control"": 95.157, ""File Transfer"": 80.0, ""Streaming"": 90.683}","{""Chat"": 81.768, ""Control"": 93.296, ""File Transfer"": 100.0, ""Streaming"": 96.053}","{""Chat"": 94.872, ""Control"": 97.093, ""File Transfer"": 66.667, ""Streaming"": 85.882}","{""Chat"": 156, ""Control"": 172, ""File Transfer"": 15, ""Streaming"": 255}","{""Chat"": 0.989971, ""Control"": 0.848894, ""File Transfer"": 9.337838, ""Streaming"": 0.586587}","{""Chat"": 349, ""Control"": 407, ""File Transfer"": 37, ""Streaming"": 589}",171850,checkpoints/VNAT_8s_tcp_duration_3feat_seed1/VNAT_8s_tcpdur_random70_stratified_flowlevel_splitseed42_3feat_nst_50ms_seed1.pth,1995466,32.8,OK,,"{""torch"": ""2.4.1+cu121"", ""cuda"": ""12.1"", ""gpu"": ""NVIDIA RTX A4500"", ""numpy"": ""1.26.0"", ""python"": ""3.10.12"", ""deterministic"": true, ""grad_clip_max_norm"": 1.0, ""CUBLAS_WORKSPACE_CONFIG"": "":4096:8"", ""CUDA_VISIBLE_DEVICES"": ""2""}",2026-08-21T14:49:50
VNAT_8s_tcpdur_random70_stratified_flowlevel_splitseed42_3feat_nst_50ms_seed2,VNAT,VNAT_8s_tcp_duration,8,random70_stratified_flowlevel_splitseed42,42,278befae3cd3e10e,Validation,4,nst,3feat,50ms,161,3,2,64,1382,598,best_val,20,12345,0,True,True,1.0,27.3376,100.0,32,84.5748,84.1406,86.1204,84.1406,"{""Chat"": 81.793, ""Control"": 93.82, ""File Transfer"": 76.923, ""Streaming"": 84.026}","{""Chat"": 72.637, ""Control"": 90.761, ""File Transfer"": 90.909, ""Streaming"": 95.05}","{""Chat"": 93.59, ""Control"": 97.093, ""File Transfer"": 66.667, ""Streaming"": 75.294}","{""Chat"": 156, ""Control"": 172, ""File Transfer"": 15, ""Streaming"": 255}","{""Chat"": 0.989971, ""Control"": 0.848894, ""File Transfer"": 9.337838, ""Streaming"": 0.586587}","{""Chat"": 349, ""Control"": 407, ""File Transfer"": 37, ""Streaming"": 589}",171850,checkpoints/VNAT_8s_tcp_duration_3feat_seed2/VNAT_8s_tcpdur_random70_stratified_flowlevel_splitseed42_3feat_nst_50ms_seed2.pth,1995466,23.6,OK,,"{""torch"": ""2.4.1+cu121"", ""cuda"": ""12.1"", ""gpu"": ""NVIDIA RTX A4500"", ""numpy"": ""1.26.0"", ""python"": ""3.10.12"", ""deterministic"": true, ""grad_clip_max_norm"": 1.0, ""CUBLAS_WORKSPACE_CONFIG"": "":4096:8"", ""CUDA_VISIBLE_DEVICES"": ""2""}",2026-08-21T14:50:14
VNAT_8s_tcpdur_random70_stratified_flowlevel_splitseed42_3feat_autoformer_50ms_seed0,VNAT,VNAT_8s_tcp_duration,8,random70_stratified_flowlevel_splitseed42,42,278befae3cd3e10e,Validation,4,autoformer,3feat,50ms,161,3,0,256,1382,598,best_val,3,12345,0,True,True,1.0,10.8942,100.0,35,44.0767,64.6318,66.388,64.6318,"{""Chat"": 64.578, ""Control"": 84.795, ""File Transfer"": 55.556, ""Streaming"": 53.598}","{""Chat"": 51.737, ""Control"": 85.294, ""File Transfer"": 47.619, ""Streaming"": 72.973}","{""Chat"": 85.897, ""Control"": 84.302, ""File Transfer"": 66.667, ""Streaming"": 42.353}","{""Chat"": 156, ""Control"": 172, ""File Transfer"": 15, ""Streaming"": 255}","{""Chat"": 0.989971, ""Control"": 0.848894, ""File Transfer"": 9.337838, ""Streaming"": 0.586587}","{""Chat"": 349, ""Control"": 407, ""File Transfer"": 37, ""Streaming"": 589}",141060,checkpoints/VNAT_8s_tcp_duration_3feat_seed0/VNAT_8s_tcpdur_random70_stratified_flowlevel_splitseed42_3feat_autoformer_50ms_seed0.pth,1861730,18.0,OK,,"{""torch"": ""2.4.1+cu121"", ""cuda"": ""12.1"", ""gpu"": ""NVIDIA RTX A4500"", ""numpy"": ""1.26.0"", ""python"": ""3.10.12"", ""deterministic"": true, ""grad_clip_max_norm"": 1.0, ""CUBLAS_WORKSPACE_CONFIG"": "":4096:8"", ""CUDA_VISIBLE_DEVICES"": ""2""}",2026-08-21T14:50:32
VNAT_8s_tcpdur_random70_stratified_flowlevel_splitseed42_3feat_autoformer_50ms_seed1,VNAT,VNAT_8s_tcp_duration,8,random70_stratified_flowlevel_splitseed42,42,278befae3cd3e10e,Validation,4,autoformer,3feat,50ms,161,3,1,256,1382,598,best_val,9,12345,0,True,True,1.0,10.6894,100.0,28,63.3569,60.3032,67.2241,60.3032,"{""Chat"": 16.754, ""Control"": 89.655, ""File Transfer"": 64.516, ""Streaming"": 70.288}","{""Chat"": 45.714, ""Control"": 88.636, ""File Transfer"": 62.5, ""Streaming"": 59.299}","{""Chat"": 10.256, ""Control"": 90.698, ""File Transfer"": 66.667, ""Streaming"": 86.275}","{""Chat"": 156, ""Control"": 172, ""File Transfer"": 15, ""Streaming"": 255}","{""Chat"": 0.989971, ""Control"": 0.848894, ""File Transfer"": 9.337838, ""Streaming"": 0.586587}","{""Chat"": 349, ""Control"": 407, ""File Transfer"": 37, ""Streaming"": 589}",141060,checkpoints/VNAT_8s_tcp_duration_3feat_seed1/VNAT_8s_tcpdur_random70_stratified_flowlevel_splitseed42_3feat_autoformer_50ms_seed1.pth,1861730,14.4,OK,,"{""torch"": ""2.4.1+cu121"", ""cuda"": ""12.1"", ""gpu"": ""NVIDIA RTX A4500"", ""numpy"": ""1.26.0"", ""python"": ""3.10.12"", ""deterministic"": true, ""grad_clip_max_norm"": 1.0, ""CUBLAS_WORKSPACE_CONFIG"": "":4096:8"", ""CUDA_VISIBLE_DEVICES"": ""2""}",2026-08-21T14:50:47
VNAT_8s_tcpdur_random70_stratified_flowlevel_splitseed42_3feat_autoformer_50ms_seed2,VNAT,VNAT_8s_tcp_duration,8,random70_stratified_flowlevel_splitseed42,42,278befae3cd3e10e,Validation,4,autoformer,3feat,50ms,161,3,2,256,1382,598,best_val,17,12345,0,True,True,1.0,13.7473,100.0,25,66.7408,60.8953,69.8997,60.8953,"{""Chat"": 17.442, ""Control"": 90.544, ""File Transfer"": 62.5, ""Streaming"": 73.095}","{""Chat"": 93.75, ""Control"": 89.266, ""File Transfer"": 58.824, ""Streaming"": 60.567}","{""Chat"": 9.615, ""Control"": 91.86, ""File Transfer"": 66.667, ""Streaming"": 92.157}","{""Chat"": 156, ""Control"": 172, ""File Transfer"": 15, ""Streaming"": 255}","{""Chat"": 0.989971, ""Control"": 0.848894, ""File Transfer"": 9.337838, ""Streaming"": 0.586587}","{""Chat"": 349, ""Control"": 407, ""File Transfer"": 37, ""Streaming"": 589}",141060,checkpoints/VNAT_8s_tcp_duration_3feat_seed2/VNAT_8s_tcpdur_random70_stratified_flowlevel_splitseed42_3feat_autoformer_50ms_seed2.pth,1861730,12.9,OK,,"{""torch"": ""2.4.1+cu121"", ""cuda"": ""12.1"", ""gpu"": ""NVIDIA RTX A4500"", ""numpy"": ""1.26.0"", ""python"": ""3.10.12"", ""deterministic"": true, ""grad_clip_max_norm"": 1.0, ""CUBLAS_WORKSPACE_CONFIG"": "":4096:8"", ""CUDA_VISIBLE_DEVICES"": ""2""}",2026-08-21T14:51:00
VNAT_8s_tcpdur_random70_stratified_flowlevel_splitseed42_3feat_fedformer_50ms_seed0,VNAT,VNAT_8s_tcp_duration,8,random70_stratified_flowlevel_splitseed42,42,278befae3cd3e10e,Validation,4,fedformer,3feat,50ms,161,3,0,256,1382,598,best_val,4,12345,4,True,True,1.0,14.5409,100.0,33,53.1481,73.3037,73.7458,73.3037,"{""Chat"": 71.111, ""Control"": 86.082, ""File Transfer"": 72.0, ""Streaming"": 64.021}","{""Chat"": 57.831, ""Control"": 77.315, ""File Transfer"": 90.0, ""Streaming"": 98.374}","{""Chat"": 92.308, ""Control"": 97.093, ""File Transfer"": 60.0, ""Streaming"": 47.451}","{""Chat"": 156, ""Control"": 172, ""File Transfer"": 15, ""Streaming"": 255}","{""Chat"": 0.989971, ""Control"": 0.848894, ""File Transfer"": 9.337838, ""Streaming"": 0.586587}","{""Chat"": 349, ""Control"": 407, ""File Transfer"": 37, ""Streaming"": 589}",404613,checkpoints/VNAT_8s_tcp_duration_3feat_seed0/VNAT_8s_tcpdur_random70_stratified_flowlevel_splitseed42_3feat_fedformer_50ms_seed0.pth,4214571,61.3,OK,,"{""torch"": ""2.4.1+cu121"", ""cuda"": ""12.1"", ""gpu"": ""NVIDIA RTX A4500"", ""numpy"": ""1.26.0"", ""python"": ""3.10.12"", ""deterministic"": true, ""grad_clip_max_norm"": 1.0, ""CUBLAS_WORKSPACE_CONFIG"": "":4096:8"", ""CUDA_VISIBLE_DEVICES"": ""2""}",2026-08-21T14:52:02
VNAT_8s_tcpdur_random70_stratified_flowlevel_splitseed42_3feat_fedformer_50ms_seed1,VNAT,VNAT_8s_tcp_duration,8,random70_stratified_flowlevel_splitseed42,42,278befae3cd3e10e,Validation,4,fedformer,3feat,50ms,161,3,1,256,1382,598,best_val,21,12345,4,True,True,1.0,18.1623,100.0,32,76.4009,66.4674,64.3813,66.4674,"{""Chat"": 61.753, ""Control"": 92.778, ""File Transfer"": 76.923, ""Streaming"": 34.416}","{""Chat"": 44.798, ""Control"": 88.83, ""File Transfer"": 90.909, ""Streaming"": 100.0}","{""Chat"": 99.359, ""Control"": 97.093, ""File Transfer"": 66.667, ""Streaming"": 20.784}","{""Chat"": 156, ""Control"": 172, ""File Transfer"": 15, ""Streaming"": 255}","{""Chat"": 0.989971, ""Control"": 0.848894, ""File Transfer"": 9.337838, ""Streaming"": 0.586587}","{""Chat"": 349, ""Control"": 407, ""File Transfer"": 37, ""Streaming"": 589}",404613,checkpoints/VNAT_8s_tcp_duration_3feat_seed1/VNAT_8s_tcpdur_random70_stratified_flowlevel_splitseed42_3feat_fedformer_50ms_seed1.pth,4214571,58.4,OK,,"{""torch"": ""2.4.1+cu121"", ""cuda"": ""12.1"", ""gpu"": ""NVIDIA RTX A4500"", ""numpy"": ""1.26.0"", ""python"": ""3.10.12"", ""deterministic"": true, ""grad_clip_max_norm"": 1.0, ""CUBLAS_WORKSPACE_CONFIG"": "":4096:8"", ""CUDA_VISIBLE_DEVICES"": ""2""}",2026-08-21T14:53:01
VNAT_8s_tcpdur_random70_stratified_flowlevel_splitseed42_3feat_fedformer_50ms_seed2,VNAT,VNAT_8s_tcp_duration,8,random70_stratified_flowlevel_splitseed42,42,278befae3cd3e10e,Validation,4,fedformer,3feat,50ms,161,3,2,256,1382,598,best_val,21,12345,4,True,True,1.0,14.4552,100.0,33,76.1932,67.5094,65.5518,67.5094,"{""Chat"": 63.008, ""Control"": 92.011, ""File Transfer"": 76.923, ""Streaming"": 38.095}","{""Chat"": 46.131, ""Control"": 87.435, ""File Transfer"": 90.909, ""Streaming"": 100.0}","{""Chat"": 99.359, ""Control"": 97.093, ""File Transfer"": 66.667, ""Streaming"": 23.529}","{""Chat"": 156, ""Control"": 172, ""File Transfer"": 15, ""Streaming"": 255}","{""Chat"": 0.989971, ""Control"": 0.848894, ""File Transfer"": 9.337838, ""Streaming"": 0.586587}","{""Chat"": 349, ""Control"": 407, ""File Transfer"": 37, ""Streaming"": 589}",404613,checkpoints/VNAT_8s_tcp_duration_3feat_seed2/VNAT_8s_tcpdur_random70_stratified_flowlevel_splitseed42_3feat_fedformer_50ms_seed2.pth,4214571,60.5,OK,,"{""torch"": ""2.4.1+cu121"", ""cuda"": ""12.1"", ""gpu"": ""NVIDIA RTX A4500"", ""numpy"": ""1.26.0"", ""python"": ""3.10.12"", ""deterministic"": true, ""grad_clip_max_norm"": 1.0, ""CUBLAS_WORKSPACE_CONFIG"": "":4096:8"", ""CUDA_VISIBLE_DEVICES"": ""2""}",2026-08-21T14:54:01
VNAT_8s_tcpdur_random70_stratified_flowlevel_splitseed42_3feat_timemixer_50ms_seed0,VNAT,VNAT_8s_tcp_duration,8,random70_stratified_flowlevel_splitseed42,42,278befae3cd3e10e,Validation,4,timemixer,3feat,50ms,161,3,0,256,1382,598,best_val,2,12345,0,True,True,1.0,7.01,8.33,18,34.5647,33.8746,44.1472,33.8746,"{""Chat"": 0.0, ""Control"": 0.0, ""File Transfer"": 75.0, ""Streaming"": 60.498}","{""Chat"": 0.0, ""Control"": 0.0, ""File Transfer"": 100.0, ""Streaming"": 43.367}","{""Chat"": 0.0, ""Control"": 0.0, ""File Transfer"": 60.0, ""Streaming"": 100.0}","{""Chat"": 156, ""Control"": 172, ""File Transfer"": 15, ""Streaming"": 255}","{""Chat"": 0.989971, ""Control"": 0.848894, ""File Transfer"": 9.337838, ""Streaming"": 0.586587}","{""Chat"": 349, ""Control"": 407, ""File Transfer"": 37, ""Streaming"": 589}",321148,checkpoints/VNAT_8s_tcp_duration_3feat_seed0/VNAT_8s_tcpdur_random70_stratified_flowlevel_splitseed42_3feat_timemixer_50ms_seed0.pth,2601798,5.8,OK,,"{""torch"": ""2.4.1+cu121"", ""cuda"": ""12.1"", ""gpu"": ""NVIDIA RTX A4500"", ""numpy"": ""1.26.0"", ""python"": ""3.10.12"", ""deterministic"": true, ""grad_clip_max_norm"": 1.0, ""CUBLAS_WORKSPACE_CONFIG"": "":4096:8"", ""CUDA_VISIBLE_DEVICES"": ""2""}",2026-08-21T14:54:07
VNAT_8s_tcpdur_random70_stratified_flowlevel_splitseed42_3feat_timemixer_50ms_seed1,VNAT,VNAT_8s_tcp_duration,8,random70_stratified_flowlevel_splitseed42,42,278befae3cd3e10e,Validation,4,timemixer,3feat,50ms,161,3,1,256,1382,598,best_val,4,12345,0,True,True,1.0,7.1754,7.02,19,33.5388,39.479,37.6254,39.479,"{""Chat"": 46.988, ""Control"": 0.0, ""File Transfer"": 75.0, ""Streaming"": 35.928}","{""Chat"": 30.709, ""Control"": 0.0, ""File Transfer"": 100.0, ""Streaming"": 75.949}","{""Chat"": 100.0, ""Control"": 0.0, ""File Transfer"": 60.0, ""Streaming"": 23.529}","{""Chat"": 156, ""Control"": 172, ""File Transfer"": 15, ""Streaming"": 255}","{""Chat"": 0.989971, ""Control"": 0.848894, ""File Transfer"": 9.337838, ""Streaming"": 0.586587}","{""Chat"": 349, ""Control"": 407, ""File Transfer"": 37, ""Streaming"": 589}",321148,checkpoints/VNAT_8s_tcp_duration_3feat_seed1/VNAT_8s_tcpdur_random70_stratified_flowlevel_splitseed42_3feat_timemixer_50ms_seed1.pth,2601798,5.9,OK,,"{""torch"": ""2.4.1+cu121"", ""cuda"": ""12.1"", ""gpu"": ""NVIDIA RTX A4500"", ""numpy"": ""1.26.0"", ""python"": ""3.10.12"", ""deterministic"": true, ""grad_clip_max_norm"": 1.0, ""CUBLAS_WORKSPACE_CONFIG"": "":4096:8"", ""CUDA_VISIBLE_DEVICES"": ""2""}",2026-08-21T14:54:13
VNAT_8s_tcpdur_random70_stratified_flowlevel_splitseed42_3feat_timemixer_50ms_seed2,VNAT,VNAT_8s_tcp_duration,8,random70_stratified_flowlevel_splitseed42,42,278befae3cd3e10e,Validation,4,timemixer,3feat,50ms,161,3,2,256,1382,598,best_val,1,12345,0,True,True,1.0,5.1199,9.65,19,37.2098,36.6066,36.1204,36.6066,"{""Chat"": 0.0, ""Control"": 47.778, ""File Transfer"": 75.0, ""Streaming"": 23.649}","{""Chat"": 0.0, ""Control"": 31.387, ""File Transfer"": 100.0, ""Streaming"": 85.366}","{""Chat"": 0.0, ""Control"": 100.0, ""File Transfer"": 60.0, ""Streaming"": 13.725}","{""Chat"": 156, ""Control"": 172, ""File Transfer"": 15, ""Streaming"": 255}","{""Chat"": 0.989971, ""Control"": 0.848894, ""File Transfer"": 9.337838, ""Streaming"": 0.586587}","{""Chat"": 349, ""Control"": 407, ""File Transfer"": 37, ""Streaming"": 589}",321148,checkpoints/VNAT_8s_tcp_duration_3feat_seed2/VNAT_8s_tcpdur_random70_stratified_flowlevel_splitseed42_3feat_timemixer_50ms_seed2.pth,2601798,6.0,OK,,"{""torch"": ""2.4.1+cu121"", ""cuda"": ""12.1"", ""gpu"": ""NVIDIA RTX A4500"", ""numpy"": ""1.26.0"", ""python"": ""3.10.12"", ""deterministic"": true, ""grad_clip_max_norm"": 1.0, ""CUBLAS_WORKSPACE_CONFIG"": "":4096:8"", ""CUDA_VISIBLE_DEVICES"": ""2""}",2026-08-21T14:54:20
VNAT_8s_tcpdur_random70_stratified_flowlevel_splitseed42_3feat_timesnet_75ms_seed0,VNAT,VNAT_8s_tcp_duration,8,random70_stratified_flowlevel_splitseed42,42,278befae3cd3e10e,Validation,4,timesnet,3feat,75ms,107,3,0,256,1382,598,best_val,12,12345,0,True,True,1.0,12.2502,100.0,20,50.4973,62.9717,62.5418,62.9717,"{""Chat"": 59.642, ""Control"": 92.351, ""File Transfer"": 66.667, ""Streaming"": 33.227}","{""Chat"": 43.228, ""Control"": 90.055, ""File Transfer"": 75.0, ""Streaming"": 89.655}","{""Chat"": 96.154, ""Control"": 94.767, ""File Transfer"": 60.0, ""Streaming"": 20.392}","{""Chat"": 156, ""Control"": 172, ""File Transfer"": 15, ""Streaming"": 255}","{""Chat"": 0.989971, ""Control"": 0.848894, ""File Transfer"": 9.337838, ""Streaming"": 0.586587}","{""Chat"": 349, ""Control"": 407, ""File Transfer"": 37, ""Streaming"": 589}",9402372,checkpoints/VNAT_8s_tcp_duration_3feat_seed0/VNAT_8s_tcpdur_random70_stratified_flowlevel_splitseed42_3feat_timesnet_75ms_seed0.pth,38918914,40.1,OK,,"{""torch"": ""2.4.1+cu121"", ""cuda"": ""12.1"", ""gpu"": ""NVIDIA RTX A4500"", ""numpy"": ""1.26.0"", ""python"": ""3.10.12"", ""deterministic"": true, ""grad_clip_max_norm"": 1.0, ""CUBLAS_WORKSPACE_CONFIG"": "":4096:8"", ""CUDA_VISIBLE_DEVICES"": ""2""}",2026-08-21T14:55:00
VNAT_8s_tcpdur_random70_stratified_flowlevel_splitseed42_3feat_timesnet_75ms_seed1,VNAT,VNAT_8s_tcp_duration,8,random70_stratified_flowlevel_splitseed42,42,278befae3cd3e10e,Validation,4,timesnet,3feat,75ms,107,3,1,256,1382,598,best_val,11,12345,0,True,True,1.0,12.8054,100.0,48,63.1825,70.9718,70.4013,70.9718,"{""Chat"": 64.924, ""Control"": 93.557, ""File Transfer"": 71.429, ""Streaming"": 53.977}","{""Chat"": 49.175, ""Control"": 90.27, ""File Transfer"": 76.923, ""Streaming"": 97.938}","{""Chat"": 95.513, ""Control"": 97.093, ""File Transfer"": 66.667, ""Streaming"": 37.255}","{""Chat"": 156, ""Control"": 172, ""File Transfer"": 15, ""Streaming"": 255}","{""Chat"": 0.989971, ""Control"": 0.848894, ""File Transfer"": 9.337838, ""Streaming"": 0.586587}","{""Chat"": 349, ""Control"": 407, ""File Transfer"": 37, ""Streaming"": 589}",9402372,checkpoints/VNAT_8s_tcp_duration_3feat_seed1/VNAT_8s_tcpdur_random70_stratified_flowlevel_splitseed42_3feat_timesnet_75ms_seed1.pth,38918914,95.9,OK,,"{""torch"": ""2.4.1+cu121"", ""cuda"": ""12.1"", ""gpu"": ""NVIDIA RTX A4500"", ""numpy"": ""1.26.0"", ""python"": ""3.10.12"", ""deterministic"": true, ""grad_clip_max_norm"": 1.0, ""CUBLAS_WORKSPACE_CONFIG"": "":4096:8"", ""CUDA_VISIBLE_DEVICES"": ""2""}",2026-08-21T14:56:36
VNAT_8s_tcpdur_random70_stratified_flowlevel_splitseed42_3feat_timesnet_75ms_seed2,VNAT,VNAT_8s_tcp_duration,8,random70_stratified_flowlevel_splitseed42,42,278befae3cd3e10e,Validation,4,timesnet,3feat,75ms,107,3,2,256,1382,598,best_val,14,12345,0,True,True,1.0,10.5936,100.0,44,68.4281,74.5101,74.0803,74.5101,"{""Chat"": 68.027, ""Control"": 94.15, ""File Transfer"": 74.074, ""Streaming"": 61.789}","{""Chat"": 52.632, ""Control"": 90.374, ""File Transfer"": 83.333, ""Streaming"": 100.0}","{""Chat"": 96.154, ""Control"": 98.256, ""File Transfer"": 66.667, ""Streaming"": 44.706}","{""Chat"": 156, ""Control"": 172, ""File Transfer"": 15, ""Streaming"": 255}","{""Chat"": 0.989971, ""Control"": 0.848894, ""File Transfer"": 9.337838, ""Streaming"": 0.586587}","{""Chat"": 349, ""Control"": 407, ""File Transfer"": 37, ""Streaming"": 589}",9402372,checkpoints/VNAT_8s_tcp_duration_3feat_seed2/VNAT_8s_tcpdur_random70_stratified_flowlevel_splitseed42_3feat_timesnet_75ms_seed2.pth,38918914,90.5,OK,,"{""torch"": ""2.4.1+cu121"", ""cuda"": ""12.1"", ""gpu"": ""NVIDIA RTX A4500"", ""numpy"": ""1.26.0"", ""python"": ""3.10.12"", ""deterministic"": true, ""grad_clip_max_norm"": 1.0, ""CUBLAS_WORKSPACE_CONFIG"": "":4096:8"", ""CUDA_VISIBLE_DEVICES"": ""2""}",2026-08-21T14:58:08
VNAT_8s_tcpdur_random70_stratified_flowlevel_splitseed42_3feat_informer_75ms_seed0,VNAT,VNAT_8s_tcp_duration,8,random70_stratified_flowlevel_splitseed42,42,278befae3cd3e10e,Validation,4,informer,3feat,75ms,107,3,0,64,1382,598,best_val,11,12345,0,True,True,1.0,46.4189,100.0,25,77.8336,84.0416,86.6221,84.4127,"{""Chat"": 80.814, ""Control"": 94.382, ""File Transfer"": 76.923, ""Streaming"": 85.532}","{""Chat"": 73.936, ""Control"": 91.304, ""File Transfer"": 90.909, ""Streaming"": 93.488}","{""Chat"": 89.103, ""Control"": 97.674, ""File Transfer"": 66.667, ""Streaming"": 78.824}","{""Chat"": 156, ""Control"": 172, ""File Transfer"": 15, ""Streaming"": 255}","{""Chat"": 0.989971, ""Control"": 0.848894, ""File Transfer"": 9.337838, ""Streaming"": 0.586587}","{""Chat"": 349, ""Control"": 407, ""File Transfer"": 37, ""Streaming"": 589}",2786309,checkpoints/VNAT_8s_tcp_duration_3feat_seed0/VNAT_8s_tcpdur_random70_stratified_flowlevel_splitseed42_3feat_informer_75ms_seed0.pth,21429250,23.2,OK,,"{""torch"": ""2.4.1+cu121"", ""cuda"": ""12.1"", ""gpu"": ""NVIDIA RTX A4500"", ""numpy"": ""1.26.0"", ""python"": ""3.10.12"", ""deterministic"": true, ""grad_clip_max_norm"": 1.0, ""CUBLAS_WORKSPACE_CONFIG"": "":4096:8"", ""CUDA_VISIBLE_DEVICES"": ""2""}",2026-08-21T14:58:31
VNAT_8s_tcpdur_random70_stratified_flowlevel_splitseed42_3feat_informer_75ms_seed1,VNAT,VNAT_8s_tcp_duration,8,random70_stratified_flowlevel_splitseed42,42,278befae3cd3e10e,Validation,4,informer,3feat,75ms,107,3,1,64,1382,598,best_val,8,12345,0,True,True,1.0,52.4659,100.0,24,79.605,79.5737,78.9298,79.5758,"{""Chat"": 71.939, ""Control"": 93.333, ""File Transfer"": 80.0, ""Streaming"": 73.031}","{""Chat"": 59.746, ""Control"": 89.362, ""File Transfer"": 100.0, ""Streaming"": 93.293}","{""Chat"": 90.385, ""Control"": 97.674, ""File Transfer"": 66.667, ""Streaming"": 60.0}","{""Chat"": 156, ""Control"": 172, ""File Transfer"": 15, ""Streaming"": 255}","{""Chat"": 0.989971, ""Control"": 0.848894, ""File Transfer"": 9.337838, ""Streaming"": 0.586587}","{""Chat"": 349, ""Control"": 407, ""File Transfer"": 37, ""Streaming"": 589}",2786309,checkpoints/VNAT_8s_tcp_duration_3feat_seed1/VNAT_8s_tcpdur_random70_stratified_flowlevel_splitseed42_3feat_informer_75ms_seed1.pth,21429250,23.4,OK,,"{""torch"": ""2.4.1+cu121"", ""cuda"": ""12.1"", ""gpu"": ""NVIDIA RTX A4500"", ""numpy"": ""1.26.0"", ""python"": ""3.10.12"", ""deterministic"": true, ""grad_clip_max_norm"": 1.0, ""CUBLAS_WORKSPACE_CONFIG"": "":4096:8"", ""CUDA_VISIBLE_DEVICES"": ""2""}",2026-08-21T14:58:54
VNAT_8s_tcpdur_random70_stratified_flowlevel_splitseed42_3feat_informer_75ms_seed2,VNAT,VNAT_8s_tcp_duration,8,random70_stratified_flowlevel_splitseed42,42,278befae3cd3e10e,Validation,4,informer,3feat,75ms,107,3,2,64,1382,598,best_val,12,12345,0,True,True,1.0,49.2298,100.0,36,72.3525,85.3201,86.4548,85.0831,"{""Chat"": 79.882, ""Control"": 95.677, ""File Transfer"": 80.0, ""Streaming"": 84.774}","{""Chat"": 74.176, ""Control"": 94.857, ""File Transfer"": 100.0, ""Streaming"": 89.177}","{""Chat"": 86.538, ""Control"": 96.512, ""File Transfer"": 66.667, ""Streaming"": 80.784}","{""Chat"": 156, ""Control"": 172, ""File Transfer"": 15, ""Streaming"": 255}","{""Chat"": 0.989971, ""Control"": 0.848894, ""File Transfer"": 9.337838, ""Streaming"": 0.586587}","{""Chat"": 349, ""Control"": 407, ""File Transfer"": 37, ""Streaming"": 589}",2786309,checkpoints/VNAT_8s_tcp_duration_3feat_seed2/VNAT_8s_tcpdur_random70_stratified_flowlevel_splitseed42_3feat_informer_75ms_seed2.pth,21429250,35.5,OK,,"{""torch"": ""2.4.1+cu121"", ""cuda"": ""12.1"", ""gpu"": ""NVIDIA RTX A4500"", ""numpy"": ""1.26.0"", ""python"": ""3.10.12"", ""deterministic"": true, ""grad_clip_max_norm"": 1.0, ""CUBLAS_WORKSPACE_CONFIG"": "":4096:8"", ""CUDA_VISIBLE_DEVICES"": ""2""}",2026-08-21T14:59:30
VNAT_8s_tcpdur_random70_stratified_flowlevel_splitseed42_3feat_nst_75ms_seed0,VNAT,VNAT_8s_tcp_duration,8,random70_stratified_flowlevel_splitseed42,42,278befae3cd3e10e,Validation,4,nst,3feat,75ms,107,3,0,64,1382,598,best_val,6,12345,0,True,True,1.0,21.5713,100.0,23,65.6394,79.342,80.4348,79.342,"{""Chat"": 74.5, ""Control"": 93.855, ""File Transfer"": 74.074, ""Streaming"": 74.939}","{""Chat"": 61.066, ""Control"": 90.323, ""File Transfer"": 83.333, ""Streaming"": 98.718}","{""Chat"": 95.513, ""Control"": 97.674, ""File Transfer"": 66.667, ""Streaming"": 60.392}","{""Chat"": 156, ""Control"": 172, ""File Transfer"": 15, ""Streaming"": 255}","{""Chat"": 0.989971, ""Control"": 0.848894, ""File Transfer"": 9.337838, ""Streaming"": 0.586587}","{""Chat"": 349, ""Control"": 407, ""File Transfer"": 37, ""Streaming"": 589}",154246,checkpoints/VNAT_8s_tcp_duration_3feat_seed0/VNAT_8s_tcpdur_random70_stratified_flowlevel_splitseed42_3feat_nst_75ms_seed0.pth,1925066,19.9,OK,,"{""torch"": ""2.4.1+cu121"", ""cuda"": ""12.1"", ""gpu"": ""NVIDIA RTX A4500"", ""numpy"": ""1.26.0"", ""python"": ""3.10.12"", ""deterministic"": true, ""grad_clip_max_norm"": 1.0, ""CUBLAS_WORKSPACE_CONFIG"": "":4096:8"", ""CUDA_VISIBLE_DEVICES"": ""2""}",2026-08-21T14:59:50
VNAT_8s_tcpdur_random70_stratified_flowlevel_splitseed42_3feat_nst_75ms_seed1,VNAT,VNAT_8s_tcp_duration,8,random70_stratified_flowlevel_splitseed42,42,278befae3cd3e10e,Validation,4,nst,3feat,75ms,107,3,1,64,1382,598,best_val,10,12345,0,True,True,1.0,24.1235,100.0,25,71.041,75.8294,74.9164,75.8294,"{""Chat"": 68.506, ""Control"": 93.889, ""File Transfer"": 76.923, ""Streaming"": 64.0}","{""Chat"": 53.405, ""Control"": 89.894, ""File Transfer"": 90.909, ""Streaming"": 100.0}","{""Chat"": 95.513, ""Control"": 98.256, ""File Transfer"": 66.667, ""Streaming"": 47.059}","{""Chat"": 156, ""Control"": 172, ""File Transfer"": 15, ""Streaming"": 255}","{""Chat"": 0.989971, ""Control"": 0.848894, ""File Transfer"": 9.337838, ""Streaming"": 0.586587}","{""Chat"": 349, ""Control"": 407, ""File Transfer"": 37, ""Streaming"": 589}",154246,checkpoints/VNAT_8s_tcp_duration_3feat_seed1/VNAT_8s_tcpdur_random70_stratified_flowlevel_splitseed42_3feat_nst_75ms_seed1.pth,1925066,14.8,OK,,"{""torch"": ""2.4.1+cu121"", ""cuda"": ""12.1"", ""gpu"": ""NVIDIA RTX A4500"", ""numpy"": ""1.26.0"", ""python"": ""3.10.12"", ""deterministic"": true, ""grad_clip_max_norm"": 1.0, ""CUBLAS_WORKSPACE_CONFIG"": "":4096:8"", ""CUDA_VISIBLE_DEVICES"": ""2""}",2026-08-21T15:00:05
VNAT_8s_tcpdur_random70_stratified_flowlevel_splitseed42_3feat_nst_75ms_seed2,VNAT,VNAT_8s_tcp_duration,8,random70_stratified_flowlevel_splitseed42,42,278befae3cd3e10e,Validation,4,nst,3feat,75ms,107,3,2,64,1382,598,best_val,10,12345,0,True,True,1.0,21.5156,100.0,25,67.1167,74.9918,76.2542,74.9918,"{""Chat"": 68.514, ""Control"": 93.37, ""File Transfer"": 68.966, ""Streaming"": 69.118}","{""Chat"": 56.432, ""Control"": 88.947, ""File Transfer"": 71.429, ""Streaming"": 92.157}","{""Chat"": 87.179, ""Control"": 98.256, ""File Transfer"": 66.667, ""Streaming"": 55.294}","{""Chat"": 156, ""Control"": 172, ""File Transfer"": 15, ""Streaming"": 255}","{""Chat"": 0.989971, ""Control"": 0.848894, ""File Transfer"": 9.337838, ""Streaming"": 0.586587}","{""Chat"": 349, ""Control"": 407, ""File Transfer"": 37, ""Streaming"": 589}",154246,checkpoints/VNAT_8s_tcp_duration_3feat_seed2/VNAT_8s_tcpdur_random70_stratified_flowlevel_splitseed42_3feat_nst_75ms_seed2.pth,1925066,20.8,OK,,"{""torch"": ""2.4.1+cu121"", ""cuda"": ""12.1"", ""gpu"": ""NVIDIA RTX A4500"", ""numpy"": ""1.26.0"", ""python"": ""3.10.12"", ""deterministic"": true, ""grad_clip_max_norm"": 1.0, ""CUBLAS_WORKSPACE_CONFIG"": "":4096:8"", ""CUDA_VISIBLE_DEVICES"": ""2""}",2026-08-21T15:00:26
VNAT_8s_tcpdur_random70_stratified_flowlevel_splitseed42_3feat_autoformer_75ms_seed0,VNAT,VNAT_8s_tcp_duration,8,random70_stratified_flowlevel_splitseed42,42,278befae3cd3e10e,Validation,4,autoformer,3feat,75ms,107,3,0,256,1382,598,best_val,5,12345,0,True,True,1.0,8.6975,100.0,31,52.8035,69.2001,76.087,69.2001,"{""Chat"": 69.88, ""Control"": 90.08, ""File Transfer"": 45.0, ""Streaming"": 71.84}","{""Chat"": 65.909, ""Control"": 83.582, ""File Transfer"": 36.0, ""Streaming"": 82.653}","{""Chat"": 74.359, ""Control"": 97.674, ""File Transfer"": 60.0, ""Streaming"": 63.529}","{""Chat"": 156, ""Control"": 172, ""File Transfer"": 15, ""Streaming"": 255}","{""Chat"": 0.989971, ""Control"": 0.848894, ""File Transfer"": 9.337838, ""Streaming"": 0.586587}","{""Chat"": 349, ""Control"": 407, ""File Transfer"": 37, ""Streaming"": 589}",127236,checkpoints/VNAT_8s_tcp_duration_3feat_seed0/VNAT_8s_tcpdur_random70_stratified_flowlevel_splitseed42_3feat_autoformer_75ms_seed0.pth,1806434,12.4,OK,,"{""torch"": ""2.4.1+cu121"", ""cuda"": ""12.1"", ""gpu"": ""NVIDIA RTX A4500"", ""numpy"": ""1.26.0"", ""python"": ""3.10.12"", ""deterministic"": true, ""grad_clip_max_norm"": 1.0, ""CUBLAS_WORKSPACE_CONFIG"": "":4096:8"", ""CUDA_VISIBLE_DEVICES"": ""2""}",2026-08-21T15:00:39
VNAT_8s_tcpdur_random70_stratified_flowlevel_splitseed42_3feat_autoformer_75ms_seed1,VNAT,VNAT_8s_tcp_duration,8,random70_stratified_flowlevel_splitseed42,42,278befae3cd3e10e,Validation,4,autoformer,3feat,75ms,107,3,1,256,1382,598,best_val,4,12345,0,True,True,1.0,10.6115,100.0,32,50.3293,67.1567,68.8963,67.1567,"{""Chat"": 61.215, ""Control"": 92.737, ""File Transfer"": 58.824, ""Streaming"": 55.851}","{""Chat"": 48.162, ""Control"": 89.247, ""File Transfer"": 52.632, ""Streaming"": 86.777}","{""Chat"": 83.974, ""Control"": 96.512, ""File Transfer"": 66.667, ""Streaming"": 41.176}","{""Chat"": 156, ""Control"": 172, ""File Transfer"": 15, ""Streaming"": 255}","{""Chat"": 0.989971, ""Control"": 0.848894, ""File Transfer"": 9.337838, ""Streaming"": 0.586587}","{""Chat"": 349, ""Control"": 407, ""File Transfer"": 37, ""Streaming"": 589}",127236,checkpoints/VNAT_8s_tcp_duration_3feat_seed1/VNAT_8s_tcpdur_random70_stratified_flowlevel_splitseed42_3feat_autoformer_75ms_seed1.pth,1806434,12.7,OK,,"{""torch"": ""2.4.1+cu121"", ""cuda"": ""12.1"", ""gpu"": ""NVIDIA RTX A4500"", ""numpy"": ""1.26.0"", ""python"": ""3.10.12"", ""deterministic"": true, ""grad_clip_max_norm"": 1.0, ""CUBLAS_WORKSPACE_CONFIG"": "":4096:8"", ""CUDA_VISIBLE_DEVICES"": ""2""}",2026-08-21T15:00:51
VNAT_8s_tcpdur_random70_stratified_flowlevel_splitseed42_3feat_autoformer_75ms_seed2,VNAT,VNAT_8s_tcp_duration,8,random70_stratified_flowlevel_splitseed42,42,278befae3cd3e10e,Validation,4,autoformer,3feat,75ms,107,3,2,256,1382,598,best_val,7,12345,0,True,True,1.0,9.9587,100.0,27,57.6415,68.583,73.913,68.583,"{""Chat"": 68.75, ""Control"": 83.168, ""File Transfer"": 51.282, ""Streaming"": 71.132}","{""Chat"": 67.073, ""Control"": 72.414, ""File Transfer"": 41.667, ""Streaming"": 86.517}","{""Chat"": 70.513, ""Control"": 97.674, ""File Transfer"": 66.667, ""Streaming"": 60.392}","{""Chat"": 156, ""Control"": 172, ""File Transfer"": 15, ""Streaming"": 255}","{""Chat"": 0.989971, ""Control"": 0.848894, ""File Transfer"": 9.337838, ""Streaming"": 0.586587}","{""Chat"": 349, ""Control"": 407, ""File Transfer"": 37, ""Streaming"": 589}",127236,checkpoints/VNAT_8s_tcp_duration_3feat_seed2/VNAT_8s_tcpdur_random70_stratified_flowlevel_splitseed42_3feat_autoformer_75ms_seed2.pth,1806434,11.0,OK,,"{""torch"": ""2.4.1+cu121"", ""cuda"": ""12.1"", ""gpu"": ""NVIDIA RTX A4500"", ""numpy"": ""1.26.0"", ""python"": ""3.10.12"", ""deterministic"": true, ""grad_clip_max_norm"": 1.0, ""CUBLAS_WORKSPACE_CONFIG"": "":4096:8"", ""CUDA_VISIBLE_DEVICES"": ""2""}",2026-08-21T15:01:02
VNAT_8s_tcpdur_random70_stratified_flowlevel_splitseed42_3feat_fedformer_75ms_seed0,VNAT,VNAT_8s_tcp_duration,8,random70_stratified_flowlevel_splitseed42,42,278befae3cd3e10e,Validation,4,fedformer,3feat,75ms,107,3,0,256,1382,598,best_val,5,12345,4,True,True,1.0,10.1999,100.0,34,54.248,65.0958,63.7124,65.0958,"{""Chat"": 59.761, ""Control"": 92.655, ""File Transfer"": 71.429, ""Streaming"": 36.538}","{""Chat"": 43.353, ""Control"": 90.11, ""File Transfer"": 76.923, ""Streaming"": 100.0}","{""Chat"": 96.154, ""Control"": 95.349, ""File Transfer"": 66.667, ""Streaming"": 22.353}","{""Chat"": 156, ""Control"": 172, ""File Transfer"": 15, ""Streaming"": 255}","{""Chat"": 0.989971, ""Control"": 0.848894, ""File Transfer"": 9.337838, ""Streaming"": 0.586587}","{""Chat"": 349, ""Control"": 407, ""File Transfer"": 37, ""Streaming"": 589}",366213,checkpoints/VNAT_8s_tcp_duration_3feat_seed0/VNAT_8s_tcpdur_random70_stratified_flowlevel_splitseed42_3feat_fedformer_75ms_seed0.pth,4060907,61.5,OK,,"{""torch"": ""2.4.1+cu121"", ""cuda"": ""12.1"", ""gpu"": ""NVIDIA RTX A4500"", ""numpy"": ""1.26.0"", ""python"": ""3.10.12"", ""deterministic"": true, ""grad_clip_max_norm"": 1.0, ""CUBLAS_WORKSPACE_CONFIG"": "":4096:8"", ""CUDA_VISIBLE_DEVICES"": ""2""}",2026-08-21T15:02:04
VNAT_8s_tcpdur_random70_stratified_flowlevel_splitseed42_3feat_fedformer_75ms_seed1,VNAT,VNAT_8s_tcp_duration,8,random70_stratified_flowlevel_splitseed42,42,278befae3cd3e10e,Validation,4,fedformer,3feat,75ms,107,3,1,256,1382,598,best_val,3,12345,4,True,True,1.0,9.8166,100.0,29,44.5655,64.0312,62.0401,64.0312,"{""Chat"": 58.14, ""Control"": 92.219, ""File Transfer"": 72.0, ""Streaming"": 33.766}","{""Chat"": 41.667, ""Control"": 91.429, ""File Transfer"": 90.0, ""Streaming"": 98.113}","{""Chat"": 96.154, ""Control"": 93.023, ""File Transfer"": 60.0, ""Streaming"": 20.392}","{""Chat"": 156, ""Control"": 172, ""File Transfer"": 15, ""Streaming"": 255}","{""Chat"": 0.989971, ""Control"": 0.848894, ""File Transfer"": 9.337838, ""Streaming"": 0.586587}","{""Chat"": 349, ""Control"": 407, ""File Transfer"": 37, ""Streaming"": 589}",366213,checkpoints/VNAT_8s_tcp_duration_3feat_seed1/VNAT_8s_tcpdur_random70_stratified_flowlevel_splitseed42_3feat_fedformer_75ms_seed1.pth,4060907,54.0,OK,,"{""torch"": ""2.4.1+cu121"", ""cuda"": ""12.1"", ""gpu"": ""NVIDIA RTX A4500"", ""numpy"": ""1.26.0"", ""python"": ""3.10.12"", ""deterministic"": true, ""grad_clip_max_norm"": 1.0, ""CUBLAS_WORKSPACE_CONFIG"": "":4096:8"", ""CUDA_VISIBLE_DEVICES"": ""2""}",2026-08-21T15:02:58
VNAT_8s_tcpdur_random70_stratified_flowlevel_splitseed42_3feat_fedformer_75ms_seed2,VNAT,VNAT_8s_tcp_duration,8,random70_stratified_flowlevel_splitseed42,42,278befae3cd3e10e,Validation,4,fedformer,3feat,75ms,107,3,2,256,1382,598,best_val,3,12345,4,True,True,1.0,12.2951,100.0,31,53.2506,63.44,62.3746,63.44,"{""Chat"": 59.642, ""Control"": 91.553, ""File Transfer"": 72.0, ""Streaming"": 30.565}","{""Chat"": 43.228, ""Control"": 86.154, ""File Transfer"": 90.0, ""Streaming"": 100.0}","{""Chat"": 96.154, ""Control"": 97.674, ""File Transfer"": 60.0, ""Streaming"": 18.039}","{""Chat"": 156, ""Control"": 172, ""File Transfer"": 15, ""Streaming"": 255}","{""Chat"": 0.989971, ""Control"": 0.848894, ""File Transfer"": 9.337838, ""Streaming"": 0.586587}","{""Chat"": 349, ""Control"": 407, ""File Transfer"": 37, ""Streaming"": 589}",366213,checkpoints/VNAT_8s_tcp_duration_3feat_seed2/VNAT_8s_tcpdur_random70_stratified_flowlevel_splitseed42_3feat_fedformer_75ms_seed2.pth,4060907,57.5,OK,,"{""torch"": ""2.4.1+cu121"", ""cuda"": ""12.1"", ""gpu"": ""NVIDIA RTX A4500"", ""numpy"": ""1.26.0"", ""python"": ""3.10.12"", ""deterministic"": true, ""grad_clip_max_norm"": 1.0, ""CUBLAS_WORKSPACE_CONFIG"": "":4096:8"", ""CUDA_VISIBLE_DEVICES"": ""2""}",2026-08-21T15:03:56
VNAT_8s_tcpdur_random70_stratified_flowlevel_splitseed42_3feat_timemixer_75ms_seed0,VNAT,VNAT_8s_tcp_duration,8,random70_stratified_flowlevel_splitseed42,42,278befae3cd3e10e,Validation,4,timemixer,3feat,75ms,107,3,0,256,1382,598,best_val,9,12345,0,True,True,1.0,6.4531,7.58,22,47.8967,50.1231,56.1873,50.1231,"{""Chat"": 0.0, ""Control"": 59.524, ""File Transfer"": 75.0, ""Streaming"": 65.969}","{""Chat"": 0.0, ""Control"": 93.75, ""File Transfer"": 100.0, ""Streaming"": 49.509}","{""Chat"": 0.0, ""Control"": 43.605, ""File Transfer"": 60.0, ""Streaming"": 98.824}","{""Chat"": 156, ""Control"": 172, ""File Transfer"": 15, ""Streaming"": 255}","{""Chat"": 0.989971, ""Control"": 0.848894, ""File Transfer"": 9.337838, ""Streaming"": 0.586587}","{""Chat"": 349, ""Control"": 407, ""File Transfer"": 37, ""Streaming"": 589}",225556,checkpoints/VNAT_8s_tcp_duration_3feat_seed0/VNAT_8s_tcpdur_random70_stratified_flowlevel_splitseed42_3feat_timemixer_75ms_seed0.pth,2218694,6.8,OK,,"{""torch"": ""2.4.1+cu121"", ""cuda"": ""12.1"", ""gpu"": ""NVIDIA RTX A4500"", ""numpy"": ""1.26.0"", ""python"": ""3.10.12"", ""deterministic"": true, ""grad_clip_max_norm"": 1.0, ""CUBLAS_WORKSPACE_CONFIG"": "":4096:8"", ""CUDA_VISIBLE_DEVICES"": ""2""}",2026-08-21T15:04:03
VNAT_8s_tcpdur_random70_stratified_flowlevel_splitseed42_3feat_timemixer_75ms_seed1,VNAT,VNAT_8s_tcp_duration,8,random70_stratified_flowlevel_splitseed42,42,278befae3cd3e10e,Validation,4,timemixer,3feat,75ms,107,3,1,256,1382,598,best_val,7,12345,0,True,True,1.0,5.1783,10.0,20,43.9209,56.7212,51.505,56.7212,"{""Chat"": 56.381, ""Control"": 52.756, ""File Transfer"": 75.0, ""Streaming"": 42.748}","{""Chat"": 40.108, ""Control"": 81.707, ""File Transfer"": 100.0, ""Streaming"": 60.87}","{""Chat"": 94.872, ""Control"": 38.953, ""File Transfer"": 60.0, ""Streaming"": 32.941}","{""Chat"": 156, ""Control"": 172, ""File Transfer"": 15, ""Streaming"": 255}","{""Chat"": 0.989971, ""Control"": 0.848894, ""File Transfer"": 9.337838, ""Streaming"": 0.586587}","{""Chat"": 349, ""Control"": 407, ""File Transfer"": 37, ""Streaming"": 589}",225556,checkpoints/VNAT_8s_tcp_duration_3feat_seed1/VNAT_8s_tcpdur_random70_stratified_flowlevel_splitseed42_3feat_timemixer_75ms_seed1.pth,2218694,5.4,OK,,"{""torch"": ""2.4.1+cu121"", ""cuda"": ""12.1"", ""gpu"": ""NVIDIA RTX A4500"", ""numpy"": ""1.26.0"", ""python"": ""3.10.12"", ""deterministic"": true, ""grad_clip_max_norm"": 1.0, ""CUBLAS_WORKSPACE_CONFIG"": "":4096:8"", ""CUDA_VISIBLE_DEVICES"": ""2""}",2026-08-21T15:04:09
VNAT_8s_tcpdur_random70_stratified_flowlevel_splitseed42_3feat_timemixer_75ms_seed2,VNAT,VNAT_8s_tcp_duration,8,random70_stratified_flowlevel_splitseed42,42,278befae3cd3e10e,Validation,4,timemixer,3feat,75ms,107,3,2,256,1382,598,best_val,9,12345,0,True,True,1.0,7.5147,6.06,22,38.6957,47.0597,40.9699,47.0597,"{""Chat"": 47.041, ""Control"": 50.427, ""File Transfer"": 75.0, ""Streaming"": 15.771}","{""Chat"": 30.815, ""Control"": 95.161, ""File Transfer"": 100.0, ""Streaming"": 91.667}","{""Chat"": 99.359, ""Control"": 34.302, ""File Transfer"": 60.0, ""Streaming"": 8.627}","{""Chat"": 156, ""Control"": 172, ""File Transfer"": 15, ""Streaming"": 255}","{""Chat"": 0.989971, ""Control"": 0.848894, ""File Transfer"": 9.337838, ""Streaming"": 0.586587}","{""Chat"": 349, ""Control"": 407, ""File Transfer"": 37, ""Streaming"": 589}",225556,checkpoints/VNAT_8s_tcp_duration_3feat_seed2/VNAT_8s_tcpdur_random70_stratified_flowlevel_splitseed42_3feat_timemixer_75ms_seed2.pth,2218694,6.1,OK,,"{""torch"": ""2.4.1+cu121"", ""cuda"": ""12.1"", ""gpu"": ""NVIDIA RTX A4500"", ""numpy"": ""1.26.0"", ""python"": ""3.10.12"", ""deterministic"": true, ""grad_clip_max_norm"": 1.0, ""CUBLAS_WORKSPACE_CONFIG"": "":4096:8"", ""CUDA_VISIBLE_DEVICES"": ""2""}",2026-08-21T15:04:15
VNAT_8s_tcpdur_random70_stratified_flowlevel_splitseed42_3feat_timesnet_100ms_seed0,VNAT,VNAT_8s_tcp_duration,8,random70_stratified_flowlevel_splitseed42,42,278befae3cd3e10e,Validation,4,timesnet,3feat,100ms,81,3,0,256,1382,598,best_val,4,12345,0,True,True,1.0,9.416,100.0,89,40.1939,56.6674,54.0134,56.6674,"{""Chat"": 59.016, ""Control"": 68.409, ""File Transfer"": 72.0, ""Streaming"": 27.245}","{""Chat"": 46.494, ""Control"": 57.831, ""File Transfer"": 90.0, ""Streaming"": 64.706}","{""Chat"": 80.769, ""Control"": 83.721, ""File Transfer"": 60.0, ""Streaming"": 17.255}","{""Chat"": 156, ""Control"": 172, ""File Transfer"": 15, ""Streaming"": 255}","{""Chat"": 0.989971, ""Control"": 0.848894, ""File Transfer"": 9.337838, ""Streaming"": 0.586587}","{""Chat"": 349, ""Control"": 407, ""File Transfer"": 37, ""Streaming"": 589}",9395716,checkpoints/VNAT_8s_tcp_duration_3feat_seed0/VNAT_8s_tcpdur_random70_stratified_flowlevel_splitseed42_3feat_timesnet_100ms_seed0.pth,38892350,138.5,OK,,"{""torch"": ""2.4.1+cu121"", ""cuda"": ""12.1"", ""gpu"": ""NVIDIA RTX A4500"", ""numpy"": ""1.26.0"", ""python"": ""3.10.12"", ""deterministic"": true, ""grad_clip_max_norm"": 1.0, ""CUBLAS_WORKSPACE_CONFIG"": "":4096:8"", ""CUDA_VISIBLE_DEVICES"": ""2""}",2026-08-21T15:06:34
VNAT_8s_tcpdur_random70_stratified_flowlevel_splitseed42_3feat_timesnet_100ms_seed1,VNAT,VNAT_8s_tcp_duration,8,random70_stratified_flowlevel_splitseed42,42,278befae3cd3e10e,Validation,4,timesnet,3feat,100ms,81,3,1,256,1382,598,best_val,5,12345,0,True,True,1.0,11.4444,100.0,18,45.2643,68.6099,66.8896,68.6099,"{""Chat"": 60.5, ""Control"": 80.802, ""File Transfer"": 72.0, ""Streaming"": 61.137}","{""Chat"": 49.59, ""Control"": 79.661, ""File Transfer"": 90.0, ""Streaming"": 77.246}","{""Chat"": 77.564, ""Control"": 81.977, ""File Transfer"": 60.0, ""Streaming"": 50.588}","{""Chat"": 156, ""Control"": 172, ""File Transfer"": 15, ""Streaming"": 255}","{""Chat"": 0.989971, ""Control"": 0.848894, ""File Transfer"": 9.337838, ""Streaming"": 0.586587}","{""Chat"": 349, ""Control"": 407, ""File Transfer"": 37, ""Streaming"": 589}",9395716,checkpoints/VNAT_8s_tcp_duration_3feat_seed1/VNAT_8s_tcpdur_random70_stratified_flowlevel_splitseed42_3feat_timesnet_100ms_seed1.pth,38892350,28.4,OK,,"{""torch"": ""2.4.1+cu121"", ""cuda"": ""12.1"", ""gpu"": ""NVIDIA RTX A4500"", ""numpy"": ""1.26.0"", ""python"": ""3.10.12"", ""deterministic"": true, ""grad_clip_max_norm"": 1.0, ""CUBLAS_WORKSPACE_CONFIG"": "":4096:8"", ""CUDA_VISIBLE_DEVICES"": ""2""}",2026-08-21T15:07:03
VNAT_8s_tcpdur_random70_stratified_flowlevel_splitseed42_3feat_timesnet_100ms_seed2,VNAT,VNAT_8s_tcp_duration,8,random70_stratified_flowlevel_splitseed42,42,278befae3cd3e10e,Validation,4,timesnet,3feat,100ms,81,3,2,256,1382,598,best_val,30,12345,0,True,True,1.0,8.0341,100.0,38,44.7103,58.0687,57.3579,58.0687,"{""Chat"": 66.01, ""Control"": 70.588, ""File Transfer"": 74.074, ""Streaming"": 21.603}","{""Chat"": 53.6, ""Control"": 55.263, ""File Transfer"": 83.333, ""Streaming"": 96.875}","{""Chat"": 85.897, ""Control"": 97.674, ""File Transfer"": 66.667, ""Streaming"": 12.157}","{""Chat"": 156, ""Control"": 172, ""File Transfer"": 15, ""Streaming"": 255}","{""Chat"": 0.989971, ""Control"": 0.848894, ""File Transfer"": 9.337838, ""Streaming"": 0.586587}","{""Chat"": 349, ""Control"": 407, ""File Transfer"": 37, ""Streaming"": 589}",9395716,checkpoints/VNAT_8s_tcp_duration_3feat_seed2/VNAT_8s_tcpdur_random70_stratified_flowlevel_splitseed42_3feat_timesnet_100ms_seed2.pth,38892350,59.3,OK,,"{""torch"": ""2.4.1+cu121"", ""cuda"": ""12.1"", ""gpu"": ""NVIDIA RTX A4500"", ""numpy"": ""1.26.0"", ""python"": ""3.10.12"", ""deterministic"": true, ""grad_clip_max_norm"": 1.0, ""CUBLAS_WORKSPACE_CONFIG"": "":4096:8"", ""CUDA_VISIBLE_DEVICES"": ""2""}",2026-08-21T15:08:02
VNAT_8s_tcpdur_random70_stratified_flowlevel_splitseed42_3feat_informer_100ms_seed0,VNAT,VNAT_8s_tcp_duration,8,random70_stratified_flowlevel_splitseed42,42,278befae3cd3e10e,Validation,4,informer,3feat,100ms,81,3,0,64,1382,598,best_val,29,12345,0,True,True,1.0,40.1947,100.0,37,80.5554,81.1797,81.4381,80.1847,"{""Chat"": 73.74, ""Control"": 95.072, ""File Transfer"": 74.074, ""Streaming"": 77.852}","{""Chat"": 62.896, ""Control"": 94.798, ""File Transfer"": 83.333, ""Streaming"": 90.625}","{""Chat"": 89.103, ""Control"": 95.349, ""File Transfer"": 66.667, ""Streaming"": 68.235}","{""Chat"": 156, ""Control"": 172, ""File Transfer"": 15, ""Streaming"": 255}","{""Chat"": 0.989971, ""Control"": 0.848894, ""File Transfer"": 9.337838, ""Streaming"": 0.586587}","{""Chat"": 349, ""Control"": 407, ""File Transfer"": 37, ""Streaming"": 589}",2759685,checkpoints/VNAT_8s_tcp_duration_3feat_seed0/VNAT_8s_tcpdur_random70_stratified_flowlevel_splitseed42_3feat_informer_100ms_seed0.pth,21322838,34.4,OK,,"{""torch"": ""2.4.1+cu121"", ""cuda"": ""12.1"", ""gpu"": ""NVIDIA RTX A4500"", ""numpy"": ""1.26.0"", ""python"": ""3.10.12"", ""deterministic"": true, ""grad_clip_max_norm"": 1.0, ""CUBLAS_WORKSPACE_CONFIG"": "":4096:8"", ""CUDA_VISIBLE_DEVICES"": ""2""}",2026-08-21T15:08:37
VNAT_8s_tcpdur_random70_stratified_flowlevel_splitseed42_3feat_informer_100ms_seed1,VNAT,VNAT_8s_tcp_duration,8,random70_stratified_flowlevel_splitseed42,42,278befae3cd3e10e,Validation,4,informer,3feat,100ms,81,3,1,64,1382,598,best_val,14,12345,0,True,True,1.0,40.9246,100.0,24,75.9151,76.8818,75.9197,76.7895,"{""Chat"": 68.137, ""Control"": 91.594, ""File Transfer"": 76.923, ""Streaming"": 70.504}","{""Chat"": 55.159, ""Control"": 91.329, ""File Transfer"": 90.909, ""Streaming"": 90.741}","{""Chat"": 89.103, ""Control"": 91.86, ""File Transfer"": 66.667, ""Streaming"": 57.647}","{""Chat"": 156, ""Control"": 172, ""File Transfer"": 15, ""Streaming"": 255}","{""Chat"": 0.989971, ""Control"": 0.848894, ""File Transfer"": 9.337838, ""Streaming"": 0.586587}","{""Chat"": 349, ""Control"": 407, ""File Transfer"": 37, ""Streaming"": 589}",2759685,checkpoints/VNAT_8s_tcp_duration_3feat_seed1/VNAT_8s_tcpdur_random70_stratified_flowlevel_splitseed42_3feat_informer_100ms_seed1.pth,21322838,21.2,OK,,"{""torch"": ""2.4.1+cu121"", ""cuda"": ""12.1"", ""gpu"": ""NVIDIA RTX A4500"", ""numpy"": ""1.26.0"", ""python"": ""3.10.12"", ""deterministic"": true, ""grad_clip_max_norm"": 1.0, ""CUBLAS_WORKSPACE_CONFIG"": "":4096:8"", ""CUDA_VISIBLE_DEVICES"": ""2""}",2026-08-21T15:08:58
VNAT_8s_tcpdur_random70_stratified_flowlevel_splitseed42_3feat_informer_100ms_seed2,VNAT,VNAT_8s_tcp_duration,8,random70_stratified_flowlevel_splitseed42,42,278befae3cd3e10e,Validation,4,informer,3feat,100ms,81,3,2,64,1382,598,best_val,8,12345,0,True,True,1.0,38.9681,100.0,34,76.5271,77.7067,77.0903,77.0121,"{""Chat"": 69.0, ""Control"": 91.071, ""File Transfer"": 74.074, ""Streaming"": 73.903}","{""Chat"": 56.557, ""Control"": 93.293, ""File Transfer"": 83.333, ""Streaming"": 89.888}","{""Chat"": 88.462, ""Control"": 88.953, ""File Transfer"": 66.667, ""Streaming"": 62.745}","{""Chat"": 156, ""Control"": 172, ""File Transfer"": 15, ""Streaming"": 255}","{""Chat"": 0.989971, ""Control"": 0.848894, ""File Transfer"": 9.337838, ""Streaming"": 0.586587}","{""Chat"": 349, ""Control"": 407, ""File Transfer"": 37, ""Streaming"": 589}",2759685,checkpoints/VNAT_8s_tcp_duration_3feat_seed2/VNAT_8s_tcpdur_random70_stratified_flowlevel_splitseed42_3feat_informer_100ms_seed2.pth,21322838,27.7,OK,,"{""torch"": ""2.4.1+cu121"", ""cuda"": ""12.1"", ""gpu"": ""NVIDIA RTX A4500"", ""numpy"": ""1.26.0"", ""python"": ""3.10.12"", ""deterministic"": true, ""grad_clip_max_norm"": 1.0, ""CUBLAS_WORKSPACE_CONFIG"": "":4096:8"", ""CUDA_VISIBLE_DEVICES"": ""2""}",2026-08-21T15:09:26
VNAT_8s_tcpdur_random70_stratified_flowlevel_splitseed42_3feat_nst_100ms_seed0,VNAT,VNAT_8s_tcp_duration,8,random70_stratified_flowlevel_splitseed42,42,278befae3cd3e10e,Validation,4,nst,3feat,100ms,81,3,0,64,1382,598,best_val,8,12345,0,True,True,1.0,15.7151,100.0,18,51.1619,64.0279,60.8696,64.0279,"{""Chat"": 59.179, ""Control"": 79.156, ""File Transfer"": 76.923, ""Streaming"": 40.854}","{""Chat"": 44.625, ""Control"": 72.464, ""File Transfer"": 90.909, ""Streaming"": 91.781}","{""Chat"": 87.821, ""Control"": 87.209, ""File Transfer"": 66.667, ""Streaming"": 26.275}","{""Chat"": 156, ""Control"": 172, ""File Transfer"": 15, ""Streaming"": 255}","{""Chat"": 0.989971, ""Control"": 0.848894, ""File Transfer"": 9.337838, ""Streaming"": 0.586587}","{""Chat"": 349, ""Control"": 407, ""File Transfer"": 37, ""Streaming"": 589}",145770,checkpoints/VNAT_8s_tcp_duration_3feat_seed0/VNAT_8s_tcpdur_random70_stratified_flowlevel_splitseed42_3feat_nst_100ms_seed0.pth,1891202,11.1,OK,,"{""torch"": ""2.4.1+cu121"", ""cuda"": ""12.1"", ""gpu"": ""NVIDIA RTX A4500"", ""numpy"": ""1.26.0"", ""python"": ""3.10.12"", ""deterministic"": true, ""grad_clip_max_norm"": 1.0, ""CUBLAS_WORKSPACE_CONFIG"": "":4096:8"", ""CUDA_VISIBLE_DEVICES"": ""2""}",2026-08-21T15:09:37
VNAT_8s_tcpdur_random70_stratified_flowlevel_splitseed42_3feat_nst_100ms_seed1,VNAT,VNAT_8s_tcp_duration,8,random70_stratified_flowlevel_splitseed42,42,278befae3cd3e10e,Validation,4,nst,3feat,100ms,81,3,1,64,1382,598,best_val,7,12345,0,True,True,1.0,20.103,100.0,25,54.8089,62.8651,59.5318,62.8651,"{""Chat"": 57.983, ""Control"": 79.679, ""File Transfer"": 76.923, ""Streaming"": 36.875}","{""Chat"": 43.125, ""Control"": 73.762, ""File Transfer"": 90.909, ""Streaming"": 90.769}","{""Chat"": 88.462, ""Control"": 86.628, ""File Transfer"": 66.667, ""Streaming"": 23.137}","{""Chat"": 156, ""Control"": 172, ""File Transfer"": 15, ""Streaming"": 255}","{""Chat"": 0.989971, ""Control"": 0.848894, ""File Transfer"": 9.337838, ""Streaming"": 0.586587}","{""Chat"": 349, ""Control"": 407, ""File Transfer"": 37, ""Streaming"": 589}",145770,checkpoints/VNAT_8s_tcp_duration_3feat_seed1/VNAT_8s_tcpdur_random70_stratified_flowlevel_splitseed42_3feat_nst_100ms_seed1.pth,1891202,20.4,OK,,"{""torch"": ""2.4.1+cu121"", ""cuda"": ""12.1"", ""gpu"": ""NVIDIA RTX A4500"", ""numpy"": ""1.26.0"", ""python"": ""3.10.12"", ""deterministic"": true, ""grad_clip_max_norm"": 1.0, ""CUBLAS_WORKSPACE_CONFIG"": "":4096:8"", ""CUDA_VISIBLE_DEVICES"": ""2""}",2026-08-21T15:09:58
VNAT_8s_tcpdur_random70_stratified_flowlevel_splitseed42_3feat_nst_100ms_seed2,VNAT,VNAT_8s_tcp_duration,8,random70_stratified_flowlevel_splitseed42,42,278befae3cd3e10e,Validation,4,nst,3feat,100ms,81,3,2,64,1382,598,best_val,10,12345,0,True,True,1.0,20.2526,100.0,21,54.7479,57.2412,57.1906,57.2412,"{""Chat"": 62.716, ""Control"": 71.52, ""File Transfer"": 68.966, ""Streaming"": 25.763}","{""Chat"": 51.004, ""Control"": 56.61, ""File Transfer"": 71.429, ""Streaming"": 95.0}","{""Chat"": 81.41, ""Control"": 97.093, ""File Transfer"": 66.667, ""Streaming"": 14.902}","{""Chat"": 156, ""Control"": 172, ""File Transfer"": 15, ""Streaming"": 255}","{""Chat"": 0.989971, ""Control"": 0.848894, ""File Transfer"": 9.337838, ""Streaming"": 0.586587}","{""Chat"": 349, ""Control"": 407, ""File Transfer"": 37, ""Streaming"": 589}",145770,checkpoints/VNAT_8s_tcp_duration_3feat_seed2/VNAT_8s_tcpdur_random70_stratified_flowlevel_splitseed42_3feat_nst_100ms_seed2.pth,1891202,11.9,OK,,"{""torch"": ""2.4.1+cu121"", ""cuda"": ""12.1"", ""gpu"": ""NVIDIA RTX A4500"", ""numpy"": ""1.26.0"", ""python"": ""3.10.12"", ""deterministic"": true, ""grad_clip_max_norm"": 1.0, ""CUBLAS_WORKSPACE_CONFIG"": "":4096:8"", ""CUDA_VISIBLE_DEVICES"": ""2""}",2026-08-21T15:10:10
VNAT_8s_tcpdur_random70_stratified_flowlevel_splitseed42_3feat_autoformer_100ms_seed0,VNAT,VNAT_8s_tcp_duration,8,random70_stratified_flowlevel_splitseed42,42,278befae3cd3e10e,Validation,4,autoformer,3feat,100ms,81,3,0,256,1382,598,best_val,25,12345,0,True,True,1.0,10.4733,100.0,43,65.9933,69.4632,71.5719,69.4632,"{""Chat"": 63.684, ""Control"": 86.262, ""File Transfer"": 58.824, ""Streaming"": 69.083}","{""Chat"": 54.018, ""Control"": 95.745, ""File Transfer"": 52.632, ""Streaming"": 75.701}","{""Chat"": 77.564, ""Control"": 78.488, ""File Transfer"": 66.667, ""Streaming"": 63.529}","{""Chat"": 156, ""Control"": 172, ""File Transfer"": 15, ""Streaming"": 255}","{""Chat"": 0.989971, ""Control"": 0.848894, ""File Transfer"": 9.337838, ""Streaming"": 0.586587}","{""Chat"": 349, ""Control"": 407, ""File Transfer"": 37, ""Streaming"": 589}",120580,checkpoints/VNAT_8s_tcp_duration_3feat_seed0/VNAT_8s_tcpdur_random70_stratified_flowlevel_splitseed42_3feat_autoformer_100ms_seed0.pth,1779906,15.0,OK,,"{""torch"": ""2.4.1+cu121"", ""cuda"": ""12.1"", ""gpu"": ""NVIDIA RTX A4500"", ""numpy"": ""1.26.0"", ""python"": ""3.10.12"", ""deterministic"": true, ""grad_clip_max_norm"": 1.0, ""CUBLAS_WORKSPACE_CONFIG"": "":4096:8"", ""CUDA_VISIBLE_DEVICES"": ""2""}",2026-08-21T15:10:25
VNAT_8s_tcpdur_random70_stratified_flowlevel_splitseed42_3feat_autoformer_100ms_seed1,VNAT,VNAT_8s_tcp_duration,8,random70_stratified_flowlevel_splitseed42,42,278befae3cd3e10e,Validation,4,autoformer,3feat,100ms,81,3,1,256,1382,598,best_val,17,12345,0,True,True,1.0,9.6592,100.0,36,65.8412,69.9388,71.7391,69.9388,"{""Chat"": 62.916, ""Control"": 87.037, ""File Transfer"": 60.606, ""Streaming"": 69.196}","{""Chat"": 52.34, ""Control"": 92.763, ""File Transfer"": 55.556, ""Streaming"": 80.311}","{""Chat"": 78.846, ""Control"": 81.977, ""File Transfer"": 66.667, ""Streaming"": 60.784}","{""Chat"": 156, ""Control"": 172, ""File Transfer"": 15, ""Streaming"": 255}","{""Chat"": 0.989971, ""Control"": 0.848894, ""File Transfer"": 9.337838, ""Streaming"": 0.586587}","{""Chat"": 349, ""Control"": 407, ""File Transfer"": 37, ""Streaming"": 589}",120580,checkpoints/VNAT_8s_tcp_duration_3feat_seed1/VNAT_8s_tcpdur_random70_stratified_flowlevel_splitseed42_3feat_autoformer_100ms_seed1.pth,1779906,13.2,OK,,"{""torch"": ""2.4.1+cu121"", ""cuda"": ""12.1"", ""gpu"": ""NVIDIA RTX A4500"", ""numpy"": ""1.26.0"", ""python"": ""3.10.12"", ""deterministic"": true, ""grad_clip_max_norm"": 1.0, ""CUBLAS_WORKSPACE_CONFIG"": "":4096:8"", ""CUDA_VISIBLE_DEVICES"": ""2""}",2026-08-21T15:10:38
VNAT_8s_tcpdur_random70_stratified_flowlevel_splitseed42_3feat_autoformer_100ms_seed2,VNAT,VNAT_8s_tcp_duration,8,random70_stratified_flowlevel_splitseed42,42,278befae3cd3e10e,Validation,4,autoformer,3feat,100ms,81,3,2,256,1382,598,best_val,10,12345,0,True,True,1.0,9.362,100.0,37,54.479,61.4099,63.8796,61.4099,"{""Chat"": 64.563, ""Control"": 67.424, ""File Transfer"": 51.282, ""Streaming"": 62.37}","{""Chat"": 51.953, ""Control"": 96.739, ""File Transfer"": 41.667, ""Streaming"": 66.372}","{""Chat"": 85.256, ""Control"": 51.744, ""File Transfer"": 66.667, ""Streaming"": 58.824}","{""Chat"": 156, ""Control"": 172, ""File Transfer"": 15, ""Streaming"": 255}","{""Chat"": 0.989971, ""Control"": 0.848894, ""File Transfer"": 9.337838, ""Streaming"": 0.586587}","{""Chat"": 349, ""Control"": 407, ""File Transfer"": 37, ""Streaming"": 589}",120580,checkpoints/VNAT_8s_tcp_duration_3feat_seed2/VNAT_8s_tcpdur_random70_stratified_flowlevel_splitseed42_3feat_autoformer_100ms_seed2.pth,1779906,13.8,OK,,"{""torch"": ""2.4.1+cu121"", ""cuda"": ""12.1"", ""gpu"": ""NVIDIA RTX A4500"", ""numpy"": ""1.26.0"", ""python"": ""3.10.12"", ""deterministic"": true, ""grad_clip_max_norm"": 1.0, ""CUBLAS_WORKSPACE_CONFIG"": "":4096:8"", ""CUDA_VISIBLE_DEVICES"": ""2""}",2026-08-21T15:10:52
VNAT_8s_tcpdur_random70_stratified_flowlevel_splitseed42_3feat_fedformer_100ms_seed0,VNAT,VNAT_8s_tcp_duration,8,random70_stratified_flowlevel_splitseed42,42,278befae3cd3e10e,Validation,4,fedformer,3feat,100ms,81,3,0,256,1382,598,best_val,17,12345,4,True,True,1.0,8.7257,100.0,29,56.4547,56.5549,55.6856,56.5549,"{""Chat"": 62.635, ""Control"": 69.856, ""File Transfer"": 71.429, ""Streaming"": 22.3}","{""Chat"": 47.231, ""Control"": 59.35, ""File Transfer"": 76.923, ""Streaming"": 100.0}","{""Chat"": 92.949, ""Control"": 84.884, ""File Transfer"": 66.667, ""Streaming"": 12.549}","{""Chat"": 156, ""Control"": 172, ""File Transfer"": 15, ""Streaming"": 255}","{""Chat"": 0.989971, ""Control"": 0.848894, ""File Transfer"": 9.337838, ""Streaming"": 0.586587}","{""Chat"": 349, ""Control"": 407, ""File Transfer"": 37, ""Streaming"": 589}",334981,checkpoints/VNAT_8s_tcp_duration_3feat_seed0/VNAT_8s_tcpdur_random70_stratified_flowlevel_splitseed42_3feat_fedformer_100ms_seed0.pth,3936044,52.1,OK,,"{""torch"": ""2.4.1+cu121"", ""cuda"": ""12.1"", ""gpu"": ""NVIDIA RTX A4500"", ""numpy"": ""1.26.0"", ""python"": ""3.10.12"", ""deterministic"": true, ""grad_clip_max_norm"": 1.0, ""CUBLAS_WORKSPACE_CONFIG"": "":4096:8"", ""CUDA_VISIBLE_DEVICES"": ""2""}",2026-08-21T15:11:44
VNAT_8s_tcpdur_random70_stratified_flowlevel_splitseed42_3feat_fedformer_100ms_seed1,VNAT,VNAT_8s_tcp_duration,8,random70_stratified_flowlevel_splitseed42,42,278befae3cd3e10e,Validation,4,fedformer,3feat,100ms,81,3,1,256,1382,598,best_val,10,12345,4,True,True,1.0,8.1431,100.0,22,53.3355,51.2836,48.6622,51.2836,"{""Chat"": 53.649, ""Control"": 64.23, ""File Transfer"": 71.429, ""Streaming"": 15.827}","{""Chat"": 38.746, ""Control"": 58.294, ""File Transfer"": 76.923, ""Streaming"": 95.652}","{""Chat"": 87.179, ""Control"": 71.512, ""File Transfer"": 66.667, ""Streaming"": 8.627}","{""Chat"": 156, ""Control"": 172, ""File Transfer"": 15, ""Streaming"": 255}","{""Chat"": 0.989971, ""Control"": 0.848894, ""File Transfer"": 9.337838, ""Streaming"": 0.586587}","{""Chat"": 349, ""Control"": 407, ""File Transfer"": 37, ""Streaming"": 589}",334981,checkpoints/VNAT_8s_tcp_duration_3feat_seed1/VNAT_8s_tcpdur_random70_stratified_flowlevel_splitseed42_3feat_fedformer_100ms_seed1.pth,3936044,40.4,OK,,"{""torch"": ""2.4.1+cu121"", ""cuda"": ""12.1"", ""gpu"": ""NVIDIA RTX A4500"", ""numpy"": ""1.26.0"", ""python"": ""3.10.12"", ""deterministic"": true, ""grad_clip_max_norm"": 1.0, ""CUBLAS_WORKSPACE_CONFIG"": "":4096:8"", ""CUDA_VISIBLE_DEVICES"": ""2""}",2026-08-21T15:12:25
VNAT_8s_tcpdur_random70_stratified_flowlevel_splitseed42_3feat_fedformer_100ms_seed2,VNAT,VNAT_8s_tcp_duration,8,random70_stratified_flowlevel_splitseed42,42,278befae3cd3e10e,Validation,4,fedformer,3feat,100ms,81,3,2,256,1382,598,best_val,12,12345,4,True,True,1.0,9.3257,100.0,26,53.3521,56.5416,54.6823,56.5416,"{""Chat"": 60.28, ""Control"": 68.444, ""File Transfer"": 74.074, ""Streaming"": 23.368}","{""Chat"": 47.426, ""Control"": 55.396, ""File Transfer"": 83.333, ""Streaming"": 94.444}","{""Chat"": 82.692, ""Control"": 89.535, ""File Transfer"": 66.667, ""Streaming"": 13.333}","{""Chat"": 156, ""Control"": 172, ""File Transfer"": 15, ""Streaming"": 255}","{""Chat"": 0.989971, ""Control"": 0.848894, ""File Transfer"": 9.337838, ""Streaming"": 0.586587}","{""Chat"": 349, ""Control"": 407, ""File Transfer"": 37, ""Streaming"": 589}",334981,checkpoints/VNAT_8s_tcp_duration_3feat_seed2/VNAT_8s_tcpdur_random70_stratified_flowlevel_splitseed42_3feat_fedformer_100ms_seed2.pth,3936044,47.6,OK,,"{""torch"": ""2.4.1+cu121"", ""cuda"": ""12.1"", ""gpu"": ""NVIDIA RTX A4500"", ""numpy"": ""1.26.0"", ""python"": ""3.10.12"", ""deterministic"": true, ""grad_clip_max_norm"": 1.0, ""CUBLAS_WORKSPACE_CONFIG"": "":4096:8"", ""CUDA_VISIBLE_DEVICES"": ""2""}",2026-08-21T15:13:13
VNAT_8s_tcpdur_random70_stratified_flowlevel_splitseed42_3feat_timemixer_100ms_seed0,VNAT,VNAT_8s_tcp_duration,8,random70_stratified_flowlevel_splitseed42,42,278befae3cd3e10e,Validation,4,timemixer,3feat,100ms,81,3,0,256,1382,598,best_val,10,12345,0,True,True,1.0,5.2099,11.59,23,36.5404,34.3304,31.9398,34.3304,"{""Chat"": 43.882, ""Control"": 0.0, ""File Transfer"": 75.0, ""Streaming"": 18.44}","{""Chat"": 28.108, ""Control"": 0.0, ""File Transfer"": 100.0, ""Streaming"": 96.296}","{""Chat"": 100.0, ""Control"": 0.0, ""File Transfer"": 60.0, ""Streaming"": 10.196}","{""Chat"": 156, ""Control"": 172, ""File Transfer"": 15, ""Streaming"": 255}","{""Chat"": 0.989971, ""Control"": 0.848894, ""File Transfer"": 9.337838, ""Streaming"": 0.586587}","{""Chat"": 349, ""Control"": 407, ""File Transfer"": 37, ""Streaming"": 589}",191468,checkpoints/VNAT_8s_tcp_duration_3feat_seed0/VNAT_8s_tcpdur_random70_stratified_flowlevel_splitseed42_3feat_timemixer_100ms_seed0.pth,2082826,7.4,OK,,"{""torch"": ""2.4.1+cu121"", ""cuda"": ""12.1"", ""gpu"": ""NVIDIA RTX A4500"", ""numpy"": ""1.26.0"", ""python"": ""3.10.12"", ""deterministic"": true, ""grad_clip_max_norm"": 1.0, ""CUBLAS_WORKSPACE_CONFIG"": "":4096:8"", ""CUDA_VISIBLE_DEVICES"": ""2""}",2026-08-21T15:13:20
VNAT_8s_tcpdur_random70_stratified_flowlevel_splitseed42_3feat_timemixer_100ms_seed1,VNAT,VNAT_8s_tcp_duration,8,random70_stratified_flowlevel_splitseed42,42,278befae3cd3e10e,Validation,4,timemixer,3feat,100ms,81,3,1,256,1382,598,best_val,8,12345,0,True,True,1.0,6.4802,9.09,22,43.2446,36.8846,36.2876,36.8846,"{""Chat"": 0.0, ""Control"": 47.368, ""File Transfer"": 75.0, ""Streaming"": 25.17}","{""Chat"": 0.0, ""Control"": 31.091, ""File Transfer"": 100.0, ""Streaming"": 94.872}","{""Chat"": 0.0, ""Control"": 99.419, ""File Transfer"": 60.0, ""Streaming"": 14.51}","{""Chat"": 156, ""Control"": 172, ""File Transfer"": 15, ""Streaming"": 255}","{""Chat"": 0.989971, ""Control"": 0.848894, ""File Transfer"": 9.337838, ""Streaming"": 0.586587}","{""Chat"": 349, ""Control"": 407, ""File Transfer"": 37, ""Streaming"": 589}",191468,checkpoints/VNAT_8s_tcp_duration_3feat_seed1/VNAT_8s_tcpdur_random70_stratified_flowlevel_splitseed42_3feat_timemixer_100ms_seed1.pth,2082826,7.1,OK,,"{""torch"": ""2.4.1+cu121"", ""cuda"": ""12.1"", ""gpu"": ""NVIDIA RTX A4500"", ""numpy"": ""1.26.0"", ""python"": ""3.10.12"", ""deterministic"": true, ""grad_clip_max_norm"": 1.0, ""CUBLAS_WORKSPACE_CONFIG"": "":4096:8"", ""CUDA_VISIBLE_DEVICES"": ""2""}",2026-08-21T15:13:28
VNAT_8s_tcpdur_random70_stratified_flowlevel_splitseed42_3feat_timemixer_100ms_seed2,VNAT,VNAT_8s_tcp_duration,8,random70_stratified_flowlevel_splitseed42,42,278befae3cd3e10e,Validation,4,timemixer,3feat,100ms,81,3,2,256,1382,598,best_val,9,12345,0,True,True,1.0,4.7757,6.52,23,37.2072,35.2568,32.9431,35.2568,"{""Chat"": 43.882, ""Control"": 0.0, ""File Transfer"": 75.0, ""Streaming"": 22.145}","{""Chat"": 28.108, ""Control"": 0.0, ""File Transfer"": 100.0, ""Streaming"": 94.118}","{""Chat"": 100.0, ""Control"": 0.0, ""File Transfer"": 60.0, ""Streaming"": 12.549}","{""Chat"": 156, ""Control"": 172, ""File Transfer"": 15, ""Streaming"": 255}","{""Chat"": 0.989971, ""Control"": 0.848894, ""File Transfer"": 9.337838, ""Streaming"": 0.586587}","{""Chat"": 349, ""Control"": 407, ""File Transfer"": 37, ""Streaming"": 589}",191468,checkpoints/VNAT_8s_tcp_duration_3feat_seed2/VNAT_8s_tcpdur_random70_stratified_flowlevel_splitseed42_3feat_timemixer_100ms_seed2.pth,2082826,8.2,OK,,"{""torch"": ""2.4.1+cu121"", ""cuda"": ""12.1"", ""gpu"": ""NVIDIA RTX A4500"", ""numpy"": ""1.26.0"", ""python"": ""3.10.12"", ""deterministic"": true, ""grad_clip_max_norm"": 1.0, ""CUBLAS_WORKSPACE_CONFIG"": "":4096:8"", ""CUDA_VISIBLE_DEVICES"": ""2""}",2026-08-21T15:13:36
VNAT_8s_tcpdur_random70_stratified_flowlevel_splitseed42_3feat_timesnet_150ms_seed0,VNAT,VNAT_8s_tcp_duration,8,random70_stratified_flowlevel_splitseed42,42,278befae3cd3e10e,Validation,4,timesnet,3feat,150ms,54,3,0,256,1382,598,best_val,13,12345,0,True,True,1.0,8.3009,100.0,21,45.3557,53.6135,52.5084,53.6135,"{""Chat"": 61.605, ""Control"": 65.741, ""File Transfer"": 72.0, ""Streaming"": 15.108}","{""Chat"": 46.557, ""Control"": 54.615, ""File Transfer"": 90.0, ""Streaming"": 91.304}","{""Chat"": 91.026, ""Control"": 82.558, ""File Transfer"": 60.0, ""Streaming"": 8.235}","{""Chat"": 156, ""Control"": 172, ""File Transfer"": 15, ""Streaming"": 255}","{""Chat"": 0.989971, ""Control"": 0.848894, ""File Transfer"": 9.337838, ""Streaming"": 0.586587}","{""Chat"": 349, ""Control"": 407, ""File Transfer"": 37, ""Streaming"": 589}",9388804,checkpoints/VNAT_8s_tcp_duration_3feat_seed0/VNAT_8s_tcpdur_random70_stratified_flowlevel_splitseed42_3feat_timesnet_150ms_seed0.pth,38864702,20.4,OK,,"{""torch"": ""2.4.1+cu121"", ""cuda"": ""12.1"", ""gpu"": ""NVIDIA RTX A4500"", ""numpy"": ""1.26.0"", ""python"": ""3.10.12"", ""deterministic"": true, ""grad_clip_max_norm"": 1.0, ""CUBLAS_WORKSPACE_CONFIG"": "":4096:8"", ""CUDA_VISIBLE_DEVICES"": ""2""}",2026-08-21T15:13:57
VNAT_8s_tcpdur_random70_stratified_flowlevel_splitseed42_3feat_timesnet_150ms_seed1,VNAT,VNAT_8s_tcp_duration,8,random70_stratified_flowlevel_splitseed42,42,278befae3cd3e10e,Validation,4,timesnet,3feat,150ms,54,3,1,256,1382,598,best_val,3,12345,0,True,True,1.0,8.1794,100.0,18,40.0448,43.7598,50.1672,43.7598,"{""Chat"": 0.0, ""Control"": 40.167, ""File Transfer"": 72.0, ""Streaming"": 62.872}","{""Chat"": 0.0, ""Control"": 71.642, ""File Transfer"": 90.0, ""Streaming"": 46.911}","{""Chat"": 0.0, ""Control"": 27.907, ""File Transfer"": 60.0, ""Streaming"": 95.294}","{""Chat"": 156, ""Control"": 172, ""File Transfer"": 15, ""Streaming"": 255}","{""Chat"": 0.989971, ""Control"": 0.848894, ""File Transfer"": 9.337838, ""Streaming"": 0.586587}","{""Chat"": 349, ""Control"": 407, ""File Transfer"": 37, ""Streaming"": 589}",9388804,checkpoints/VNAT_8s_tcp_duration_3feat_seed1/VNAT_8s_tcpdur_random70_stratified_flowlevel_splitseed42_3feat_timesnet_150ms_seed1.pth,38864702,17.4,OK,,"{""torch"": ""2.4.1+cu121"", ""cuda"": ""12.1"", ""gpu"": ""NVIDIA RTX A4500"", ""numpy"": ""1.26.0"", ""python"": ""3.10.12"", ""deterministic"": true, ""grad_clip_max_norm"": 1.0, ""CUBLAS_WORKSPACE_CONFIG"": "":4096:8"", ""CUDA_VISIBLE_DEVICES"": ""2""}",2026-08-21T15:14:14
VNAT_8s_tcpdur_random70_stratified_flowlevel_splitseed42_3feat_timesnet_150ms_seed2,VNAT,VNAT_8s_tcp_duration,8,random70_stratified_flowlevel_splitseed42,42,278befae3cd3e10e,Validation,4,timesnet,3feat,150ms,54,3,2,256,1382,598,best_val,30,12345,0,True,True,1.0,7.4954,100.0,38,44.1426,54.4065,51.3378,54.4065,"{""Chat"": 56.048, ""Control"": 64.045, ""File Transfer"": 69.231, ""Streaming"": 28.302}","{""Chat"": 40.882, ""Control"": 61.957, ""File Transfer"": 81.818, ""Streaming"": 71.429}","{""Chat"": 89.103, ""Control"": 66.279, ""File Transfer"": 60.0, ""Streaming"": 17.647}","{""Chat"": 156, ""Control"": 172, ""File Transfer"": 15, ""Streaming"": 255}","{""Chat"": 0.989971, ""Control"": 0.848894, ""File Transfer"": 9.337838, ""Streaming"": 0.586587}","{""Chat"": 349, ""Control"": 407, ""File Transfer"": 37, ""Streaming"": 589}",9388804,checkpoints/VNAT_8s_tcp_duration_3feat_seed2/VNAT_8s_tcpdur_random70_stratified_flowlevel_splitseed42_3feat_timesnet_150ms_seed2.pth,38864702,37.2,OK,,"{""torch"": ""2.4.1+cu121"", ""cuda"": ""12.1"", ""gpu"": ""NVIDIA RTX A4500"", ""numpy"": ""1.26.0"", ""python"": ""3.10.12"", ""deterministic"": true, ""grad_clip_max_norm"": 1.0, ""CUBLAS_WORKSPACE_CONFIG"": "":4096:8"", ""CUDA_VISIBLE_DEVICES"": ""2""}",2026-08-21T15:14:52
VNAT_8s_tcpdur_random70_stratified_flowlevel_splitseed42_3feat_informer_150ms_seed0,VNAT,VNAT_8s_tcp_duration,8,random70_stratified_flowlevel_splitseed42,42,278befae3cd3e10e,Validation,4,informer,3feat,150ms,54,3,0,64,1382,598,best_val,14,12345,0,True,True,1.0,32.6517,100.0,26,78.7613,81.6941,79.2642,73.46,"{""Chat"": 74.286, ""Control"": 91.667, ""File Transfer"": 51.282, ""Streaming"": 76.606}","{""Chat"": 62.445, ""Control"": 93.902, ""File Transfer"": 41.667, ""Streaming"": 92.265}","{""Chat"": 91.667, ""Control"": 89.535, ""File Transfer"": 66.667, ""Streaming"": 65.49}","{""Chat"": 156, ""Control"": 172, ""File Transfer"": 15, ""Streaming"": 255}","{""Chat"": 0.989971, ""Control"": 0.848894, ""File Transfer"": 9.337838, ""Streaming"": 0.586587}","{""Chat"": 349, ""Control"": 407, ""File Transfer"": 37, ""Streaming"": 589}",2732037,checkpoints/VNAT_8s_tcp_duration_3feat_seed0/VNAT_8s_tcpdur_random70_stratified_flowlevel_splitseed42_3feat_informer_150ms_seed0.pth,21212246,24.0,OK,,"{""torch"": ""2.4.1+cu121"", ""cuda"": ""12.1"", ""gpu"": ""NVIDIA RTX A4500"", ""numpy"": ""1.26.0"", ""python"": ""3.10.12"", ""deterministic"": true, ""grad_clip_max_norm"": 1.0, ""CUBLAS_WORKSPACE_CONFIG"": "":4096:8"", ""CUDA_VISIBLE_DEVICES"": ""2""}",2026-08-21T15:15:16
VNAT_8s_tcpdur_random70_stratified_flowlevel_splitseed42_3feat_informer_150ms_seed1,VNAT,VNAT_8s_tcp_duration,8,random70_stratified_flowlevel_splitseed42,42,278befae3cd3e10e,Validation,4,informer,3feat,150ms,54,3,1,64,1382,598,best_val,18,12345,0,True,True,1.0,25.8783,100.0,30,77.3458,83.6565,80.2676,75.7937,"{""Chat"": 74.934, ""Control"": 91.765, ""File Transfer"": 58.824, ""Streaming"": 77.652}","{""Chat"": 63.677, ""Control"": 92.857, ""File Transfer"": 52.632, ""Streaming"": 91.489}","{""Chat"": 91.026, ""Control"": 90.698, ""File Transfer"": 66.667, ""Streaming"": 67.451}","{""Chat"": 156, ""Control"": 172, ""File Transfer"": 15, ""Streaming"": 255}","{""Chat"": 0.989971, ""Control"": 0.848894, ""File Transfer"": 9.337838, ""Streaming"": 0.586587}","{""Chat"": 349, ""Control"": 407, ""File Transfer"": 37, ""Streaming"": 589}",2732037,checkpoints/VNAT_8s_tcp_duration_3feat_seed1/VNAT_8s_tcpdur_random70_stratified_flowlevel_splitseed42_3feat_informer_150ms_seed1.pth,21212246,27.9,OK,,"{""torch"": ""2.4.1+cu121"", ""cuda"": ""12.1"", ""gpu"": ""NVIDIA RTX A4500"", ""numpy"": ""1.26.0"", ""python"": ""3.10.12"", ""deterministic"": true, ""grad_clip_max_norm"": 1.0, ""CUBLAS_WORKSPACE_CONFIG"": "":4096:8"", ""CUDA_VISIBLE_DEVICES"": ""2""}",2026-08-21T15:15:44
VNAT_8s_tcpdur_random70_stratified_flowlevel_splitseed42_3feat_informer_150ms_seed2,VNAT,VNAT_8s_tcp_duration,8,random70_stratified_flowlevel_splitseed42,42,278befae3cd3e10e,Validation,4,informer,3feat,150ms,54,3,2,64,1382,598,best_val,12,12345,0,True,True,1.0,37.5008,100.0,24,80.6235,80.567,81.1037,80.623,"{""Chat"": 74.419, ""Control"": 93.878, ""File Transfer"": 76.923, ""Streaming"": 77.273}","{""Chat"": 62.338, ""Control"": 94.152, ""File Transfer"": 90.909, ""Streaming"": 91.892}","{""Chat"": 92.308, ""Control"": 93.605, ""File Transfer"": 66.667, ""Streaming"": 66.667}","{""Chat"": 156, ""Control"": 172, ""File Transfer"": 15, ""Streaming"": 255}","{""Chat"": 0.989971, ""Control"": 0.848894, ""File Transfer"": 9.337838, ""Streaming"": 0.586587}","{""Chat"": 349, ""Control"": 407, ""File Transfer"": 37, ""Streaming"": 589}",2732037,checkpoints/VNAT_8s_tcp_duration_3feat_seed2/VNAT_8s_tcpdur_random70_stratified_flowlevel_splitseed42_3feat_informer_150ms_seed2.pth,21212246,21.4,OK,,"{""torch"": ""2.4.1+cu121"", ""cuda"": ""12.1"", ""gpu"": ""NVIDIA RTX A4500"", ""numpy"": ""1.26.0"", ""python"": ""3.10.12"", ""deterministic"": true, ""grad_clip_max_norm"": 1.0, ""CUBLAS_WORKSPACE_CONFIG"": "":4096:8"", ""CUDA_VISIBLE_DEVICES"": ""2""}",2026-08-21T15:16:06
VNAT_8s_tcpdur_random70_stratified_flowlevel_splitseed42_3feat_nst_150ms_seed0,VNAT,VNAT_8s_tcp_duration,8,random70_stratified_flowlevel_splitseed42,42,278befae3cd3e10e,Validation,4,nst,3feat,150ms,54,3,0,64,1382,598,best_val,7,12345,0,True,True,1.0,15.4498,100.0,20,53.2792,68.6288,67.5585,68.6288,"{""Chat"": 60.927, ""Control"": 85.217, ""File Transfer"": 69.231, ""Streaming"": 59.14}","{""Chat"": 46.465, ""Control"": 84.971, ""File Transfer"": 81.818, ""Streaming"": 94.017}","{""Chat"": 88.462, ""Control"": 85.465, ""File Transfer"": 60.0, ""Streaming"": 43.137}","{""Chat"": 156, ""Control"": 172, ""File Transfer"": 15, ""Streaming"": 255}","{""Chat"": 0.989971, ""Control"": 0.848894, ""File Transfer"": 9.337838, ""Streaming"": 0.586587}","{""Chat"": 349, ""Control"": 407, ""File Transfer"": 37, ""Streaming"": 589}",136968,checkpoints/VNAT_8s_tcp_duration_3feat_seed0/VNAT_8s_tcpdur_random70_stratified_flowlevel_splitseed42_3feat_nst_150ms_seed0.pth,1856002,13.2,OK,,"{""torch"": ""2.4.1+cu121"", ""cuda"": ""12.1"", ""gpu"": ""NVIDIA RTX A4500"", ""numpy"": ""1.26.0"", ""python"": ""3.10.12"", ""deterministic"": true, ""grad_clip_max_norm"": 1.0, ""CUBLAS_WORKSPACE_CONFIG"": "":4096:8"", ""CUDA_VISIBLE_DEVICES"": ""2""}",2026-08-21T15:16:19
VNAT_8s_tcpdur_random70_stratified_flowlevel_splitseed42_3feat_nst_150ms_seed1,VNAT,VNAT_8s_tcp_duration,8,random70_stratified_flowlevel_splitseed42,42,278befae3cd3e10e,Validation,4,nst,3feat,150ms,54,3,1,64,1382,598,best_val,25,12345,0,True,True,1.0,15.5944,100.0,35,77.4571,79.6345,78.9298,79.6345,"{""Chat"": 72.081, ""Control"": 91.691, ""File Transfer"": 80.0, ""Streaming"": 74.766}","{""Chat"": 59.664, ""Control"": 90.395, ""File Transfer"": 100.0, ""Streaming"": 92.486}","{""Chat"": 91.026, ""Control"": 93.023, ""File Transfer"": 66.667, ""Streaming"": 62.745}","{""Chat"": 156, ""Control"": 172, ""File Transfer"": 15, ""Streaming"": 255}","{""Chat"": 0.989971, ""Control"": 0.848894, ""File Transfer"": 9.337838, ""Streaming"": 0.586587}","{""Chat"": 349, ""Control"": 407, ""File Transfer"": 37, ""Streaming"": 589}",136968,checkpoints/VNAT_8s_tcp_duration_3feat_seed1/VNAT_8s_tcpdur_random70_stratified_flowlevel_splitseed42_3feat_nst_150ms_seed1.pth,1856002,28.2,OK,,"{""torch"": ""2.4.1+cu121"", ""cuda"": ""12.1"", ""gpu"": ""NVIDIA RTX A4500"", ""numpy"": ""1.26.0"", ""python"": ""3.10.12"", ""deterministic"": true, ""grad_clip_max_norm"": 1.0, ""CUBLAS_WORKSPACE_CONFIG"": "":4096:8"", ""CUDA_VISIBLE_DEVICES"": ""2""}",2026-08-21T15:16:47
VNAT_8s_tcpdur_random70_stratified_flowlevel_splitseed42_3feat_nst_150ms_seed2,VNAT,VNAT_8s_tcp_duration,8,random70_stratified_flowlevel_splitseed42,42,278befae3cd3e10e,Validation,4,nst,3feat,150ms,54,3,2,64,1382,598,best_val,12,12345,0,True,True,1.0,13.1843,100.0,32,54.1952,60.8278,58.3612,60.8278,"{""Chat"": 60.291, ""Control"": 77.238, ""File Transfer"": 76.923, ""Streaming"": 28.859}","{""Chat"": 44.615, ""Control"": 68.95, ""File Transfer"": 90.909, ""Streaming"": 100.0}","{""Chat"": 92.949, ""Control"": 87.791, ""File Transfer"": 66.667, ""Streaming"": 16.863}","{""Chat"": 156, ""Control"": 172, ""File Transfer"": 15, ""Streaming"": 255}","{""Chat"": 0.989971, ""Control"": 0.848894, ""File Transfer"": 9.337838, ""Streaming"": 0.586587}","{""Chat"": 349, ""Control"": 407, ""File Transfer"": 37, ""Streaming"": 589}",136968,checkpoints/VNAT_8s_tcp_duration_3feat_seed2/VNAT_8s_tcpdur_random70_stratified_flowlevel_splitseed42_3feat_nst_150ms_seed2.pth,1856002,27.3,OK,,"{""torch"": ""2.4.1+cu121"", ""cuda"": ""12.1"", ""gpu"": ""NVIDIA RTX A4500"", ""numpy"": ""1.26.0"", ""python"": ""3.10.12"", ""deterministic"": true, ""grad_clip_max_norm"": 1.0, ""CUBLAS_WORKSPACE_CONFIG"": "":4096:8"", ""CUDA_VISIBLE_DEVICES"": ""2""}",2026-08-21T15:17:14
VNAT_8s_tcpdur_random70_stratified_flowlevel_splitseed42_3feat_autoformer_150ms_seed0,VNAT,VNAT_8s_tcp_duration,8,random70_stratified_flowlevel_splitseed42,42,278befae3cd3e10e,Validation,4,autoformer,3feat,150ms,54,3,0,256,1382,598,best_val,21,12345,0,True,True,1.0,7.3381,100.0,29,60.8068,58.6659,56.1873,58.6659,"{""Chat"": 51.737, ""Control"": 79.355, ""File Transfer"": 62.5, ""Streaming"": 41.071}","{""Chat"": 37.017, ""Control"": 89.13, ""File Transfer"": 58.824, ""Streaming"": 85.185}","{""Chat"": 85.897, ""Control"": 71.512, ""File Transfer"": 66.667, ""Streaming"": 27.059}","{""Chat"": 156, ""Control"": 172, ""File Transfer"": 15, ""Streaming"": 255}","{""Chat"": 0.989971, ""Control"": 0.848894, ""File Transfer"": 9.337838, ""Streaming"": 0.586587}","{""Chat"": 349, ""Control"": 407, ""File Transfer"": 37, ""Streaming"": 589}",113668,checkpoints/VNAT_8s_tcp_duration_3feat_seed0/VNAT_8s_tcpdur_random70_stratified_flowlevel_splitseed42_3feat_autoformer_150ms_seed0.pth,1752258,12.0,OK,,"{""torch"": ""2.4.1+cu121"", ""cuda"": ""12.1"", ""gpu"": ""NVIDIA RTX A4500"", ""numpy"": ""1.26.0"", ""python"": ""3.10.12"", ""deterministic"": true, ""grad_clip_max_norm"": 1.0, ""CUBLAS_WORKSPACE_CONFIG"": "":4096:8"", ""CUDA_VISIBLE_DEVICES"": ""2""}",2026-08-21T15:17:27
VNAT_8s_tcpdur_random70_stratified_flowlevel_splitseed42_3feat_autoformer_150ms_seed1,VNAT,VNAT_8s_tcp_duration,8,random70_stratified_flowlevel_splitseed42,42,278befae3cd3e10e,Validation,4,autoformer,3feat,150ms,54,3,1,256,1382,598,best_val,40,12345,0,True,True,1.0,8.6895,100.0,48,66.6785,65.4075,65.2174,65.4075,"{""Chat"": 57.965, ""Control"": 89.535, ""File Transfer"": 62.5, ""Streaming"": 51.63}","{""Chat"": 44.257, ""Control"": 89.535, ""File Transfer"": 58.824, ""Streaming"": 84.071}","{""Chat"": 83.974, ""Control"": 89.535, ""File Transfer"": 66.667, ""Streaming"": 37.255}","{""Chat"": 156, ""Control"": 172, ""File Transfer"": 15, ""Streaming"": 255}","{""Chat"": 0.989971, ""Control"": 0.848894, ""File Transfer"": 9.337838, ""Streaming"": 0.586587}","{""Chat"": 349, ""Control"": 407, ""File Transfer"": 37, ""Streaming"": 589}",113668,checkpoints/VNAT_8s_tcp_duration_3feat_seed1/VNAT_8s_tcpdur_random70_stratified_flowlevel_splitseed42_3feat_autoformer_150ms_seed1.pth,1752258,17.5,OK,,"{""torch"": ""2.4.1+cu121"", ""cuda"": ""12.1"", ""gpu"": ""NVIDIA RTX A4500"", ""numpy"": ""1.26.0"", ""python"": ""3.10.12"", ""deterministic"": true, ""grad_clip_max_norm"": 1.0, ""CUBLAS_WORKSPACE_CONFIG"": "":4096:8"", ""CUDA_VISIBLE_DEVICES"": ""2""}",2026-08-21T15:17:44
VNAT_8s_tcpdur_random70_stratified_flowlevel_splitseed42_3feat_autoformer_150ms_seed2,VNAT,VNAT_8s_tcp_duration,8,random70_stratified_flowlevel_splitseed42,42,278befae3cd3e10e,Validation,4,autoformer,3feat,150ms,54,3,2,256,1382,598,best_val,10,12345,0,True,True,1.0,6.6896,100.0,25,55.4569,60.2552,58.5284,60.2552,"{""Chat"": 53.333, ""Control"": 80.795, ""File Transfer"": 60.0, ""Streaming"": 46.893}","{""Chat"": 38.418, ""Control"": 93.846, ""File Transfer"": 60.0, ""Streaming"": 83.838}","{""Chat"": 87.179, ""Control"": 70.93, ""File Transfer"": 60.0, ""Streaming"": 32.549}","{""Chat"": 156, ""Control"": 172, ""File Transfer"": 15, ""Streaming"": 255}","{""Chat"": 0.989971, ""Control"": 0.848894, ""File Transfer"": 9.337838, ""Streaming"": 0.586587}","{""Chat"": 349, ""Control"": 407, ""File Transfer"": 37, ""Streaming"": 589}",113668,checkpoints/VNAT_8s_tcp_duration_3feat_seed2/VNAT_8s_tcpdur_random70_stratified_flowlevel_splitseed42_3feat_autoformer_150ms_seed2.pth,1752258,9.0,OK,,"{""torch"": ""2.4.1+cu121"", ""cuda"": ""12.1"", ""gpu"": ""NVIDIA RTX A4500"", ""numpy"": ""1.26.0"", ""python"": ""3.10.12"", ""deterministic"": true, ""grad_clip_max_norm"": 1.0, ""CUBLAS_WORKSPACE_CONFIG"": "":4096:8"", ""CUDA_VISIBLE_DEVICES"": ""2""}",2026-08-21T15:17:53
VNAT_8s_tcpdur_random70_stratified_flowlevel_splitseed42_3feat_fedformer_150ms_seed0,VNAT,VNAT_8s_tcp_duration,8,random70_stratified_flowlevel_splitseed42,42,278befae3cd3e10e,Validation,4,fedformer,3feat,150ms,54,3,0,256,1382,598,best_val,3,12345,4,True,True,1.0,7.0322,100.0,26,46.3593,68.655,66.0535,68.655,"{""Chat"": 64.662, ""Control"": 76.879, ""File Transfer"": 75.0, ""Streaming"": 58.08}","{""Chat"": 53.086, ""Control"": 76.437, ""File Transfer"": 100.0, ""Streaming"": 72.093}","{""Chat"": 82.692, ""Control"": 77.326, ""File Transfer"": 60.0, ""Streaming"": 48.627}","{""Chat"": 156, ""Control"": 172, ""File Transfer"": 15, ""Streaming"": 255}","{""Chat"": 0.989971, ""Control"": 0.848894, ""File Transfer"": 9.337838, ""Streaming"": 0.586587}","{""Chat"": 349, ""Control"": 407, ""File Transfer"": 37, ""Streaming"": 589}",289157,checkpoints/VNAT_8s_tcp_duration_3feat_seed0/VNAT_8s_tcpdur_random70_stratified_flowlevel_splitseed42_3feat_fedformer_150ms_seed0.pth,3752684,40.9,OK,,"{""torch"": ""2.4.1+cu121"", ""cuda"": ""12.1"", ""gpu"": ""NVIDIA RTX A4500"", ""numpy"": ""1.26.0"", ""python"": ""3.10.12"", ""deterministic"": true, ""grad_clip_max_norm"": 1.0, ""CUBLAS_WORKSPACE_CONFIG"": "":4096:8"", ""CUDA_VISIBLE_DEVICES"": ""2""}",2026-08-21T15:18:35
VNAT_8s_tcpdur_random70_stratified_flowlevel_splitseed42_3feat_fedformer_150ms_seed1,VNAT,VNAT_8s_tcp_duration,8,random70_stratified_flowlevel_splitseed42,42,278befae3cd3e10e,Validation,4,fedformer,3feat,150ms,54,3,1,256,1382,598,best_val,8,12345,4,True,True,1.0,6.9652,100.0,36,54.7613,59.4969,54.8495,59.4969,"{""Chat"": 51.923, ""Control"": 69.103, ""File Transfer"": 71.429, ""Streaming"": 45.533}","{""Chat"": 37.088, ""Control"": 80.62, ""File Transfer"": 76.923, ""Streaming"": 85.87}","{""Chat"": 86.538, ""Control"": 60.465, ""File Transfer"": 66.667, ""Streaming"": 30.98}","{""Chat"": 156, ""Control"": 172, ""File Transfer"": 15, ""Streaming"": 255}","{""Chat"": 0.989971, ""Control"": 0.848894, ""File Transfer"": 9.337838, ""Streaming"": 0.586587}","{""Chat"": 349, ""Control"": 407, ""File Transfer"": 37, ""Streaming"": 589}",289157,checkpoints/VNAT_8s_tcp_duration_3feat_seed1/VNAT_8s_tcpdur_random70_stratified_flowlevel_splitseed42_3feat_fedformer_150ms_seed1.pth,3752684,56.5,OK,,"{""torch"": ""2.4.1+cu121"", ""cuda"": ""12.1"", ""gpu"": ""NVIDIA RTX A4500"", ""numpy"": ""1.26.0"", ""python"": ""3.10.12"", ""deterministic"": true, ""grad_clip_max_norm"": 1.0, ""CUBLAS_WORKSPACE_CONFIG"": "":4096:8"", ""CUDA_VISIBLE_DEVICES"": ""2""}",2026-08-21T15:19:31
VNAT_8s_tcpdur_random70_stratified_flowlevel_splitseed42_3feat_fedformer_150ms_seed2,VNAT,VNAT_8s_tcp_duration,8,random70_stratified_flowlevel_splitseed42,42,278befae3cd3e10e,Validation,4,fedformer,3feat,150ms,54,3,2,256,1382,598,best_val,15,12345,4,True,True,1.0,7.7136,100.0,29,58.8824,56.4588,54.8495,56.4588,"{""Chat"": 60.89, ""Control"": 68.571, ""File Transfer"": 74.074, ""Streaming"": 22.3}","{""Chat"": 47.97, ""Control"": 55.124, ""File Transfer"": 83.333, ""Streaming"": 100.0}","{""Chat"": 83.333, ""Control"": 90.698, ""File Transfer"": 66.667, ""Streaming"": 12.549}","{""Chat"": 156, ""Control"": 172, ""File Transfer"": 15, ""Streaming"": 255}","{""Chat"": 0.989971, ""Control"": 0.848894, ""File Transfer"": 9.337838, ""Streaming"": 0.586587}","{""Chat"": 349, ""Control"": 407, ""File Transfer"": 37, ""Streaming"": 589}",289157,checkpoints/VNAT_8s_tcp_duration_3feat_seed2/VNAT_8s_tcpdur_random70_stratified_flowlevel_splitseed42_3feat_fedformer_150ms_seed2.pth,3752684,45.3,OK,,"{""torch"": ""2.4.1+cu121"", ""cuda"": ""12.1"", ""gpu"": ""NVIDIA RTX A4500"", ""numpy"": ""1.26.0"", ""python"": ""3.10.12"", ""deterministic"": true, ""grad_clip_max_norm"": 1.0, ""CUBLAS_WORKSPACE_CONFIG"": "":4096:8"", ""CUDA_VISIBLE_DEVICES"": ""2""}",2026-08-21T15:20:17
VNAT_8s_tcpdur_random70_stratified_flowlevel_splitseed42_3feat_timemixer_150ms_seed0,VNAT,VNAT_8s_tcp_duration,8,random70_stratified_flowlevel_splitseed42,42,278befae3cd3e10e,Validation,4,timemixer,3feat,150ms,54,3,0,256,1382,598,best_val,1,12345,0,True,True,1.0,4.2013,8.7,23,27.9984,33.1568,41.3043,33.1568,"{""Chat"": 0.0, ""Control"": 0.0, ""File Transfer"": 75.0, ""Streaming"": 57.627}","{""Chat"": 0.0, ""Control"": 0.0, ""File Transfer"": 100.0, ""Streaming"": 41.681}","{""Chat"": 0.0, ""Control"": 0.0, ""File Transfer"": 60.0, ""Streaming"": 93.333}","{""Chat"": 156, ""Control"": 172, ""File Transfer"": 15, ""Streaming"": 255}","{""Chat"": 0.989971, ""Control"": 0.848894, ""File Transfer"": 9.337838, ""Streaming"": 0.586587}","{""Chat"": 349, ""Control"": 407, ""File Transfer"": 37, ""Streaming"": 589}",164156,checkpoints/VNAT_8s_tcp_duration_3feat_seed0/VNAT_8s_tcpdur_random70_stratified_flowlevel_splitseed42_3feat_timemixer_150ms_seed0.pth,1973386,7.3,OK,,"{""torch"": ""2.4.1+cu121"", ""cuda"": ""12.1"", ""gpu"": ""NVIDIA RTX A4500"", ""numpy"": ""1.26.0"", ""python"": ""3.10.12"", ""deterministic"": true, ""grad_clip_max_norm"": 1.0, ""CUBLAS_WORKSPACE_CONFIG"": "":4096:8"", ""CUDA_VISIBLE_DEVICES"": ""2""}",2026-08-21T15:20:24
VNAT_8s_tcpdur_random70_stratified_flowlevel_splitseed42_3feat_timemixer_150ms_seed1,VNAT,VNAT_8s_tcp_duration,8,random70_stratified_flowlevel_splitseed42,42,278befae3cd3e10e,Validation,4,timemixer,3feat,150ms,54,3,1,256,1382,598,best_val,1,12345,0,True,True,1.0,4.2179,4.86,24,30.211,33.5759,42.8094,33.5759,"{""Chat"": 0.0, ""Control"": 0.0, ""File Transfer"": 75.0, ""Streaming"": 59.304}","{""Chat"": 0.0, ""Control"": 0.0, ""File Transfer"": 100.0, ""Streaming"": 42.734}","{""Chat"": 0.0, ""Control"": 0.0, ""File Transfer"": 60.0, ""Streaming"": 96.863}","{""Chat"": 156, ""Control"": 172, ""File Transfer"": 15, ""Streaming"": 255}","{""Chat"": 0.989971, ""Control"": 0.848894, ""File Transfer"": 9.337838, ""Streaming"": 0.586587}","{""Chat"": 349, ""Control"": 407, ""File Transfer"": 37, ""Streaming"": 589}",164156,checkpoints/VNAT_8s_tcp_duration_3feat_seed1/VNAT_8s_tcpdur_random70_stratified_flowlevel_splitseed42_3feat_timemixer_150ms_seed1.pth,1973386,7.5,OK,,"{""torch"": ""2.4.1+cu121"", ""cuda"": ""12.1"", ""gpu"": ""NVIDIA RTX A4500"", ""numpy"": ""1.26.0"", ""python"": ""3.10.12"", ""deterministic"": true, ""grad_clip_max_norm"": 1.0, ""CUBLAS_WORKSPACE_CONFIG"": "":4096:8"", ""CUDA_VISIBLE_DEVICES"": ""2""}",2026-08-21T15:20:32
VNAT_8s_tcpdur_random70_stratified_flowlevel_splitseed42_3feat_timemixer_150ms_seed2,VNAT,VNAT_8s_tcp_duration,8,random70_stratified_flowlevel_splitseed42,42,278befae3cd3e10e,Validation,4,timemixer,3feat,150ms,54,3,2,256,1382,598,best_val,12,12345,0,True,True,1.0,3.1597,8.33,26,40.3005,36.2426,33.9465,36.2426,"{""Chat"": 44.381, ""Control"": 0.0, ""File Transfer"": 75.0, ""Streaming"": 25.589}","{""Chat"": 28.519, ""Control"": 0.0, ""File Transfer"": 100.0, ""Streaming"": 90.476}","{""Chat"": 100.0, ""Control"": 0.0, ""File Transfer"": 60.0, ""Streaming"": 14.902}","{""Chat"": 156, ""Control"": 172, ""File Transfer"": 15, ""Streaming"": 255}","{""Chat"": 0.989971, ""Control"": 0.848894, ""File Transfer"": 9.337838, ""Streaming"": 0.586587}","{""Chat"": 349, ""Control"": 407, ""File Transfer"": 37, ""Streaming"": 589}",164156,checkpoints/VNAT_8s_tcp_duration_3feat_seed2/VNAT_8s_tcpdur_random70_stratified_flowlevel_splitseed42_3feat_timemixer_150ms_seed2.pth,1973386,8.0,OK,,"{""torch"": ""2.4.1+cu121"", ""cuda"": ""12.1"", ""gpu"": ""NVIDIA RTX A4500"", ""numpy"": ""1.26.0"", ""python"": ""3.10.12"", ""deterministic"": true, ""grad_clip_max_norm"": 1.0, ""CUBLAS_WORKSPACE_CONFIG"": "":4096:8"", ""CUDA_VISIBLE_DEVICES"": ""2""}",2026-08-21T15:20:40
VNAT_8s_tcpdur_random70_stratified_flowlevel_splitseed42_3feat_timesnet_200ms_seed0,VNAT,VNAT_8s_tcp_duration,8,random70_stratified_flowlevel_splitseed42,42,278befae3cd3e10e,Validation,4,timesnet,3feat,200ms,41,3,0,256,1382,598,best_val,8,12345,0,True,True,1.0,8.5054,100.0,20,46.8709,69.0241,66.388,69.0241,"{""Chat"": 62.169, ""Control"": 79.624, ""File Transfer"": 74.074, ""Streaming"": 60.23}","{""Chat"": 49.807, ""Control"": 86.395, ""File Transfer"": 83.333, ""Streaming"": 72.778}","{""Chat"": 82.692, ""Control"": 73.837, ""File Transfer"": 66.667, ""Streaming"": 51.373}","{""Chat"": 156, ""Control"": 172, ""File Transfer"": 15, ""Streaming"": 255}","{""Chat"": 0.989971, ""Control"": 0.848894, ""File Transfer"": 9.337838, ""Streaming"": 0.586587}","{""Chat"": 349, ""Control"": 407, ""File Transfer"": 37, ""Streaming"": 589}",9385476,checkpoints/VNAT_8s_tcp_duration_3feat_seed0/VNAT_8s_tcpdur_random70_stratified_flowlevel_splitseed42_3feat_timesnet_200ms_seed0.pth,38851390,19.5,OK,,"{""torch"": ""2.4.1+cu121"", ""cuda"": ""12.1"", ""gpu"": ""NVIDIA RTX A4500"", ""numpy"": ""1.26.0"", ""python"": ""3.10.12"", ""deterministic"": true, ""grad_clip_max_norm"": 1.0, ""CUBLAS_WORKSPACE_CONFIG"": "":4096:8"", ""CUDA_VISIBLE_DEVICES"": ""2""}",2026-08-21T15:21:00
VNAT_8s_tcpdur_random70_stratified_flowlevel_splitseed42_3feat_timesnet_200ms_seed1,VNAT,VNAT_8s_tcp_duration,8,random70_stratified_flowlevel_splitseed42,42,278befae3cd3e10e,Validation,4,timesnet,3feat,200ms,41,3,1,256,1382,598,best_val,5,12345,0,True,True,1.0,7.2201,100.0,48,46.2383,49.6819,46.8227,49.6819,"{""Chat"": 57.878, ""Control"": 56.367, ""File Transfer"": 74.074, ""Streaming"": 10.409}","{""Chat"": 58.065, ""Control"": 39.808, ""File Transfer"": 83.333, ""Streaming"": 100.0}","{""Chat"": 57.692, ""Control"": 96.512, ""File Transfer"": 66.667, ""Streaming"": 5.49}","{""Chat"": 156, ""Control"": 172, ""File Transfer"": 15, ""Streaming"": 255}","{""Chat"": 0.989971, ""Control"": 0.848894, ""File Transfer"": 9.337838, ""Streaming"": 0.586587}","{""Chat"": 349, ""Control"": 407, ""File Transfer"": 37, ""Streaming"": 589}",9385476,checkpoints/VNAT_8s_tcp_duration_3feat_seed1/VNAT_8s_tcpdur_random70_stratified_flowlevel_splitseed42_3feat_timesnet_200ms_seed1.pth,38851390,44.8,OK,,"{""torch"": ""2.4.1+cu121"", ""cuda"": ""12.1"", ""gpu"": ""NVIDIA RTX A4500"", ""numpy"": ""1.26.0"", ""python"": ""3.10.12"", ""deterministic"": true, ""grad_clip_max_norm"": 1.0, ""CUBLAS_WORKSPACE_CONFIG"": "":4096:8"", ""CUDA_VISIBLE_DEVICES"": ""2""}",2026-08-21T15:21:45
VNAT_8s_tcpdur_random70_stratified_flowlevel_splitseed42_3feat_timesnet_200ms_seed2,VNAT,VNAT_8s_tcp_duration,8,random70_stratified_flowlevel_splitseed42,42,278befae3cd3e10e,Validation,4,timesnet,3feat,200ms,41,3,2,256,1382,598,best_val,7,12345,0,True,True,1.0,6.0925,100.0,21,44.716,55.0772,47.8261,55.0772,"{""Chat"": 48.276, ""Control"": 63.433, ""File Transfer"": 76.923, ""Streaming"": 31.677}","{""Chat"": 33.019, ""Control"": 88.542, ""File Transfer"": 90.909, ""Streaming"": 76.119}","{""Chat"": 89.744, ""Control"": 49.419, ""File Transfer"": 66.667, ""Streaming"": 20.0}","{""Chat"": 156, ""Control"": 172, ""File Transfer"": 15, ""Streaming"": 255}","{""Chat"": 0.989971, ""Control"": 0.848894, ""File Transfer"": 9.337838, ""Streaming"": 0.586587}","{""Chat"": 349, ""Control"": 407, ""File Transfer"": 37, ""Streaming"": 589}",9385476,checkpoints/VNAT_8s_tcp_duration_3feat_seed2/VNAT_8s_tcpdur_random70_stratified_flowlevel_splitseed42_3feat_timesnet_200ms_seed2.pth,38851390,20.1,OK,,"{""torch"": ""2.4.1+cu121"", ""cuda"": ""12.1"", ""gpu"": ""NVIDIA RTX A4500"", ""numpy"": ""1.26.0"", ""python"": ""3.10.12"", ""deterministic"": true, ""grad_clip_max_norm"": 1.0, ""CUBLAS_WORKSPACE_CONFIG"": "":4096:8"", ""CUDA_VISIBLE_DEVICES"": ""2""}",2026-08-21T15:22:05
VNAT_8s_tcpdur_random70_stratified_flowlevel_splitseed42_3feat_informer_200ms_seed0,VNAT,VNAT_8s_tcp_duration,8,random70_stratified_flowlevel_splitseed42,42,278befae3cd3e10e,Validation,4,informer,3feat,200ms,41,3,0,64,1382,598,best_val,24,12345,0,True,True,1.0,21.7182,100.0,32,72.9454,71.8014,72.0736,72.4061,"{""Chat"": 64.322, ""Control"": 90.305, ""File Transfer"": 71.429, ""Streaming"": 63.57}","{""Chat"": 52.893, ""Control"": 86.243, ""File Transfer"": 76.923, ""Streaming"": 84.416}","{""Chat"": 82.051, ""Control"": 94.767, ""File Transfer"": 66.667, ""Streaming"": 50.98}","{""Chat"": 156, ""Control"": 172, ""File Transfer"": 15, ""Streaming"": 255}","{""Chat"": 0.989971, ""Control"": 0.848894, ""File Transfer"": 9.337838, ""Streaming"": 0.586587}","{""Chat"": 349, ""Control"": 407, ""File Transfer"": 37, ""Streaming"": 589}",2718725,checkpoints/VNAT_8s_tcp_duration_3feat_seed0/VNAT_8s_tcpdur_random70_stratified_flowlevel_splitseed42_3feat_informer_200ms_seed0.pth,21158998,28.0,OK,,"{""torch"": ""2.4.1+cu121"", ""cuda"": ""12.1"", ""gpu"": ""NVIDIA RTX A4500"", ""numpy"": ""1.26.0"", ""python"": ""3.10.12"", ""deterministic"": true, ""grad_clip_max_norm"": 1.0, ""CUBLAS_WORKSPACE_CONFIG"": "":4096:8"", ""CUDA_VISIBLE_DEVICES"": ""2""}",2026-08-21T15:22:34
VNAT_8s_tcpdur_random70_stratified_flowlevel_splitseed42_3feat_informer_200ms_seed1,VNAT,VNAT_8s_tcp_duration,8,random70_stratified_flowlevel_splitseed42,42,278befae3cd3e10e,Validation,4,informer,3feat,200ms,41,3,1,64,1382,598,best_val,14,12345,0,True,True,1.0,25.583,100.0,29,77.065,81.793,82.6087,80.7235,"{""Chat"": 73.314, ""Control"": 94.915, ""File Transfer"": 74.074, ""Streaming"": 80.591}","{""Chat"": 67.568, ""Control"": 92.308, ""File Transfer"": 83.333, ""Streaming"": 87.215}","{""Chat"": 80.128, ""Control"": 97.674, ""File Transfer"": 66.667, ""Streaming"": 74.902}","{""Chat"": 156, ""Control"": 172, ""File Transfer"": 15, ""Streaming"": 255}","{""Chat"": 0.989971, ""Control"": 0.848894, ""File Transfer"": 9.337838, ""Streaming"": 0.586587}","{""Chat"": 349, ""Control"": 407, ""File Transfer"": 37, ""Streaming"": 589}",2718725,checkpoints/VNAT_8s_tcp_duration_3feat_seed1/VNAT_8s_tcpdur_random70_stratified_flowlevel_splitseed42_3feat_informer_200ms_seed1.pth,21158998,26.7,OK,,"{""torch"": ""2.4.1+cu121"", ""cuda"": ""12.1"", ""gpu"": ""NVIDIA RTX A4500"", ""numpy"": ""1.26.0"", ""python"": ""3.10.12"", ""deterministic"": true, ""grad_clip_max_norm"": 1.0, ""CUBLAS_WORKSPACE_CONFIG"": "":4096:8"", ""CUDA_VISIBLE_DEVICES"": ""2""}",2026-08-21T15:23:00
VNAT_8s_tcpdur_random70_stratified_flowlevel_splitseed42_3feat_informer_200ms_seed2,VNAT,VNAT_8s_tcp_duration,8,random70_stratified_flowlevel_splitseed42,42,278befae3cd3e10e,Validation,4,informer,3feat,200ms,41,3,2,64,1382,598,best_val,7,12345,0,True,True,1.0,25.2242,100.0,22,64.7953,75.6899,75.7525,75.6652,"{""Chat"": 58.278, ""Control"": 93.714, ""File Transfer"": 76.923, ""Streaming"": 73.745}","{""Chat"": 60.274, ""Control"": 92.135, ""File Transfer"": 90.909, ""Streaming"": 72.624}","{""Chat"": 56.41, ""Control"": 95.349, ""File Transfer"": 66.667, ""Streaming"": 74.902}","{""Chat"": 156, ""Control"": 172, ""File Transfer"": 15, ""Streaming"": 255}","{""Chat"": 0.989971, ""Control"": 0.848894, ""File Transfer"": 9.337838, ""Streaming"": 0.586587}","{""Chat"": 349, ""Control"": 407, ""File Transfer"": 37, ""Streaming"": 589}",2718725,checkpoints/VNAT_8s_tcp_duration_3feat_seed2/VNAT_8s_tcpdur_random70_stratified_flowlevel_splitseed42_3feat_informer_200ms_seed2.pth,21158998,18.4,OK,,"{""torch"": ""2.4.1+cu121"", ""cuda"": ""12.1"", ""gpu"": ""NVIDIA RTX A4500"", ""numpy"": ""1.26.0"", ""python"": ""3.10.12"", ""deterministic"": true, ""grad_clip_max_norm"": 1.0, ""CUBLAS_WORKSPACE_CONFIG"": "":4096:8"", ""CUDA_VISIBLE_DEVICES"": ""2""}",2026-08-21T15:23:19
VNAT_8s_tcpdur_random70_stratified_flowlevel_splitseed42_3feat_nst_200ms_seed0,VNAT,VNAT_8s_tcp_duration,8,random70_stratified_flowlevel_splitseed42,42,278befae3cd3e10e,Validation,4,nst,3feat,200ms,41,3,0,64,1382,598,best_val,7,12345,0,True,True,1.0,12.5923,100.0,19,47.875,53.7576,51.3378,53.7576,"{""Chat"": 61.269, ""Control"": 60.606, ""File Transfer"": 74.074, ""Streaming"": 19.081}","{""Chat"": 46.512, ""Control"": 50.584, ""File Transfer"": 83.333, ""Streaming"": 96.429}","{""Chat"": 89.744, ""Control"": 75.581, ""File Transfer"": 66.667, ""Streaming"": 10.588}","{""Chat"": 156, ""Control"": 172, ""File Transfer"": 15, ""Streaming"": 255}","{""Chat"": 0.989971, ""Control"": 0.848894, ""File Transfer"": 9.337838, ""Streaming"": 0.586587}","{""Chat"": 349, ""Control"": 407, ""File Transfer"": 37, ""Streaming"": 589}",132730,checkpoints/VNAT_8s_tcp_duration_3feat_seed0/VNAT_8s_tcpdur_random70_stratified_flowlevel_splitseed42_3feat_nst_200ms_seed0.pth,1838978,15.5,OK,,"{""torch"": ""2.4.1+cu121"", ""cuda"": ""12.1"", ""gpu"": ""NVIDIA RTX A4500"", ""numpy"": ""1.26.0"", ""python"": ""3.10.12"", ""deterministic"": true, ""grad_clip_max_norm"": 1.0, ""CUBLAS_WORKSPACE_CONFIG"": "":4096:8"", ""CUDA_VISIBLE_DEVICES"": ""2""}",2026-08-21T15:23:35
VNAT_8s_tcpdur_random70_stratified_flowlevel_splitseed42_3feat_nst_200ms_seed1,VNAT,VNAT_8s_tcp_duration,8,random70_stratified_flowlevel_splitseed42,42,278befae3cd3e10e,Validation,4,nst,3feat,200ms,41,3,1,64,1382,598,best_val,14,12345,0,True,True,1.0,12.2842,100.0,30,56.1508,65.5684,64.214,65.5684,"{""Chat"": 57.271, ""Control"": 74.434, ""File Transfer"": 66.667, ""Streaming"": 63.902}","{""Chat"": 43.986, ""Control"": 83.942, ""File Transfer"": 66.667, ""Streaming"": 84.516}","{""Chat"": 82.051, ""Control"": 66.86, ""File Transfer"": 66.667, ""Streaming"": 51.373}","{""Chat"": 156, ""Control"": 172, ""File Transfer"": 15, ""Streaming"": 255}","{""Chat"": 0.989971, ""Control"": 0.848894, ""File Transfer"": 9.337838, ""Streaming"": 0.586587}","{""Chat"": 349, ""Control"": 407, ""File Transfer"": 37, ""Streaming"": 589}",132730,checkpoints/VNAT_8s_tcp_duration_3feat_seed1/VNAT_8s_tcpdur_random70_stratified_flowlevel_splitseed42_3feat_nst_200ms_seed1.pth,1838978,22.8,OK,,"{""torch"": ""2.4.1+cu121"", ""cuda"": ""12.1"", ""gpu"": ""NVIDIA RTX A4500"", ""numpy"": ""1.26.0"", ""python"": ""3.10.12"", ""deterministic"": true, ""grad_clip_max_norm"": 1.0, ""CUBLAS_WORKSPACE_CONFIG"": "":4096:8"", ""CUDA_VISIBLE_DEVICES"": ""2""}",2026-08-21T15:23:57
VNAT_8s_tcpdur_random70_stratified_flowlevel_splitseed42_3feat_nst_200ms_seed2,VNAT,VNAT_8s_tcp_duration,8,random70_stratified_flowlevel_splitseed42,42,278befae3cd3e10e,Validation,4,nst,3feat,200ms,41,3,2,64,1382,598,best_val,5,12345,0,True,True,1.0,13.7629,100.0,29,48.6979,68.2456,65.5518,68.2456,"{""Chat"": 61.075, ""Control"": 77.259, ""File Transfer"": 74.074, ""Streaming"": 60.574}","{""Chat"": 45.955, ""Control"": 83.221, ""File Transfer"": 83.333, ""Streaming"": 90.625}","{""Chat"": 91.026, ""Control"": 72.093, ""File Transfer"": 66.667, ""Streaming"": 45.49}","{""Chat"": 156, ""Control"": 172, ""File Transfer"": 15, ""Streaming"": 255}","{""Chat"": 0.989971, ""Control"": 0.848894, ""File Transfer"": 9.337838, ""Streaming"": 0.586587}","{""Chat"": 349, ""Control"": 407, ""File Transfer"": 37, ""Streaming"": 589}",132730,checkpoints/VNAT_8s_tcp_duration_3feat_seed2/VNAT_8s_tcpdur_random70_stratified_flowlevel_splitseed42_3feat_nst_200ms_seed2.pth,1838978,22.2,OK,,"{""torch"": ""2.4.1+cu121"", ""cuda"": ""12.1"", ""gpu"": ""NVIDIA RTX A4500"", ""numpy"": ""1.26.0"", ""python"": ""3.10.12"", ""deterministic"": true, ""grad_clip_max_norm"": 1.0, ""CUBLAS_WORKSPACE_CONFIG"": "":4096:8"", ""CUDA_VISIBLE_DEVICES"": ""2""}",2026-08-21T15:24:20
VNAT_8s_tcpdur_random70_stratified_flowlevel_splitseed42_3feat_autoformer_200ms_seed0,VNAT,VNAT_8s_tcp_duration,8,random70_stratified_flowlevel_splitseed42,42,278befae3cd3e10e,Validation,4,autoformer,3feat,200ms,41,3,0,256,1382,598,best_val,35,12345,0,True,True,1.0,6.0745,100.0,49,67.0212,58.1994,62.5418,58.1994,"{""Chat"": 60.78, ""Control"": 91.168, ""File Transfer"": 45.0, ""Streaming"": 35.849}","{""Chat"": 44.713, ""Control"": 89.385, ""File Transfer"": 36.0, ""Streaming"": 90.476}","{""Chat"": 94.872, ""Control"": 93.023, ""File Transfer"": 60.0, ""Streaming"": 22.353}","{""Chat"": 156, ""Control"": 172, ""File Transfer"": 15, ""Streaming"": 255}","{""Chat"": 0.989971, ""Control"": 0.848894, ""File Transfer"": 9.337838, ""Streaming"": 0.586587}","{""Chat"": 349, ""Control"": 407, ""File Transfer"": 37, ""Streaming"": 589}",110340,checkpoints/VNAT_8s_tcp_duration_3feat_seed0/VNAT_8s_tcpdur_random70_stratified_flowlevel_splitseed42_3feat_autoformer_200ms_seed0.pth,1738946,16.3,OK,,"{""torch"": ""2.4.1+cu121"", ""cuda"": ""12.1"", ""gpu"": ""NVIDIA RTX A4500"", ""numpy"": ""1.26.0"", ""python"": ""3.10.12"", ""deterministic"": true, ""grad_clip_max_norm"": 1.0, ""CUBLAS_WORKSPACE_CONFIG"": "":4096:8"", ""CUDA_VISIBLE_DEVICES"": ""2""}",2026-08-21T15:24:36
VNAT_8s_tcpdur_random70_stratified_flowlevel_splitseed42_3feat_autoformer_200ms_seed1,VNAT,VNAT_8s_tcp_duration,8,random70_stratified_flowlevel_splitseed42,42,278befae3cd3e10e,Validation,4,autoformer,3feat,200ms,41,3,1,256,1382,598,best_val,15,12345,0,True,True,1.0,5.4388,100.0,26,62.2475,49.8937,52.0067,49.8937,"{""Chat"": 53.888, ""Control"": 72.973, ""File Transfer"": 43.478, ""Streaming"": 29.236}","{""Chat"": 37.531, ""Control"": 87.097, ""File Transfer"": 32.258, ""Streaming"": 95.652}","{""Chat"": 95.513, ""Control"": 62.791, ""File Transfer"": 66.667, ""Streaming"": 17.255}","{""Chat"": 156, ""Control"": 172, ""File Transfer"": 15, ""Streaming"": 255}","{""Chat"": 0.989971, ""Control"": 0.848894, ""File Transfer"": 9.337838, ""Streaming"": 0.586587}","{""Chat"": 349, ""Control"": 407, ""File Transfer"": 37, ""Streaming"": 589}",110340,checkpoints/VNAT_8s_tcp_duration_3feat_seed1/VNAT_8s_tcpdur_random70_stratified_flowlevel_splitseed42_3feat_autoformer_200ms_seed1.pth,1738946,9.3,OK,,"{""torch"": ""2.4.1+cu121"", ""cuda"": ""12.1"", ""gpu"": ""NVIDIA RTX A4500"", ""numpy"": ""1.26.0"", ""python"": ""3.10.12"", ""deterministic"": true, ""grad_clip_max_norm"": 1.0, ""CUBLAS_WORKSPACE_CONFIG"": "":4096:8"", ""CUDA_VISIBLE_DEVICES"": ""2""}",2026-08-21T15:24:46
VNAT_8s_tcpdur_random70_stratified_flowlevel_splitseed42_3feat_autoformer_200ms_seed2,VNAT,VNAT_8s_tcp_duration,8,random70_stratified_flowlevel_splitseed42,42,278befae3cd3e10e,Validation,4,autoformer,3feat,200ms,41,3,2,256,1382,598,best_val,13,12345,0,True,True,1.0,6.3339,100.0,27,58.4976,49.4207,50.6689,49.4207,"{""Chat"": 51.095, ""Control"": 68.364, ""File Transfer"": 41.86, ""Streaming"": 36.364}","{""Chat"": 35.714, ""Control"": 91.262, ""File Transfer"": 32.143, ""Streaming"": 80.0}","{""Chat"": 89.744, ""Control"": 54.651, ""File Transfer"": 60.0, ""Streaming"": 23.529}","{""Chat"": 156, ""Control"": 172, ""File Transfer"": 15, ""Streaming"": 255}","{""Chat"": 0.989971, ""Control"": 0.848894, ""File Transfer"": 9.337838, ""Streaming"": 0.586587}","{""Chat"": 349, ""Control"": 407, ""File Transfer"": 37, ""Streaming"": 589}",110340,checkpoints/VNAT_8s_tcp_duration_3feat_seed2/VNAT_8s_tcpdur_random70_stratified_flowlevel_splitseed42_3feat_autoformer_200ms_seed2.pth,1738946,9.5,OK,,"{""torch"": ""2.4.1+cu121"", ""cuda"": ""12.1"", ""gpu"": ""NVIDIA RTX A4500"", ""numpy"": ""1.26.0"", ""python"": ""3.10.12"", ""deterministic"": true, ""grad_clip_max_norm"": 1.0, ""CUBLAS_WORKSPACE_CONFIG"": "":4096:8"", ""CUDA_VISIBLE_DEVICES"": ""2""}",2026-08-21T15:24:55
VNAT_8s_tcpdur_random70_stratified_flowlevel_splitseed42_3feat_fedformer_200ms_seed0,VNAT,VNAT_8s_tcp_duration,8,random70_stratified_flowlevel_splitseed42,42,278befae3cd3e10e,Validation,4,fedformer,3feat,200ms,41,3,0,256,1382,598,best_val,11,12345,4,True,True,1.0,7.7156,100.0,38,56.4089,70.7078,71.5719,70.7078,"{""Chat"": 66.154, ""Control"": 87.634, ""File Transfer"": 66.667, ""Streaming"": 62.376}","{""Chat"": 55.128, ""Control"": 81.5, ""File Transfer"": 66.667, ""Streaming"": 84.564}","{""Chat"": 82.692, ""Control"": 94.767, ""File Transfer"": 66.667, ""Streaming"": 49.412}","{""Chat"": 156, ""Control"": 172, ""File Transfer"": 15, ""Streaming"": 255}","{""Chat"": 0.989971, ""Control"": 0.848894, ""File Transfer"": 9.337838, ""Streaming"": 0.586587}","{""Chat"": 349, ""Control"": 407, ""File Transfer"": 37, ""Streaming"": 589}",259205,checkpoints/VNAT_8s_tcp_duration_3feat_seed0/VNAT_8s_tcpdur_random70_stratified_flowlevel_splitseed42_3feat_fedformer_200ms_seed0.pth,3632876,46.5,OK,,"{""torch"": ""2.4.1+cu121"", ""cuda"": ""12.1"", ""gpu"": ""NVIDIA RTX A4500"", ""numpy"": ""1.26.0"", ""python"": ""3.10.12"", ""deterministic"": true, ""grad_clip_max_norm"": 1.0, ""CUBLAS_WORKSPACE_CONFIG"": "":4096:8"", ""CUDA_VISIBLE_DEVICES"": ""2""}",2026-08-21T15:25:42
VNAT_8s_tcpdur_random70_stratified_flowlevel_splitseed42_3feat_fedformer_200ms_seed1,VNAT,VNAT_8s_tcp_duration,8,random70_stratified_flowlevel_splitseed42,42,278befae3cd3e10e,Validation,4,fedformer,3feat,200ms,41,3,1,256,1382,598,best_val,36,12345,4,True,True,1.0,7.5012,100.0,46,68.6133,69.3635,71.2375,69.3635,"{""Chat"": 67.916, ""Control"": 89.973, ""File Transfer"": 62.5, ""Streaming"": 57.065}","{""Chat"": 53.506, ""Control"": 84.264, ""File Transfer"": 58.824, ""Streaming"": 92.92}","{""Chat"": 92.949, ""Control"": 96.512, ""File Transfer"": 66.667, ""Streaming"": 41.176}","{""Chat"": 156, ""Control"": 172, ""File Transfer"": 15, ""Streaming"": 255}","{""Chat"": 0.989971, ""Control"": 0.848894, ""File Transfer"": 9.337838, ""Streaming"": 0.586587}","{""Chat"": 349, ""Control"": 407, ""File Transfer"": 37, ""Streaming"": 589}",259205,checkpoints/VNAT_8s_tcp_duration_3feat_seed1/VNAT_8s_tcpdur_random70_stratified_flowlevel_splitseed42_3feat_fedformer_200ms_seed1.pth,3632876,70.5,OK,,"{""torch"": ""2.4.1+cu121"", ""cuda"": ""12.1"", ""gpu"": ""NVIDIA RTX A4500"", ""numpy"": ""1.26.0"", ""python"": ""3.10.12"", ""deterministic"": true, ""grad_clip_max_norm"": 1.0, ""CUBLAS_WORKSPACE_CONFIG"": "":4096:8"", ""CUDA_VISIBLE_DEVICES"": ""2""}",2026-08-21T15:26:53
VNAT_8s_tcpdur_random70_stratified_flowlevel_splitseed42_3feat_fedformer_200ms_seed2,VNAT,VNAT_8s_tcp_duration,8,random70_stratified_flowlevel_splitseed42,42,278befae3cd3e10e,Validation,4,fedformer,3feat,200ms,41,3,2,256,1382,598,best_val,5,12345,4,True,True,1.0,5.9483,100.0,32,45.862,60.1455,55.3512,60.1455,"{""Chat"": 51.823, ""Control"": 57.031, ""File Transfer"": 74.074, ""Streaming"": 57.653}","{""Chat"": 36.986, ""Control"": 86.905, ""File Transfer"": 83.333, ""Streaming"": 82.482}","{""Chat"": 86.538, ""Control"": 42.442, ""File Transfer"": 66.667, ""Streaming"": 44.314}","{""Chat"": 156, ""Control"": 172, ""File Transfer"": 15, ""Streaming"": 255}","{""Chat"": 0.989971, ""Control"": 0.848894, ""File Transfer"": 9.337838, ""Streaming"": 0.586587}","{""Chat"": 349, ""Control"": 407, ""File Transfer"": 37, ""Streaming"": 589}",259205,checkpoints/VNAT_8s_tcp_duration_3feat_seed2/VNAT_8s_tcpdur_random70_stratified_flowlevel_splitseed42_3feat_fedformer_200ms_seed2.pth,3632876,52.0,OK,,"{""torch"": ""2.4.1+cu121"", ""cuda"": ""12.1"", ""gpu"": ""NVIDIA RTX A4500"", ""numpy"": ""1.26.0"", ""python"": ""3.10.12"", ""deterministic"": true, ""grad_clip_max_norm"": 1.0, ""CUBLAS_WORKSPACE_CONFIG"": "":4096:8"", ""CUDA_VISIBLE_DEVICES"": ""2""}",2026-08-21T15:27:45
VNAT_8s_tcpdur_random70_stratified_flowlevel_splitseed42_3feat_timemixer_200ms_seed0,VNAT,VNAT_8s_tcp_duration,8,random70_stratified_flowlevel_splitseed42,42,278befae3cd3e10e,Validation,4,timemixer,3feat,200ms,41,3,0,256,1382,598,best_val,22,12345,0,True,True,1.0,3.4959,3.62,46,41.104,42.5207,42.3077,42.5207,"{""Chat"": 0.0, ""Control"": 48.77, ""File Transfer"": 74.074, ""Streaming"": 47.238}","{""Chat"": 0.0, ""Control"": 37.658, ""File Transfer"": 83.333, ""Streaming"": 45.926}","{""Chat"": 0.0, ""Control"": 69.186, ""File Transfer"": 66.667, ""Streaming"": 48.627}","{""Chat"": 156, ""Control"": 172, ""File Transfer"": 15, ""Streaming"": 255}","{""Chat"": 0.989971, ""Control"": 0.848894, ""File Transfer"": 9.337838, ""Streaming"": 0.586587}","{""Chat"": 349, ""Control"": 407, ""File Transfer"": 37, ""Streaming"": 589}",153628,checkpoints/VNAT_8s_tcp_duration_3feat_seed0/VNAT_8s_tcpdur_random70_stratified_flowlevel_splitseed42_3feat_timemixer_200ms_seed0.pth,1931274,14.4,OK,,"{""torch"": ""2.4.1+cu121"", ""cuda"": ""12.1"", ""gpu"": ""NVIDIA RTX A4500"", ""numpy"": ""1.26.0"", ""python"": ""3.10.12"", ""deterministic"": true, ""grad_clip_max_norm"": 1.0, ""CUBLAS_WORKSPACE_CONFIG"": "":4096:8"", ""CUDA_VISIBLE_DEVICES"": ""2""}",2026-08-21T15:28:00
VNAT_8s_tcpdur_random70_stratified_flowlevel_splitseed42_3feat_timemixer_200ms_seed1,VNAT,VNAT_8s_tcp_duration,8,random70_stratified_flowlevel_splitseed42,42,278befae3cd3e10e,Validation,4,timemixer,3feat,200ms,41,3,1,256,1382,598,best_val,10,12345,0,True,True,1.0,2.7165,9.03,24,41.5919,36.3347,33.7793,36.3347,"{""Chat"": 0.0, ""Control"": 45.0, ""File Transfer"": 80.0, ""Streaming"": 20.339}","{""Chat"": 0.0, ""Control"": 29.562, ""File Transfer"": 100.0, ""Streaming"": 75.0}","{""Chat"": 0.0, ""Control"": 94.186, ""File Transfer"": 66.667, ""Streaming"": 11.765}","{""Chat"": 156, ""Control"": 172, ""File Transfer"": 15, ""Streaming"": 255}","{""Chat"": 0.989971, ""Control"": 0.848894, ""File Transfer"": 9.337838, ""Streaming"": 0.586587}","{""Chat"": 349, ""Control"": 407, ""File Transfer"": 37, ""Streaming"": 589}",153628,checkpoints/VNAT_8s_tcp_duration_3feat_seed1/VNAT_8s_tcpdur_random70_stratified_flowlevel_splitseed42_3feat_timemixer_200ms_seed1.pth,1931274,7.6,OK,,"{""torch"": ""2.4.1+cu121"", ""cuda"": ""12.1"", ""gpu"": ""NVIDIA RTX A4500"", ""numpy"": ""1.26.0"", ""python"": ""3.10.12"", ""deterministic"": true, ""grad_clip_max_norm"": 1.0, ""CUBLAS_WORKSPACE_CONFIG"": "":4096:8"", ""CUDA_VISIBLE_DEVICES"": ""2""}",2026-08-21T15:28:08
VNAT_8s_tcpdur_random70_stratified_flowlevel_splitseed42_3feat_timemixer_200ms_seed2,VNAT,VNAT_8s_tcp_duration,8,random70_stratified_flowlevel_splitseed42,42,278befae3cd3e10e,Validation,4,timemixer,3feat,200ms,41,3,2,256,1382,598,best_val,13,12345,0,True,True,1.0,3.5933,6.41,26,44.0442,38.7704,33.1104,38.7704,"{""Chat"": 0.0, ""Control"": 34.797, ""File Transfer"": 80.0, ""Streaming"": 40.284}","{""Chat"": 0.0, ""Control"": 24.524, ""File Transfer"": 100.0, ""Streaming"": 50.898}","{""Chat"": 0.0, ""Control"": 59.884, ""File Transfer"": 66.667, ""Streaming"": 33.333}","{""Chat"": 156, ""Control"": 172, ""File Transfer"": 15, ""Streaming"": 255}","{""Chat"": 0.989971, ""Control"": 0.848894, ""File Transfer"": 9.337838, ""Streaming"": 0.586587}","{""Chat"": 349, ""Control"": 407, ""File Transfer"": 37, ""Streaming"": 589}",153628,checkpoints/VNAT_8s_tcp_duration_3feat_seed2/VNAT_8s_tcpdur_random70_stratified_flowlevel_splitseed42_3feat_timemixer_200ms_seed2.pth,1931274,7.1,OK,,"{""torch"": ""2.4.1+cu121"", ""cuda"": ""12.1"", ""gpu"": ""NVIDIA RTX A4500"", ""numpy"": ""1.26.0"", ""python"": ""3.10.12"", ""deterministic"": true, ""grad_clip_max_norm"": 1.0, ""CUBLAS_WORKSPACE_CONFIG"": "":4096:8"", ""CUDA_VISIBLE_DEVICES"": ""2""}",2026-08-21T15:28:16
VNAT_8s_tcpdur_random70_stratified_flowlevel_splitseed42_3feat_timesnet_250ms_seed0,VNAT,VNAT_8s_tcp_duration,8,random70_stratified_flowlevel_splitseed42,42,278befae3cd3e10e,Validation,4,timesnet,3feat,250ms,33,3,0,256,1382,598,best_val,3,12345,0,True,True,1.0,5.4291,100.0,26,40.4393,45.1878,39.9666,45.1878,"{""Chat"": 49.285, ""Control"": 47.012, ""File Transfer"": 74.074, ""Streaming"": 10.381}","{""Chat"": 32.77, ""Control"": 74.684, ""File Transfer"": 83.333, ""Streaming"": 44.118}","{""Chat"": 99.359, ""Control"": 34.302, ""File Transfer"": 66.667, ""Streaming"": 5.882}","{""Chat"": 156, ""Control"": 172, ""File Transfer"": 15, ""Streaming"": 255}","{""Chat"": 0.989971, ""Control"": 0.848894, ""File Transfer"": 9.337838, ""Streaming"": 0.586587}","{""Chat"": 349, ""Control"": 407, ""File Transfer"": 37, ""Streaming"": 589}",9383428,checkpoints/VNAT_8s_tcp_duration_3feat_seed0/VNAT_8s_tcpdur_random70_stratified_flowlevel_splitseed42_3feat_timesnet_250ms_seed0.pth,38843198,48.4,OK,,"{""torch"": ""2.4.1+cu121"", ""cuda"": ""12.1"", ""gpu"": ""NVIDIA RTX A4500"", ""numpy"": ""1.26.0"", ""python"": ""3.10.12"", ""deterministic"": true, ""grad_clip_max_norm"": 1.0, ""CUBLAS_WORKSPACE_CONFIG"": "":4096:8"", ""CUDA_VISIBLE_DEVICES"": ""2""}",2026-08-21T15:29:06
VNAT_8s_tcpdur_random70_stratified_flowlevel_splitseed42_3feat_timesnet_250ms_seed1,VNAT,VNAT_8s_tcp_duration,8,random70_stratified_flowlevel_splitseed42,42,278befae3cd3e10e,Validation,4,timesnet,3feat,250ms,33,3,1,256,1382,598,best_val,10,12345,0,True,True,1.0,6.497,100.0,18,45.4826,50.7584,47.8261,50.7584,"{""Chat"": 58.167, ""Control"": 53.158, ""File Transfer"": 71.429, ""Streaming"": 20.28}","{""Chat"": 42.197, ""Control"": 48.558, ""File Transfer"": 76.923, ""Streaming"": 93.548}","{""Chat"": 93.59, ""Control"": 58.721, ""File Transfer"": 66.667, ""Streaming"": 11.373}","{""Chat"": 156, ""Control"": 172, ""File Transfer"": 15, ""Streaming"": 255}","{""Chat"": 0.989971, ""Control"": 0.848894, ""File Transfer"": 9.337838, ""Streaming"": 0.586587}","{""Chat"": 349, ""Control"": 407, ""File Transfer"": 37, ""Streaming"": 589}",9383428,checkpoints/VNAT_8s_tcp_duration_3feat_seed1/VNAT_8s_tcpdur_random70_stratified_flowlevel_splitseed42_3feat_timesnet_250ms_seed1.pth,38843198,13.9,OK,,"{""torch"": ""2.4.1+cu121"", ""cuda"": ""12.1"", ""gpu"": ""NVIDIA RTX A4500"", ""numpy"": ""1.26.0"", ""python"": ""3.10.12"", ""deterministic"": true, ""grad_clip_max_norm"": 1.0, ""CUBLAS_WORKSPACE_CONFIG"": "":4096:8"", ""CUDA_VISIBLE_DEVICES"": ""2""}",2026-08-21T15:29:20
VNAT_8s_tcpdur_random70_stratified_flowlevel_splitseed42_3feat_timesnet_250ms_seed2,VNAT,VNAT_8s_tcp_duration,8,random70_stratified_flowlevel_splitseed42,42,278befae3cd3e10e,Validation,4,timesnet,3feat,250ms,33,3,2,256,1382,598,best_val,13,12345,0,True,True,1.0,4.8813,100.0,21,46.0704,52.655,50.0,52.655,"{""Chat"": 57.325, ""Control"": 60.14, ""File Transfer"": 74.074, ""Streaming"": 19.081}","{""Chat"": 56.962, ""Control"": 43.0, ""File Transfer"": 83.333, ""Streaming"": 96.429}","{""Chat"": 57.692, ""Control"": 100.0, ""File Transfer"": 66.667, ""Streaming"": 10.588}","{""Chat"": 156, ""Control"": 172, ""File Transfer"": 15, ""Streaming"": 255}","{""Chat"": 0.989971, ""Control"": 0.848894, ""File Transfer"": 9.337838, ""Streaming"": 0.586587}","{""Chat"": 349, ""Control"": 407, ""File Transfer"": 37, ""Streaming"": 589}",9383428,checkpoints/VNAT_8s_tcp_duration_3feat_seed2/VNAT_8s_tcpdur_random70_stratified_flowlevel_splitseed42_3feat_timesnet_250ms_seed2.pth,38843198,16.3,OK,,"{""torch"": ""2.4.1+cu121"", ""cuda"": ""12.1"", ""gpu"": ""NVIDIA RTX A4500"", ""numpy"": ""1.26.0"", ""python"": ""3.10.12"", ""deterministic"": true, ""grad_clip_max_norm"": 1.0, ""CUBLAS_WORKSPACE_CONFIG"": "":4096:8"", ""CUDA_VISIBLE_DEVICES"": ""2""}",2026-08-21T15:29:37
VNAT_8s_tcpdur_random70_stratified_flowlevel_splitseed42_3feat_informer_250ms_seed0,VNAT,VNAT_8s_tcp_duration,8,random70_stratified_flowlevel_splitseed42,42,278befae3cd3e10e,Validation,4,informer,3feat,250ms,33,3,0,64,1382,598,best_val,19,12345,0,True,True,1.0,24.2615,100.0,27,78.7988,78.0699,77.592,77.9593,"{""Chat"": 71.96, ""Control"": 93.22, ""File Transfer"": 76.923, ""Streaming"": 69.734}","{""Chat"": 58.704, ""Control"": 90.659, ""File Transfer"": 90.909, ""Streaming"": 91.139}","{""Chat"": 92.949, ""Control"": 95.93, ""File Transfer"": 66.667, ""Streaming"": 56.471}","{""Chat"": 156, ""Control"": 172, ""File Transfer"": 15, ""Streaming"": 255}","{""Chat"": 0.989971, ""Control"": 0.848894, ""File Transfer"": 9.337838, ""Streaming"": 0.586587}","{""Chat"": 349, ""Control"": 407, ""File Transfer"": 37, ""Streaming"": 589}",2710533,checkpoints/VNAT_8s_tcp_duration_3feat_seed0/VNAT_8s_tcpdur_random70_stratified_flowlevel_splitseed42_3feat_informer_250ms_seed0.pth,21126230,22.8,OK,,"{""torch"": ""2.4.1+cu121"", ""cuda"": ""12.1"", ""gpu"": ""NVIDIA RTX A4500"", ""numpy"": ""1.26.0"", ""python"": ""3.10.12"", ""deterministic"": true, ""grad_clip_max_norm"": 1.0, ""CUBLAS_WORKSPACE_CONFIG"": "":4096:8"", ""CUDA_VISIBLE_DEVICES"": ""2""}",2026-08-21T15:29:59
VNAT_8s_tcpdur_random70_stratified_flowlevel_splitseed42_3feat_informer_250ms_seed1,VNAT,VNAT_8s_tcp_duration,8,random70_stratified_flowlevel_splitseed42,42,278befae3cd3e10e,Validation,4,informer,3feat,250ms,33,3,1,64,1382,598,best_val,17,12345,0,True,True,1.0,22.8025,100.0,25,77.4131,76.461,75.4181,76.3308,"{""Chat"": 69.88, ""Control"": 92.351, ""File Transfer"": 76.923, ""Streaming"": 66.169}","{""Chat"": 55.985, ""Control"": 90.055, ""File Transfer"": 90.909, ""Streaming"": 90.476}","{""Chat"": 92.949, ""Control"": 94.767, ""File Transfer"": 66.667, ""Streaming"": 52.157}","{""Chat"": 156, ""Control"": 172, ""File Transfer"": 15, ""Streaming"": 255}","{""Chat"": 0.989971, ""Control"": 0.848894, ""File Transfer"": 9.337838, ""Streaming"": 0.586587}","{""Chat"": 349, ""Control"": 407, ""File Transfer"": 37, ""Streaming"": 589}",2710533,checkpoints/VNAT_8s_tcp_duration_3feat_seed1/VNAT_8s_tcpdur_random70_stratified_flowlevel_splitseed42_3feat_informer_250ms_seed1.pth,21126230,21.9,OK,,"{""torch"": ""2.4.1+cu121"", ""cuda"": ""12.1"", ""gpu"": ""NVIDIA RTX A4500"", ""numpy"": ""1.26.0"", ""python"": ""3.10.12"", ""deterministic"": true, ""grad_clip_max_norm"": 1.0, ""CUBLAS_WORKSPACE_CONFIG"": "":4096:8"", ""CUDA_VISIBLE_DEVICES"": ""2""}",2026-08-21T15:30:22
VNAT_8s_tcpdur_random70_stratified_flowlevel_splitseed42_3feat_informer_250ms_seed2,VNAT,VNAT_8s_tcp_duration,8,random70_stratified_flowlevel_splitseed42,42,278befae3cd3e10e,Validation,4,informer,3feat,250ms,33,3,2,64,1382,598,best_val,19,12345,0,True,True,1.0,20.007,100.0,27,79.3752,78.1881,76.2542,77.652,"{""Chat"": 70.098, ""Control"": 92.697, ""File Transfer"": 80.0, ""Streaming"": 67.813}","{""Chat"": 56.746, ""Control"": 89.674, ""File Transfer"": 100.0, ""Streaming"": 90.789}","{""Chat"": 91.667, ""Control"": 95.93, ""File Transfer"": 66.667, ""Streaming"": 54.118}","{""Chat"": 156, ""Control"": 172, ""File Transfer"": 15, ""Streaming"": 255}","{""Chat"": 0.989971, ""Control"": 0.848894, ""File Transfer"": 9.337838, ""Streaming"": 0.586587}","{""Chat"": 349, ""Control"": 407, ""File Transfer"": 37, ""Streaming"": 589}",2710533,checkpoints/VNAT_8s_tcp_duration_3feat_seed2/VNAT_8s_tcpdur_random70_stratified_flowlevel_splitseed42_3feat_informer_250ms_seed2.pth,21126230,46.1,OK,,"{""torch"": ""2.4.1+cu121"", ""cuda"": ""12.1"", ""gpu"": ""NVIDIA RTX A4500"", ""numpy"": ""1.26.0"", ""python"": ""3.10.12"", ""deterministic"": true, ""grad_clip_max_norm"": 1.0, ""CUBLAS_WORKSPACE_CONFIG"": "":4096:8"", ""CUDA_VISIBLE_DEVICES"": ""2""}",2026-08-21T15:31:09
VNAT_8s_tcpdur_random70_stratified_flowlevel_splitseed42_3feat_nst_250ms_seed0,VNAT,VNAT_8s_tcp_duration,8,random70_stratified_flowlevel_splitseed42,42,278befae3cd3e10e,Validation,4,nst,3feat,250ms,33,3,0,64,1382,598,best_val,7,12345,0,True,True,1.0,11.686,100.0,17,55.3353,69.9283,67.893,69.9283,"{""Chat"": 62.443, ""Control"": 80.119, ""File Transfer"": 74.074, ""Streaming"": 63.077}","{""Chat"": 48.252, ""Control"": 81.818, ""File Transfer"": 83.333, ""Streaming"": 91.111}","{""Chat"": 88.462, ""Control"": 78.488, ""File Transfer"": 66.667, ""Streaming"": 48.235}","{""Chat"": 156, ""Control"": 172, ""File Transfer"": 15, ""Streaming"": 255}","{""Chat"": 0.989971, ""Control"": 0.848894, ""File Transfer"": 9.337838, ""Streaming"": 0.586587}","{""Chat"": 349, ""Control"": 407, ""File Transfer"": 37, ""Streaming"": 589}",130122,checkpoints/VNAT_8s_tcp_duration_3feat_seed0/VNAT_8s_tcpdur_random70_stratified_flowlevel_splitseed42_3feat_nst_250ms_seed0.pth,1828610,13.4,OK,,"{""torch"": ""2.4.1+cu121"", ""cuda"": ""12.1"", ""gpu"": ""NVIDIA RTX A4500"", ""numpy"": ""1.26.0"", ""python"": ""3.10.12"", ""deterministic"": true, ""grad_clip_max_norm"": 1.0, ""CUBLAS_WORKSPACE_CONFIG"": "":4096:8"", ""CUDA_VISIBLE_DEVICES"": ""2""}",2026-08-21T15:31:23
VNAT_8s_tcpdur_random70_stratified_flowlevel_splitseed42_3feat_nst_250ms_seed1,VNAT,VNAT_8s_tcp_duration,8,random70_stratified_flowlevel_splitseed42,42,278befae3cd3e10e,Validation,4,nst,3feat,250ms,33,3,1,64,1382,598,best_val,11,12345,0,True,True,1.0,11.3027,100.0,24,49.5535,67.0,64.0468,67.0,"{""Chat"": 60.96, ""Control"": 72.549, ""File Transfer"": 74.074, ""Streaming"": 60.417}","{""Chat"": 45.201, ""Control"": 82.836, ""File Transfer"": 83.333, ""Streaming"": 89.922}","{""Chat"": 93.59, ""Control"": 64.535, ""File Transfer"": 66.667, ""Streaming"": 45.49}","{""Chat"": 156, ""Control"": 172, ""File Transfer"": 15, ""Streaming"": 255}","{""Chat"": 0.989971, ""Control"": 0.848894, ""File Transfer"": 9.337838, ""Streaming"": 0.586587}","{""Chat"": 349, ""Control"": 407, ""File Transfer"": 37, ""Streaming"": 589}",130122,checkpoints/VNAT_8s_tcp_duration_3feat_seed1/VNAT_8s_tcpdur_random70_stratified_flowlevel_splitseed42_3feat_nst_250ms_seed1.pth,1828610,19.1,OK,,"{""torch"": ""2.4.1+cu121"", ""cuda"": ""12.1"", ""gpu"": ""NVIDIA RTX A4500"", ""numpy"": ""1.26.0"", ""python"": ""3.10.12"", ""deterministic"": true, ""grad_clip_max_norm"": 1.0, ""CUBLAS_WORKSPACE_CONFIG"": "":4096:8"", ""CUDA_VISIBLE_DEVICES"": ""2""}",2026-08-21T15:31:42
VNAT_8s_tcpdur_random70_stratified_flowlevel_splitseed42_3feat_nst_250ms_seed2,VNAT,VNAT_8s_tcp_duration,8,random70_stratified_flowlevel_splitseed42,42,278befae3cd3e10e,Validation,4,nst,3feat,250ms,33,3,2,64,1382,598,best_val,14,12345,0,True,True,1.0,11.8606,100.0,25,60.4093,70.6432,70.0669,70.6432,"{""Chat"": 65.741, ""Control"": 86.264, ""File Transfer"": 71.429, ""Streaming"": 59.14}","{""Chat"": 51.449, ""Control"": 81.771, ""File Transfer"": 76.923, ""Streaming"": 94.017}","{""Chat"": 91.026, ""Control"": 91.279, ""File Transfer"": 66.667, ""Streaming"": 43.137}","{""Chat"": 156, ""Control"": 172, ""File Transfer"": 15, ""Streaming"": 255}","{""Chat"": 0.989971, ""Control"": 0.848894, ""File Transfer"": 9.337838, ""Streaming"": 0.586587}","{""Chat"": 349, ""Control"": 407, ""File Transfer"": 37, ""Streaming"": 589}",130122,checkpoints/VNAT_8s_tcp_duration_3feat_seed2/VNAT_8s_tcpdur_random70_stratified_flowlevel_splitseed42_3feat_nst_250ms_seed2.pth,1828610,18.6,OK,,"{""torch"": ""2.4.1+cu121"", ""cuda"": ""12.1"", ""gpu"": ""NVIDIA RTX A4500"", ""numpy"": ""1.26.0"", ""python"": ""3.10.12"", ""deterministic"": true, ""grad_clip_max_norm"": 1.0, ""CUBLAS_WORKSPACE_CONFIG"": "":4096:8"", ""CUDA_VISIBLE_DEVICES"": ""2""}",2026-08-21T15:32:02
VNAT_8s_tcpdur_random70_stratified_flowlevel_splitseed42_3feat_autoformer_250ms_seed0,VNAT,VNAT_8s_tcp_duration,8,random70_stratified_flowlevel_splitseed42,42,278befae3cd3e10e,Validation,4,autoformer,3feat,250ms,33,3,0,256,1382,598,best_val,13,12345,0,True,True,1.0,5.021,100.0,23,59.7205,52.5164,53.3445,52.5164,"{""Chat"": 54.578, ""Control"": 73.333, ""File Transfer"": 50.0, ""Streaming"": 32.154}","{""Chat"": 37.905, ""Control"": 85.938, ""File Transfer"": 53.846, ""Streaming"": 89.286}","{""Chat"": 97.436, ""Control"": 63.953, ""File Transfer"": 46.667, ""Streaming"": 19.608}","{""Chat"": 156, ""Control"": 172, ""File Transfer"": 15, ""Streaming"": 255}","{""Chat"": 0.989971, ""Control"": 0.848894, ""File Transfer"": 9.337838, ""Streaming"": 0.586587}","{""Chat"": 349, ""Control"": 407, ""File Transfer"": 37, ""Streaming"": 589}",108292,checkpoints/VNAT_8s_tcp_duration_3feat_seed0/VNAT_8s_tcpdur_random70_stratified_flowlevel_splitseed42_3feat_autoformer_250ms_seed0.pth,1730754,19.3,OK,,"{""torch"": ""2.4.1+cu121"", ""cuda"": ""12.1"", ""gpu"": ""NVIDIA RTX A4500"", ""numpy"": ""1.26.0"", ""python"": ""3.10.12"", ""deterministic"": true, ""grad_clip_max_norm"": 1.0, ""CUBLAS_WORKSPACE_CONFIG"": "":4096:8"", ""CUDA_VISIBLE_DEVICES"": ""2""}",2026-08-21T15:32:22
VNAT_8s_tcpdur_random70_stratified_flowlevel_splitseed42_3feat_autoformer_250ms_seed1,VNAT,VNAT_8s_tcp_duration,8,random70_stratified_flowlevel_splitseed42,42,278befae3cd3e10e,Validation,4,autoformer,3feat,250ms,33,3,1,256,1382,598,best_val,12,12345,0,True,True,1.0,5.0523,100.0,23,61.7126,55.1746,53.5117,55.1746,"{""Chat"": 52.354, ""Control"": 75.57, ""File Transfer"": 58.824, ""Streaming"": 33.951}","{""Chat"": 37.067, ""Control"": 85.926, ""File Transfer"": 52.632, ""Streaming"": 79.71}","{""Chat"": 89.103, ""Control"": 67.442, ""File Transfer"": 66.667, ""Streaming"": 21.569}","{""Chat"": 156, ""Control"": 172, ""File Transfer"": 15, ""Streaming"": 255}","{""Chat"": 0.989971, ""Control"": 0.848894, ""File Transfer"": 9.337838, ""Streaming"": 0.586587}","{""Chat"": 349, ""Control"": 407, ""File Transfer"": 37, ""Streaming"": 589}",108292,checkpoints/VNAT_8s_tcp_duration_3feat_seed1/VNAT_8s_tcpdur_random70_stratified_flowlevel_splitseed42_3feat_autoformer_250ms_seed1.pth,1730754,18.0,OK,,"{""torch"": ""2.4.1+cu121"", ""cuda"": ""12.1"", ""gpu"": ""NVIDIA RTX A4500"", ""numpy"": ""1.26.0"", ""python"": ""3.10.12"", ""deterministic"": true, ""grad_clip_max_norm"": 1.0, ""CUBLAS_WORKSPACE_CONFIG"": "":4096:8"", ""CUDA_VISIBLE_DEVICES"": ""2""}",2026-08-21T15:32:40
VNAT_8s_tcpdur_random70_stratified_flowlevel_splitseed42_3feat_autoformer_250ms_seed2,VNAT,VNAT_8s_tcp_duration,8,random70_stratified_flowlevel_splitseed42,42,278befae3cd3e10e,Validation,4,autoformer,3feat,250ms,33,3,2,256,1382,598,best_val,18,12345,0,True,True,1.0,5.6825,100.0,27,63.3189,53.1585,53.5117,53.1585,"{""Chat"": 52.83, ""Control"": 76.471, ""File Transfer"": 50.0, ""Streaming"": 33.333}","{""Chat"": 37.433, ""Control"": 87.313, ""File Transfer"": 42.857, ""Streaming"": 78.261}","{""Chat"": 89.744, ""Control"": 68.023, ""File Transfer"": 60.0, ""Streaming"": 21.176}","{""Chat"": 156, ""Control"": 172, ""File Transfer"": 15, ""Streaming"": 255}","{""Chat"": 0.989971, ""Control"": 0.848894, ""File Transfer"": 9.337838, ""Streaming"": 0.586587}","{""Chat"": 349, ""Control"": 407, ""File Transfer"": 37, ""Streaming"": 589}",108292,checkpoints/VNAT_8s_tcp_duration_3feat_seed2/VNAT_8s_tcpdur_random70_stratified_flowlevel_splitseed42_3feat_autoformer_250ms_seed2.pth,1730754,20.7,OK,,"{""torch"": ""2.4.1+cu121"", ""cuda"": ""12.1"", ""gpu"": ""NVIDIA RTX A4500"", ""numpy"": ""1.26.0"", ""python"": ""3.10.12"", ""deterministic"": true, ""grad_clip_max_norm"": 1.0, ""CUBLAS_WORKSPACE_CONFIG"": "":4096:8"", ""CUDA_VISIBLE_DEVICES"": ""2""}",2026-08-21T15:33:02
VNAT_8s_tcpdur_random70_stratified_flowlevel_splitseed42_3feat_fedformer_250ms_seed0,VNAT,VNAT_8s_tcp_duration,8,random70_stratified_flowlevel_splitseed42,42,278befae3cd3e10e,Validation,4,fedformer,3feat,250ms,33,3,0,256,1382,598,best_val,27,12345,4,True,True,1.0,7.0786,100.0,41,68.7578,69.4683,67.7258,69.4683,"{""Chat"": 62.609, ""Control"": 80.892, ""File Transfer"": 71.429, ""Streaming"": 62.944}","{""Chat"": 47.368, ""Control"": 89.437, ""File Transfer"": 76.923, ""Streaming"": 89.209}","{""Chat"": 92.308, ""Control"": 73.837, ""File Transfer"": 66.667, ""Streaming"": 48.627}","{""Chat"": 156, ""Control"": 172, ""File Transfer"": 15, ""Streaming"": 255}","{""Chat"": 0.989971, ""Control"": 0.848894, ""File Transfer"": 9.337838, ""Streaming"": 0.586587}","{""Chat"": 349, ""Control"": 407, ""File Transfer"": 37, ""Streaming"": 589}",240773,checkpoints/VNAT_8s_tcp_duration_3feat_seed0/VNAT_8s_tcpdur_random70_stratified_flowlevel_splitseed42_3feat_fedformer_250ms_seed0.pth,3559084,63.7,OK,,"{""torch"": ""2.4.1+cu121"", ""cuda"": ""12.1"", ""gpu"": ""NVIDIA RTX A4500"", ""numpy"": ""1.26.0"", ""python"": ""3.10.12"", ""deterministic"": true, ""grad_clip_max_norm"": 1.0, ""CUBLAS_WORKSPACE_CONFIG"": "":4096:8"", ""CUDA_VISIBLE_DEVICES"": ""2""}",2026-08-21T15:34:06
VNAT_8s_tcpdur_random70_stratified_flowlevel_splitseed42_3feat_fedformer_250ms_seed1,VNAT,VNAT_8s_tcp_duration,8,random70_stratified_flowlevel_splitseed42,42,278befae3cd3e10e,Validation,4,fedformer,3feat,250ms,33,3,1,256,1382,598,best_val,26,12345,4,True,True,1.0,5.7858,100.0,41,68.7146,68.2717,67.893,68.2717,"{""Chat"": 64.159, ""Control"": 80.368, ""File Transfer"": 66.667, ""Streaming"": 61.893}","{""Chat"": 48.986, ""Control"": 85.065, ""File Transfer"": 75.0, ""Streaming"": 88.971}","{""Chat"": 92.949, ""Control"": 76.163, ""File Transfer"": 60.0, ""Streaming"": 47.451}","{""Chat"": 156, ""Control"": 172, ""File Transfer"": 15, ""Streaming"": 255}","{""Chat"": 0.989971, ""Control"": 0.848894, ""File Transfer"": 9.337838, ""Streaming"": 0.586587}","{""Chat"": 349, ""Control"": 407, ""File Transfer"": 37, ""Streaming"": 589}",240773,checkpoints/VNAT_8s_tcp_duration_3feat_seed1/VNAT_8s_tcpdur_random70_stratified_flowlevel_splitseed42_3feat_fedformer_250ms_seed1.pth,3559084,63.8,OK,,"{""torch"": ""2.4.1+cu121"", ""cuda"": ""12.1"", ""gpu"": ""NVIDIA RTX A4500"", ""numpy"": ""1.26.0"", ""python"": ""3.10.12"", ""deterministic"": true, ""grad_clip_max_norm"": 1.0, ""CUBLAS_WORKSPACE_CONFIG"": "":4096:8"", ""CUDA_VISIBLE_DEVICES"": ""2""}",2026-08-21T15:35:11
VNAT_8s_tcpdur_random70_stratified_flowlevel_splitseed42_3feat_fedformer_250ms_seed2,VNAT,VNAT_8s_tcp_duration,8,random70_stratified_flowlevel_splitseed42,42,278befae3cd3e10e,Validation,4,fedformer,3feat,250ms,33,3,2,256,1382,598,best_val,33,12345,4,True,True,1.0,6.4458,100.0,47,70.2671,67.9524,67.3913,67.9524,"{""Chat"": 61.86, ""Control"": 83.432, ""File Transfer"": 66.667, ""Streaming"": 59.85}","{""Chat"": 48.54, ""Control"": 84.94, ""File Transfer"": 75.0, ""Streaming"": 82.192}","{""Chat"": 85.256, ""Control"": 81.977, ""File Transfer"": 60.0, ""Streaming"": 47.059}","{""Chat"": 156, ""Control"": 172, ""File Transfer"": 15, ""Streaming"": 255}","{""Chat"": 0.989971, ""Control"": 0.848894, ""File Transfer"": 9.337838, ""Streaming"": 0.586587}","{""Chat"": 349, ""Control"": 407, ""File Transfer"": 37, ""Streaming"": 589}",240773,checkpoints/VNAT_8s_tcp_duration_3feat_seed2/VNAT_8s_tcpdur_random70_stratified_flowlevel_splitseed42_3feat_fedformer_250ms_seed2.pth,3559084,50.9,OK,,"{""torch"": ""2.4.1+cu121"", ""cuda"": ""12.1"", ""gpu"": ""NVIDIA RTX A4500"", ""numpy"": ""1.26.0"", ""python"": ""3.10.12"", ""deterministic"": true, ""grad_clip_max_norm"": 1.0, ""CUBLAS_WORKSPACE_CONFIG"": "":4096:8"", ""CUDA_VISIBLE_DEVICES"": ""2""}",2026-08-21T15:36:03
VNAT_8s_tcpdur_random70_stratified_flowlevel_splitseed42_3feat_timemixer_250ms_seed0,VNAT,VNAT_8s_tcp_duration,8,random70_stratified_flowlevel_splitseed42,42,278befae3cd3e10e,Validation,4,timemixer,3feat,250ms,33,3,0,256,1382,598,best_val,18,12345,0,True,True,1.0,2.6441,7.22,30,44.6703,50.8125,47.3244,50.8125,"{""Chat"": 57.419, ""Control"": 57.143, ""File Transfer"": 76.923, ""Streaming"": 11.765}","{""Chat"": 57.792, ""Control"": 40.385, ""File Transfer"": 90.909, ""Streaming"": 94.118}","{""Chat"": 57.051, ""Control"": 97.674, ""File Transfer"": 66.667, ""Streaming"": 6.275}","{""Chat"": 156, ""Control"": 172, ""File Transfer"": 15, ""Streaming"": 255}","{""Chat"": 0.989971, ""Control"": 0.848894, ""File Transfer"": 9.337838, ""Streaming"": 0.586587}","{""Chat"": 349, ""Control"": 407, ""File Transfer"": 37, ""Streaming"": 589}",148220,checkpoints/VNAT_8s_tcp_duration_3feat_seed0/VNAT_8s_tcpdur_random70_stratified_flowlevel_splitseed42_3feat_timemixer_250ms_seed0.pth,1910154,9.7,OK,,"{""torch"": ""2.4.1+cu121"", ""cuda"": ""12.1"", ""gpu"": ""NVIDIA RTX A4500"", ""numpy"": ""1.26.0"", ""python"": ""3.10.12"", ""deterministic"": true, ""grad_clip_max_norm"": 1.0, ""CUBLAS_WORKSPACE_CONFIG"": "":4096:8"", ""CUDA_VISIBLE_DEVICES"": ""2""}",2026-08-21T15:36:12
VNAT_8s_tcpdur_random70_stratified_flowlevel_splitseed42_3feat_timemixer_250ms_seed1,VNAT,VNAT_8s_tcp_duration,8,random70_stratified_flowlevel_splitseed42,42,278befae3cd3e10e,Validation,4,timemixer,3feat,250ms,33,3,1,256,1382,598,best_val,14,12345,0,True,True,1.0,2.4487,5.17,29,42.4759,53.9463,51.505,53.9463,"{""Chat"": 63.918, ""Control"": 62.913, ""File Transfer"": 80.0, ""Streaming"": 8.955}","{""Chat"": 53.448, ""Control"": 47.23, ""File Transfer"": 100.0, ""Streaming"": 92.308}","{""Chat"": 79.487, ""Control"": 94.186, ""File Transfer"": 66.667, ""Streaming"": 4.706}","{""Chat"": 156, ""Control"": 172, ""File Transfer"": 15, ""Streaming"": 255}","{""Chat"": 0.989971, ""Control"": 0.848894, ""File Transfer"": 9.337838, ""Streaming"": 0.586587}","{""Chat"": 349, ""Control"": 407, ""File Transfer"": 37, ""Streaming"": 589}",148220,checkpoints/VNAT_8s_tcp_duration_3feat_seed1/VNAT_8s_tcpdur_random70_stratified_flowlevel_splitseed42_3feat_timemixer_250ms_seed1.pth,1910154,8.9,OK,,"{""torch"": ""2.4.1+cu121"", ""cuda"": ""12.1"", ""gpu"": ""NVIDIA RTX A4500"", ""numpy"": ""1.26.0"", ""python"": ""3.10.12"", ""deterministic"": true, ""grad_clip_max_norm"": 1.0, ""CUBLAS_WORKSPACE_CONFIG"": "":4096:8"", ""CUDA_VISIBLE_DEVICES"": ""2""}",2026-08-21T15:36:21
VNAT_8s_tcpdur_random70_stratified_flowlevel_splitseed42_3feat_timemixer_250ms_seed2,VNAT,VNAT_8s_tcp_duration,8,random70_stratified_flowlevel_splitseed42,42,278befae3cd3e10e,Validation,4,timemixer,3feat,250ms,33,3,2,256,1382,598,best_val,20,12345,0,True,True,1.0,1.844,7.62,35,44.8357,53.3553,49.3311,53.3553,"{""Chat"": 60.274, ""Control"": 57.143, ""File Transfer"": 76.923, ""Streaming"": 19.081}","{""Chat"": 64.706, ""Control"": 40.189, ""File Transfer"": 90.909, ""Streaming"": 96.429}","{""Chat"": 56.41, ""Control"": 98.837, ""File Transfer"": 66.667, ""Streaming"": 10.588}","{""Chat"": 156, ""Control"": 172, ""File Transfer"": 15, ""Streaming"": 255}","{""Chat"": 0.989971, ""Control"": 0.848894, ""File Transfer"": 9.337838, ""Streaming"": 0.586587}","{""Chat"": 349, ""Control"": 407, ""File Transfer"": 37, ""Streaming"": 589}",148220,checkpoints/VNAT_8s_tcp_duration_3feat_seed2/VNAT_8s_tcpdur_random70_stratified_flowlevel_splitseed42_3feat_timemixer_250ms_seed2.pth,1910154,11.0,OK,,"{""torch"": ""2.4.1+cu121"", ""cuda"": ""12.1"", ""gpu"": ""NVIDIA RTX A4500"", ""numpy"": ""1.26.0"", ""python"": ""3.10.12"", ""deterministic"": true, ""grad_clip_max_norm"": 1.0, ""CUBLAS_WORKSPACE_CONFIG"": "":4096:8"", ""CUDA_VISIBLE_DEVICES"": ""2""}",2026-08-21T15:36:32
VNAT_8s_tcpdur_random70_stratified_flowlevel_splitseed42_8feat_timesnet_20ms_seed0,VNAT,VNAT_8s_tcp_duration,8,random70_stratified_flowlevel_splitseed42,42,278befae3cd3e10e,Validation,4,timesnet,8feat,20ms,401,8,0,256,1382,598,best_val,20,12345,0,True,True,1.0,29.5342,100.0,31,86.8337,88.2528,90.6355,88.2528,"{""Chat"": 85.96, ""Control"": 97.093, ""File Transfer"": 80.0, ""Streaming"": 89.958}","{""Chat"": 77.72, ""Control"": 97.093, ""File Transfer"": 100.0, ""Streaming"": 96.413}","{""Chat"": 96.154, ""Control"": 97.093, ""File Transfer"": 66.667, ""Streaming"": 84.314}","{""Chat"": 156, ""Control"": 172, ""File Transfer"": 15, ""Streaming"": 255}","{""Chat"": 0.989971, ""Control"": 0.848894, ""File Transfer"": 9.337838, ""Streaming"": 0.586587}","{""Chat"": 349, ""Control"": 407, ""File Transfer"": 37, ""Streaming"": 589}",9478596,checkpoints/VNAT_8s_tcp_duration_8feat_seed0/VNAT_8s_tcpdur_random70_stratified_flowlevel_splitseed42_8feat_timesnet_20ms_seed0.pth,39223810,210.0,OK,,"{""torch"": ""2.4.1+cu121"", ""cuda"": ""12.1"", ""gpu"": ""NVIDIA RTX A4500"", ""numpy"": ""1.26.0"", ""python"": ""3.10.12"", ""deterministic"": true, ""grad_clip_max_norm"": 1.0, ""CUBLAS_WORKSPACE_CONFIG"": "":4096:8"", ""CUDA_VISIBLE_DEVICES"": ""2""}",2026-08-21T15:40:04
VNAT_8s_tcpdur_random70_stratified_flowlevel_splitseed42_8feat_timesnet_20ms_seed1,VNAT,VNAT_8s_tcp_duration,8,random70_stratified_flowlevel_splitseed42,42,278befae3cd3e10e,Validation,4,timesnet,8feat,20ms,401,8,1,256,1382,598,best_val,13,12345,0,True,True,1.0,30.7822,100.0,26,82.4435,87.8954,90.1338,87.8954,"{""Chat"": 85.552, ""Control"": 96.812, ""File Transfer"": 80.0, ""Streaming"": 89.218}","{""Chat"": 76.65, ""Control"": 96.532, ""File Transfer"": 100.0, ""Streaming"": 96.789}","{""Chat"": 96.795, ""Control"": 97.093, ""File Transfer"": 66.667, ""Streaming"": 82.745}","{""Chat"": 156, ""Control"": 172, ""File Transfer"": 15, ""Streaming"": 255}","{""Chat"": 0.989971, ""Control"": 0.848894, ""File Transfer"": 9.337838, ""Streaming"": 0.586587}","{""Chat"": 349, ""Control"": 407, ""File Transfer"": 37, ""Streaming"": 589}",9478596,checkpoints/VNAT_8s_tcp_duration_8feat_seed1/VNAT_8s_tcpdur_random70_stratified_flowlevel_splitseed42_8feat_timesnet_20ms_seed1.pth,39223810,216.4,OK,,"{""torch"": ""2.4.1+cu121"", ""cuda"": ""12.1"", ""gpu"": ""NVIDIA RTX A4500"", ""numpy"": ""1.26.0"", ""python"": ""3.10.12"", ""deterministic"": true, ""grad_clip_max_norm"": 1.0, ""CUBLAS_WORKSPACE_CONFIG"": "":4096:8"", ""CUDA_VISIBLE_DEVICES"": ""2""}",2026-08-21T15:43:41
VNAT_8s_tcpdur_random70_stratified_flowlevel_splitseed42_8feat_timesnet_20ms_seed2,VNAT,VNAT_8s_tcp_duration,8,random70_stratified_flowlevel_splitseed42,42,278befae3cd3e10e,Validation,4,timesnet,8feat,20ms,401,8,2,256,1382,598,best_val,22,12345,0,True,True,1.0,28.782,100.0,36,84.0055,87.7872,91.3043,87.7872,"{""Chat"": 87.209, ""Control"": 96.755, ""File Transfer"": 75.862, ""Streaming"": 91.322}","{""Chat"": 79.787, ""Control"": 98.204, ""File Transfer"": 78.571, ""Streaming"": 96.507}","{""Chat"": 96.154, ""Control"": 95.349, ""File Transfer"": 73.333, ""Streaming"": 86.667}","{""Chat"": 156, ""Control"": 172, ""File Transfer"": 15, ""Streaming"": 255}","{""Chat"": 0.989971, ""Control"": 0.848894, ""File Transfer"": 9.337838, ""Streaming"": 0.586587}","{""Chat"": 349, ""Control"": 407, ""File Transfer"": 37, ""Streaming"": 589}",9478596,checkpoints/VNAT_8s_tcp_duration_8feat_seed2/VNAT_8s_tcpdur_random70_stratified_flowlevel_splitseed42_8feat_timesnet_20ms_seed2.pth,39223810,301.1,OK,,"{""torch"": ""2.4.1+cu121"", ""cuda"": ""12.1"", ""gpu"": ""NVIDIA RTX A4500"", ""numpy"": ""1.26.0"", ""python"": ""3.10.12"", ""deterministic"": true, ""grad_clip_max_norm"": 1.0, ""CUBLAS_WORKSPACE_CONFIG"": "":4096:8"", ""CUDA_VISIBLE_DEVICES"": ""2""}",2026-08-21T15:48:45
VNAT_8s_tcpdur_random70_stratified_flowlevel_splitseed42_8feat_informer_20ms_seed0,VNAT,VNAT_8s_tcp_duration,8,random70_stratified_flowlevel_splitseed42,42,278befae3cd3e10e,Validation,4,informer,8feat,20ms,401,8,0,64,1382,598,best_val,15,12345,0,True,True,1.0,122.7585,100.0,26,92.8427,94.152,94.3144,92.07,"{""Chat"": 91.291, ""Control"": 98.256, ""File Transfer"": 84.615, ""Streaming"": 94.118}","{""Chat"": 85.876, ""Control"": 98.256, ""File Transfer"": 100.0, ""Streaming"": 97.479}","{""Chat"": 97.436, ""Control"": 98.256, ""File Transfer"": 73.333, ""Streaming"": 90.98}","{""Chat"": 156, ""Control"": 172, ""File Transfer"": 15, ""Streaming"": 255}","{""Chat"": 0.989971, ""Control"": 0.848894, ""File Transfer"": 9.337838, ""Streaming"": 0.586587}","{""Chat"": 349, ""Control"": 407, ""File Transfer"": 37, ""Streaming"": 589}",3091205,checkpoints/VNAT_8s_tcp_duration_8feat_seed0/VNAT_8s_tcpdur_random70_stratified_flowlevel_splitseed42_8feat_informer_20ms_seed0.pth,22648834,95.1,OK,,"{""torch"": ""2.4.1+cu121"", ""cuda"": ""12.1"", ""gpu"": ""NVIDIA RTX A4500"", ""numpy"": ""1.26.0"", ""python"": ""3.10.12"", ""deterministic"": true, ""grad_clip_max_norm"": 1.0, ""CUBLAS_WORKSPACE_CONFIG"": "":4096:8"", ""CUDA_VISIBLE_DEVICES"": ""2""}",2026-08-21T15:50:22
VNAT_8s_tcpdur_random70_stratified_flowlevel_splitseed42_8feat_informer_20ms_seed1,VNAT,VNAT_8s_tcp_duration,8,random70_stratified_flowlevel_splitseed42,42,278befae3cd3e10e,Validation,4,informer,8feat,20ms,401,8,1,64,1382,598,best_val,19,12345,0,True,True,1.0,144.0005,100.0,27,92.7911,94.266,95.3177,93.3086,"{""Chat"": 92.923, ""Control"": 98.235, ""File Transfer"": 86.667, ""Streaming"": 95.409}","{""Chat"": 89.349, ""Control"": 99.405, ""File Transfer"": 86.667, ""Streaming"": 97.154}","{""Chat"": 96.795, ""Control"": 97.093, ""File Transfer"": 86.667, ""Streaming"": 93.725}","{""Chat"": 156, ""Control"": 172, ""File Transfer"": 15, ""Streaming"": 255}","{""Chat"": 0.989971, ""Control"": 0.848894, ""File Transfer"": 9.337838, ""Streaming"": 0.586587}","{""Chat"": 349, ""Control"": 407, ""File Transfer"": 37, ""Streaming"": 589}",3091205,checkpoints/VNAT_8s_tcp_duration_8feat_seed1/VNAT_8s_tcpdur_random70_stratified_flowlevel_splitseed42_8feat_informer_20ms_seed1.pth,22648834,64.2,OK,,"{""torch"": ""2.4.1+cu121"", ""cuda"": ""12.1"", ""gpu"": ""NVIDIA RTX A4500"", ""numpy"": ""1.26.0"", ""python"": ""3.10.12"", ""deterministic"": true, ""grad_clip_max_norm"": 1.0, ""CUBLAS_WORKSPACE_CONFIG"": "":4096:8"", ""CUDA_VISIBLE_DEVICES"": ""2""}",2026-08-21T15:51:28
VNAT_8s_tcpdur_random70_stratified_flowlevel_splitseed42_8feat_informer_20ms_seed2,VNAT,VNAT_8s_tcp_duration,8,random70_stratified_flowlevel_splitseed42,42,278befae3cd3e10e,Validation,4,informer,8feat,20ms,401,8,2,64,1382,598,best_val,17,12345,0,True,True,1.0,151.0271,99.86,33,92.6258,95.4025,96.1538,95.4025,"{""Chat"": 94.081, ""Control"": 98.83, ""File Transfer"": 92.857, ""Streaming"": 95.842}","{""Chat"": 91.515, ""Control"": 99.412, ""File Transfer"": 100.0, ""Streaming"": 96.8}","{""Chat"": 96.795, ""Control"": 98.256, ""File Transfer"": 86.667, ""Streaming"": 94.902}","{""Chat"": 156, ""Control"": 172, ""File Transfer"": 15, ""Streaming"": 255}","{""Chat"": 0.989971, ""Control"": 0.848894, ""File Transfer"": 9.337838, ""Streaming"": 0.586587}","{""Chat"": 349, ""Control"": 407, ""File Transfer"": 37, ""Streaming"": 589}",3091205,checkpoints/VNAT_8s_tcp_duration_8feat_seed2/VNAT_8s_tcpdur_random70_stratified_flowlevel_splitseed42_8feat_informer_20ms_seed2.pth,22648834,57.3,OK,,"{""torch"": ""2.4.1+cu121"", ""cuda"": ""12.1"", ""gpu"": ""NVIDIA RTX A4500"", ""numpy"": ""1.26.0"", ""python"": ""3.10.12"", ""deterministic"": true, ""grad_clip_max_norm"": 1.0, ""CUBLAS_WORKSPACE_CONFIG"": "":4096:8"", ""CUDA_VISIBLE_DEVICES"": ""2""}",2026-08-21T15:52:27
VNAT_8s_tcpdur_random70_stratified_flowlevel_splitseed42_8feat_nst_20ms_seed0,VNAT,VNAT_8s_tcp_duration,8,random70_stratified_flowlevel_splitseed42,42,278befae3cd3e10e,Validation,4,nst,8feat,20ms,401,8,0,64,1382,598,best_val,16,12345,0,True,True,1.0,42.2717,100.0,28,91.8577,91.0989,94.4816,91.0989,"{""Chat"": 92.025, ""Control"": 97.971, ""File Transfer"": 80.0, ""Streaming"": 94.4}","{""Chat"": 88.235, ""Control"": 97.688, ""File Transfer"": 100.0, ""Streaming"": 96.327}","{""Chat"": 96.154, ""Control"": 98.256, ""File Transfer"": 66.667, ""Streaming"": 92.549}","{""Chat"": 156, ""Control"": 172, ""File Transfer"": 15, ""Streaming"": 255}","{""Chat"": 0.989971, ""Control"": 0.848894, ""File Transfer"": 9.337838, ""Streaming"": 0.586587}","{""Chat"": 349, ""Control"": 407, ""File Transfer"": 37, ""Streaming"": 589}",253610,checkpoints/VNAT_8s_tcp_duration_8feat_seed0/VNAT_8s_tcpdur_random70_stratified_flowlevel_splitseed42_8feat_nst_20ms_seed0.pth,2322506,37.0,OK,,"{""torch"": ""2.4.1+cu121"", ""cuda"": ""12.1"", ""gpu"": ""NVIDIA RTX A4500"", ""numpy"": ""1.26.0"", ""python"": ""3.10.12"", ""deterministic"": true, ""grad_clip_max_norm"": 1.0, ""CUBLAS_WORKSPACE_CONFIG"": "":4096:8"", ""CUDA_VISIBLE_DEVICES"": ""2""}",2026-08-21T15:53:04
VNAT_8s_tcpdur_random70_stratified_flowlevel_splitseed42_8feat_nst_20ms_seed1,VNAT,VNAT_8s_tcp_duration,8,random70_stratified_flowlevel_splitseed42,42,278befae3cd3e10e,Validation,4,nst,8feat,20ms,401,8,1,64,1382,598,best_val,10,12345,0,True,True,1.0,43.3322,100.0,28,83.7423,92.8507,93.8127,92.8507,"{""Chat"": 89.97, ""Control"": 98.256, ""File Transfer"": 89.655, ""Streaming"": 93.522}","{""Chat"": 85.549, ""Control"": 98.256, ""File Transfer"": 92.857, ""Streaming"": 96.653}","{""Chat"": 94.872, ""Control"": 98.256, ""File Transfer"": 86.667, ""Streaming"": 90.588}","{""Chat"": 156, ""Control"": 172, ""File Transfer"": 15, ""Streaming"": 255}","{""Chat"": 0.989971, ""Control"": 0.848894, ""File Transfer"": 9.337838, ""Streaming"": 0.586587}","{""Chat"": 349, ""Control"": 407, ""File Transfer"": 37, ""Streaming"": 589}",253610,checkpoints/VNAT_8s_tcp_duration_8feat_seed1/VNAT_8s_tcpdur_random70_stratified_flowlevel_splitseed42_8feat_nst_20ms_seed1.pth,2322506,31.9,OK,,"{""torch"": ""2.4.1+cu121"", ""cuda"": ""12.1"", ""gpu"": ""NVIDIA RTX A4500"", ""numpy"": ""1.26.0"", ""python"": ""3.10.12"", ""deterministic"": true, ""grad_clip_max_norm"": 1.0, ""CUBLAS_WORKSPACE_CONFIG"": "":4096:8"", ""CUDA_VISIBLE_DEVICES"": ""2""}",2026-08-21T15:53:36
VNAT_8s_tcpdur_random70_stratified_flowlevel_splitseed42_8feat_nst_20ms_seed2,VNAT,VNAT_8s_tcp_duration,8,random70_stratified_flowlevel_splitseed42,42,278befae3cd3e10e,Validation,4,nst,8feat,20ms,401,8,2,64,1382,598,best_val,10,12345,0,True,True,1.0,50.1087,100.0,25,88.3167,90.4976,93.1438,90.4976,"{""Chat"": 89.614, ""Control"": 98.534, ""File Transfer"": 81.25, ""Streaming"": 92.593}","{""Chat"": 83.425, ""Control"": 99.408, ""File Transfer"": 76.471, ""Streaming"": 97.403}","{""Chat"": 96.795, ""Control"": 97.674, ""File Transfer"": 86.667, ""Streaming"": 88.235}","{""Chat"": 156, ""Control"": 172, ""File Transfer"": 15, ""Streaming"": 255}","{""Chat"": 0.989971, ""Control"": 0.848894, ""File Transfer"": 9.337838, ""Streaming"": 0.586587}","{""Chat"": 349, ""Control"": 407, ""File Transfer"": 37, ""Streaming"": 589}",253610,checkpoints/VNAT_8s_tcp_duration_8feat_seed2/VNAT_8s_tcpdur_random70_stratified_flowlevel_splitseed42_8feat_nst_20ms_seed2.pth,2322506,32.8,OK,,"{""torch"": ""2.4.1+cu121"", ""cuda"": ""12.1"", ""gpu"": ""NVIDIA RTX A4500"", ""numpy"": ""1.26.0"", ""python"": ""3.10.12"", ""deterministic"": true, ""grad_clip_max_norm"": 1.0, ""CUBLAS_WORKSPACE_CONFIG"": "":4096:8"", ""CUDA_VISIBLE_DEVICES"": ""2""}",2026-08-21T15:54:09
VNAT_8s_tcpdur_random70_stratified_flowlevel_splitseed42_8feat_autoformer_20ms_seed0,VNAT,VNAT_8s_tcp_duration,8,random70_stratified_flowlevel_splitseed42,42,278befae3cd3e10e,Validation,4,autoformer,8feat,20ms,401,8,0,256,1382,598,best_val,22,12345,0,True,True,1.0,18.8306,100.0,39,91.2374,86.7636,92.8094,86.7636,"{""Chat"": 90.683, ""Control"": 96.532, ""File Transfer"": 66.667, ""Streaming"": 93.173}","{""Chat"": 87.952, ""Control"": 95.977, ""File Transfer"": 66.667, ""Streaming"": 95.473}","{""Chat"": 93.59, ""Control"": 97.093, ""File Transfer"": 66.667, ""Streaming"": 90.98}","{""Chat"": 156, ""Control"": 172, ""File Transfer"": 15, ""Streaming"": 255}","{""Chat"": 0.989971, ""Control"": 0.848894, ""File Transfer"": 9.337838, ""Streaming"": 0.586587}","{""Chat"": 349, ""Control"": 407, ""File Transfer"": 37, ""Streaming"": 589}",203460,checkpoints/VNAT_8s_tcp_duration_8feat_seed0/VNAT_8s_tcpdur_random70_stratified_flowlevel_splitseed42_8feat_autoformer_20ms_seed0.pth,2111394,45.5,OK,,"{""torch"": ""2.4.1+cu121"", ""cuda"": ""12.1"", ""gpu"": ""NVIDIA RTX A4500"", ""numpy"": ""1.26.0"", ""python"": ""3.10.12"", ""deterministic"": true, ""grad_clip_max_norm"": 1.0, ""CUBLAS_WORKSPACE_CONFIG"": "":4096:8"", ""CUDA_VISIBLE_DEVICES"": ""2""}",2026-08-21T15:54:55
VNAT_8s_tcpdur_random70_stratified_flowlevel_splitseed42_8feat_autoformer_20ms_seed1,VNAT,VNAT_8s_tcp_duration,8,random70_stratified_flowlevel_splitseed42,42,278befae3cd3e10e,Validation,4,autoformer,8feat,20ms,401,8,1,256,1382,598,best_val,23,12345,0,True,True,1.0,17.32,100.0,37,85.2947,75.3914,86.7893,75.3914,"{""Chat"": 85.526, ""Control"": 91.411, ""File Transfer"": 33.898, ""Streaming"": 90.73}","{""Chat"": 87.838, ""Control"": 96.753, ""File Transfer"": 22.727, ""Streaming"": 91.27}","{""Chat"": 83.333, ""Control"": 86.628, ""File Transfer"": 66.667, ""Streaming"": 90.196}","{""Chat"": 156, ""Control"": 172, ""File Transfer"": 15, ""Streaming"": 255}","{""Chat"": 0.989971, ""Control"": 0.848894, ""File Transfer"": 9.337838, ""Streaming"": 0.586587}","{""Chat"": 349, ""Control"": 407, ""File Transfer"": 37, ""Streaming"": 589}",203460,checkpoints/VNAT_8s_tcp_duration_8feat_seed1/VNAT_8s_tcpdur_random70_stratified_flowlevel_splitseed42_8feat_autoformer_20ms_seed1.pth,2111394,42.9,OK,,"{""torch"": ""2.4.1+cu121"", ""cuda"": ""12.1"", ""gpu"": ""NVIDIA RTX A4500"", ""numpy"": ""1.26.0"", ""python"": ""3.10.12"", ""deterministic"": true, ""grad_clip_max_norm"": 1.0, ""CUBLAS_WORKSPACE_CONFIG"": "":4096:8"", ""CUDA_VISIBLE_DEVICES"": ""2""}",2026-08-21T15:55:39
VNAT_8s_tcpdur_random70_stratified_flowlevel_splitseed42_8feat_autoformer_20ms_seed2,VNAT,VNAT_8s_tcp_duration,8,random70_stratified_flowlevel_splitseed42,42,278befae3cd3e10e,Validation,4,autoformer,8feat,20ms,401,8,2,256,1382,598,best_val,32,12345,0,True,True,1.0,19.359,100.0,45,91.9705,91.0508,93.9799,91.0508,"{""Chat"": 91.875, ""Control"": 97.126, ""File Transfer"": 81.25, ""Streaming"": 93.952}","{""Chat"": 89.634, ""Control"": 96.023, ""File Transfer"": 76.471, ""Streaming"": 96.68}","{""Chat"": 94.231, ""Control"": 98.256, ""File Transfer"": 86.667, ""Streaming"": 91.373}","{""Chat"": 156, ""Control"": 172, ""File Transfer"": 15, ""Streaming"": 255}","{""Chat"": 0.989971, ""Control"": 0.848894, ""File Transfer"": 9.337838, ""Streaming"": 0.586587}","{""Chat"": 349, ""Control"": 407, ""File Transfer"": 37, ""Streaming"": 589}",203460,checkpoints/VNAT_8s_tcp_duration_8feat_seed2/VNAT_8s_tcpdur_random70_stratified_flowlevel_splitseed42_8feat_autoformer_20ms_seed2.pth,2111394,53.0,OK,,"{""torch"": ""2.4.1+cu121"", ""cuda"": ""12.1"", ""gpu"": ""NVIDIA RTX A4500"", ""numpy"": ""1.26.0"", ""python"": ""3.10.12"", ""deterministic"": true, ""grad_clip_max_norm"": 1.0, ""CUBLAS_WORKSPACE_CONFIG"": "":4096:8"", ""CUDA_VISIBLE_DEVICES"": ""2""}",2026-08-21T15:56:33
VNAT_8s_tcpdur_random70_stratified_flowlevel_splitseed42_8feat_fedformer_20ms_seed0,VNAT,VNAT_8s_tcp_duration,8,random70_stratified_flowlevel_splitseed42,42,278befae3cd3e10e,Validation,4,fedformer,8feat,20ms,401,8,0,256,1382,598,best_val,21,12345,4,True,True,1.0,21.8779,100.0,31,87.873,86.8042,89.6321,86.8042,"{""Chat"": 87.395, ""Control"": 94.587, ""File Transfer"": 76.923, ""Streaming"": 88.312}","{""Chat"": 77.612, ""Control"": 92.737, ""File Transfer"": 90.909, ""Streaming"": 98.551}","{""Chat"": 100.0, ""Control"": 96.512, ""File Transfer"": 66.667, ""Streaming"": 80.0}","{""Chat"": 156, ""Control"": 172, ""File Transfer"": 15, ""Streaming"": 255}","{""Chat"": 0.989971, ""Control"": 0.848894, ""File Transfer"": 9.337838, ""Streaming"": 0.586587}","{""Chat"": 349, ""Control"": 407, ""File Transfer"": 37, ""Streaming"": 589}",467013,checkpoints/VNAT_8s_tcp_duration_8feat_seed0/VNAT_8s_tcpdur_random70_stratified_flowlevel_splitseed42_8feat_fedformer_20ms_seed0.pth,4464171,65.1,OK,,"{""torch"": ""2.4.1+cu121"", ""cuda"": ""12.1"", ""gpu"": ""NVIDIA RTX A4500"", ""numpy"": ""1.26.0"", ""python"": ""3.10.12"", ""deterministic"": true, ""grad_clip_max_norm"": 1.0, ""CUBLAS_WORKSPACE_CONFIG"": "":4096:8"", ""CUDA_VISIBLE_DEVICES"": ""2""}",2026-08-21T15:57:38
VNAT_8s_tcpdur_random70_stratified_flowlevel_splitseed42_8feat_fedformer_20ms_seed1,VNAT,VNAT_8s_tcp_duration,8,random70_stratified_flowlevel_splitseed42,42,278befae3cd3e10e,Validation,4,fedformer,8feat,20ms,401,8,1,256,1382,598,best_val,30,12345,4,True,True,1.0,26.4563,100.0,42,92.3398,90.3698,94.4816,90.3698,"{""Chat"": 92.857, ""Control"": 96.812, ""File Transfer"": 76.923, ""Streaming"": 94.888}","{""Chat"": 86.667, ""Control"": 96.532, ""File Transfer"": 90.909, ""Streaming"": 99.145}","{""Chat"": 100.0, ""Control"": 97.093, ""File Transfer"": 66.667, ""Streaming"": 90.98}","{""Chat"": 156, ""Control"": 172, ""File Transfer"": 15, ""Streaming"": 255}","{""Chat"": 0.989971, ""Control"": 0.848894, ""File Transfer"": 9.337838, ""Streaming"": 0.586587}","{""Chat"": 349, ""Control"": 407, ""File Transfer"": 37, ""Streaming"": 589}",467013,checkpoints/VNAT_8s_tcp_duration_8feat_seed1/VNAT_8s_tcpdur_random70_stratified_flowlevel_splitseed42_8feat_fedformer_20ms_seed1.pth,4464171,84.4,OK,,"{""torch"": ""2.4.1+cu121"", ""cuda"": ""12.1"", ""gpu"": ""NVIDIA RTX A4500"", ""numpy"": ""1.26.0"", ""python"": ""3.10.12"", ""deterministic"": true, ""grad_clip_max_norm"": 1.0, ""CUBLAS_WORKSPACE_CONFIG"": "":4096:8"", ""CUDA_VISIBLE_DEVICES"": ""2""}",2026-08-21T15:59:03
VNAT_8s_tcpdur_random70_stratified_flowlevel_splitseed42_8feat_fedformer_20ms_seed2,VNAT,VNAT_8s_tcp_duration,8,random70_stratified_flowlevel_splitseed42,42,278befae3cd3e10e,Validation,4,fedformer,8feat,20ms,401,8,2,256,1382,598,best_val,34,12345,4,True,True,1.0,18.1334,100.0,47,90.3248,89.7553,93.6455,89.7553,"{""Chat"": 91.765, ""Control"": 96.532, ""File Transfer"": 76.923, ""Streaming"": 93.802}","{""Chat"": 84.783, ""Control"": 95.977, ""File Transfer"": 90.909, ""Streaming"": 99.127}","{""Chat"": 100.0, ""Control"": 97.093, ""File Transfer"": 66.667, ""Streaming"": 89.02}","{""Chat"": 156, ""Control"": 172, ""File Transfer"": 15, ""Streaming"": 255}","{""Chat"": 0.989971, ""Control"": 0.848894, ""File Transfer"": 9.337838, ""Streaming"": 0.586587}","{""Chat"": 349, ""Control"": 407, ""File Transfer"": 37, ""Streaming"": 589}",467013,checkpoints/VNAT_8s_tcp_duration_8feat_seed2/VNAT_8s_tcpdur_random70_stratified_flowlevel_splitseed42_8feat_fedformer_20ms_seed2.pth,4464171,94.2,OK,,"{""torch"": ""2.4.1+cu121"", ""cuda"": ""12.1"", ""gpu"": ""NVIDIA RTX A4500"", ""numpy"": ""1.26.0"", ""python"": ""3.10.12"", ""deterministic"": true, ""grad_clip_max_norm"": 1.0, ""CUBLAS_WORKSPACE_CONFIG"": "":4096:8"", ""CUDA_VISIBLE_DEVICES"": ""2""}",2026-08-21T16:00:38
VNAT_8s_tcpdur_random70_stratified_flowlevel_splitseed42_8feat_timemixer_20ms_seed0,VNAT,VNAT_8s_tcp_duration,8,random70_stratified_flowlevel_splitseed42,42,278befae3cd3e10e,Validation,4,timemixer,8feat,20ms,401,8,0,256,1382,598,best_val,28,12345,0,True,True,1.0,77.3329,82.91,39,86.6845,83.2579,88.9632,83.2579,"{""Chat"": 86.455, ""Control"": 95.265, ""File Transfer"": 64.0, ""Streaming"": 87.312}","{""Chat"": 78.534, ""Control"": 91.444, ""File Transfer"": 80.0, ""Streaming"": 96.667}","{""Chat"": 96.154, ""Control"": 99.419, ""File Transfer"": 53.333, ""Streaming"": 79.608}","{""Chat"": 156, ""Control"": 172, ""File Transfer"": 15, ""Streaming"": 255}","{""Chat"": 0.989971, ""Control"": 0.848894, ""File Transfer"": 9.337838, ""Streaming"": 0.586587}","{""Chat"": 349, ""Control"": 407, ""File Transfer"": 37, ""Streaming"": 589}",1143178,checkpoints/VNAT_8s_tcp_duration_8feat_seed0/VNAT_8s_tcpdur_random70_stratified_flowlevel_splitseed42_8feat_timemixer_20ms_seed0.pth,5889478,18.2,OK,,"{""torch"": ""2.4.1+cu121"", ""cuda"": ""12.1"", ""gpu"": ""NVIDIA RTX A4500"", ""numpy"": ""1.26.0"", ""python"": ""3.10.12"", ""deterministic"": true, ""grad_clip_max_norm"": 1.0, ""CUBLAS_WORKSPACE_CONFIG"": "":4096:8"", ""CUDA_VISIBLE_DEVICES"": ""2""}",2026-08-21T16:00:56
VNAT_8s_tcpdur_random70_stratified_flowlevel_splitseed42_8feat_timemixer_20ms_seed1,VNAT,VNAT_8s_tcp_duration,8,random70_stratified_flowlevel_splitseed42,42,278befae3cd3e10e,Validation,4,timemixer,8feat,20ms,401,8,1,256,1382,598,best_val,5,12345,0,True,True,1.0,8.7171,16.67,17,65.729,77.0618,79.097,77.0618,"{""Chat"": 79.373, ""Control"": 87.738, ""File Transfer"": 69.231, ""Streaming"": 71.905}","{""Chat"": 66.96, ""Control"": 82.564, ""File Transfer"": 81.818, ""Streaming"": 91.515}","{""Chat"": 97.436, ""Control"": 93.605, ""File Transfer"": 60.0, ""Streaming"": 59.216}","{""Chat"": 156, ""Control"": 172, ""File Transfer"": 15, ""Streaming"": 255}","{""Chat"": 0.989971, ""Control"": 0.848894, ""File Transfer"": 9.337838, ""Streaming"": 0.586587}","{""Chat"": 349, ""Control"": 407, ""File Transfer"": 37, ""Streaming"": 589}",1143178,checkpoints/VNAT_8s_tcp_duration_8feat_seed1/VNAT_8s_tcpdur_random70_stratified_flowlevel_splitseed42_8feat_timemixer_20ms_seed1.pth,5889478,8.1,OK,,"{""torch"": ""2.4.1+cu121"", ""cuda"": ""12.1"", ""gpu"": ""NVIDIA RTX A4500"", ""numpy"": ""1.26.0"", ""python"": ""3.10.12"", ""deterministic"": true, ""grad_clip_max_norm"": 1.0, ""CUBLAS_WORKSPACE_CONFIG"": "":4096:8"", ""CUDA_VISIBLE_DEVICES"": ""2""}",2026-08-21T16:01:05
VNAT_8s_tcpdur_random70_stratified_flowlevel_splitseed42_8feat_timemixer_20ms_seed2,VNAT,VNAT_8s_tcp_duration,8,random70_stratified_flowlevel_splitseed42,42,278befae3cd3e10e,Validation,4,timemixer,8feat,20ms,401,8,2,256,1382,598,best_val,5,12345,0,True,True,1.0,6.1909,14.81,18,40.7718,82.1564,84.7826,82.1564,"{""Chat"": 82.48, ""Control"": 91.843, ""File Transfer"": 72.0, ""Streaming"": 82.303}","{""Chat"": 71.163, ""Control"": 95.597, ""File Transfer"": 90.0, ""Streaming"": 90.187}","{""Chat"": 98.077, ""Control"": 88.372, ""File Transfer"": 60.0, ""Streaming"": 75.686}","{""Chat"": 156, ""Control"": 172, ""File Transfer"": 15, ""Streaming"": 255}","{""Chat"": 0.989971, ""Control"": 0.848894, ""File Transfer"": 9.337838, ""Streaming"": 0.586587}","{""Chat"": 349, ""Control"": 407, ""File Transfer"": 37, ""Streaming"": 589}",1143178,checkpoints/VNAT_8s_tcp_duration_8feat_seed2/VNAT_8s_tcpdur_random70_stratified_flowlevel_splitseed42_8feat_timemixer_20ms_seed2.pth,5889478,8.3,OK,,"{""torch"": ""2.4.1+cu121"", ""cuda"": ""12.1"", ""gpu"": ""NVIDIA RTX A4500"", ""numpy"": ""1.26.0"", ""python"": ""3.10.12"", ""deterministic"": true, ""grad_clip_max_norm"": 1.0, ""CUBLAS_WORKSPACE_CONFIG"": "":4096:8"", ""CUDA_VISIBLE_DEVICES"": ""2""}",2026-08-21T16:01:14
VNAT_8s_tcpdur_random70_stratified_flowlevel_splitseed42_8feat_timesnet_30ms_seed0,VNAT,VNAT_8s_tcp_duration,8,random70_stratified_flowlevel_splitseed42,42,278befae3cd3e10e,Validation,4,timesnet,8feat,30ms,267,8,0,256,1382,598,best_val,17,12345,0,True,True,1.0,23.8439,100.0,31,84.1765,87.154,89.1304,87.154,"{""Chat"": 86.782, ""Control"": 93.769, ""File Transfer"": 80.0, ""Streaming"": 88.066}","{""Chat"": 78.646, ""Control"": 95.758, ""File Transfer"": 100.0, ""Streaming"": 92.641}","{""Chat"": 96.795, ""Control"": 91.86, ""File Transfer"": 66.667, ""Streaming"": 83.922}","{""Chat"": 156, ""Control"": 172, ""File Transfer"": 15, ""Streaming"": 255}","{""Chat"": 0.989971, ""Control"": 0.848894, ""File Transfer"": 9.337838, ""Streaming"": 0.586587}","{""Chat"": 349, ""Control"": 407, ""File Transfer"": 37, ""Streaming"": 589}",9444292,checkpoints/VNAT_8s_tcp_duration_8feat_seed0/VNAT_8s_tcpdur_random70_stratified_flowlevel_splitseed42_8feat_timesnet_30ms_seed0.pth,39086594,138.8,OK,,"{""torch"": ""2.4.1+cu121"", ""cuda"": ""12.1"", ""gpu"": ""NVIDIA RTX A4500"", ""numpy"": ""1.26.0"", ""python"": ""3.10.12"", ""deterministic"": true, ""grad_clip_max_norm"": 1.0, ""CUBLAS_WORKSPACE_CONFIG"": "":4096:8"", ""CUDA_VISIBLE_DEVICES"": ""2""}",2026-08-21T16:03:33
VNAT_8s_tcpdur_random70_stratified_flowlevel_splitseed42_8feat_timesnet_30ms_seed1,VNAT,VNAT_8s_tcp_duration,8,random70_stratified_flowlevel_splitseed42,42,278befae3cd3e10e,Validation,4,timesnet,8feat,30ms,267,8,1,256,1382,598,best_val,7,12345,0,True,True,1.0,16.5524,100.0,19,69.1813,83.9418,87.6254,83.9418,"{""Chat"": 80.864, ""Control"": 95.652, ""File Transfer"": 72.0, ""Streaming"": 87.251}","{""Chat"": 77.976, ""Control"": 95.376, ""File Transfer"": 90.0, ""Streaming"": 88.664}","{""Chat"": 83.974, ""Control"": 95.93, ""File Transfer"": 60.0, ""Streaming"": 85.882}","{""Chat"": 156, ""Control"": 172, ""File Transfer"": 15, ""Streaming"": 255}","{""Chat"": 0.989971, ""Control"": 0.848894, ""File Transfer"": 9.337838, ""Streaming"": 0.586587}","{""Chat"": 349, ""Control"": 407, ""File Transfer"": 37, ""Streaming"": 589}",9444292,checkpoints/VNAT_8s_tcp_duration_8feat_seed1/VNAT_8s_tcpdur_random70_stratified_flowlevel_splitseed42_8feat_timesnet_30ms_seed1.pth,39086594,86.8,OK,,"{""torch"": ""2.4.1+cu121"", ""cuda"": ""12.1"", ""gpu"": ""NVIDIA RTX A4500"", ""numpy"": ""1.26.0"", ""python"": ""3.10.12"", ""deterministic"": true, ""grad_clip_max_norm"": 1.0, ""CUBLAS_WORKSPACE_CONFIG"": "":4096:8"", ""CUDA_VISIBLE_DEVICES"": ""2""}",2026-08-21T16:05:01
VNAT_8s_tcpdur_random70_stratified_flowlevel_splitseed42_8feat_timesnet_30ms_seed2,VNAT,VNAT_8s_tcp_duration,8,random70_stratified_flowlevel_splitseed42,42,278befae3cd3e10e,Validation,4,timesnet,8feat,30ms,267,8,2,256,1382,598,best_val,49,12345,0,True,True,1.0,21.6431,100.0,57,69.2959,82.0688,84.7826,82.0688,"{""Chat"": 81.6, ""Control"": 92.877, ""File Transfer"": 72.0, ""Streaming"": 81.798}","{""Chat"": 69.863, ""Control"": 91.061, ""File Transfer"": 90.0, ""Streaming"": 95.789}","{""Chat"": 98.077, ""Control"": 94.767, ""File Transfer"": 60.0, ""Streaming"": 71.373}","{""Chat"": 156, ""Control"": 172, ""File Transfer"": 15, ""Streaming"": 255}","{""Chat"": 0.989971, ""Control"": 0.848894, ""File Transfer"": 9.337838, ""Streaming"": 0.586587}","{""Chat"": 349, ""Control"": 407, ""File Transfer"": 37, ""Streaming"": 589}",9444292,checkpoints/VNAT_8s_tcp_duration_8feat_seed2/VNAT_8s_tcpdur_random70_stratified_flowlevel_splitseed42_8feat_timesnet_30ms_seed2.pth,39086594,259.9,OK,,"{""torch"": ""2.4.1+cu121"", ""cuda"": ""12.1"", ""gpu"": ""NVIDIA RTX A4500"", ""numpy"": ""1.26.0"", ""python"": ""3.10.12"", ""deterministic"": true, ""grad_clip_max_norm"": 1.0, ""CUBLAS_WORKSPACE_CONFIG"": "":4096:8"", ""CUDA_VISIBLE_DEVICES"": ""2""}",2026-08-21T16:09:23
VNAT_8s_tcpdur_random70_stratified_flowlevel_splitseed42_8feat_informer_30ms_seed0,VNAT,VNAT_8s_tcp_duration,8,random70_stratified_flowlevel_splitseed42,42,278befae3cd3e10e,Validation,4,informer,8feat,30ms,267,8,0,64,1382,598,best_val,20,12345,0,True,True,1.0,91.9849,99.84,29,93.0067,91.5325,94.9833,91.4084,"{""Chat"": 92.5, ""Control"": 97.688, ""File Transfer"": 80.0, ""Streaming"": 95.446}","{""Chat"": 90.244, ""Control"": 97.126, ""File Transfer"": 100.0, ""Streaming"": 96.4}","{""Chat"": 94.872, ""Control"": 98.256, ""File Transfer"": 66.667, ""Streaming"": 94.51}","{""Chat"": 156, ""Control"": 172, ""File Transfer"": 15, ""Streaming"": 255}","{""Chat"": 0.989971, ""Control"": 0.848894, ""File Transfer"": 9.337838, ""Streaming"": 0.586587}","{""Chat"": 349, ""Control"": 407, ""File Transfer"": 37, ""Streaming"": 589}",2953989,checkpoints/VNAT_8s_tcp_duration_8feat_seed0/VNAT_8s_tcpdur_random70_stratified_flowlevel_splitseed42_8feat_informer_30ms_seed0.pth,22099970,44.9,OK,,"{""torch"": ""2.4.1+cu121"", ""cuda"": ""12.1"", ""gpu"": ""NVIDIA RTX A4500"", ""numpy"": ""1.26.0"", ""python"": ""3.10.12"", ""deterministic"": true, ""grad_clip_max_norm"": 1.0, ""CUBLAS_WORKSPACE_CONFIG"": "":4096:8"", ""CUDA_VISIBLE_DEVICES"": ""2""}",2026-08-21T16:10:09
VNAT_8s_tcpdur_random70_stratified_flowlevel_splitseed42_8feat_informer_30ms_seed1,VNAT,VNAT_8s_tcp_duration,8,random70_stratified_flowlevel_splitseed42,42,278befae3cd3e10e,Validation,4,informer,8feat,30ms,267,8,1,64,1382,598,best_val,14,12345,0,True,True,1.0,81.3781,95.22,38,85.0953,92.6416,96.6555,92.6416,"{""Chat"": 95.364, ""Control"": 97.688, ""File Transfer"": 80.0, ""Streaming"": 97.514}","{""Chat"": 98.63, ""Control"": 97.126, ""File Transfer"": 100.0, ""Streaming"": 95.149}","{""Chat"": 92.308, ""Control"": 98.256, ""File Transfer"": 66.667, ""Streaming"": 100.0}","{""Chat"": 156, ""Control"": 172, ""File Transfer"": 15, ""Streaming"": 255}","{""Chat"": 0.989971, ""Control"": 0.848894, ""File Transfer"": 9.337838, ""Streaming"": 0.586587}","{""Chat"": 349, ""Control"": 407, ""File Transfer"": 37, ""Streaming"": 589}",2953989,checkpoints/VNAT_8s_tcp_duration_8feat_seed1/VNAT_8s_tcpdur_random70_stratified_flowlevel_splitseed42_8feat_informer_30ms_seed1.pth,22099970,54.0,OK,,"{""torch"": ""2.4.1+cu121"", ""cuda"": ""12.1"", ""gpu"": ""NVIDIA RTX A4500"", ""numpy"": ""1.26.0"", ""python"": ""3.10.12"", ""deterministic"": true, ""grad_clip_max_norm"": 1.0, ""CUBLAS_WORKSPACE_CONFIG"": "":4096:8"", ""CUDA_VISIBLE_DEVICES"": ""2""}",2026-08-21T16:11:04
VNAT_8s_tcpdur_random70_stratified_flowlevel_splitseed42_8feat_informer_30ms_seed2,VNAT,VNAT_8s_tcp_duration,8,random70_stratified_flowlevel_splitseed42,42,278befae3cd3e10e,Validation,4,informer,8feat,30ms,267,8,2,64,1382,598,best_val,8,12345,0,True,True,1.0,122.3063,99.84,28,86.7406,92.3627,95.4849,91.7302,"{""Chat"": 93.204, ""Control"": 97.406, ""File Transfer"": 80.0, ""Streaming"": 96.311}","{""Chat"": 94.118, ""Control"": 96.571, ""File Transfer"": 100.0, ""Streaming"": 95.385}","{""Chat"": 92.308, ""Control"": 98.256, ""File Transfer"": 66.667, ""Streaming"": 97.255}","{""Chat"": 156, ""Control"": 172, ""File Transfer"": 15, ""Streaming"": 255}","{""Chat"": 0.989971, ""Control"": 0.848894, ""File Transfer"": 9.337838, ""Streaming"": 0.586587}","{""Chat"": 349, ""Control"": 407, ""File Transfer"": 37, ""Streaming"": 589}",2953989,checkpoints/VNAT_8s_tcp_duration_8feat_seed2/VNAT_8s_tcpdur_random70_stratified_flowlevel_splitseed42_8feat_informer_30ms_seed2.pth,22099970,40.8,OK,,"{""torch"": ""2.4.1+cu121"", ""cuda"": ""12.1"", ""gpu"": ""NVIDIA RTX A4500"", ""numpy"": ""1.26.0"", ""python"": ""3.10.12"", ""deterministic"": true, ""grad_clip_max_norm"": 1.0, ""CUBLAS_WORKSPACE_CONFIG"": "":4096:8"", ""CUDA_VISIBLE_DEVICES"": ""2""}",2026-08-21T16:11:45
VNAT_8s_tcpdur_random70_stratified_flowlevel_splitseed42_8feat_nst_30ms_seed0,VNAT,VNAT_8s_tcp_duration,8,random70_stratified_flowlevel_splitseed42,42,278befae3cd3e10e,Validation,4,nst,8feat,30ms,267,8,0,64,1382,598,best_val,19,12345,0,True,True,1.0,36.0189,100.0,34,92.014,92.9228,96.99,92.9228,"{""Chat"": 95.873, ""Control"": 97.971, ""File Transfer"": 80.0, ""Streaming"": 97.847}","{""Chat"": 94.969, ""Control"": 97.688, ""File Transfer"": 100.0, ""Streaming"": 97.656}","{""Chat"": 96.795, ""Control"": 98.256, ""File Transfer"": 66.667, ""Streaming"": 98.039}","{""Chat"": 156, ""Control"": 172, ""File Transfer"": 15, ""Streaming"": 255}","{""Chat"": 0.989971, ""Control"": 0.848894, ""File Transfer"": 9.337838, ""Streaming"": 0.586587}","{""Chat"": 349, ""Control"": 407, ""File Transfer"": 37, ""Streaming"": 589}",209926,checkpoints/VNAT_8s_tcp_duration_8feat_seed0/VNAT_8s_tcpdur_random70_stratified_flowlevel_splitseed42_8feat_nst_30ms_seed0.pth,2147786,35.5,OK,,"{""torch"": ""2.4.1+cu121"", ""cuda"": ""12.1"", ""gpu"": ""NVIDIA RTX A4500"", ""numpy"": ""1.26.0"", ""python"": ""3.10.12"", ""deterministic"": true, ""grad_clip_max_norm"": 1.0, ""CUBLAS_WORKSPACE_CONFIG"": "":4096:8"", ""CUDA_VISIBLE_DEVICES"": ""2""}",2026-08-21T16:12:21
VNAT_8s_tcpdur_random70_stratified_flowlevel_splitseed42_8feat_nst_30ms_seed1,VNAT,VNAT_8s_tcp_duration,8,random70_stratified_flowlevel_splitseed42,42,278befae3cd3e10e,Validation,4,nst,8feat,30ms,267,8,1,64,1382,598,best_val,22,12345,0,True,True,1.0,37.6566,99.85,31,92.4283,90.7009,94.9833,90.7009,"{""Chat"": 92.593, ""Control"": 97.688, ""File Transfer"": 76.923, ""Streaming"": 95.6}","{""Chat"": 89.286, ""Control"": 97.126, ""File Transfer"": 90.909, ""Streaming"": 97.551}","{""Chat"": 96.154, ""Control"": 98.256, ""File Transfer"": 66.667, ""Streaming"": 93.725}","{""Chat"": 156, ""Control"": 172, ""File Transfer"": 15, ""Streaming"": 255}","{""Chat"": 0.989971, ""Control"": 0.848894, ""File Transfer"": 9.337838, ""Streaming"": 0.586587}","{""Chat"": 349, ""Control"": 407, ""File Transfer"": 37, ""Streaming"": 589}",209926,checkpoints/VNAT_8s_tcp_duration_8feat_seed1/VNAT_8s_tcpdur_random70_stratified_flowlevel_splitseed42_8feat_nst_30ms_seed1.pth,2147786,25.8,OK,,"{""torch"": ""2.4.1+cu121"", ""cuda"": ""12.1"", ""gpu"": ""NVIDIA RTX A4500"", ""numpy"": ""1.26.0"", ""python"": ""3.10.12"", ""deterministic"": true, ""grad_clip_max_norm"": 1.0, ""CUBLAS_WORKSPACE_CONFIG"": "":4096:8"", ""CUDA_VISIBLE_DEVICES"": ""2""}",2026-08-21T16:12:47
VNAT_8s_tcpdur_random70_stratified_flowlevel_splitseed42_8feat_nst_30ms_seed2,VNAT,VNAT_8s_tcp_duration,8,random70_stratified_flowlevel_splitseed42,42,278befae3cd3e10e,Validation,4,nst,8feat,30ms,267,8,2,64,1382,598,best_val,29,12345,0,True,True,1.0,40.3575,99.26,37,92.2419,91.7926,95.4849,91.7926,"{""Chat"": 93.168, ""Control"": 97.971, ""File Transfer"": 80.0, ""Streaming"": 96.032}","{""Chat"": 90.361, ""Control"": 97.688, ""File Transfer"": 100.0, ""Streaming"": 97.189}","{""Chat"": 96.154, ""Control"": 98.256, ""File Transfer"": 66.667, ""Streaming"": 94.902}","{""Chat"": 156, ""Control"": 172, ""File Transfer"": 15, ""Streaming"": 255}","{""Chat"": 0.989971, ""Control"": 0.848894, ""File Transfer"": 9.337838, ""Streaming"": 0.586587}","{""Chat"": 349, ""Control"": 407, ""File Transfer"": 37, ""Streaming"": 589}",209926,checkpoints/VNAT_8s_tcp_duration_8feat_seed2/VNAT_8s_tcpdur_random70_stratified_flowlevel_splitseed42_8feat_nst_30ms_seed2.pth,2147786,28.9,OK,,"{""torch"": ""2.4.1+cu121"", ""cuda"": ""12.1"", ""gpu"": ""NVIDIA RTX A4500"", ""numpy"": ""1.26.0"", ""python"": ""3.10.12"", ""deterministic"": true, ""grad_clip_max_norm"": 1.0, ""CUBLAS_WORKSPACE_CONFIG"": "":4096:8"", ""CUDA_VISIBLE_DEVICES"": ""2""}",2026-08-21T16:13:17
VNAT_8s_tcpdur_random70_stratified_flowlevel_splitseed42_8feat_autoformer_30ms_seed0,VNAT,VNAT_8s_tcp_duration,8,random70_stratified_flowlevel_splitseed42,42,278befae3cd3e10e,Validation,4,autoformer,8feat,30ms,267,8,0,256,1382,598,best_val,19,12345,0,True,True,1.0,12.9115,100.0,33,85.1728,86.5468,90.301,86.5468,"{""Chat"": 86.053, ""Control"": 95.977, ""File Transfer"": 74.074, ""Streaming"": 90.083}","{""Chat"": 80.11, ""Control"": 94.886, ""File Transfer"": 83.333, ""Streaming"": 95.197}","{""Chat"": 92.949, ""Control"": 97.093, ""File Transfer"": 66.667, ""Streaming"": 85.49}","{""Chat"": 156, ""Control"": 172, ""File Transfer"": 15, ""Streaming"": 255}","{""Chat"": 0.989971, ""Control"": 0.848894, ""File Transfer"": 9.337838, ""Streaming"": 0.586587}","{""Chat"": 349, ""Control"": 407, ""File Transfer"": 37, ""Streaming"": 589}",169156,checkpoints/VNAT_8s_tcp_duration_8feat_seed0/VNAT_8s_tcpdur_random70_stratified_flowlevel_splitseed42_8feat_autoformer_30ms_seed0.pth,1974178,30.2,OK,,"{""torch"": ""2.4.1+cu121"", ""cuda"": ""12.1"", ""gpu"": ""NVIDIA RTX A4500"", ""numpy"": ""1.26.0"", ""python"": ""3.10.12"", ""deterministic"": true, ""grad_clip_max_norm"": 1.0, ""CUBLAS_WORKSPACE_CONFIG"": "":4096:8"", ""CUDA_VISIBLE_DEVICES"": ""2""}",2026-08-21T16:13:47
VNAT_8s_tcpdur_random70_stratified_flowlevel_splitseed42_8feat_autoformer_30ms_seed1,VNAT,VNAT_8s_tcp_duration,8,random70_stratified_flowlevel_splitseed42,42,278befae3cd3e10e,Validation,4,autoformer,8feat,30ms,267,8,1,256,1382,598,best_val,21,12345,0,True,True,1.0,15.4959,100.0,41,86.7943,85.4529,90.6355,85.4529,"{""Chat"": 85.531, ""Control"": 95.977, ""File Transfer"": 68.966, ""Streaming"": 91.339}","{""Chat"": 85.806, ""Control"": 94.886, ""File Transfer"": 71.429, ""Streaming"": 91.7}","{""Chat"": 85.256, ""Control"": 97.093, ""File Transfer"": 66.667, ""Streaming"": 90.98}","{""Chat"": 156, ""Control"": 172, ""File Transfer"": 15, ""Streaming"": 255}","{""Chat"": 0.989971, ""Control"": 0.848894, ""File Transfer"": 9.337838, ""Streaming"": 0.586587}","{""Chat"": 349, ""Control"": 407, ""File Transfer"": 37, ""Streaming"": 589}",169156,checkpoints/VNAT_8s_tcp_duration_8feat_seed1/VNAT_8s_tcpdur_random70_stratified_flowlevel_splitseed42_8feat_autoformer_30ms_seed1.pth,1974178,41.8,OK,,"{""torch"": ""2.4.1+cu121"", ""cuda"": ""12.1"", ""gpu"": ""NVIDIA RTX A4500"", ""numpy"": ""1.26.0"", ""python"": ""3.10.12"", ""deterministic"": true, ""grad_clip_max_norm"": 1.0, ""CUBLAS_WORKSPACE_CONFIG"": "":4096:8"", ""CUDA_VISIBLE_DEVICES"": ""2""}",2026-08-21T16:14:30
VNAT_8s_tcpdur_random70_stratified_flowlevel_splitseed42_8feat_autoformer_30ms_seed2,VNAT,VNAT_8s_tcp_duration,8,random70_stratified_flowlevel_splitseed42,42,278befae3cd3e10e,Validation,4,autoformer,8feat,30ms,267,8,2,256,1382,598,best_val,13,12345,0,True,True,1.0,16.6976,100.0,27,85.1745,85.0385,89.1304,85.0385,"{""Chat"": 85.799, ""Control"": 94.085, ""File Transfer"": 71.429, ""Streaming"": 88.842}","{""Chat"": 79.67, ""Control"": 91.257, ""File Transfer"": 76.923, ""Streaming"": 95.909}","{""Chat"": 92.949, ""Control"": 97.093, ""File Transfer"": 66.667, ""Streaming"": 82.745}","{""Chat"": 156, ""Control"": 172, ""File Transfer"": 15, ""Streaming"": 255}","{""Chat"": 0.989971, ""Control"": 0.848894, ""File Transfer"": 9.337838, ""Streaming"": 0.586587}","{""Chat"": 349, ""Control"": 407, ""File Transfer"": 37, ""Streaming"": 589}",169156,checkpoints/VNAT_8s_tcp_duration_8feat_seed2/VNAT_8s_tcpdur_random70_stratified_flowlevel_splitseed42_8feat_autoformer_30ms_seed2.pth,1974178,28.2,OK,,"{""torch"": ""2.4.1+cu121"", ""cuda"": ""12.1"", ""gpu"": ""NVIDIA RTX A4500"", ""numpy"": ""1.26.0"", ""python"": ""3.10.12"", ""deterministic"": true, ""grad_clip_max_norm"": 1.0, ""CUBLAS_WORKSPACE_CONFIG"": "":4096:8"", ""CUDA_VISIBLE_DEVICES"": ""2""}",2026-08-21T16:14:58
VNAT_8s_tcpdur_random70_stratified_flowlevel_splitseed42_8feat_fedformer_30ms_seed0,VNAT,VNAT_8s_tcp_duration,8,random70_stratified_flowlevel_splitseed42,42,278befae3cd3e10e,Validation,4,fedformer,8feat,30ms,267,8,0,256,1382,598,best_val,24,12345,4,True,True,1.0,14.7018,100.0,37,84.2948,87.1761,89.1304,87.1761,"{""Chat"": 84.181, ""Control"": 96.812, ""File Transfer"": 80.0, ""Streaming"": 87.712}","{""Chat"": 75.253, ""Control"": 96.532, ""File Transfer"": 100.0, ""Streaming"": 95.392}","{""Chat"": 95.513, ""Control"": 97.093, ""File Transfer"": 66.667, ""Streaming"": 81.176}","{""Chat"": 156, ""Control"": 172, ""File Transfer"": 15, ""Streaming"": 255}","{""Chat"": 0.989971, ""Control"": 0.848894, ""File Transfer"": 9.337838, ""Streaming"": 0.586587}","{""Chat"": 349, ""Control"": 407, ""File Transfer"": 37, ""Streaming"": 589}",432709,checkpoints/VNAT_8s_tcp_duration_8feat_seed0/VNAT_8s_tcpdur_random70_stratified_flowlevel_splitseed42_8feat_fedformer_30ms_seed0.pth,4326955,73.2,OK,,"{""torch"": ""2.4.1+cu121"", ""cuda"": ""12.1"", ""gpu"": ""NVIDIA RTX A4500"", ""numpy"": ""1.26.0"", ""python"": ""3.10.12"", ""deterministic"": true, ""grad_clip_max_norm"": 1.0, ""CUBLAS_WORKSPACE_CONFIG"": "":4096:8"", ""CUDA_VISIBLE_DEVICES"": ""2""}",2026-08-21T16:16:12
VNAT_8s_tcpdur_random70_stratified_flowlevel_splitseed42_8feat_fedformer_30ms_seed1,VNAT,VNAT_8s_tcp_duration,8,random70_stratified_flowlevel_splitseed42,42,278befae3cd3e10e,Validation,4,fedformer,8feat,30ms,267,8,1,256,1382,598,best_val,27,12345,4,True,True,1.0,30.6323,100.0,38,87.3481,87.7718,89.9666,87.7718,"{""Chat"": 85.387, ""Control"": 96.812, ""File Transfer"": 80.0, ""Streaming"": 88.889}","{""Chat"": 77.202, ""Control"": 96.532, ""File Transfer"": 100.0, ""Streaming"": 95.495}","{""Chat"": 95.513, ""Control"": 97.093, ""File Transfer"": 66.667, ""Streaming"": 83.137}","{""Chat"": 156, ""Control"": 172, ""File Transfer"": 15, ""Streaming"": 255}","{""Chat"": 0.989971, ""Control"": 0.848894, ""File Transfer"": 9.337838, ""Streaming"": 0.586587}","{""Chat"": 349, ""Control"": 407, ""File Transfer"": 37, ""Streaming"": 589}",432709,checkpoints/VNAT_8s_tcp_duration_8feat_seed1/VNAT_8s_tcpdur_random70_stratified_flowlevel_splitseed42_8feat_fedformer_30ms_seed1.pth,4326955,75.9,OK,,"{""torch"": ""2.4.1+cu121"", ""cuda"": ""12.1"", ""gpu"": ""NVIDIA RTX A4500"", ""numpy"": ""1.26.0"", ""python"": ""3.10.12"", ""deterministic"": true, ""grad_clip_max_norm"": 1.0, ""CUBLAS_WORKSPACE_CONFIG"": "":4096:8"", ""CUDA_VISIBLE_DEVICES"": ""2""}",2026-08-21T16:17:29
VNAT_8s_tcpdur_random70_stratified_flowlevel_splitseed42_8feat_fedformer_30ms_seed2,VNAT,VNAT_8s_tcp_duration,8,random70_stratified_flowlevel_splitseed42,42,278befae3cd3e10e,Validation,4,fedformer,8feat,30ms,267,8,2,256,1382,598,best_val,21,12345,4,True,True,1.0,12.6414,100.0,32,85.1841,86.4663,88.1271,86.4663,"{""Chat"": 82.548, ""Control"": 97.11, ""File Transfer"": 80.0, ""Streaming"": 86.207}","{""Chat"": 72.683, ""Control"": 96.552, ""File Transfer"": 100.0, ""Streaming"": 95.694}","{""Chat"": 95.513, ""Control"": 97.674, ""File Transfer"": 66.667, ""Streaming"": 78.431}","{""Chat"": 156, ""Control"": 172, ""File Transfer"": 15, ""Streaming"": 255}","{""Chat"": 0.989971, ""Control"": 0.848894, ""File Transfer"": 9.337838, ""Streaming"": 0.586587}","{""Chat"": 349, ""Control"": 407, ""File Transfer"": 37, ""Streaming"": 589}",432709,checkpoints/VNAT_8s_tcp_duration_8feat_seed2/VNAT_8s_tcpdur_random70_stratified_flowlevel_splitseed42_8feat_fedformer_30ms_seed2.pth,4326955,64.2,OK,,"{""torch"": ""2.4.1+cu121"", ""cuda"": ""12.1"", ""gpu"": ""NVIDIA RTX A4500"", ""numpy"": ""1.26.0"", ""python"": ""3.10.12"", ""deterministic"": true, ""grad_clip_max_norm"": 1.0, ""CUBLAS_WORKSPACE_CONFIG"": "":4096:8"", ""CUDA_VISIBLE_DEVICES"": ""2""}",2026-08-21T16:18:33
VNAT_8s_tcpdur_random70_stratified_flowlevel_splitseed42_8feat_timemixer_30ms_seed0,VNAT,VNAT_8s_tcp_duration,8,random70_stratified_flowlevel_splitseed42,42,278befae3cd3e10e,Validation,4,timemixer,8feat,30ms,267,8,0,256,1382,598,best_val,5,12345,0,True,True,1.0,4.1433,17.59,18,44.804,63.7361,62.3746,63.7361,"{""Chat"": 59.961, ""Control"": 93.182, ""File Transfer"": 72.0, ""Streaming"": 29.801}","{""Chat"": 42.936, ""Control"": 91.111, ""File Transfer"": 90.0, ""Streaming"": 95.745}","{""Chat"": 99.359, ""Control"": 95.349, ""File Transfer"": 60.0, ""Streaming"": 17.647}","{""Chat"": 156, ""Control"": 172, ""File Transfer"": 15, ""Streaming"": 255}","{""Chat"": 0.989971, ""Control"": 0.848894, ""File Transfer"": 9.337838, ""Streaming"": 0.586587}","{""Chat"": 349, ""Control"": 407, ""File Transfer"": 37, ""Streaming"": 589}",604466,checkpoints/VNAT_8s_tcp_duration_8feat_seed0/VNAT_8s_tcpdur_random70_stratified_flowlevel_splitseed42_8feat_timemixer_30ms_seed0.pth,3734214,6.7,OK,,"{""torch"": ""2.4.1+cu121"", ""cuda"": ""12.1"", ""gpu"": ""NVIDIA RTX A4500"", ""numpy"": ""1.26.0"", ""python"": ""3.10.12"", ""deterministic"": true, ""grad_clip_max_norm"": 1.0, ""CUBLAS_WORKSPACE_CONFIG"": "":4096:8"", ""CUDA_VISIBLE_DEVICES"": ""2""}",2026-08-21T16:18:40
VNAT_8s_tcpdur_random70_stratified_flowlevel_splitseed42_8feat_timemixer_30ms_seed1,VNAT,VNAT_8s_tcp_duration,8,random70_stratified_flowlevel_splitseed42,42,278befae3cd3e10e,Validation,4,timemixer,8feat,30ms,267,8,1,256,1382,598,best_val,21,12345,0,True,True,1.0,254.8211,81.16,46,84.0266,81.7623,86.7893,81.7623,"{""Chat"": 85.131, ""Control"": 92.035, ""File Transfer"": 64.286, ""Streaming"": 85.597}","{""Chat"": 78.075, ""Control"": 93.413, ""File Transfer"": 69.231, ""Streaming"": 90.043}","{""Chat"": 93.59, ""Control"": 90.698, ""File Transfer"": 60.0, ""Streaming"": 81.569}","{""Chat"": 156, ""Control"": 172, ""File Transfer"": 15, ""Streaming"": 255}","{""Chat"": 0.989971, ""Control"": 0.848894, ""File Transfer"": 9.337838, ""Streaming"": 0.586587}","{""Chat"": 349, ""Control"": 407, ""File Transfer"": 37, ""Streaming"": 589}",604466,checkpoints/VNAT_8s_tcp_duration_8feat_seed1/VNAT_8s_tcpdur_random70_stratified_flowlevel_splitseed42_8feat_timemixer_30ms_seed1.pth,3734214,16.8,OK,,"{""torch"": ""2.4.1+cu121"", ""cuda"": ""12.1"", ""gpu"": ""NVIDIA RTX A4500"", ""numpy"": ""1.26.0"", ""python"": ""3.10.12"", ""deterministic"": true, ""grad_clip_max_norm"": 1.0, ""CUBLAS_WORKSPACE_CONFIG"": "":4096:8"", ""CUDA_VISIBLE_DEVICES"": ""2""}",2026-08-21T16:18:57
VNAT_8s_tcpdur_random70_stratified_flowlevel_splitseed42_8feat_timemixer_30ms_seed2,VNAT,VNAT_8s_tcp_duration,8,random70_stratified_flowlevel_splitseed42,42,278befae3cd3e10e,Validation,4,timemixer,8feat,30ms,267,8,2,256,1382,598,best_val,112,12345,0,True,True,1.0,91.78,58.0,125,85.9938,83.4467,88.2943,83.4467,"{""Chat"": 86.782, ""Control"": 93.714, ""File Transfer"": 66.667, ""Streaming"": 86.624}","{""Chat"": 78.646, ""Control"": 92.135, ""File Transfer"": 75.0, ""Streaming"": 94.444}","{""Chat"": 96.795, ""Control"": 95.349, ""File Transfer"": 60.0, ""Streaming"": 80.0}","{""Chat"": 156, ""Control"": 172, ""File Transfer"": 15, ""Streaming"": 255}","{""Chat"": 0.989971, ""Control"": 0.848894, ""File Transfer"": 9.337838, ""Streaming"": 0.586587}","{""Chat"": 349, ""Control"": 407, ""File Transfer"": 37, ""Streaming"": 589}",604466,checkpoints/VNAT_8s_tcp_duration_8feat_seed2/VNAT_8s_tcpdur_random70_stratified_flowlevel_splitseed42_8feat_timemixer_30ms_seed2.pth,3734214,45.7,OK,,"{""torch"": ""2.4.1+cu121"", ""cuda"": ""12.1"", ""gpu"": ""NVIDIA RTX A4500"", ""numpy"": ""1.26.0"", ""python"": ""3.10.12"", ""deterministic"": true, ""grad_clip_max_norm"": 1.0, ""CUBLAS_WORKSPACE_CONFIG"": "":4096:8"", ""CUDA_VISIBLE_DEVICES"": ""2""}",2026-08-21T16:19:43
VNAT_8s_tcpdur_random70_stratified_flowlevel_splitseed42_8feat_timesnet_40ms_seed0,VNAT,VNAT_8s_tcp_duration,8,random70_stratified_flowlevel_splitseed42,42,278befae3cd3e10e,Validation,4,timesnet,8feat,40ms,201,8,0,256,1382,598,best_val,17,12345,0,True,True,1.0,19.3897,100.0,37,84.1558,87.7284,89.9666,87.7284,"{""Chat"": 86.455, ""Control"": 95.429, ""File Transfer"": 80.0, ""Streaming"": 89.03}","{""Chat"": 78.534, ""Control"": 93.82, ""File Transfer"": 100.0, ""Streaming"": 96.347}","{""Chat"": 96.154, ""Control"": 97.093, ""File Transfer"": 66.667, ""Streaming"": 82.745}","{""Chat"": 156, ""Control"": 172, ""File Transfer"": 15, ""Streaming"": 255}","{""Chat"": 0.989971, ""Control"": 0.848894, ""File Transfer"": 9.337838, ""Streaming"": 0.586587}","{""Chat"": 349, ""Control"": 407, ""File Transfer"": 37, ""Streaming"": 589}",9427396,checkpoints/VNAT_8s_tcp_duration_8feat_seed0/VNAT_8s_tcpdur_random70_stratified_flowlevel_splitseed42_8feat_timesnet_40ms_seed0.pth,39019010,124.9,OK,,"{""torch"": ""2.4.1+cu121"", ""cuda"": ""12.1"", ""gpu"": ""NVIDIA RTX A4500"", ""numpy"": ""1.26.0"", ""python"": ""3.10.12"", ""deterministic"": true, ""grad_clip_max_norm"": 1.0, ""CUBLAS_WORKSPACE_CONFIG"": "":4096:8"", ""CUDA_VISIBLE_DEVICES"": ""2""}",2026-08-21T16:21:49
VNAT_8s_tcpdur_random70_stratified_flowlevel_splitseed42_8feat_timesnet_40ms_seed1,VNAT,VNAT_8s_tcp_duration,8,random70_stratified_flowlevel_splitseed42,42,278befae3cd3e10e,Validation,4,timesnet,8feat,40ms,201,8,1,256,1382,598,best_val,29,12345,0,True,True,1.0,16.1448,100.0,43,87.3148,87.9472,90.9699,87.9472,"{""Chat"": 86.705, ""Control"": 97.059, ""File Transfer"": 77.419, ""Streaming"": 90.605}","{""Chat"": 78.947, ""Control"": 98.214, ""File Transfer"": 75.0, ""Streaming"": 96.875}","{""Chat"": 96.154, ""Control"": 95.93, ""File Transfer"": 80.0, ""Streaming"": 85.098}","{""Chat"": 156, ""Control"": 172, ""File Transfer"": 15, ""Streaming"": 255}","{""Chat"": 0.989971, ""Control"": 0.848894, ""File Transfer"": 9.337838, ""Streaming"": 0.586587}","{""Chat"": 349, ""Control"": 407, ""File Transfer"": 37, ""Streaming"": 589}",9427396,checkpoints/VNAT_8s_tcp_duration_8feat_seed1/VNAT_8s_tcpdur_random70_stratified_flowlevel_splitseed42_8feat_timesnet_40ms_seed1.pth,39019010,146.9,OK,,"{""torch"": ""2.4.1+cu121"", ""cuda"": ""12.1"", ""gpu"": ""NVIDIA RTX A4500"", ""numpy"": ""1.26.0"", ""python"": ""3.10.12"", ""deterministic"": true, ""grad_clip_max_norm"": 1.0, ""CUBLAS_WORKSPACE_CONFIG"": "":4096:8"", ""CUDA_VISIBLE_DEVICES"": ""2""}",2026-08-21T16:24:17
VNAT_8s_tcpdur_random70_stratified_flowlevel_splitseed42_8feat_timesnet_40ms_seed2,VNAT,VNAT_8s_tcp_duration,8,random70_stratified_flowlevel_splitseed42,42,278befae3cd3e10e,Validation,4,timesnet,8feat,40ms,201,8,2,256,1382,598,best_val,13,12345,0,True,True,1.0,13.6726,100.0,33,84.5342,86.6793,88.6288,86.6793,"{""Chat"": 83.086, ""Control"": 95.977, ""File Transfer"": 80.0, ""Streaming"": 87.654}","{""Chat"": 77.348, ""Control"": 94.886, ""File Transfer"": 100.0, ""Streaming"": 92.208}","{""Chat"": 89.744, ""Control"": 97.093, ""File Transfer"": 66.667, ""Streaming"": 83.529}","{""Chat"": 156, ""Control"": 172, ""File Transfer"": 15, ""Streaming"": 255}","{""Chat"": 0.989971, ""Control"": 0.848894, ""File Transfer"": 9.337838, ""Streaming"": 0.586587}","{""Chat"": 349, ""Control"": 407, ""File Transfer"": 37, ""Streaming"": 589}",9427396,checkpoints/VNAT_8s_tcp_duration_8feat_seed2/VNAT_8s_tcpdur_random70_stratified_flowlevel_splitseed42_8feat_timesnet_40ms_seed2.pth,39019010,111.1,OK,,"{""torch"": ""2.4.1+cu121"", ""cuda"": ""12.1"", ""gpu"": ""NVIDIA RTX A4500"", ""numpy"": ""1.26.0"", ""python"": ""3.10.12"", ""deterministic"": true, ""grad_clip_max_norm"": 1.0, ""CUBLAS_WORKSPACE_CONFIG"": "":4096:8"", ""CUDA_VISIBLE_DEVICES"": ""2""}",2026-08-21T16:26:08
VNAT_8s_tcpdur_random70_stratified_flowlevel_splitseed42_8feat_informer_40ms_seed0,VNAT,VNAT_8s_tcp_duration,8,random70_stratified_flowlevel_splitseed42,42,278befae3cd3e10e,Validation,4,informer,8feat,40ms,201,8,0,64,1382,598,best_val,14,12345,0,True,True,1.0,67.8327,100.0,22,90.9351,89.7016,93.1438,88.6891,"{""Chat"": 89.97, ""Control"": 97.406, ""File Transfer"": 74.074, ""Streaming"": 93.306}","{""Chat"": 85.549, ""Control"": 96.571, ""File Transfer"": 83.333, ""Streaming"": 96.639}","{""Chat"": 94.872, ""Control"": 98.256, ""File Transfer"": 66.667, ""Streaming"": 90.196}","{""Chat"": 156, ""Control"": 172, ""File Transfer"": 15, ""Streaming"": 255}","{""Chat"": 0.989971, ""Control"": 0.848894, ""File Transfer"": 9.337838, ""Streaming"": 0.586587}","{""Chat"": 349, ""Control"": 407, ""File Transfer"": 37, ""Streaming"": 589}",2886405,checkpoints/VNAT_8s_tcp_duration_8feat_seed0/VNAT_8s_tcpdur_random70_stratified_flowlevel_splitseed42_8feat_informer_40ms_seed0.pth,21829634,23.5,OK,,"{""torch"": ""2.4.1+cu121"", ""cuda"": ""12.1"", ""gpu"": ""NVIDIA RTX A4500"", ""numpy"": ""1.26.0"", ""python"": ""3.10.12"", ""deterministic"": true, ""grad_clip_max_norm"": 1.0, ""CUBLAS_WORKSPACE_CONFIG"": "":4096:8"", ""CUDA_VISIBLE_DEVICES"": ""2""}",2026-08-21T16:26:32
VNAT_8s_tcpdur_random70_stratified_flowlevel_splitseed42_8feat_informer_40ms_seed1,VNAT,VNAT_8s_tcp_duration,8,random70_stratified_flowlevel_splitseed42,42,278befae3cd3e10e,Validation,4,informer,8feat,40ms,201,8,1,64,1382,598,best_val,29,12345,0,True,True,1.0,75.257,97.54,37,95.9291,96.4467,95.8194,92.0215,"{""Chat"": 93.631, ""Control"": 97.971, ""File Transfer"": 80.0, ""Streaming"": 96.484}","{""Chat"": 93.038, ""Control"": 97.688, ""File Transfer"": 100.0, ""Streaming"": 96.109}","{""Chat"": 94.231, ""Control"": 98.256, ""File Transfer"": 66.667, ""Streaming"": 96.863}","{""Chat"": 156, ""Control"": 172, ""File Transfer"": 15, ""Streaming"": 255}","{""Chat"": 0.989971, ""Control"": 0.848894, ""File Transfer"": 9.337838, ""Streaming"": 0.586587}","{""Chat"": 349, ""Control"": 407, ""File Transfer"": 37, ""Streaming"": 589}",2886405,checkpoints/VNAT_8s_tcp_duration_8feat_seed1/VNAT_8s_tcpdur_random70_stratified_flowlevel_splitseed42_8feat_informer_40ms_seed1.pth,21829634,39.5,OK,,"{""torch"": ""2.4.1+cu121"", ""cuda"": ""12.1"", ""gpu"": ""NVIDIA RTX A4500"", ""numpy"": ""1.26.0"", ""python"": ""3.10.12"", ""deterministic"": true, ""grad_clip_max_norm"": 1.0, ""CUBLAS_WORKSPACE_CONFIG"": "":4096:8"", ""CUDA_VISIBLE_DEVICES"": ""2""}",2026-08-21T16:27:12
VNAT_8s_tcpdur_random70_stratified_flowlevel_splitseed42_8feat_informer_40ms_seed2,VNAT,VNAT_8s_tcp_duration,8,random70_stratified_flowlevel_splitseed42,42,278befae3cd3e10e,Validation,4,informer,8feat,40ms,201,8,2,64,1382,598,best_val,14,12345,0,True,True,1.0,64.7994,100.0,22,91.1939,90.77,93.9799,89.9479,"{""Chat"": 90.52, ""Control"": 97.971, ""File Transfer"": 76.923, ""Streaming"": 94.378}","{""Chat"": 86.55, ""Control"": 97.688, ""File Transfer"": 90.909, ""Streaming"": 96.708}","{""Chat"": 94.872, ""Control"": 98.256, ""File Transfer"": 66.667, ""Streaming"": 92.157}","{""Chat"": 156, ""Control"": 172, ""File Transfer"": 15, ""Streaming"": 255}","{""Chat"": 0.989971, ""Control"": 0.848894, ""File Transfer"": 9.337838, ""Streaming"": 0.586587}","{""Chat"": 349, ""Control"": 407, ""File Transfer"": 37, ""Streaming"": 589}",2886405,checkpoints/VNAT_8s_tcp_duration_8feat_seed2/VNAT_8s_tcpdur_random70_stratified_flowlevel_splitseed42_8feat_informer_40ms_seed2.pth,21829634,23.7,OK,,"{""torch"": ""2.4.1+cu121"", ""cuda"": ""12.1"", ""gpu"": ""NVIDIA RTX A4500"", ""numpy"": ""1.26.0"", ""python"": ""3.10.12"", ""deterministic"": true, ""grad_clip_max_norm"": 1.0, ""CUBLAS_WORKSPACE_CONFIG"": "":4096:8"", ""CUDA_VISIBLE_DEVICES"": ""2""}",2026-08-21T16:27:36
VNAT_8s_tcpdur_random70_stratified_flowlevel_splitseed42_8feat_nst_40ms_seed0,VNAT,VNAT_8s_tcp_duration,8,random70_stratified_flowlevel_splitseed42,42,278befae3cd3e10e,Validation,4,nst,8feat,40ms,201,8,0,64,1382,598,best_val,21,12345,0,True,True,1.0,32.942,100.0,33,90.0128,92.1777,95.9866,92.1777,"{""Chat"": 94.671, ""Control"": 97.406, ""File Transfer"": 80.0, ""Streaming"": 96.634}","{""Chat"": 92.638, ""Control"": 96.571, ""File Transfer"": 100.0, ""Streaming"": 97.6}","{""Chat"": 96.795, ""Control"": 98.256, ""File Transfer"": 66.667, ""Streaming"": 95.686}","{""Chat"": 156, ""Control"": 172, ""File Transfer"": 15, ""Streaming"": 255}","{""Chat"": 0.989971, ""Control"": 0.848894, ""File Transfer"": 9.337838, ""Streaming"": 0.586587}","{""Chat"": 349, ""Control"": 407, ""File Transfer"": 37, ""Streaming"": 589}",188410,checkpoints/VNAT_8s_tcp_duration_8feat_seed0/VNAT_8s_tcpdur_random70_stratified_flowlevel_splitseed42_8feat_nst_40ms_seed0.pth,2061642,22.6,OK,,"{""torch"": ""2.4.1+cu121"", ""cuda"": ""12.1"", ""gpu"": ""NVIDIA RTX A4500"", ""numpy"": ""1.26.0"", ""python"": ""3.10.12"", ""deterministic"": true, ""grad_clip_max_norm"": 1.0, ""CUBLAS_WORKSPACE_CONFIG"": "":4096:8"", ""CUDA_VISIBLE_DEVICES"": ""2""}",2026-08-21T16:27:59
VNAT_8s_tcpdur_random70_stratified_flowlevel_splitseed42_8feat_nst_40ms_seed1,VNAT,VNAT_8s_tcp_duration,8,random70_stratified_flowlevel_splitseed42,42,278befae3cd3e10e,Validation,4,nst,8feat,40ms,201,8,1,64,1382,598,best_val,13,12345,0,True,True,1.0,27.5788,100.0,27,88.0811,88.9769,92.6421,88.9769,"{""Chat"": 88.955, ""Control"": 97.406, ""File Transfer"": 76.923, ""Streaming"": 92.623}","{""Chat"": 83.24, ""Control"": 96.571, ""File Transfer"": 90.909, ""Streaming"": 96.996}","{""Chat"": 95.513, ""Control"": 98.256, ""File Transfer"": 66.667, ""Streaming"": 88.627}","{""Chat"": 156, ""Control"": 172, ""File Transfer"": 15, ""Streaming"": 255}","{""Chat"": 0.989971, ""Control"": 0.848894, ""File Transfer"": 9.337838, ""Streaming"": 0.586587}","{""Chat"": 349, ""Control"": 407, ""File Transfer"": 37, ""Streaming"": 589}",188410,checkpoints/VNAT_8s_tcp_duration_8feat_seed1/VNAT_8s_tcpdur_random70_stratified_flowlevel_splitseed42_8feat_nst_40ms_seed1.pth,2061642,18.5,OK,,"{""torch"": ""2.4.1+cu121"", ""cuda"": ""12.1"", ""gpu"": ""NVIDIA RTX A4500"", ""numpy"": ""1.26.0"", ""python"": ""3.10.12"", ""deterministic"": true, ""grad_clip_max_norm"": 1.0, ""CUBLAS_WORKSPACE_CONFIG"": "":4096:8"", ""CUDA_VISIBLE_DEVICES"": ""2""}",2026-08-21T16:28:17
VNAT_8s_tcpdur_random70_stratified_flowlevel_splitseed42_8feat_nst_40ms_seed2,VNAT,VNAT_8s_tcp_duration,8,random70_stratified_flowlevel_splitseed42,42,278befae3cd3e10e,Validation,4,nst,8feat,40ms,201,8,2,64,1382,598,best_val,19,12345,0,True,True,1.0,30.8942,100.0,30,88.8013,90.2174,94.3144,90.2174,"{""Chat"": 91.239, ""Control"": 97.971, ""File Transfer"": 76.923, ""Streaming"": 94.737}","{""Chat"": 86.286, ""Control"": 97.688, ""File Transfer"": 90.909, ""Streaming"": 97.908}","{""Chat"": 96.795, ""Control"": 98.256, ""File Transfer"": 66.667, ""Streaming"": 91.765}","{""Chat"": 156, ""Control"": 172, ""File Transfer"": 15, ""Streaming"": 255}","{""Chat"": 0.989971, ""Control"": 0.848894, ""File Transfer"": 9.337838, ""Streaming"": 0.586587}","{""Chat"": 349, ""Control"": 407, ""File Transfer"": 37, ""Streaming"": 589}",188410,checkpoints/VNAT_8s_tcp_duration_8feat_seed2/VNAT_8s_tcpdur_random70_stratified_flowlevel_splitseed42_8feat_nst_40ms_seed2.pth,2061642,20.0,OK,,"{""torch"": ""2.4.1+cu121"", ""cuda"": ""12.1"", ""gpu"": ""NVIDIA RTX A4500"", ""numpy"": ""1.26.0"", ""python"": ""3.10.12"", ""deterministic"": true, ""grad_clip_max_norm"": 1.0, ""CUBLAS_WORKSPACE_CONFIG"": "":4096:8"", ""CUDA_VISIBLE_DEVICES"": ""2""}",2026-08-21T16:28:38
VNAT_8s_tcpdur_random70_stratified_flowlevel_splitseed42_8feat_autoformer_40ms_seed0,VNAT,VNAT_8s_tcp_duration,8,random70_stratified_flowlevel_splitseed42,42,278befae3cd3e10e,Validation,4,autoformer,8feat,40ms,201,8,0,256,1382,598,best_val,17,12345,0,True,True,1.0,13.7907,100.0,34,84.2052,84.3106,89.4649,84.3106,"{""Chat"": 85.294, ""Control"": 96.532, ""File Transfer"": 66.667, ""Streaming"": 88.75}","{""Chat"": 78.804, ""Control"": 95.977, ""File Transfer"": 66.667, ""Streaming"": 94.667}","{""Chat"": 92.949, ""Control"": 97.093, ""File Transfer"": 66.667, ""Streaming"": 83.529}","{""Chat"": 156, ""Control"": 172, ""File Transfer"": 15, ""Streaming"": 255}","{""Chat"": 0.989971, ""Control"": 0.848894, ""File Transfer"": 9.337838, ""Streaming"": 0.586587}","{""Chat"": 349, ""Control"": 407, ""File Transfer"": 37, ""Streaming"": 589}",152260,checkpoints/VNAT_8s_tcp_duration_8feat_seed0/VNAT_8s_tcpdur_random70_stratified_flowlevel_splitseed42_8feat_autoformer_40ms_seed0.pth,1906530,18.5,OK,,"{""torch"": ""2.4.1+cu121"", ""cuda"": ""12.1"", ""gpu"": ""NVIDIA RTX A4500"", ""numpy"": ""1.26.0"", ""python"": ""3.10.12"", ""deterministic"": true, ""grad_clip_max_norm"": 1.0, ""CUBLAS_WORKSPACE_CONFIG"": "":4096:8"", ""CUDA_VISIBLE_DEVICES"": ""2""}",2026-08-21T16:28:56
VNAT_8s_tcpdur_random70_stratified_flowlevel_splitseed42_8feat_autoformer_40ms_seed1,VNAT,VNAT_8s_tcp_duration,8,random70_stratified_flowlevel_splitseed42,42,278befae3cd3e10e,Validation,4,autoformer,8feat,40ms,201,8,1,256,1382,598,best_val,16,12345,0,True,True,1.0,18.8821,100.0,37,83.4247,85.6596,90.1338,85.6596,"{""Chat"": 83.66, ""Control"": 97.376, ""File Transfer"": 71.429, ""Streaming"": 90.173}","{""Chat"": 85.333, ""Control"": 97.661, ""File Transfer"": 76.923, ""Streaming"": 88.636}","{""Chat"": 82.051, ""Control"": 97.093, ""File Transfer"": 66.667, ""Streaming"": 91.765}","{""Chat"": 156, ""Control"": 172, ""File Transfer"": 15, ""Streaming"": 255}","{""Chat"": 0.989971, ""Control"": 0.848894, ""File Transfer"": 9.337838, ""Streaming"": 0.586587}","{""Chat"": 349, ""Control"": 407, ""File Transfer"": 37, ""Streaming"": 589}",152260,checkpoints/VNAT_8s_tcp_duration_8feat_seed1/VNAT_8s_tcpdur_random70_stratified_flowlevel_splitseed42_8feat_autoformer_40ms_seed1.pth,1906530,20.3,OK,,"{""torch"": ""2.4.1+cu121"", ""cuda"": ""12.1"", ""gpu"": ""NVIDIA RTX A4500"", ""numpy"": ""1.26.0"", ""python"": ""3.10.12"", ""deterministic"": true, ""grad_clip_max_norm"": 1.0, ""CUBLAS_WORKSPACE_CONFIG"": "":4096:8"", ""CUDA_VISIBLE_DEVICES"": ""2""}",2026-08-21T16:29:17
VNAT_8s_tcpdur_random70_stratified_flowlevel_splitseed42_8feat_autoformer_40ms_seed2,VNAT,VNAT_8s_tcp_duration,8,random70_stratified_flowlevel_splitseed42,42,278befae3cd3e10e,Validation,4,autoformer,8feat,40ms,201,8,2,256,1382,598,best_val,19,12345,0,True,True,1.0,13.1166,100.0,38,84.5334,85.5036,88.9632,85.5036,"{""Chat"": 83.333, ""Control"": 96.254, ""File Transfer"": 74.074, ""Streaming"": 88.353}","{""Chat"": 80.357, ""Control"": 95.429, ""File Transfer"": 83.333, ""Streaming"": 90.535}","{""Chat"": 86.538, ""Control"": 97.093, ""File Transfer"": 66.667, ""Streaming"": 86.275}","{""Chat"": 156, ""Control"": 172, ""File Transfer"": 15, ""Streaming"": 255}","{""Chat"": 0.989971, ""Control"": 0.848894, ""File Transfer"": 9.337838, ""Streaming"": 0.586587}","{""Chat"": 349, ""Control"": 407, ""File Transfer"": 37, ""Streaming"": 589}",152260,checkpoints/VNAT_8s_tcp_duration_8feat_seed2/VNAT_8s_tcpdur_random70_stratified_flowlevel_splitseed42_8feat_autoformer_40ms_seed2.pth,1906530,21.0,OK,,"{""torch"": ""2.4.1+cu121"", ""cuda"": ""12.1"", ""gpu"": ""NVIDIA RTX A4500"", ""numpy"": ""1.26.0"", ""python"": ""3.10.12"", ""deterministic"": true, ""grad_clip_max_norm"": 1.0, ""CUBLAS_WORKSPACE_CONFIG"": "":4096:8"", ""CUDA_VISIBLE_DEVICES"": ""2""}",2026-08-21T16:29:38
VNAT_8s_tcpdur_random70_stratified_flowlevel_splitseed42_8feat_fedformer_40ms_seed0,VNAT,VNAT_8s_tcp_duration,8,random70_stratified_flowlevel_splitseed42,42,278befae3cd3e10e,Validation,4,fedformer,8feat,40ms,201,8,0,256,1382,598,best_val,28,12345,4,True,True,1.0,16.9213,100.0,39,85.5094,84.8705,87.7926,84.8705,"{""Chat"": 82.289, ""Control"": 97.093, ""File Transfer"": 74.074, ""Streaming"": 86.026}","{""Chat"": 71.564, ""Control"": 97.093, ""File Transfer"": 83.333, ""Streaming"": 97.044}","{""Chat"": 96.795, ""Control"": 97.093, ""File Transfer"": 66.667, ""Streaming"": 77.255}","{""Chat"": 156, ""Control"": 172, ""File Transfer"": 15, ""Streaming"": 255}","{""Chat"": 0.989971, ""Control"": 0.848894, ""File Transfer"": 9.337838, ""Streaming"": 0.586587}","{""Chat"": 349, ""Control"": 407, ""File Transfer"": 37, ""Streaming"": 589}",415813,checkpoints/VNAT_8s_tcp_duration_8feat_seed0/VNAT_8s_tcpdur_random70_stratified_flowlevel_splitseed42_8feat_fedformer_40ms_seed0.pth,4259371,76.6,OK,,"{""torch"": ""2.4.1+cu121"", ""cuda"": ""12.1"", ""gpu"": ""NVIDIA RTX A4500"", ""numpy"": ""1.26.0"", ""python"": ""3.10.12"", ""deterministic"": true, ""grad_clip_max_norm"": 1.0, ""CUBLAS_WORKSPACE_CONFIG"": "":4096:8"", ""CUDA_VISIBLE_DEVICES"": ""2""}",2026-08-21T16:30:55
VNAT_8s_tcpdur_random70_stratified_flowlevel_splitseed42_8feat_fedformer_40ms_seed1,VNAT,VNAT_8s_tcp_duration,8,random70_stratified_flowlevel_splitseed42,42,278befae3cd3e10e,Validation,4,fedformer,8feat,40ms,201,8,1,256,1382,598,best_val,26,12345,4,True,True,1.0,13.8482,100.0,37,82.2396,86.2354,88.796,86.2354,"{""Chat"": 83.425, ""Control"": 97.093, ""File Transfer"": 76.923, ""Streaming"": 87.5}","{""Chat"": 73.301, ""Control"": 97.093, ""File Transfer"": 90.909, ""Streaming"": 97.129}","{""Chat"": 96.795, ""Control"": 97.093, ""File Transfer"": 66.667, ""Streaming"": 79.608}","{""Chat"": 156, ""Control"": 172, ""File Transfer"": 15, ""Streaming"": 255}","{""Chat"": 0.989971, ""Control"": 0.848894, ""File Transfer"": 9.337838, ""Streaming"": 0.586587}","{""Chat"": 349, ""Control"": 407, ""File Transfer"": 37, ""Streaming"": 589}",415813,checkpoints/VNAT_8s_tcp_duration_8feat_seed1/VNAT_8s_tcpdur_random70_stratified_flowlevel_splitseed42_8feat_fedformer_40ms_seed1.pth,4259371,71.2,OK,,"{""torch"": ""2.4.1+cu121"", ""cuda"": ""12.1"", ""gpu"": ""NVIDIA RTX A4500"", ""numpy"": ""1.26.0"", ""python"": ""3.10.12"", ""deterministic"": true, ""grad_clip_max_norm"": 1.0, ""CUBLAS_WORKSPACE_CONFIG"": "":4096:8"", ""CUDA_VISIBLE_DEVICES"": ""2""}",2026-08-21T16:32:07
VNAT_8s_tcpdur_random70_stratified_flowlevel_splitseed42_8feat_fedformer_40ms_seed2,VNAT,VNAT_8s_tcp_duration,8,random70_stratified_flowlevel_splitseed42,42,278befae3cd3e10e,Validation,4,fedformer,8feat,40ms,201,8,2,256,1382,598,best_val,22,12345,4,True,True,1.0,14.5679,100.0,34,81.7878,82.5962,83.7793,82.5962,"{""Chat"": 78.036, ""Control"": 95.702, ""File Transfer"": 76.923, ""Streaming"": 79.724}","{""Chat"": 65.368, ""Control"": 94.35, ""File Transfer"": 90.909, ""Streaming"": 96.648}","{""Chat"": 96.795, ""Control"": 97.093, ""File Transfer"": 66.667, ""Streaming"": 67.843}","{""Chat"": 156, ""Control"": 172, ""File Transfer"": 15, ""Streaming"": 255}","{""Chat"": 0.989971, ""Control"": 0.848894, ""File Transfer"": 9.337838, ""Streaming"": 0.586587}","{""Chat"": 349, ""Control"": 407, ""File Transfer"": 37, ""Streaming"": 589}",415813,checkpoints/VNAT_8s_tcp_duration_8feat_seed2/VNAT_8s_tcpdur_random70_stratified_flowlevel_splitseed42_8feat_fedformer_40ms_seed2.pth,4259371,65.2,OK,,"{""torch"": ""2.4.1+cu121"", ""cuda"": ""12.1"", ""gpu"": ""NVIDIA RTX A4500"", ""numpy"": ""1.26.0"", ""python"": ""3.10.12"", ""deterministic"": true, ""grad_clip_max_norm"": 1.0, ""CUBLAS_WORKSPACE_CONFIG"": "":4096:8"", ""CUDA_VISIBLE_DEVICES"": ""2""}",2026-08-21T16:33:12
VNAT_8s_tcpdur_random70_stratified_flowlevel_splitseed42_8feat_timemixer_40ms_seed0,VNAT,VNAT_8s_tcp_duration,8,random70_stratified_flowlevel_splitseed42,42,278befae3cd3e10e,Validation,4,timemixer,8feat,40ms,201,8,0,256,1382,598,best_val,24,12345,0,True,True,1.0,50.3536,74.11,47,83.3019,82.4985,87.7926,82.4985,"{""Chat"": 86.04, ""Control"": 93.521, ""File Transfer"": 64.286, ""Streaming"": 86.147}","{""Chat"": 77.436, ""Control"": 90.71, ""File Transfer"": 69.231, ""Streaming"": 96.135}","{""Chat"": 96.795, ""Control"": 96.512, ""File Transfer"": 60.0, ""Streaming"": 78.039}","{""Chat"": 156, ""Control"": 172, ""File Transfer"": 15, ""Streaming"": 255}","{""Chat"": 0.989971, ""Control"": 0.848894, ""File Transfer"": 9.337838, ""Streaming"": 0.586587}","{""Chat"": 349, ""Control"": 407, ""File Transfer"": 37, ""Streaming"": 589}",413978,checkpoints/VNAT_8s_tcp_duration_8feat_seed0/VNAT_8s_tcpdur_random70_stratified_flowlevel_splitseed42_8feat_timemixer_40ms_seed0.pth,2972614,14.5,OK,,"{""torch"": ""2.4.1+cu121"", ""cuda"": ""12.1"", ""gpu"": ""NVIDIA RTX A4500"", ""numpy"": ""1.26.0"", ""python"": ""3.10.12"", ""deterministic"": true, ""grad_clip_max_norm"": 1.0, ""CUBLAS_WORKSPACE_CONFIG"": "":4096:8"", ""CUDA_VISIBLE_DEVICES"": ""2""}",2026-08-21T16:33:27
VNAT_8s_tcpdur_random70_stratified_flowlevel_splitseed42_8feat_timemixer_40ms_seed1,VNAT,VNAT_8s_tcp_duration,8,random70_stratified_flowlevel_splitseed42,42,278befae3cd3e10e,Validation,4,timemixer,8feat,40ms,201,8,1,256,1382,598,best_val,140,12345,0,True,True,1.0,130.0431,65.0,150,84.2083,81.6811,87.9599,81.6811,"{""Chat"": 86.04, ""Control"": 94.35, ""File Transfer"": 60.0, ""Streaming"": 86.334}","{""Chat"": 77.436, ""Control"": 91.758, ""File Transfer"": 60.0, ""Streaming"": 96.602}","{""Chat"": 96.795, ""Control"": 97.093, ""File Transfer"": 60.0, ""Streaming"": 78.039}","{""Chat"": 156, ""Control"": 172, ""File Transfer"": 15, ""Streaming"": 255}","{""Chat"": 0.989971, ""Control"": 0.848894, ""File Transfer"": 9.337838, ""Streaming"": 0.586587}","{""Chat"": 349, ""Control"": 407, ""File Transfer"": 37, ""Streaming"": 589}",413978,checkpoints/VNAT_8s_tcp_duration_8feat_seed1/VNAT_8s_tcpdur_random70_stratified_flowlevel_splitseed42_8feat_timemixer_40ms_seed1.pth,2972614,47.8,OK,,"{""torch"": ""2.4.1+cu121"", ""cuda"": ""12.1"", ""gpu"": ""NVIDIA RTX A4500"", ""numpy"": ""1.26.0"", ""python"": ""3.10.12"", ""deterministic"": true, ""grad_clip_max_norm"": 1.0, ""CUBLAS_WORKSPACE_CONFIG"": "":4096:8"", ""CUDA_VISIBLE_DEVICES"": ""2""}",2026-08-21T16:34:15
VNAT_8s_tcpdur_random70_stratified_flowlevel_splitseed42_8feat_timemixer_40ms_seed2,VNAT,VNAT_8s_tcp_duration,8,random70_stratified_flowlevel_splitseed42,42,278befae3cd3e10e,Validation,4,timemixer,8feat,40ms,201,8,2,256,1382,598,best_val,25,12345,0,True,True,1.0,60.9216,71.54,41,81.5544,82.9918,88.4615,82.9918,"{""Chat"": 86.207, ""Control"": 94.35, ""File Transfer"": 64.286, ""Streaming"": 87.124}","{""Chat"": 78.125, ""Control"": 91.758, ""File Transfer"": 69.231, ""Streaming"": 96.209}","{""Chat"": 96.154, ""Control"": 97.093, ""File Transfer"": 60.0, ""Streaming"": 79.608}","{""Chat"": 156, ""Control"": 172, ""File Transfer"": 15, ""Streaming"": 255}","{""Chat"": 0.989971, ""Control"": 0.848894, ""File Transfer"": 9.337838, ""Streaming"": 0.586587}","{""Chat"": 349, ""Control"": 407, ""File Transfer"": 37, ""Streaming"": 589}",413978,checkpoints/VNAT_8s_tcp_duration_8feat_seed2/VNAT_8s_tcpdur_random70_stratified_flowlevel_splitseed42_8feat_timemixer_40ms_seed2.pth,2972614,13.8,OK,,"{""torch"": ""2.4.1+cu121"", ""cuda"": ""12.1"", ""gpu"": ""NVIDIA RTX A4500"", ""numpy"": ""1.26.0"", ""python"": ""3.10.12"", ""deterministic"": true, ""grad_clip_max_norm"": 1.0, ""CUBLAS_WORKSPACE_CONFIG"": "":4096:8"", ""CUDA_VISIBLE_DEVICES"": ""2""}",2026-08-21T16:34:29
VNAT_8s_tcpdur_random70_stratified_flowlevel_splitseed42_8feat_timesnet_50ms_seed0,VNAT,VNAT_8s_tcp_duration,8,random70_stratified_flowlevel_splitseed42,42,278befae3cd3e10e,Validation,4,timesnet,8feat,50ms,161,8,0,256,1382,598,best_val,18,12345,0,True,True,1.0,12.7825,100.0,34,85.0857,86.5263,88.2943,86.5263,"{""Chat"": 83.708, ""Control"": 95.702, ""File Transfer"": 80.0, ""Streaming"": 86.695}","{""Chat"": 74.5, ""Control"": 94.35, ""File Transfer"": 100.0, ""Streaming"": 95.735}","{""Chat"": 95.513, ""Control"": 97.093, ""File Transfer"": 66.667, ""Streaming"": 79.216}","{""Chat"": 156, ""Control"": 172, ""File Transfer"": 15, ""Streaming"": 255}","{""Chat"": 0.989971, ""Control"": 0.848894, ""File Transfer"": 9.337838, ""Streaming"": 0.586587}","{""Chat"": 349, ""Control"": 407, ""File Transfer"": 37, ""Streaming"": 589}",9417156,checkpoints/VNAT_8s_tcp_duration_8feat_seed0/VNAT_8s_tcpdur_random70_stratified_flowlevel_splitseed42_8feat_timesnet_50ms_seed0.pth,38978050,100.5,OK,,"{""torch"": ""2.4.1+cu121"", ""cuda"": ""12.1"", ""gpu"": ""NVIDIA RTX A4500"", ""numpy"": ""1.26.0"", ""python"": ""3.10.12"", ""deterministic"": true, ""grad_clip_max_norm"": 1.0, ""CUBLAS_WORKSPACE_CONFIG"": "":4096:8"", ""CUDA_VISIBLE_DEVICES"": ""2""}",2026-08-21T16:36:10
VNAT_8s_tcpdur_random70_stratified_flowlevel_splitseed42_8feat_timesnet_50ms_seed1,VNAT,VNAT_8s_tcp_duration,8,random70_stratified_flowlevel_splitseed42,42,278befae3cd3e10e,Validation,4,timesnet,8feat,50ms,161,8,1,256,1382,598,best_val,31,12345,0,True,True,1.0,15.514,100.0,81,79.4244,81.4323,83.9465,81.4323,"{""Chat"": 79.459, ""Control"": 93.82, ""File Transfer"": 72.0, ""Streaming"": 80.449}","{""Chat"": 68.692, ""Control"": 90.761, ""File Transfer"": 90.0, ""Streaming"": 94.211}","{""Chat"": 94.231, ""Control"": 97.093, ""File Transfer"": 60.0, ""Streaming"": 70.196}","{""Chat"": 156, ""Control"": 172, ""File Transfer"": 15, ""Streaming"": 255}","{""Chat"": 0.989971, ""Control"": 0.848894, ""File Transfer"": 9.337838, ""Streaming"": 0.586587}","{""Chat"": 349, ""Control"": 407, ""File Transfer"": 37, ""Streaming"": 589}",9417156,checkpoints/VNAT_8s_tcp_duration_8feat_seed1/VNAT_8s_tcpdur_random70_stratified_flowlevel_splitseed42_8feat_timesnet_50ms_seed1.pth,38978050,240.1,OK,,"{""torch"": ""2.4.1+cu121"", ""cuda"": ""12.1"", ""gpu"": ""NVIDIA RTX A4500"", ""numpy"": ""1.26.0"", ""python"": ""3.10.12"", ""deterministic"": true, ""grad_clip_max_norm"": 1.0, ""CUBLAS_WORKSPACE_CONFIG"": "":4096:8"", ""CUDA_VISIBLE_DEVICES"": ""2""}",2026-08-21T16:40:11
VNAT_8s_tcpdur_random70_stratified_flowlevel_splitseed42_8feat_timesnet_50ms_seed2,VNAT,VNAT_8s_tcp_duration,8,random70_stratified_flowlevel_splitseed42,42,278befae3cd3e10e,Validation,4,timesnet,8feat,50ms,161,8,2,256,1382,598,best_val,20,12345,0,True,True,1.0,14.7355,100.0,34,85.0033,85.3631,86.7893,85.3631,"{""Chat"": 81.034, ""Control"": 95.429, ""File Transfer"": 80.0, ""Streaming"": 84.989}","{""Chat"": 73.438, ""Control"": 93.82, ""File Transfer"": 100.0, ""Streaming"": 92.202}","{""Chat"": 90.385, ""Control"": 97.093, ""File Transfer"": 66.667, ""Streaming"": 78.824}","{""Chat"": 156, ""Control"": 172, ""File Transfer"": 15, ""Streaming"": 255}","{""Chat"": 0.989971, ""Control"": 0.848894, ""File Transfer"": 9.337838, ""Streaming"": 0.586587}","{""Chat"": 349, ""Control"": 407, ""File Transfer"": 37, ""Streaming"": 589}",9417156,checkpoints/VNAT_8s_tcp_duration_8feat_seed2/VNAT_8s_tcpdur_random70_stratified_flowlevel_splitseed42_8feat_timesnet_50ms_seed2.pth,38978050,98.9,OK,,"{""torch"": ""2.4.1+cu121"", ""cuda"": ""12.1"", ""gpu"": ""NVIDIA RTX A4500"", ""numpy"": ""1.26.0"", ""python"": ""3.10.12"", ""deterministic"": true, ""grad_clip_max_norm"": 1.0, ""CUBLAS_WORKSPACE_CONFIG"": "":4096:8"", ""CUDA_VISIBLE_DEVICES"": ""2""}",2026-08-21T16:41:51
VNAT_8s_tcpdur_random70_stratified_flowlevel_splitseed42_8feat_informer_50ms_seed0,VNAT,VNAT_8s_tcp_duration,8,random70_stratified_flowlevel_splitseed42,42,278befae3cd3e10e,Validation,4,informer,8feat,50ms,161,8,0,64,1382,598,best_val,13,12345,0,True,True,1.0,67.9304,100.0,21,87.8949,88.9608,91.6388,88.9608,"{""Chat"": 86.55, ""Control"": 97.971, ""File Transfer"": 80.0, ""Streaming"": 91.322}","{""Chat"": 79.57, ""Control"": 97.688, ""File Transfer"": 100.0, ""Streaming"": 96.507}","{""Chat"": 94.872, ""Control"": 98.256, ""File Transfer"": 66.667, ""Streaming"": 86.667}","{""Chat"": 156, ""Control"": 172, ""File Transfer"": 15, ""Streaming"": 255}","{""Chat"": 0.989971, ""Control"": 0.848894, ""File Transfer"": 9.337838, ""Streaming"": 0.586587}","{""Chat"": 349, ""Control"": 407, ""File Transfer"": 37, ""Streaming"": 589}",2845445,checkpoints/VNAT_8s_tcp_duration_8feat_seed0/VNAT_8s_tcpdur_random70_stratified_flowlevel_splitseed42_8feat_informer_50ms_seed0.pth,21665794,21.3,OK,,"{""torch"": ""2.4.1+cu121"", ""cuda"": ""12.1"", ""gpu"": ""NVIDIA RTX A4500"", ""numpy"": ""1.26.0"", ""python"": ""3.10.12"", ""deterministic"": true, ""grad_clip_max_norm"": 1.0, ""CUBLAS_WORKSPACE_CONFIG"": "":4096:8"", ""CUDA_VISIBLE_DEVICES"": ""2""}",2026-08-21T16:42:12
VNAT_8s_tcpdur_random70_stratified_flowlevel_splitseed42_8feat_informer_50ms_seed1,VNAT,VNAT_8s_tcp_duration,8,random70_stratified_flowlevel_splitseed42,42,278befae3cd3e10e,Validation,4,informer,8feat,50ms,161,8,1,64,1382,598,best_val,12,12345,0,True,True,1.0,71.4334,100.0,25,88.0937,89.4498,91.6388,88.2369,"{""Chat"": 86.804, ""Control"": 97.674, ""File Transfer"": 76.923, ""Streaming"": 91.546}","{""Chat"": 80.0, ""Control"": 97.674, ""File Transfer"": 90.909, ""Streaming"": 96.522}","{""Chat"": 94.872, ""Control"": 97.674, ""File Transfer"": 66.667, ""Streaming"": 87.059}","{""Chat"": 156, ""Control"": 172, ""File Transfer"": 15, ""Streaming"": 255}","{""Chat"": 0.989971, ""Control"": 0.848894, ""File Transfer"": 9.337838, ""Streaming"": 0.586587}","{""Chat"": 349, ""Control"": 407, ""File Transfer"": 37, ""Streaming"": 589}",2845445,checkpoints/VNAT_8s_tcp_duration_8feat_seed1/VNAT_8s_tcpdur_random70_stratified_flowlevel_splitseed42_8feat_informer_50ms_seed1.pth,21665794,24.4,OK,,"{""torch"": ""2.4.1+cu121"", ""cuda"": ""12.1"", ""gpu"": ""NVIDIA RTX A4500"", ""numpy"": ""1.26.0"", ""python"": ""3.10.12"", ""deterministic"": true, ""grad_clip_max_norm"": 1.0, ""CUBLAS_WORKSPACE_CONFIG"": "":4096:8"", ""CUDA_VISIBLE_DEVICES"": ""2""}",2026-08-21T16:42:37
VNAT_8s_tcpdur_random70_stratified_flowlevel_splitseed42_8feat_informer_50ms_seed2,VNAT,VNAT_8s_tcp_duration,8,random70_stratified_flowlevel_splitseed42,42,278befae3cd3e10e,Validation,4,informer,8feat,50ms,161,8,2,64,1382,598,best_val,24,12345,0,True,True,1.0,58.5627,99.86,32,91.8856,91.2836,94.6488,90.4623,"{""Chat"": 91.925, ""Control"": 97.971, ""File Transfer"": 76.923, ""Streaming"": 95.03}","{""Chat"": 89.157, ""Control"": 97.688, ""File Transfer"": 90.909, ""Streaming"": 96.371}","{""Chat"": 94.872, ""Control"": 98.256, ""File Transfer"": 66.667, ""Streaming"": 93.725}","{""Chat"": 156, ""Control"": 172, ""File Transfer"": 15, ""Streaming"": 255}","{""Chat"": 0.989971, ""Control"": 0.848894, ""File Transfer"": 9.337838, ""Streaming"": 0.586587}","{""Chat"": 349, ""Control"": 407, ""File Transfer"": 37, ""Streaming"": 589}",2845445,checkpoints/VNAT_8s_tcp_duration_8feat_seed2/VNAT_8s_tcpdur_random70_stratified_flowlevel_splitseed42_8feat_informer_50ms_seed2.pth,21665794,30.5,OK,,"{""torch"": ""2.4.1+cu121"", ""cuda"": ""12.1"", ""gpu"": ""NVIDIA RTX A4500"", ""numpy"": ""1.26.0"", ""python"": ""3.10.12"", ""deterministic"": true, ""grad_clip_max_norm"": 1.0, ""CUBLAS_WORKSPACE_CONFIG"": "":4096:8"", ""CUDA_VISIBLE_DEVICES"": ""2""}",2026-08-21T16:43:08
VNAT_8s_tcpdur_random70_stratified_flowlevel_splitseed42_8feat_nst_50ms_seed0,VNAT,VNAT_8s_tcp_duration,8,random70_stratified_flowlevel_splitseed42,42,278befae3cd3e10e,Validation,4,nst,8feat,50ms,161,8,0,64,1382,598,best_val,10,12345,0,True,True,1.0,29.4134,100.0,30,86.5426,87.5749,89.7993,87.5749,"{""Chat"": 84.118, ""Control"": 97.11, ""File Transfer"": 80.0, ""Streaming"": 89.072}","{""Chat"": 77.717, ""Control"": 96.552, ""File Transfer"": 100.0, ""Streaming"": 93.913}","{""Chat"": 91.667, ""Control"": 97.674, ""File Transfer"": 66.667, ""Streaming"": 84.706}","{""Chat"": 156, ""Control"": 172, ""File Transfer"": 15, ""Streaming"": 255}","{""Chat"": 0.989971, ""Control"": 0.848894, ""File Transfer"": 9.337838, ""Streaming"": 0.586587}","{""Chat"": 349, ""Control"": 407, ""File Transfer"": 37, ""Streaming"": 589}",175370,checkpoints/VNAT_8s_tcp_duration_8feat_seed0/VNAT_8s_tcpdur_random70_stratified_flowlevel_splitseed42_8feat_nst_50ms_seed0.pth,2009546,21.8,OK,,"{""torch"": ""2.4.1+cu121"", ""cuda"": ""12.1"", ""gpu"": ""NVIDIA RTX A4500"", ""numpy"": ""1.26.0"", ""python"": ""3.10.12"", ""deterministic"": true, ""grad_clip_max_norm"": 1.0, ""CUBLAS_WORKSPACE_CONFIG"": "":4096:8"", ""CUDA_VISIBLE_DEVICES"": ""2""}",2026-08-21T16:43:30
VNAT_8s_tcpdur_random70_stratified_flowlevel_splitseed42_8feat_nst_50ms_seed1,VNAT,VNAT_8s_tcp_duration,8,random70_stratified_flowlevel_splitseed42,42,278befae3cd3e10e,Validation,4,nst,8feat,50ms,161,8,1,64,1382,598,best_val,10,12345,0,True,True,1.0,31.4051,100.0,23,87.5389,87.7874,90.9699,87.7874,"{""Chat"": 85.879, ""Control"": 97.971, ""File Transfer"": 76.923, ""Streaming"": 90.377}","{""Chat"": 78.01, ""Control"": 97.688, ""File Transfer"": 90.909, ""Streaming"": 96.861}","{""Chat"": 95.513, ""Control"": 98.256, ""File Transfer"": 66.667, ""Streaming"": 84.706}","{""Chat"": 156, ""Control"": 172, ""File Transfer"": 15, ""Streaming"": 255}","{""Chat"": 0.989971, ""Control"": 0.848894, ""File Transfer"": 9.337838, ""Streaming"": 0.586587}","{""Chat"": 349, ""Control"": 407, ""File Transfer"": 37, ""Streaming"": 589}",175370,checkpoints/VNAT_8s_tcp_duration_8feat_seed1/VNAT_8s_tcpdur_random70_stratified_flowlevel_splitseed42_8feat_nst_50ms_seed1.pth,2009546,16.9,OK,,"{""torch"": ""2.4.1+cu121"", ""cuda"": ""12.1"", ""gpu"": ""NVIDIA RTX A4500"", ""numpy"": ""1.26.0"", ""python"": ""3.10.12"", ""deterministic"": true, ""grad_clip_max_norm"": 1.0, ""CUBLAS_WORKSPACE_CONFIG"": "":4096:8"", ""CUDA_VISIBLE_DEVICES"": ""2""}",2026-08-21T16:43:47
VNAT_8s_tcpdur_random70_stratified_flowlevel_splitseed42_8feat_nst_50ms_seed2,VNAT,VNAT_8s_tcp_duration,8,random70_stratified_flowlevel_splitseed42,42,278befae3cd3e10e,Validation,4,nst,8feat,50ms,161,8,2,64,1382,598,best_val,10,12345,0,True,True,1.0,35.4136,100.0,28,86.3309,87.7709,89.9666,87.7709,"{""Chat"": 85.143, ""Control"": 96.774, ""File Transfer"": 80.0, ""Streaming"": 89.167}","{""Chat"": 76.804, ""Control"": 97.633, ""File Transfer"": 100.0, ""Streaming"": 95.111}","{""Chat"": 95.513, ""Control"": 95.93, ""File Transfer"": 66.667, ""Streaming"": 83.922}","{""Chat"": 156, ""Control"": 172, ""File Transfer"": 15, ""Streaming"": 255}","{""Chat"": 0.989971, ""Control"": 0.848894, ""File Transfer"": 9.337838, ""Streaming"": 0.586587}","{""Chat"": 349, ""Control"": 407, ""File Transfer"": 37, ""Streaming"": 589}",175370,checkpoints/VNAT_8s_tcp_duration_8feat_seed2/VNAT_8s_tcpdur_random70_stratified_flowlevel_splitseed42_8feat_nst_50ms_seed2.pth,2009546,20.1,OK,,"{""torch"": ""2.4.1+cu121"", ""cuda"": ""12.1"", ""gpu"": ""NVIDIA RTX A4500"", ""numpy"": ""1.26.0"", ""python"": ""3.10.12"", ""deterministic"": true, ""grad_clip_max_norm"": 1.0, ""CUBLAS_WORKSPACE_CONFIG"": "":4096:8"", ""CUDA_VISIBLE_DEVICES"": ""2""}",2026-08-21T16:44:07
VNAT_8s_tcpdur_random70_stratified_flowlevel_splitseed42_8feat_autoformer_50ms_seed0,VNAT,VNAT_8s_tcp_duration,8,random70_stratified_flowlevel_splitseed42,42,278befae3cd3e10e,Validation,4,autoformer,8feat,50ms,161,8,0,256,1382,598,best_val,18,12345,0,True,True,1.0,13.0387,100.0,33,82.556,81.4426,87.1237,81.4426,"{""Chat"": 80.851, ""Control"": 95.072, ""File Transfer"": 62.5, ""Streaming"": 87.347}","{""Chat"": 76.879, ""Control"": 94.798, ""File Transfer"": 58.824, ""Streaming"": 91.064}","{""Chat"": 85.256, ""Control"": 95.349, ""File Transfer"": 66.667, ""Streaming"": 83.922}","{""Chat"": 156, ""Control"": 172, ""File Transfer"": 15, ""Streaming"": 255}","{""Chat"": 0.989971, ""Control"": 0.848894, ""File Transfer"": 9.337838, ""Streaming"": 0.586587}","{""Chat"": 349, ""Control"": 407, ""File Transfer"": 37, ""Streaming"": 589}",142020,checkpoints/VNAT_8s_tcp_duration_8feat_seed0/VNAT_8s_tcpdur_random70_stratified_flowlevel_splitseed42_8feat_autoformer_50ms_seed0.pth,1865570,16.3,OK,,"{""torch"": ""2.4.1+cu121"", ""cuda"": ""12.1"", ""gpu"": ""NVIDIA RTX A4500"", ""numpy"": ""1.26.0"", ""python"": ""3.10.12"", ""deterministic"": true, ""grad_clip_max_norm"": 1.0, ""CUBLAS_WORKSPACE_CONFIG"": "":4096:8"", ""CUDA_VISIBLE_DEVICES"": ""2""}",2026-08-21T16:44:23
VNAT_8s_tcpdur_random70_stratified_flowlevel_splitseed42_8feat_autoformer_50ms_seed1,VNAT,VNAT_8s_tcp_duration,8,random70_stratified_flowlevel_splitseed42,42,278befae3cd3e10e,Validation,4,autoformer,8feat,50ms,161,8,1,256,1382,598,best_val,22,12345,0,True,True,1.0,12.7237,100.0,35,81.2733,84.3361,87.6254,84.3361,"{""Chat"": 80.126, ""Control"": 95.349, ""File Transfer"": 74.074, ""Streaming"": 87.795}","{""Chat"": 78.882, ""Control"": 95.349, ""File Transfer"": 83.333, ""Streaming"": 88.142}","{""Chat"": 81.41, ""Control"": 95.349, ""File Transfer"": 66.667, ""Streaming"": 87.451}","{""Chat"": 156, ""Control"": 172, ""File Transfer"": 15, ""Streaming"": 255}","{""Chat"": 0.989971, ""Control"": 0.848894, ""File Transfer"": 9.337838, ""Streaming"": 0.586587}","{""Chat"": 349, ""Control"": 407, ""File Transfer"": 37, ""Streaming"": 589}",142020,checkpoints/VNAT_8s_tcp_duration_8feat_seed1/VNAT_8s_tcpdur_random70_stratified_flowlevel_splitseed42_8feat_autoformer_50ms_seed1.pth,1865570,17.0,OK,,"{""torch"": ""2.4.1+cu121"", ""cuda"": ""12.1"", ""gpu"": ""NVIDIA RTX A4500"", ""numpy"": ""1.26.0"", ""python"": ""3.10.12"", ""deterministic"": true, ""grad_clip_max_norm"": 1.0, ""CUBLAS_WORKSPACE_CONFIG"": "":4096:8"", ""CUDA_VISIBLE_DEVICES"": ""2""}",2026-08-21T16:44:41
VNAT_8s_tcpdur_random70_stratified_flowlevel_splitseed42_8feat_autoformer_50ms_seed2,VNAT,VNAT_8s_tcp_duration,8,random70_stratified_flowlevel_splitseed42,42,278befae3cd3e10e,Validation,4,autoformer,8feat,50ms,161,8,2,256,1382,598,best_val,23,12345,0,True,True,1.0,12.4851,100.0,36,84.0279,84.8267,88.1271,84.8267,"{""Chat"": 81.098, ""Control"": 96.232, ""File Transfer"": 74.074, ""Streaming"": 87.903}","{""Chat"": 77.326, ""Control"": 95.954, ""File Transfer"": 83.333, ""Streaming"": 90.456}","{""Chat"": 85.256, ""Control"": 96.512, ""File Transfer"": 66.667, ""Streaming"": 85.49}","{""Chat"": 156, ""Control"": 172, ""File Transfer"": 15, ""Streaming"": 255}","{""Chat"": 0.989971, ""Control"": 0.848894, ""File Transfer"": 9.337838, ""Streaming"": 0.586587}","{""Chat"": 349, ""Control"": 407, ""File Transfer"": 37, ""Streaming"": 589}",142020,checkpoints/VNAT_8s_tcp_duration_8feat_seed2/VNAT_8s_tcpdur_random70_stratified_flowlevel_splitseed42_8feat_autoformer_50ms_seed2.pth,1865570,17.6,OK,,"{""torch"": ""2.4.1+cu121"", ""cuda"": ""12.1"", ""gpu"": ""NVIDIA RTX A4500"", ""numpy"": ""1.26.0"", ""python"": ""3.10.12"", ""deterministic"": true, ""grad_clip_max_norm"": 1.0, ""CUBLAS_WORKSPACE_CONFIG"": "":4096:8"", ""CUDA_VISIBLE_DEVICES"": ""2""}",2026-08-21T16:44:58
VNAT_8s_tcpdur_random70_stratified_flowlevel_splitseed42_8feat_fedformer_50ms_seed0,VNAT,VNAT_8s_tcp_duration,8,random70_stratified_flowlevel_splitseed42,42,278befae3cd3e10e,Validation,4,fedformer,8feat,50ms,161,8,0,256,1382,598,best_val,22,12345,4,True,True,1.0,11.3619,100.0,34,80.2989,83.3107,84.9498,83.3107,"{""Chat"": 79.564, ""Control"": 94.35, ""File Transfer"": 76.923, ""Streaming"": 82.405}","{""Chat"": 69.194, ""Control"": 91.758, ""File Transfer"": 90.909, ""Streaming"": 95.361}","{""Chat"": 93.59, ""Control"": 97.093, ""File Transfer"": 66.667, ""Streaming"": 72.549}","{""Chat"": 156, ""Control"": 172, ""File Transfer"": 15, ""Streaming"": 255}","{""Chat"": 0.989971, ""Control"": 0.848894, ""File Transfer"": 9.337838, ""Streaming"": 0.586587}","{""Chat"": 349, ""Control"": 407, ""File Transfer"": 37, ""Streaming"": 589}",405573,checkpoints/VNAT_8s_tcp_duration_8feat_seed0/VNAT_8s_tcpdur_random70_stratified_flowlevel_splitseed42_8feat_fedformer_50ms_seed0.pth,4218411,67.9,OK,,"{""torch"": ""2.4.1+cu121"", ""cuda"": ""12.1"", ""gpu"": ""NVIDIA RTX A4500"", ""numpy"": ""1.26.0"", ""python"": ""3.10.12"", ""deterministic"": true, ""grad_clip_max_norm"": 1.0, ""CUBLAS_WORKSPACE_CONFIG"": "":4096:8"", ""CUDA_VISIBLE_DEVICES"": ""2""}",2026-08-21T16:46:07
VNAT_8s_tcpdur_random70_stratified_flowlevel_splitseed42_8feat_fedformer_50ms_seed1,VNAT,VNAT_8s_tcp_duration,8,random70_stratified_flowlevel_splitseed42,42,278befae3cd3e10e,Validation,4,fedformer,8feat,50ms,161,8,1,256,1382,598,best_val,13,12345,4,True,True,1.0,16.899,100.0,27,82.7352,80.3383,83.2776,80.3383,"{""Chat"": 77.867, ""Control"": 94.618, ""File Transfer"": 69.231, ""Streaming"": 79.638}","{""Chat"": 66.667, ""Control"": 92.265, ""File Transfer"": 81.818, ""Streaming"": 94.118}","{""Chat"": 93.59, ""Control"": 97.093, ""File Transfer"": 60.0, ""Streaming"": 69.02}","{""Chat"": 156, ""Control"": 172, ""File Transfer"": 15, ""Streaming"": 255}","{""Chat"": 0.989971, ""Control"": 0.848894, ""File Transfer"": 9.337838, ""Streaming"": 0.586587}","{""Chat"": 349, ""Control"": 407, ""File Transfer"": 37, ""Streaming"": 589}",405573,checkpoints/VNAT_8s_tcp_duration_8feat_seed1/VNAT_8s_tcpdur_random70_stratified_flowlevel_splitseed42_8feat_fedformer_50ms_seed1.pth,4218411,54.7,OK,,"{""torch"": ""2.4.1+cu121"", ""cuda"": ""12.1"", ""gpu"": ""NVIDIA RTX A4500"", ""numpy"": ""1.26.0"", ""python"": ""3.10.12"", ""deterministic"": true, ""grad_clip_max_norm"": 1.0, ""CUBLAS_WORKSPACE_CONFIG"": "":4096:8"", ""CUDA_VISIBLE_DEVICES"": ""2""}",2026-08-21T16:47:02
VNAT_8s_tcpdur_random70_stratified_flowlevel_splitseed42_8feat_fedformer_50ms_seed2,VNAT,VNAT_8s_tcp_duration,8,random70_stratified_flowlevel_splitseed42,42,278befae3cd3e10e,Validation,4,fedformer,8feat,50ms,161,8,2,256,1382,598,best_val,19,12345,4,True,True,1.0,16.4454,100.0,33,83.708,84.482,86.4548,84.482,"{""Chat"": 80.22, ""Control"": 96.254, ""File Transfer"": 76.923, ""Streaming"": 84.532}","{""Chat"": 70.192, ""Control"": 95.429, ""File Transfer"": 90.909, ""Streaming"": 95.098}","{""Chat"": 93.59, ""Control"": 97.093, ""File Transfer"": 66.667, ""Streaming"": 76.078}","{""Chat"": 156, ""Control"": 172, ""File Transfer"": 15, ""Streaming"": 255}","{""Chat"": 0.989971, ""Control"": 0.848894, ""File Transfer"": 9.337838, ""Streaming"": 0.586587}","{""Chat"": 349, ""Control"": 407, ""File Transfer"": 37, ""Streaming"": 589}",405573,checkpoints/VNAT_8s_tcp_duration_8feat_seed2/VNAT_8s_tcpdur_random70_stratified_flowlevel_splitseed42_8feat_fedformer_50ms_seed2.pth,4218411,67.1,OK,,"{""torch"": ""2.4.1+cu121"", ""cuda"": ""12.1"", ""gpu"": ""NVIDIA RTX A4500"", ""numpy"": ""1.26.0"", ""python"": ""3.10.12"", ""deterministic"": true, ""grad_clip_max_norm"": 1.0, ""CUBLAS_WORKSPACE_CONFIG"": "":4096:8"", ""CUDA_VISIBLE_DEVICES"": ""2""}",2026-08-21T16:48:09
VNAT_8s_tcpdur_random70_stratified_flowlevel_splitseed42_8feat_timemixer_50ms_seed0,VNAT,VNAT_8s_tcp_duration,8,random70_stratified_flowlevel_splitseed42,42,278befae3cd3e10e,Validation,4,timemixer,8feat,50ms,161,8,0,256,1382,598,best_val,36,12345,0,True,True,1.0,277.0511,76.19,49,85.5426,79.809,84.2809,79.809,"{""Chat"": 79.646, ""Control"": 92.877, ""File Transfer"": 64.286, ""Streaming"": 82.427}","{""Chat"": 73.77, ""Control"": 91.061, ""File Transfer"": 69.231, ""Streaming"": 88.341}","{""Chat"": 86.538, ""Control"": 94.767, ""File Transfer"": 60.0, ""Streaming"": 77.255}","{""Chat"": 156, ""Control"": 172, ""File Transfer"": 15, ""Streaming"": 255}","{""Chat"": 0.989971, ""Control"": 0.848894, ""File Transfer"": 9.337838, ""Streaming"": 0.586587}","{""Chat"": 349, ""Control"": 407, ""File Transfer"": 37, ""Streaming"": 589}",322138,checkpoints/VNAT_8s_tcp_duration_8feat_seed0/VNAT_8s_tcpdur_random70_stratified_flowlevel_splitseed42_8feat_timemixer_50ms_seed0.pth,2605638,16.1,OK,,"{""torch"": ""2.4.1+cu121"", ""cuda"": ""12.1"", ""gpu"": ""NVIDIA RTX A4500"", ""numpy"": ""1.26.0"", ""python"": ""3.10.12"", ""deterministic"": true, ""grad_clip_max_norm"": 1.0, ""CUBLAS_WORKSPACE_CONFIG"": "":4096:8"", ""CUDA_VISIBLE_DEVICES"": ""2""}",2026-08-21T16:48:26
VNAT_8s_tcpdur_random70_stratified_flowlevel_splitseed42_8feat_timemixer_50ms_seed1,VNAT,VNAT_8s_tcp_duration,8,random70_stratified_flowlevel_splitseed42,42,278befae3cd3e10e,Validation,4,timemixer,8feat,50ms,161,8,1,256,1382,598,best_val,18,12345,0,True,True,1.0,93.048,70.09,39,81.261,80.2852,84.9498,80.2852,"{""Chat"": 81.319, ""Control"": 93.521, ""File Transfer"": 64.0, ""Streaming"": 82.301}","{""Chat"": 71.154, ""Control"": 90.71, ""File Transfer"": 80.0, ""Streaming"": 94.416}","{""Chat"": 94.872, ""Control"": 96.512, ""File Transfer"": 53.333, ""Streaming"": 72.941}","{""Chat"": 156, ""Control"": 172, ""File Transfer"": 15, ""Streaming"": 255}","{""Chat"": 0.989971, ""Control"": 0.848894, ""File Transfer"": 9.337838, ""Streaming"": 0.586587}","{""Chat"": 349, ""Control"": 407, ""File Transfer"": 37, ""Streaming"": 589}",322138,checkpoints/VNAT_8s_tcp_duration_8feat_seed1/VNAT_8s_tcpdur_random70_stratified_flowlevel_splitseed42_8feat_timemixer_50ms_seed1.pth,2605638,12.8,OK,,"{""torch"": ""2.4.1+cu121"", ""cuda"": ""12.1"", ""gpu"": ""NVIDIA RTX A4500"", ""numpy"": ""1.26.0"", ""python"": ""3.10.12"", ""deterministic"": true, ""grad_clip_max_norm"": 1.0, ""CUBLAS_WORKSPACE_CONFIG"": "":4096:8"", ""CUDA_VISIBLE_DEVICES"": ""2""}",2026-08-21T16:48:39
VNAT_8s_tcpdur_random70_stratified_flowlevel_splitseed42_8feat_timemixer_50ms_seed2,VNAT,VNAT_8s_tcp_duration,8,random70_stratified_flowlevel_splitseed42,42,278befae3cd3e10e,Validation,4,timemixer,8feat,50ms,161,8,2,256,1382,598,best_val,24,12345,0,True,True,1.0,170.5818,71.85,45,84.0969,82.2774,87.4582,82.2774,"{""Chat"": 84.916, ""Control"": 94.318, ""File Transfer"": 64.286, ""Streaming"": 85.59}","{""Chat"": 75.248, ""Control"": 92.222, ""File Transfer"": 69.231, ""Streaming"": 96.552}","{""Chat"": 97.436, ""Control"": 96.512, ""File Transfer"": 60.0, ""Streaming"": 76.863}","{""Chat"": 156, ""Control"": 172, ""File Transfer"": 15, ""Streaming"": 255}","{""Chat"": 0.989971, ""Control"": 0.848894, ""File Transfer"": 9.337838, ""Streaming"": 0.586587}","{""Chat"": 349, ""Control"": 407, ""File Transfer"": 37, ""Streaming"": 589}",322138,checkpoints/VNAT_8s_tcp_duration_8feat_seed2/VNAT_8s_tcpdur_random70_stratified_flowlevel_splitseed42_8feat_timemixer_50ms_seed2.pth,2605638,14.8,OK,,"{""torch"": ""2.4.1+cu121"", ""cuda"": ""12.1"", ""gpu"": ""NVIDIA RTX A4500"", ""numpy"": ""1.26.0"", ""python"": ""3.10.12"", ""deterministic"": true, ""grad_clip_max_norm"": 1.0, ""CUBLAS_WORKSPACE_CONFIG"": "":4096:8"", ""CUDA_VISIBLE_DEVICES"": ""2""}",2026-08-21T16:48:54
VNAT_8s_tcpdur_random70_stratified_flowlevel_splitseed42_8feat_timesnet_75ms_seed0,VNAT,VNAT_8s_tcp_duration,8,random70_stratified_flowlevel_splitseed42,42,278befae3cd3e10e,Validation,4,timesnet,8feat,75ms,107,8,0,256,1382,598,best_val,19,12345,0,True,True,1.0,12.3958,100.0,31,82.0462,82.5994,84.1137,82.5994,"{""Chat"": 77.054, ""Control"": 94.017, ""File Transfer"": 76.923, ""Streaming"": 82.403}","{""Chat"": 69.036, ""Control"": 92.179, ""File Transfer"": 90.909, ""Streaming"": 90.995}","{""Chat"": 87.179, ""Control"": 95.93, ""File Transfer"": 66.667, ""Streaming"": 75.294}","{""Chat"": 156, ""Control"": 172, ""File Transfer"": 15, ""Streaming"": 255}","{""Chat"": 0.989971, ""Control"": 0.848894, ""File Transfer"": 9.337838, ""Streaming"": 0.586587}","{""Chat"": 349, ""Control"": 407, ""File Transfer"": 37, ""Streaming"": 589}",9403332,checkpoints/VNAT_8s_tcp_duration_8feat_seed0/VNAT_8s_tcpdur_random70_stratified_flowlevel_splitseed42_8feat_timesnet_75ms_seed0.pth,38922754,62.4,OK,,"{""torch"": ""2.4.1+cu121"", ""cuda"": ""12.1"", ""gpu"": ""NVIDIA RTX A4500"", ""numpy"": ""1.26.0"", ""python"": ""3.10.12"", ""deterministic"": true, ""grad_clip_max_norm"": 1.0, ""CUBLAS_WORKSPACE_CONFIG"": "":4096:8"", ""CUDA_VISIBLE_DEVICES"": ""2""}",2026-08-21T16:49:56
VNAT_8s_tcpdur_random70_stratified_flowlevel_splitseed42_8feat_timesnet_75ms_seed1,VNAT,VNAT_8s_tcp_duration,8,random70_stratified_flowlevel_splitseed42,42,278befae3cd3e10e,Validation,4,timesnet,8feat,75ms,107,8,1,256,1382,598,best_val,13,12345,0,True,True,1.0,11.1041,100.0,35,78.7371,82.8732,83.4448,82.8732,"{""Chat"": 76.836, ""Control"": 93.714, ""File Transfer"": 80.0, ""Streaming"": 80.942}","{""Chat"": 68.687, ""Control"": 92.135, ""File Transfer"": 100.0, ""Streaming"": 89.151}","{""Chat"": 87.179, ""Control"": 95.349, ""File Transfer"": 66.667, ""Streaming"": 74.118}","{""Chat"": 156, ""Control"": 172, ""File Transfer"": 15, ""Streaming"": 255}","{""Chat"": 0.989971, ""Control"": 0.848894, ""File Transfer"": 9.337838, ""Streaming"": 0.586587}","{""Chat"": 349, ""Control"": 407, ""File Transfer"": 37, ""Streaming"": 589}",9403332,checkpoints/VNAT_8s_tcp_duration_8feat_seed1/VNAT_8s_tcpdur_random70_stratified_flowlevel_splitseed42_8feat_timesnet_75ms_seed1.pth,38922754,71.3,OK,,"{""torch"": ""2.4.1+cu121"", ""cuda"": ""12.1"", ""gpu"": ""NVIDIA RTX A4500"", ""numpy"": ""1.26.0"", ""python"": ""3.10.12"", ""deterministic"": true, ""grad_clip_max_norm"": 1.0, ""CUBLAS_WORKSPACE_CONFIG"": "":4096:8"", ""CUDA_VISIBLE_DEVICES"": ""2""}",2026-08-21T16:51:08
VNAT_8s_tcpdur_random70_stratified_flowlevel_splitseed42_8feat_timesnet_75ms_seed2,VNAT,VNAT_8s_tcp_duration,8,random70_stratified_flowlevel_splitseed42,42,278befae3cd3e10e,Validation,4,timesnet,8feat,75ms,107,8,2,256,1382,598,best_val,21,12345,0,True,True,1.0,11.081,100.0,40,81.728,83.2078,83.9465,83.2078,"{""Chat"": 76.966, ""Control"": 93.714, ""File Transfer"": 80.0, ""Streaming"": 82.151}","{""Chat"": 68.5, ""Control"": 92.135, ""File Transfer"": 100.0, ""Streaming"": 90.952}","{""Chat"": 87.821, ""Control"": 95.349, ""File Transfer"": 66.667, ""Streaming"": 74.902}","{""Chat"": 156, ""Control"": 172, ""File Transfer"": 15, ""Streaming"": 255}","{""Chat"": 0.989971, ""Control"": 0.848894, ""File Transfer"": 9.337838, ""Streaming"": 0.586587}","{""Chat"": 349, ""Control"": 407, ""File Transfer"": 37, ""Streaming"": 589}",9403332,checkpoints/VNAT_8s_tcp_duration_8feat_seed2/VNAT_8s_tcpdur_random70_stratified_flowlevel_splitseed42_8feat_timesnet_75ms_seed2.pth,38922754,80.5,OK,,"{""torch"": ""2.4.1+cu121"", ""cuda"": ""12.1"", ""gpu"": ""NVIDIA RTX A4500"", ""numpy"": ""1.26.0"", ""python"": ""3.10.12"", ""deterministic"": true, ""grad_clip_max_norm"": 1.0, ""CUBLAS_WORKSPACE_CONFIG"": "":4096:8"", ""CUDA_VISIBLE_DEVICES"": ""2""}",2026-08-21T16:52:29
VNAT_8s_tcpdur_random70_stratified_flowlevel_splitseed42_8feat_informer_75ms_seed0,VNAT,VNAT_8s_tcp_duration,8,random70_stratified_flowlevel_splitseed42,42,278befae3cd3e10e,Validation,4,informer,8feat,75ms,107,8,0,64,1382,598,best_val,12,12345,0,True,True,1.0,63.4811,100.0,30,86.7654,87.5975,89.2977,87.232,"{""Chat"": 83.237, ""Control"": 97.406, ""File Transfer"": 80.0, ""Streaming"": 88.285}","{""Chat"": 75.789, ""Control"": 96.571, ""File Transfer"": 100.0, ""Streaming"": 94.619}","{""Chat"": 92.308, ""Control"": 98.256, ""File Transfer"": 66.667, ""Streaming"": 82.745}","{""Chat"": 156, ""Control"": 172, ""File Transfer"": 15, ""Streaming"": 255}","{""Chat"": 0.989971, ""Control"": 0.848894, ""File Transfer"": 9.337838, ""Streaming"": 0.586587}","{""Chat"": 349, ""Control"": 407, ""File Transfer"": 37, ""Streaming"": 589}",2790149,checkpoints/VNAT_8s_tcp_duration_8feat_seed0/VNAT_8s_tcpdur_random70_stratified_flowlevel_splitseed42_8feat_informer_75ms_seed0.pth,21444610,27.1,OK,,"{""torch"": ""2.4.1+cu121"", ""cuda"": ""12.1"", ""gpu"": ""NVIDIA RTX A4500"", ""numpy"": ""1.26.0"", ""python"": ""3.10.12"", ""deterministic"": true, ""grad_clip_max_norm"": 1.0, ""CUBLAS_WORKSPACE_CONFIG"": "":4096:8"", ""CUDA_VISIBLE_DEVICES"": ""2""}",2026-08-21T16:52:56
VNAT_8s_tcpdur_random70_stratified_flowlevel_splitseed42_8feat_informer_75ms_seed1,VNAT,VNAT_8s_tcp_duration,8,random70_stratified_flowlevel_splitseed42,42,278befae3cd3e10e,Validation,4,informer,8feat,75ms,107,8,1,64,1382,598,best_val,10,12345,0,True,True,1.0,45.3442,100.0,26,82.0987,87.2661,88.2943,86.5415,"{""Chat"": 82.153, ""Control"": 97.093, ""File Transfer"": 80.0, ""Streaming"": 86.92}","{""Chat"": 73.604, ""Control"": 97.093, ""File Transfer"": 100.0, ""Streaming"": 94.064}","{""Chat"": 92.949, ""Control"": 97.093, ""File Transfer"": 66.667, ""Streaming"": 80.784}","{""Chat"": 156, ""Control"": 172, ""File Transfer"": 15, ""Streaming"": 255}","{""Chat"": 0.989971, ""Control"": 0.848894, ""File Transfer"": 9.337838, ""Streaming"": 0.586587}","{""Chat"": 349, ""Control"": 407, ""File Transfer"": 37, ""Streaming"": 589}",2790149,checkpoints/VNAT_8s_tcp_duration_8feat_seed1/VNAT_8s_tcpdur_random70_stratified_flowlevel_splitseed42_8feat_informer_75ms_seed1.pth,21444610,22.5,OK,,"{""torch"": ""2.4.1+cu121"", ""cuda"": ""12.1"", ""gpu"": ""NVIDIA RTX A4500"", ""numpy"": ""1.26.0"", ""python"": ""3.10.12"", ""deterministic"": true, ""grad_clip_max_norm"": 1.0, ""CUBLAS_WORKSPACE_CONFIG"": "":4096:8"", ""CUDA_VISIBLE_DEVICES"": ""2""}",2026-08-21T16:53:19
VNAT_8s_tcpdur_random70_stratified_flowlevel_splitseed42_8feat_informer_75ms_seed2,VNAT,VNAT_8s_tcp_duration,8,random70_stratified_flowlevel_splitseed42,42,278befae3cd3e10e,Validation,4,informer,8feat,75ms,107,8,2,64,1382,598,best_val,20,12345,0,True,True,1.0,48.8956,100.0,28,85.8881,85.9783,86.7893,85.2046,"{""Chat"": 79.412, ""Control"": 95.157, ""File Transfer"": 80.0, ""Streaming"": 86.25}","{""Chat"": 73.37, ""Control"": 93.296, ""File Transfer"": 100.0, ""Streaming"": 92.0}","{""Chat"": 86.538, ""Control"": 97.093, ""File Transfer"": 66.667, ""Streaming"": 81.176}","{""Chat"": 156, ""Control"": 172, ""File Transfer"": 15, ""Streaming"": 255}","{""Chat"": 0.989971, ""Control"": 0.848894, ""File Transfer"": 9.337838, ""Streaming"": 0.586587}","{""Chat"": 349, ""Control"": 407, ""File Transfer"": 37, ""Streaming"": 589}",2790149,checkpoints/VNAT_8s_tcp_duration_8feat_seed2/VNAT_8s_tcpdur_random70_stratified_flowlevel_splitseed42_8feat_informer_75ms_seed2.pth,21444610,24.1,OK,,"{""torch"": ""2.4.1+cu121"", ""cuda"": ""12.1"", ""gpu"": ""NVIDIA RTX A4500"", ""numpy"": ""1.26.0"", ""python"": ""3.10.12"", ""deterministic"": true, ""grad_clip_max_norm"": 1.0, ""CUBLAS_WORKSPACE_CONFIG"": "":4096:8"", ""CUDA_VISIBLE_DEVICES"": ""2""}",2026-08-21T16:53:43
VNAT_8s_tcpdur_random70_stratified_flowlevel_splitseed42_8feat_nst_75ms_seed0,VNAT,VNAT_8s_tcp_duration,8,random70_stratified_flowlevel_splitseed42,42,278befae3cd3e10e,Validation,4,nst,8feat,75ms,107,8,0,64,1382,598,best_val,21,12345,0,True,True,1.0,21.635,100.0,36,86.1969,86.0315,88.6288,86.0315,"{""Chat"": 82.558, ""Control"": 97.093, ""File Transfer"": 76.923, ""Streaming"": 87.552}","{""Chat"": 75.532, ""Control"": 97.093, ""File Transfer"": 90.909, ""Streaming"": 92.952}","{""Chat"": 91.026, ""Control"": 97.093, ""File Transfer"": 66.667, ""Streaming"": 82.745}","{""Chat"": 156, ""Control"": 172, ""File Transfer"": 15, ""Streaming"": 255}","{""Chat"": 0.989971, ""Control"": 0.848894, ""File Transfer"": 9.337838, ""Streaming"": 0.586587}","{""Chat"": 349, ""Control"": 407, ""File Transfer"": 37, ""Streaming"": 589}",157766,checkpoints/VNAT_8s_tcp_duration_8feat_seed0/VNAT_8s_tcpdur_random70_stratified_flowlevel_splitseed42_8feat_nst_75ms_seed0.pth,1939146,26.9,OK,,"{""torch"": ""2.4.1+cu121"", ""cuda"": ""12.1"", ""gpu"": ""NVIDIA RTX A4500"", ""numpy"": ""1.26.0"", ""python"": ""3.10.12"", ""deterministic"": true, ""grad_clip_max_norm"": 1.0, ""CUBLAS_WORKSPACE_CONFIG"": "":4096:8"", ""CUDA_VISIBLE_DEVICES"": ""2""}",2026-08-21T16:54:10
VNAT_8s_tcpdur_random70_stratified_flowlevel_splitseed42_8feat_nst_75ms_seed1,VNAT,VNAT_8s_tcp_duration,8,random70_stratified_flowlevel_splitseed42,42,278befae3cd3e10e,Validation,4,nst,8feat,75ms,107,8,1,64,1382,598,best_val,15,12345,0,True,True,1.0,25.016,100.0,27,83.896,84.9215,86.4548,84.9215,"{""Chat"": 79.056, ""Control"": 94.618, ""File Transfer"": 80.0, ""Streaming"": 86.013}","{""Chat"": 73.224, ""Control"": 92.265, ""File Transfer"": 100.0, ""Streaming"": 91.964}","{""Chat"": 85.897, ""Control"": 97.093, ""File Transfer"": 66.667, ""Streaming"": 80.784}","{""Chat"": 156, ""Control"": 172, ""File Transfer"": 15, ""Streaming"": 255}","{""Chat"": 0.989971, ""Control"": 0.848894, ""File Transfer"": 9.337838, ""Streaming"": 0.586587}","{""Chat"": 349, ""Control"": 407, ""File Transfer"": 37, ""Streaming"": 589}",157766,checkpoints/VNAT_8s_tcp_duration_8feat_seed1/VNAT_8s_tcpdur_random70_stratified_flowlevel_splitseed42_8feat_nst_75ms_seed1.pth,1939146,20.2,OK,,"{""torch"": ""2.4.1+cu121"", ""cuda"": ""12.1"", ""gpu"": ""NVIDIA RTX A4500"", ""numpy"": ""1.26.0"", ""python"": ""3.10.12"", ""deterministic"": true, ""grad_clip_max_norm"": 1.0, ""CUBLAS_WORKSPACE_CONFIG"": "":4096:8"", ""CUDA_VISIBLE_DEVICES"": ""2""}",2026-08-21T16:54:31
VNAT_8s_tcpdur_random70_stratified_flowlevel_splitseed42_8feat_nst_75ms_seed2,VNAT,VNAT_8s_tcp_duration,8,random70_stratified_flowlevel_splitseed42,42,278befae3cd3e10e,Validation,4,nst,8feat,75ms,107,8,2,64,1382,598,best_val,20,12345,0,True,True,1.0,21.8535,100.0,32,85.4785,86.0703,87.7926,86.0703,"{""Chat"": 80.938, ""Control"": 96.512, ""File Transfer"": 80.0, ""Streaming"": 86.831}","{""Chat"": 74.595, ""Control"": 96.512, ""File Transfer"": 100.0, ""Streaming"": 91.342}","{""Chat"": 88.462, ""Control"": 96.512, ""File Transfer"": 66.667, ""Streaming"": 82.745}","{""Chat"": 156, ""Control"": 172, ""File Transfer"": 15, ""Streaming"": 255}","{""Chat"": 0.989971, ""Control"": 0.848894, ""File Transfer"": 9.337838, ""Streaming"": 0.586587}","{""Chat"": 349, ""Control"": 407, ""File Transfer"": 37, ""Streaming"": 589}",157766,checkpoints/VNAT_8s_tcp_duration_8feat_seed2/VNAT_8s_tcpdur_random70_stratified_flowlevel_splitseed42_8feat_nst_75ms_seed2.pth,1939146,24.4,OK,,"{""torch"": ""2.4.1+cu121"", ""cuda"": ""12.1"", ""gpu"": ""NVIDIA RTX A4500"", ""numpy"": ""1.26.0"", ""python"": ""3.10.12"", ""deterministic"": true, ""grad_clip_max_norm"": 1.0, ""CUBLAS_WORKSPACE_CONFIG"": "":4096:8"", ""CUDA_VISIBLE_DEVICES"": ""2""}",2026-08-21T16:54:55
VNAT_8s_tcpdur_random70_stratified_flowlevel_splitseed42_8feat_autoformer_75ms_seed0,VNAT,VNAT_8s_tcp_duration,8,random70_stratified_flowlevel_splitseed42,42,278befae3cd3e10e,Validation,4,autoformer,8feat,75ms,107,8,0,256,1382,598,best_val,16,12345,0,True,True,1.0,12.9417,100.0,31,77.8454,82.5951,85.2843,82.5951,"{""Chat"": 77.812, ""Control"": 93.484, ""File Transfer"": 74.074, ""Streaming"": 85.01}","{""Chat"": 73.988, ""Control"": 91.16, ""File Transfer"": 83.333, ""Streaming"": 89.224}","{""Chat"": 82.051, ""Control"": 95.93, ""File Transfer"": 66.667, ""Streaming"": 81.176}","{""Chat"": 156, ""Control"": 172, ""File Transfer"": 15, ""Streaming"": 255}","{""Chat"": 0.989971, ""Control"": 0.848894, ""File Transfer"": 9.337838, ""Streaming"": 0.586587}","{""Chat"": 349, ""Control"": 407, ""File Transfer"": 37, ""Streaming"": 589}",128196,checkpoints/VNAT_8s_tcp_duration_8feat_seed0/VNAT_8s_tcpdur_random70_stratified_flowlevel_splitseed42_8feat_autoformer_75ms_seed0.pth,1810274,12.8,OK,,"{""torch"": ""2.4.1+cu121"", ""cuda"": ""12.1"", ""gpu"": ""NVIDIA RTX A4500"", ""numpy"": ""1.26.0"", ""python"": ""3.10.12"", ""deterministic"": true, ""grad_clip_max_norm"": 1.0, ""CUBLAS_WORKSPACE_CONFIG"": "":4096:8"", ""CUDA_VISIBLE_DEVICES"": ""2""}",2026-08-21T16:55:08
VNAT_8s_tcpdur_random70_stratified_flowlevel_splitseed42_8feat_autoformer_75ms_seed1,VNAT,VNAT_8s_tcp_duration,8,random70_stratified_flowlevel_splitseed42,42,278befae3cd3e10e,Validation,4,autoformer,8feat,75ms,107,8,1,256,1382,598,best_val,15,12345,0,True,True,1.0,9.2735,100.0,32,77.7832,81.4787,86.6221,81.4787,"{""Chat"": 81.505, ""Control"": 93.484, ""File Transfer"": 64.516, ""Streaming"": 86.41}","{""Chat"": 79.755, ""Control"": 91.16, ""File Transfer"": 62.5, ""Streaming"": 89.496}","{""Chat"": 83.333, ""Control"": 95.93, ""File Transfer"": 66.667, ""Streaming"": 83.529}","{""Chat"": 156, ""Control"": 172, ""File Transfer"": 15, ""Streaming"": 255}","{""Chat"": 0.989971, ""Control"": 0.848894, ""File Transfer"": 9.337838, ""Streaming"": 0.586587}","{""Chat"": 349, ""Control"": 407, ""File Transfer"": 37, ""Streaming"": 589}",128196,checkpoints/VNAT_8s_tcp_duration_8feat_seed1/VNAT_8s_tcpdur_random70_stratified_flowlevel_splitseed42_8feat_autoformer_75ms_seed1.pth,1810274,13.7,OK,,"{""torch"": ""2.4.1+cu121"", ""cuda"": ""12.1"", ""gpu"": ""NVIDIA RTX A4500"", ""numpy"": ""1.26.0"", ""python"": ""3.10.12"", ""deterministic"": true, ""grad_clip_max_norm"": 1.0, ""CUBLAS_WORKSPACE_CONFIG"": "":4096:8"", ""CUDA_VISIBLE_DEVICES"": ""2""}",2026-08-21T16:55:22
VNAT_8s_tcpdur_random70_stratified_flowlevel_splitseed42_8feat_autoformer_75ms_seed2,VNAT,VNAT_8s_tcp_duration,8,random70_stratified_flowlevel_splitseed42,42,278befae3cd3e10e,Validation,4,autoformer,8feat,75ms,107,8,2,256,1382,598,best_val,21,12345,0,True,True,1.0,10.0571,100.0,31,80.2294,83.8663,86.1204,83.8663,"{""Chat"": 78.55, ""Control"": 93.75, ""File Transfer"": 76.923, ""Streaming"": 86.242}","{""Chat"": 74.286, ""Control"": 91.667, ""File Transfer"": 90.909, ""Streaming"": 90.517}","{""Chat"": 83.333, ""Control"": 95.93, ""File Transfer"": 66.667, ""Streaming"": 82.353}","{""Chat"": 156, ""Control"": 172, ""File Transfer"": 15, ""Streaming"": 255}","{""Chat"": 0.989971, ""Control"": 0.848894, ""File Transfer"": 9.337838, ""Streaming"": 0.586587}","{""Chat"": 349, ""Control"": 407, ""File Transfer"": 37, ""Streaming"": 589}",128196,checkpoints/VNAT_8s_tcp_duration_8feat_seed2/VNAT_8s_tcpdur_random70_stratified_flowlevel_splitseed42_8feat_autoformer_75ms_seed2.pth,1810274,12.0,OK,,"{""torch"": ""2.4.1+cu121"", ""cuda"": ""12.1"", ""gpu"": ""NVIDIA RTX A4500"", ""numpy"": ""1.26.0"", ""python"": ""3.10.12"", ""deterministic"": true, ""grad_clip_max_norm"": 1.0, ""CUBLAS_WORKSPACE_CONFIG"": "":4096:8"", ""CUDA_VISIBLE_DEVICES"": ""2""}",2026-08-21T16:55:34
VNAT_8s_tcpdur_random70_stratified_flowlevel_splitseed42_8feat_fedformer_75ms_seed0,VNAT,VNAT_8s_tcp_duration,8,random70_stratified_flowlevel_splitseed42,42,278befae3cd3e10e,Validation,4,fedformer,8feat,75ms,107,8,0,256,1382,598,best_val,17,12345,4,True,True,1.0,11.538,100.0,34,81.1235,80.4792,80.2676,80.4792,"{""Chat"": 72.533, ""Control"": 92.778, ""File Transfer"": 80.0, ""Streaming"": 76.606}","{""Chat"": 62.1, ""Control"": 88.83, ""File Transfer"": 100.0, ""Streaming"": 92.265}","{""Chat"": 87.179, ""Control"": 97.093, ""File Transfer"": 66.667, ""Streaming"": 65.49}","{""Chat"": 156, ""Control"": 172, ""File Transfer"": 15, ""Streaming"": 255}","{""Chat"": 0.989971, ""Control"": 0.848894, ""File Transfer"": 9.337838, ""Streaming"": 0.586587}","{""Chat"": 349, ""Control"": 407, ""File Transfer"": 37, ""Streaming"": 589}",367173,checkpoints/VNAT_8s_tcp_duration_8feat_seed0/VNAT_8s_tcpdur_random70_stratified_flowlevel_splitseed42_8feat_fedformer_75ms_seed0.pth,4064747,63.0,OK,,"{""torch"": ""2.4.1+cu121"", ""cuda"": ""12.1"", ""gpu"": ""NVIDIA RTX A4500"", ""numpy"": ""1.26.0"", ""python"": ""3.10.12"", ""deterministic"": true, ""grad_clip_max_norm"": 1.0, ""CUBLAS_WORKSPACE_CONFIG"": "":4096:8"", ""CUDA_VISIBLE_DEVICES"": ""2""}",2026-08-21T16:56:38
VNAT_8s_tcpdur_random70_stratified_flowlevel_splitseed42_8feat_fedformer_75ms_seed1,VNAT,VNAT_8s_tcp_duration,8,random70_stratified_flowlevel_splitseed42,42,278befae3cd3e10e,Validation,4,fedformer,8feat,75ms,107,8,1,256,1382,598,best_val,17,12345,4,True,True,1.0,11.0426,100.0,31,79.856,79.1939,79.4314,79.1939,"{""Chat"": 71.875, ""Control"": 93.036, ""File Transfer"": 76.923, ""Streaming"": 74.941}","{""Chat"": 60.526, ""Control"": 89.305, ""File Transfer"": 90.909, ""Streaming"": 93.023}","{""Chat"": 88.462, ""Control"": 97.093, ""File Transfer"": 66.667, ""Streaming"": 62.745}","{""Chat"": 156, ""Control"": 172, ""File Transfer"": 15, ""Streaming"": 255}","{""Chat"": 0.989971, ""Control"": 0.848894, ""File Transfer"": 9.337838, ""Streaming"": 0.586587}","{""Chat"": 349, ""Control"": 407, ""File Transfer"": 37, ""Streaming"": 589}",367173,checkpoints/VNAT_8s_tcp_duration_8feat_seed1/VNAT_8s_tcpdur_random70_stratified_flowlevel_splitseed42_8feat_fedformer_75ms_seed1.pth,4064747,58.0,OK,,"{""torch"": ""2.4.1+cu121"", ""cuda"": ""12.1"", ""gpu"": ""NVIDIA RTX A4500"", ""numpy"": ""1.26.0"", ""python"": ""3.10.12"", ""deterministic"": true, ""grad_clip_max_norm"": 1.0, ""CUBLAS_WORKSPACE_CONFIG"": "":4096:8"", ""CUDA_VISIBLE_DEVICES"": ""2""}",2026-08-21T16:57:36
VNAT_8s_tcpdur_random70_stratified_flowlevel_splitseed42_8feat_fedformer_75ms_seed2,VNAT,VNAT_8s_tcp_duration,8,random70_stratified_flowlevel_splitseed42,42,278befae3cd3e10e,Validation,4,fedformer,8feat,75ms,107,8,2,256,1382,598,best_val,16,12345,4,True,True,1.0,13.3129,100.0,33,81.0891,81.5223,81.6054,81.5223,"{""Chat"": 74.394, ""Control"": 93.22, ""File Transfer"": 80.0, ""Streaming"": 78.475}","{""Chat"": 64.186, ""Control"": 90.659, ""File Transfer"": 100.0, ""Streaming"": 91.623}","{""Chat"": 88.462, ""Control"": 95.93, ""File Transfer"": 66.667, ""Streaming"": 68.627}","{""Chat"": 156, ""Control"": 172, ""File Transfer"": 15, ""Streaming"": 255}","{""Chat"": 0.989971, ""Control"": 0.848894, ""File Transfer"": 9.337838, ""Streaming"": 0.586587}","{""Chat"": 349, ""Control"": 407, ""File Transfer"": 37, ""Streaming"": 589}",367173,checkpoints/VNAT_8s_tcp_duration_8feat_seed2/VNAT_8s_tcpdur_random70_stratified_flowlevel_splitseed42_8feat_fedformer_75ms_seed2.pth,4064747,60.8,OK,,"{""torch"": ""2.4.1+cu121"", ""cuda"": ""12.1"", ""gpu"": ""NVIDIA RTX A4500"", ""numpy"": ""1.26.0"", ""python"": ""3.10.12"", ""deterministic"": true, ""grad_clip_max_norm"": 1.0, ""CUBLAS_WORKSPACE_CONFIG"": "":4096:8"", ""CUDA_VISIBLE_DEVICES"": ""2""}",2026-08-21T16:58:37
VNAT_8s_tcpdur_random70_stratified_flowlevel_splitseed42_8feat_timemixer_75ms_seed0,VNAT,VNAT_8s_tcp_duration,8,random70_stratified_flowlevel_splitseed42,42,278befae3cd3e10e,Validation,4,timemixer,8feat,75ms,107,8,0,256,1382,598,best_val,24,12345,0,True,True,1.0,62.7994,71.28,47,80.6689,80.4616,83.612,80.4616,"{""Chat"": 79.784, ""Control"": 91.922, ""File Transfer"": 69.231, ""Streaming"": 80.909}","{""Chat"": 68.837, ""Control"": 88.235, ""File Transfer"": 81.818, ""Streaming"": 96.216}","{""Chat"": 94.872, ""Control"": 95.93, ""File Transfer"": 60.0, ""Streaming"": 69.804}","{""Chat"": 156, ""Control"": 172, ""File Transfer"": 15, ""Streaming"": 255}","{""Chat"": 0.989971, ""Control"": 0.848894, ""File Transfer"": 9.337838, ""Streaming"": 0.586587}","{""Chat"": 349, ""Control"": 407, ""File Transfer"": 37, ""Streaming"": 589}",226546,checkpoints/VNAT_8s_tcp_duration_8feat_seed0/VNAT_8s_tcpdur_random70_stratified_flowlevel_splitseed42_8feat_timemixer_75ms_seed0.pth,2222534,15.5,OK,,"{""torch"": ""2.4.1+cu121"", ""cuda"": ""12.1"", ""gpu"": ""NVIDIA RTX A4500"", ""numpy"": ""1.26.0"", ""python"": ""3.10.12"", ""deterministic"": true, ""grad_clip_max_norm"": 1.0, ""CUBLAS_WORKSPACE_CONFIG"": "":4096:8"", ""CUDA_VISIBLE_DEVICES"": ""2""}",2026-08-21T16:58:53
VNAT_8s_tcpdur_random70_stratified_flowlevel_splitseed42_8feat_timemixer_75ms_seed1,VNAT,VNAT_8s_tcp_duration,8,random70_stratified_flowlevel_splitseed42,42,278befae3cd3e10e,Validation,4,timemixer,8feat,75ms,107,8,1,256,1382,598,best_val,28,12345,0,True,True,1.0,19.5147,72.22,42,82.4063,80.9688,84.4482,80.9688,"{""Chat"": 78.963, ""Control"": 92.614, ""File Transfer"": 68.966, ""Streaming"": 83.333}","{""Chat"": 71.728, ""Control"": 90.556, ""File Transfer"": 71.429, ""Streaming"": 91.549}","{""Chat"": 87.821, ""Control"": 94.767, ""File Transfer"": 66.667, ""Streaming"": 76.471}","{""Chat"": 156, ""Control"": 172, ""File Transfer"": 15, ""Streaming"": 255}","{""Chat"": 0.989971, ""Control"": 0.848894, ""File Transfer"": 9.337838, ""Streaming"": 0.586587}","{""Chat"": 349, ""Control"": 407, ""File Transfer"": 37, ""Streaming"": 589}",226546,checkpoints/VNAT_8s_tcp_duration_8feat_seed1/VNAT_8s_tcpdur_random70_stratified_flowlevel_splitseed42_8feat_timemixer_75ms_seed1.pth,2222534,13.1,OK,,"{""torch"": ""2.4.1+cu121"", ""cuda"": ""12.1"", ""gpu"": ""NVIDIA RTX A4500"", ""numpy"": ""1.26.0"", ""python"": ""3.10.12"", ""deterministic"": true, ""grad_clip_max_norm"": 1.0, ""CUBLAS_WORKSPACE_CONFIG"": "":4096:8"", ""CUDA_VISIBLE_DEVICES"": ""2""}",2026-08-21T16:59:06
VNAT_8s_tcpdur_random70_stratified_flowlevel_splitseed42_8feat_timemixer_75ms_seed2,VNAT,VNAT_8s_tcp_duration,8,random70_stratified_flowlevel_splitseed42,42,278befae3cd3e10e,Validation,4,timemixer,8feat,75ms,107,8,2,256,1382,598,best_val,22,12345,0,True,True,1.0,60.1041,64.77,44,79.9562,79.8229,81.9398,79.8229,"{""Chat"": 77.808, ""Control"": 90.196, ""File Transfer"": 72.0, ""Streaming"": 79.287}","{""Chat"": 67.943, ""Control"": 87.027, ""File Transfer"": 90.0, ""Streaming"": 91.753}","{""Chat"": 91.026, ""Control"": 93.605, ""File Transfer"": 60.0, ""Streaming"": 69.804}","{""Chat"": 156, ""Control"": 172, ""File Transfer"": 15, ""Streaming"": 255}","{""Chat"": 0.989971, ""Control"": 0.848894, ""File Transfer"": 9.337838, ""Streaming"": 0.586587}","{""Chat"": 349, ""Control"": 407, ""File Transfer"": 37, ""Streaming"": 589}",226546,checkpoints/VNAT_8s_tcp_duration_8feat_seed2/VNAT_8s_tcpdur_random70_stratified_flowlevel_splitseed42_8feat_timemixer_75ms_seed2.pth,2222534,14.8,OK,,"{""torch"": ""2.4.1+cu121"", ""cuda"": ""12.1"", ""gpu"": ""NVIDIA RTX A4500"", ""numpy"": ""1.26.0"", ""python"": ""3.10.12"", ""deterministic"": true, ""grad_clip_max_norm"": 1.0, ""CUBLAS_WORKSPACE_CONFIG"": "":4096:8"", ""CUDA_VISIBLE_DEVICES"": ""2""}",2026-08-21T16:59:21
VNAT_8s_tcpdur_random70_stratified_flowlevel_splitseed42_8feat_timesnet_100ms_seed0,VNAT,VNAT_8s_tcp_duration,8,random70_stratified_flowlevel_splitseed42,42,278befae3cd3e10e,Validation,4,timesnet,8feat,100ms,81,8,0,256,1382,598,best_val,66,12345,0,True,True,1.0,11.3335,100.0,93,77.1601,78.2886,76.9231,78.2886,"{""Chat"": 69.307, ""Control"": 93.064, ""File Transfer"": 80.0, ""Streaming"": 70.784}","{""Chat"": 56.452, ""Control"": 92.529, ""File Transfer"": 100.0, ""Streaming"": 89.759}","{""Chat"": 89.744, ""Control"": 93.605, ""File Transfer"": 66.667, ""Streaming"": 58.431}","{""Chat"": 156, ""Control"": 172, ""File Transfer"": 15, ""Streaming"": 255}","{""Chat"": 0.989971, ""Control"": 0.848894, ""File Transfer"": 9.337838, ""Streaming"": 0.586587}","{""Chat"": 349, ""Control"": 407, ""File Transfer"": 37, ""Streaming"": 589}",9396676,checkpoints/VNAT_8s_tcp_duration_8feat_seed0/VNAT_8s_tcpdur_random70_stratified_flowlevel_splitseed42_8feat_timesnet_100ms_seed0.pth,38896190,144.5,OK,,"{""torch"": ""2.4.1+cu121"", ""cuda"": ""12.1"", ""gpu"": ""NVIDIA RTX A4500"", ""numpy"": ""1.26.0"", ""python"": ""3.10.12"", ""deterministic"": true, ""grad_clip_max_norm"": 1.0, ""CUBLAS_WORKSPACE_CONFIG"": "":4096:8"", ""CUDA_VISIBLE_DEVICES"": ""2""}",2026-08-21T17:01:46
VNAT_8s_tcpdur_random70_stratified_flowlevel_splitseed42_8feat_timesnet_100ms_seed1,VNAT,VNAT_8s_tcp_duration,8,random70_stratified_flowlevel_splitseed42,42,278befae3cd3e10e,Validation,4,timesnet,8feat,100ms,81,8,1,256,1382,598,best_val,24,12345,0,True,True,1.0,13.4134,100.0,38,79.269,78.7022,78.5953,78.7022,"{""Chat"": 71.018, ""Control"": 94.35, ""File Transfer"": 76.923, ""Streaming"": 72.517}","{""Chat"": 59.912, ""Control"": 91.758, ""File Transfer"": 90.909, ""Streaming"": 88.202}","{""Chat"": 87.179, ""Control"": 97.093, ""File Transfer"": 66.667, ""Streaming"": 61.569}","{""Chat"": 156, ""Control"": 172, ""File Transfer"": 15, ""Streaming"": 255}","{""Chat"": 0.989971, ""Control"": 0.848894, ""File Transfer"": 9.337838, ""Streaming"": 0.586587}","{""Chat"": 349, ""Control"": 407, ""File Transfer"": 37, ""Streaming"": 589}",9396676,checkpoints/VNAT_8s_tcp_duration_8feat_seed1/VNAT_8s_tcpdur_random70_stratified_flowlevel_splitseed42_8feat_timesnet_100ms_seed1.pth,38896190,59.6,OK,,"{""torch"": ""2.4.1+cu121"", ""cuda"": ""12.1"", ""gpu"": ""NVIDIA RTX A4500"", ""numpy"": ""1.26.0"", ""python"": ""3.10.12"", ""deterministic"": true, ""grad_clip_max_norm"": 1.0, ""CUBLAS_WORKSPACE_CONFIG"": "":4096:8"", ""CUDA_VISIBLE_DEVICES"": ""2""}",2026-08-21T17:02:46
VNAT_8s_tcpdur_random70_stratified_flowlevel_splitseed42_8feat_timesnet_100ms_seed2,VNAT,VNAT_8s_tcp_duration,8,random70_stratified_flowlevel_splitseed42,42,278befae3cd3e10e,Validation,4,timesnet,8feat,100ms,81,8,2,256,1382,598,best_val,20,12345,0,True,True,1.0,9.884,100.0,32,75.8715,80.2456,80.7692,80.2456,"{""Chat"": 73.37, ""Control"": 94.35, ""File Transfer"": 76.923, ""Streaming"": 76.339}","{""Chat"": 63.679, ""Control"": 91.758, ""File Transfer"": 90.909, ""Streaming"": 88.601}","{""Chat"": 86.538, ""Control"": 97.093, ""File Transfer"": 66.667, ""Streaming"": 67.059}","{""Chat"": 156, ""Control"": 172, ""File Transfer"": 15, ""Streaming"": 255}","{""Chat"": 0.989971, ""Control"": 0.848894, ""File Transfer"": 9.337838, ""Streaming"": 0.586587}","{""Chat"": 349, ""Control"": 407, ""File Transfer"": 37, ""Streaming"": 589}",9396676,checkpoints/VNAT_8s_tcp_duration_8feat_seed2/VNAT_8s_tcpdur_random70_stratified_flowlevel_splitseed42_8feat_timesnet_100ms_seed2.pth,38896190,50.5,OK,,"{""torch"": ""2.4.1+cu121"", ""cuda"": ""12.1"", ""gpu"": ""NVIDIA RTX A4500"", ""numpy"": ""1.26.0"", ""python"": ""3.10.12"", ""deterministic"": true, ""grad_clip_max_norm"": 1.0, ""CUBLAS_WORKSPACE_CONFIG"": "":4096:8"", ""CUDA_VISIBLE_DEVICES"": ""2""}",2026-08-21T17:03:37
VNAT_8s_tcpdur_random70_stratified_flowlevel_splitseed42_8feat_informer_100ms_seed0,VNAT,VNAT_8s_tcp_duration,8,random70_stratified_flowlevel_splitseed42,42,278befae3cd3e10e,Validation,4,informer,8feat,100ms,81,8,0,64,1382,598,best_val,7,12345,0,True,True,1.0,39.9603,100.0,32,78.6455,81.3959,83.612,82.29,"{""Chat"": 75.354, ""Control"": 96.023, ""File Transfer"": 76.923, ""Streaming"": 80.86}","{""Chat"": 67.513, ""Control"": 93.889, ""File Transfer"": 90.909, ""Streaming"": 89.524}","{""Chat"": 85.256, ""Control"": 98.256, ""File Transfer"": 66.667, ""Streaming"": 73.725}","{""Chat"": 156, ""Control"": 172, ""File Transfer"": 15, ""Streaming"": 255}","{""Chat"": 0.989971, ""Control"": 0.848894, ""File Transfer"": 9.337838, ""Streaming"": 0.586587}","{""Chat"": 349, ""Control"": 407, ""File Transfer"": 37, ""Streaming"": 589}",2763525,checkpoints/VNAT_8s_tcp_duration_8feat_seed0/VNAT_8s_tcpdur_random70_stratified_flowlevel_splitseed42_8feat_informer_100ms_seed0.pth,21338198,24.2,OK,,"{""torch"": ""2.4.1+cu121"", ""cuda"": ""12.1"", ""gpu"": ""NVIDIA RTX A4500"", ""numpy"": ""1.26.0"", ""python"": ""3.10.12"", ""deterministic"": true, ""grad_clip_max_norm"": 1.0, ""CUBLAS_WORKSPACE_CONFIG"": "":4096:8"", ""CUDA_VISIBLE_DEVICES"": ""2""}",2026-08-21T17:04:01
VNAT_8s_tcpdur_random70_stratified_flowlevel_splitseed42_8feat_informer_100ms_seed1,VNAT,VNAT_8s_tcp_duration,8,random70_stratified_flowlevel_splitseed42,42,278befae3cd3e10e,Validation,4,informer,8feat,100ms,81,8,1,64,1382,598,best_val,5,12345,0,True,True,1.0,39.6091,100.0,34,76.0041,82.9903,83.9465,83.2544,"{""Chat"": 75.214, ""Control"": 96.275, ""File Transfer"": 80.0, ""Streaming"": 81.529}","{""Chat"": 67.692, ""Control"": 94.915, ""File Transfer"": 100.0, ""Streaming"": 88.889}","{""Chat"": 84.615, ""Control"": 97.674, ""File Transfer"": 66.667, ""Streaming"": 75.294}","{""Chat"": 156, ""Control"": 172, ""File Transfer"": 15, ""Streaming"": 255}","{""Chat"": 0.989971, ""Control"": 0.848894, ""File Transfer"": 9.337838, ""Streaming"": 0.586587}","{""Chat"": 349, ""Control"": 407, ""File Transfer"": 37, ""Streaming"": 589}",2763525,checkpoints/VNAT_8s_tcp_duration_8feat_seed1/VNAT_8s_tcpdur_random70_stratified_flowlevel_splitseed42_8feat_informer_100ms_seed1.pth,21338198,26.1,OK,,"{""torch"": ""2.4.1+cu121"", ""cuda"": ""12.1"", ""gpu"": ""NVIDIA RTX A4500"", ""numpy"": ""1.26.0"", ""python"": ""3.10.12"", ""deterministic"": true, ""grad_clip_max_norm"": 1.0, ""CUBLAS_WORKSPACE_CONFIG"": "":4096:8"", ""CUDA_VISIBLE_DEVICES"": ""2""}",2026-08-21T17:04:27
VNAT_8s_tcpdur_random70_stratified_flowlevel_splitseed42_8feat_informer_100ms_seed2,VNAT,VNAT_8s_tcp_duration,8,random70_stratified_flowlevel_splitseed42,42,278befae3cd3e10e,Validation,4,informer,8feat,100ms,81,8,2,64,1382,598,best_val,10,12345,0,True,True,1.0,34.0017,100.0,22,82.6181,82.9061,83.9465,82.5392,"{""Chat"": 75.921, ""Control"": 96.023, ""File Transfer"": 76.923, ""Streaming"": 81.29}","{""Chat"": 68.02, ""Control"": 93.889, ""File Transfer"": 90.909, ""Streaming"": 90.0}","{""Chat"": 85.897, ""Control"": 98.256, ""File Transfer"": 66.667, ""Streaming"": 74.118}","{""Chat"": 156, ""Control"": 172, ""File Transfer"": 15, ""Streaming"": 255}","{""Chat"": 0.989971, ""Control"": 0.848894, ""File Transfer"": 9.337838, ""Streaming"": 0.586587}","{""Chat"": 349, ""Control"": 407, ""File Transfer"": 37, ""Streaming"": 589}",2763525,checkpoints/VNAT_8s_tcp_duration_8feat_seed2/VNAT_8s_tcpdur_random70_stratified_flowlevel_splitseed42_8feat_informer_100ms_seed2.pth,21338198,17.3,OK,,"{""torch"": ""2.4.1+cu121"", ""cuda"": ""12.1"", ""gpu"": ""NVIDIA RTX A4500"", ""numpy"": ""1.26.0"", ""python"": ""3.10.12"", ""deterministic"": true, ""grad_clip_max_norm"": 1.0, ""CUBLAS_WORKSPACE_CONFIG"": "":4096:8"", ""CUDA_VISIBLE_DEVICES"": ""2""}",2026-08-21T17:04:45
VNAT_8s_tcpdur_random70_stratified_flowlevel_splitseed42_8feat_nst_100ms_seed0,VNAT,VNAT_8s_tcp_duration,8,random70_stratified_flowlevel_splitseed42,42,278befae3cd3e10e,Validation,4,nst,8feat,100ms,81,8,0,64,1382,598,best_val,19,12345,0,True,True,1.0,20.9782,100.0,31,81.1226,81.7507,81.6054,81.7507,"{""Chat"": 73.684, ""Control"": 96.848, ""File Transfer"": 80.0, ""Streaming"": 76.471}","{""Chat"": 62.5, ""Control"": 95.48, ""File Transfer"": 100.0, ""Streaming"": 90.374}","{""Chat"": 89.744, ""Control"": 98.256, ""File Transfer"": 66.667, ""Streaming"": 66.275}","{""Chat"": 156, ""Control"": 172, ""File Transfer"": 15, ""Streaming"": 255}","{""Chat"": 0.989971, ""Control"": 0.848894, ""File Transfer"": 9.337838, ""Streaming"": 0.586587}","{""Chat"": 349, ""Control"": 407, ""File Transfer"": 37, ""Streaming"": 589}",149290,checkpoints/VNAT_8s_tcp_duration_8feat_seed0/VNAT_8s_tcpdur_random70_stratified_flowlevel_splitseed42_8feat_nst_100ms_seed0.pth,1905282,19.3,OK,,"{""torch"": ""2.4.1+cu121"", ""cuda"": ""12.1"", ""gpu"": ""NVIDIA RTX A4500"", ""numpy"": ""1.26.0"", ""python"": ""3.10.12"", ""deterministic"": true, ""grad_clip_max_norm"": 1.0, ""CUBLAS_WORKSPACE_CONFIG"": "":4096:8"", ""CUDA_VISIBLE_DEVICES"": ""2""}",2026-08-21T17:05:04
VNAT_8s_tcpdur_random70_stratified_flowlevel_splitseed42_8feat_nst_100ms_seed1,VNAT,VNAT_8s_tcp_duration,8,random70_stratified_flowlevel_splitseed42,42,278befae3cd3e10e,Validation,4,nst,8feat,100ms,81,8,1,64,1382,598,best_val,26,12345,0,True,True,1.0,21.6728,100.0,40,82.7972,85.5545,88.2943,85.5545,"{""Chat"": 81.188, ""Control"": 96.848, ""File Transfer"": 76.923, ""Streaming"": 87.259}","{""Chat"": 83.673, ""Control"": 95.48, ""File Transfer"": 90.909, ""Streaming"": 85.932}","{""Chat"": 78.846, ""Control"": 98.256, ""File Transfer"": 66.667, ""Streaming"": 88.627}","{""Chat"": 156, ""Control"": 172, ""File Transfer"": 15, ""Streaming"": 255}","{""Chat"": 0.989971, ""Control"": 0.848894, ""File Transfer"": 9.337838, ""Streaming"": 0.586587}","{""Chat"": 349, ""Control"": 407, ""File Transfer"": 37, ""Streaming"": 589}",149290,checkpoints/VNAT_8s_tcp_duration_8feat_seed1/VNAT_8s_tcpdur_random70_stratified_flowlevel_splitseed42_8feat_nst_100ms_seed1.pth,1905282,25.1,OK,,"{""torch"": ""2.4.1+cu121"", ""cuda"": ""12.1"", ""gpu"": ""NVIDIA RTX A4500"", ""numpy"": ""1.26.0"", ""python"": ""3.10.12"", ""deterministic"": true, ""grad_clip_max_norm"": 1.0, ""CUBLAS_WORKSPACE_CONFIG"": "":4096:8"", ""CUDA_VISIBLE_DEVICES"": ""2""}",2026-08-21T17:05:29
VNAT_8s_tcpdur_random70_stratified_flowlevel_splitseed42_8feat_nst_100ms_seed2,VNAT,VNAT_8s_tcp_duration,8,random70_stratified_flowlevel_splitseed42,42,278befae3cd3e10e,Validation,4,nst,8feat,100ms,81,8,2,64,1382,598,best_val,21,12345,0,True,True,1.0,23.5184,100.0,33,79.8739,83.406,83.9465,83.406,"{""Chat"": 75.881, ""Control"": 97.126, ""File Transfer"": 80.0, ""Streaming"": 80.617}","{""Chat"": 65.728, ""Control"": 96.023, ""File Transfer"": 100.0, ""Streaming"": 91.96}","{""Chat"": 89.744, ""Control"": 98.256, ""File Transfer"": 66.667, ""Streaming"": 71.765}","{""Chat"": 156, ""Control"": 172, ""File Transfer"": 15, ""Streaming"": 255}","{""Chat"": 0.989971, ""Control"": 0.848894, ""File Transfer"": 9.337838, ""Streaming"": 0.586587}","{""Chat"": 349, ""Control"": 407, ""File Transfer"": 37, ""Streaming"": 589}",149290,checkpoints/VNAT_8s_tcp_duration_8feat_seed2/VNAT_8s_tcpdur_random70_stratified_flowlevel_splitseed42_8feat_nst_100ms_seed2.pth,1905282,20.5,OK,,"{""torch"": ""2.4.1+cu121"", ""cuda"": ""12.1"", ""gpu"": ""NVIDIA RTX A4500"", ""numpy"": ""1.26.0"", ""python"": ""3.10.12"", ""deterministic"": true, ""grad_clip_max_norm"": 1.0, ""CUBLAS_WORKSPACE_CONFIG"": "":4096:8"", ""CUDA_VISIBLE_DEVICES"": ""2""}",2026-08-21T17:05:50
VNAT_8s_tcpdur_random70_stratified_flowlevel_splitseed42_8feat_autoformer_100ms_seed0,VNAT,VNAT_8s_tcp_duration,8,random70_stratified_flowlevel_splitseed42,42,278befae3cd3e10e,Validation,4,autoformer,8feat,100ms,81,8,0,256,1382,598,best_val,23,12345,0,True,True,1.0,8.4669,100.0,34,75.8568,77.5212,77.9264,77.5212,"{""Chat"": 68.241, ""Control"": 93.678, ""File Transfer"": 74.074, ""Streaming"": 74.091}","{""Chat"": 57.778, ""Control"": 92.614, ""File Transfer"": 83.333, ""Streaming"": 88.108}","{""Chat"": 83.333, ""Control"": 94.767, ""File Transfer"": 66.667, ""Streaming"": 63.922}","{""Chat"": 156, ""Control"": 172, ""File Transfer"": 15, ""Streaming"": 255}","{""Chat"": 0.989971, ""Control"": 0.848894, ""File Transfer"": 9.337838, ""Streaming"": 0.586587}","{""Chat"": 349, ""Control"": 407, ""File Transfer"": 37, ""Streaming"": 589}",121540,checkpoints/VNAT_8s_tcp_duration_8feat_seed0/VNAT_8s_tcpdur_random70_stratified_flowlevel_splitseed42_8feat_autoformer_100ms_seed0.pth,1783746,12.4,OK,,"{""torch"": ""2.4.1+cu121"", ""cuda"": ""12.1"", ""gpu"": ""NVIDIA RTX A4500"", ""numpy"": ""1.26.0"", ""python"": ""3.10.12"", ""deterministic"": true, ""grad_clip_max_norm"": 1.0, ""CUBLAS_WORKSPACE_CONFIG"": "":4096:8"", ""CUDA_VISIBLE_DEVICES"": ""2""}",2026-08-21T17:06:02
VNAT_8s_tcpdur_random70_stratified_flowlevel_splitseed42_8feat_autoformer_100ms_seed1,VNAT,VNAT_8s_tcp_duration,8,random70_stratified_flowlevel_splitseed42,42,278befae3cd3e10e,Validation,4,autoformer,8feat,100ms,81,8,1,256,1382,598,best_val,47,12345,0,True,True,1.0,9.2903,100.0,71,76.1877,81.6948,85.2843,81.6948,"{""Chat"": 78.006, ""Control"": 96.232, ""File Transfer"": 68.966, ""Streaming"": 83.576}","{""Chat"": 71.892, ""Control"": 95.954, ""File Transfer"": 71.429, ""Streaming"": 88.938}","{""Chat"": 85.256, ""Control"": 96.512, ""File Transfer"": 66.667, ""Streaming"": 78.824}","{""Chat"": 156, ""Control"": 172, ""File Transfer"": 15, ""Streaming"": 255}","{""Chat"": 0.989971, ""Control"": 0.848894, ""File Transfer"": 9.337838, ""Streaming"": 0.586587}","{""Chat"": 349, ""Control"": 407, ""File Transfer"": 37, ""Streaming"": 589}",121540,checkpoints/VNAT_8s_tcp_duration_8feat_seed1/VNAT_8s_tcpdur_random70_stratified_flowlevel_splitseed42_8feat_autoformer_100ms_seed1.pth,1783746,25.1,OK,,"{""torch"": ""2.4.1+cu121"", ""cuda"": ""12.1"", ""gpu"": ""NVIDIA RTX A4500"", ""numpy"": ""1.26.0"", ""python"": ""3.10.12"", ""deterministic"": true, ""grad_clip_max_norm"": 1.0, ""CUBLAS_WORKSPACE_CONFIG"": "":4096:8"", ""CUDA_VISIBLE_DEVICES"": ""2""}",2026-08-21T17:06:28
VNAT_8s_tcpdur_random70_stratified_flowlevel_splitseed42_8feat_autoformer_100ms_seed2,VNAT,VNAT_8s_tcp_duration,8,random70_stratified_flowlevel_splitseed42,42,278befae3cd3e10e,Validation,4,autoformer,8feat,100ms,81,8,2,256,1382,598,best_val,18,12345,0,True,True,1.0,8.8906,100.0,32,75.9576,80.2444,81.4381,80.2444,"{""Chat"": 73.446, ""Control"": 94.587, ""File Transfer"": 75.0, ""Streaming"": 77.944}","{""Chat"": 65.657, ""Control"": 92.737, ""File Transfer"": 100.0, ""Streaming"": 85.849}","{""Chat"": 83.333, ""Control"": 96.512, ""File Transfer"": 60.0, ""Streaming"": 71.373}","{""Chat"": 156, ""Control"": 172, ""File Transfer"": 15, ""Streaming"": 255}","{""Chat"": 0.989971, ""Control"": 0.848894, ""File Transfer"": 9.337838, ""Streaming"": 0.586587}","{""Chat"": 349, ""Control"": 407, ""File Transfer"": 37, ""Streaming"": 589}",121540,checkpoints/VNAT_8s_tcp_duration_8feat_seed2/VNAT_8s_tcpdur_random70_stratified_flowlevel_splitseed42_8feat_autoformer_100ms_seed2.pth,1783746,11.6,OK,,"{""torch"": ""2.4.1+cu121"", ""cuda"": ""12.1"", ""gpu"": ""NVIDIA RTX A4500"", ""numpy"": ""1.26.0"", ""python"": ""3.10.12"", ""deterministic"": true, ""grad_clip_max_norm"": 1.0, ""CUBLAS_WORKSPACE_CONFIG"": "":4096:8"", ""CUDA_VISIBLE_DEVICES"": ""2""}",2026-08-21T17:06:39
VNAT_8s_tcpdur_random70_stratified_flowlevel_splitseed42_8feat_fedformer_100ms_seed0,VNAT,VNAT_8s_tcp_duration,8,random70_stratified_flowlevel_splitseed42,42,278befae3cd3e10e,Validation,4,fedformer,8feat,100ms,81,8,0,256,1382,598,best_val,30,12345,4,True,True,1.0,8.4712,100.0,41,75.2996,76.6004,75.7525,76.6004,"{""Chat"": 67.506, ""Control"": 92.614, ""File Transfer"": 76.923, ""Streaming"": 69.359}","{""Chat"": 55.602, ""Control"": 90.556, ""File Transfer"": 90.909, ""Streaming"": 87.952}","{""Chat"": 85.897, ""Control"": 94.767, ""File Transfer"": 66.667, ""Streaming"": 57.255}","{""Chat"": 156, ""Control"": 172, ""File Transfer"": 15, ""Streaming"": 255}","{""Chat"": 0.989971, ""Control"": 0.848894, ""File Transfer"": 9.337838, ""Streaming"": 0.586587}","{""Chat"": 349, ""Control"": 407, ""File Transfer"": 37, ""Streaming"": 589}",335941,checkpoints/VNAT_8s_tcp_duration_8feat_seed0/VNAT_8s_tcpdur_random70_stratified_flowlevel_splitseed42_8feat_fedformer_100ms_seed0.pth,3939884,61.9,OK,,"{""torch"": ""2.4.1+cu121"", ""cuda"": ""12.1"", ""gpu"": ""NVIDIA RTX A4500"", ""numpy"": ""1.26.0"", ""python"": ""3.10.12"", ""deterministic"": true, ""grad_clip_max_norm"": 1.0, ""CUBLAS_WORKSPACE_CONFIG"": "":4096:8"", ""CUDA_VISIBLE_DEVICES"": ""2""}",2026-08-21T17:07:41
VNAT_8s_tcpdur_random70_stratified_flowlevel_splitseed42_8feat_fedformer_100ms_seed1,VNAT,VNAT_8s_tcp_duration,8,random70_stratified_flowlevel_splitseed42,42,278befae3cd3e10e,Validation,4,fedformer,8feat,100ms,81,8,1,256,1382,598,best_val,22,12345,4,True,True,1.0,10.4046,100.0,41,77.1889,77.2406,76.5886,77.2406,"{""Chat"": 68.205, ""Control"": 92.837, ""File Transfer"": 76.923, ""Streaming"": 70.998}","{""Chat"": 56.838, ""Control"": 91.525, ""File Transfer"": 90.909, ""Streaming"": 86.932}","{""Chat"": 85.256, ""Control"": 94.186, ""File Transfer"": 66.667, ""Streaming"": 60.0}","{""Chat"": 156, ""Control"": 172, ""File Transfer"": 15, ""Streaming"": 255}","{""Chat"": 0.989971, ""Control"": 0.848894, ""File Transfer"": 9.337838, ""Streaming"": 0.586587}","{""Chat"": 349, ""Control"": 407, ""File Transfer"": 37, ""Streaming"": 589}",335941,checkpoints/VNAT_8s_tcp_duration_8feat_seed1/VNAT_8s_tcpdur_random70_stratified_flowlevel_splitseed42_8feat_fedformer_100ms_seed1.pth,3939884,51.8,OK,,"{""torch"": ""2.4.1+cu121"", ""cuda"": ""12.1"", ""gpu"": ""NVIDIA RTX A4500"", ""numpy"": ""1.26.0"", ""python"": ""3.10.12"", ""deterministic"": true, ""grad_clip_max_norm"": 1.0, ""CUBLAS_WORKSPACE_CONFIG"": "":4096:8"", ""CUDA_VISIBLE_DEVICES"": ""2""}",2026-08-21T17:08:34
VNAT_8s_tcpdur_random70_stratified_flowlevel_splitseed42_8feat_fedformer_100ms_seed2,VNAT,VNAT_8s_tcp_duration,8,random70_stratified_flowlevel_splitseed42,42,278befae3cd3e10e,Validation,4,fedformer,8feat,100ms,81,8,2,256,1382,598,best_val,16,12345,4,True,True,1.0,10.9344,100.0,34,75.1875,76.9041,75.0836,76.9041,"{""Chat"": 66.667, ""Control"": 92.529, ""File Transfer"": 80.0, ""Streaming"": 68.421}","{""Chat"": 54.217, ""Control"": 91.477, ""File Transfer"": 100.0, ""Streaming"": 87.73}","{""Chat"": 86.538, ""Control"": 93.605, ""File Transfer"": 66.667, ""Streaming"": 56.078}","{""Chat"": 156, ""Control"": 172, ""File Transfer"": 15, ""Streaming"": 255}","{""Chat"": 0.989971, ""Control"": 0.848894, ""File Transfer"": 9.337838, ""Streaming"": 0.586587}","{""Chat"": 349, ""Control"": 407, ""File Transfer"": 37, ""Streaming"": 589}",335941,checkpoints/VNAT_8s_tcp_duration_8feat_seed2/VNAT_8s_tcpdur_random70_stratified_flowlevel_splitseed42_8feat_fedformer_100ms_seed2.pth,3939884,64.1,OK,,"{""torch"": ""2.4.1+cu121"", ""cuda"": ""12.1"", ""gpu"": ""NVIDIA RTX A4500"", ""numpy"": ""1.26.0"", ""python"": ""3.10.12"", ""deterministic"": true, ""grad_clip_max_norm"": 1.0, ""CUBLAS_WORKSPACE_CONFIG"": "":4096:8"", ""CUDA_VISIBLE_DEVICES"": ""2""}",2026-08-21T17:09:38
VNAT_8s_tcpdur_random70_stratified_flowlevel_splitseed42_8feat_timemixer_100ms_seed0,VNAT,VNAT_8s_tcp_duration,8,random70_stratified_flowlevel_splitseed42,42,278befae3cd3e10e,Validation,4,timemixer,8feat,100ms,81,8,0,256,1382,598,best_val,28,12345,0,True,True,1.0,68.1288,58.71,44,74.3652,73.832,74.5819,73.832,"{""Chat"": 66.667, ""Control"": 88.761, ""File Transfer"": 69.231, ""Streaming"": 70.67}","{""Chat"": 55.556, ""Control"": 88.0, ""File Transfer"": 81.818, ""Streaming"": 85.955}","{""Chat"": 83.333, ""Control"": 89.535, ""File Transfer"": 60.0, ""Streaming"": 60.0}","{""Chat"": 156, ""Control"": 172, ""File Transfer"": 15, ""Streaming"": 255}","{""Chat"": 0.989971, ""Control"": 0.848894, ""File Transfer"": 9.337838, ""Streaming"": 0.586587}","{""Chat"": 349, ""Control"": 407, ""File Transfer"": 37, ""Streaming"": 589}",192458,checkpoints/VNAT_8s_tcp_duration_8feat_seed0/VNAT_8s_tcpdur_random70_stratified_flowlevel_splitseed42_8feat_timemixer_100ms_seed0.pth,2086666,13.0,OK,,"{""torch"": ""2.4.1+cu121"", ""cuda"": ""12.1"", ""gpu"": ""NVIDIA RTX A4500"", ""numpy"": ""1.26.0"", ""python"": ""3.10.12"", ""deterministic"": true, ""grad_clip_max_norm"": 1.0, ""CUBLAS_WORKSPACE_CONFIG"": "":4096:8"", ""CUDA_VISIBLE_DEVICES"": ""2""}",2026-08-21T17:09:51
VNAT_8s_tcpdur_random70_stratified_flowlevel_splitseed42_8feat_timemixer_100ms_seed1,VNAT,VNAT_8s_tcp_duration,8,random70_stratified_flowlevel_splitseed42,42,278befae3cd3e10e,Validation,4,timemixer,8feat,100ms,81,8,1,256,1382,598,best_val,12,12345,0,True,True,1.0,67.6535,66.33,49,65.7753,73.7186,72.5753,73.7186,"{""Chat"": 66.184, ""Control"": 84.956, ""File Transfer"": 75.0, ""Streaming"": 68.735}","{""Chat"": 53.101, ""Control"": 86.228, ""File Transfer"": 100.0, ""Streaming"": 87.805}","{""Chat"": 87.821, ""Control"": 83.721, ""File Transfer"": 60.0, ""Streaming"": 56.471}","{""Chat"": 156, ""Control"": 172, ""File Transfer"": 15, ""Streaming"": 255}","{""Chat"": 0.989971, ""Control"": 0.848894, ""File Transfer"": 9.337838, ""Streaming"": 0.586587}","{""Chat"": 349, ""Control"": 407, ""File Transfer"": 37, ""Streaming"": 589}",192458,checkpoints/VNAT_8s_tcp_duration_8feat_seed1/VNAT_8s_tcpdur_random70_stratified_flowlevel_splitseed42_8feat_timemixer_100ms_seed1.pth,2086666,15.2,OK,,"{""torch"": ""2.4.1+cu121"", ""cuda"": ""12.1"", ""gpu"": ""NVIDIA RTX A4500"", ""numpy"": ""1.26.0"", ""python"": ""3.10.12"", ""deterministic"": true, ""grad_clip_max_norm"": 1.0, ""CUBLAS_WORKSPACE_CONFIG"": "":4096:8"", ""CUDA_VISIBLE_DEVICES"": ""2""}",2026-08-21T17:10:06
VNAT_8s_tcpdur_random70_stratified_flowlevel_splitseed42_8feat_timemixer_100ms_seed2,VNAT,VNAT_8s_tcp_duration,8,random70_stratified_flowlevel_splitseed42,42,278befae3cd3e10e,Validation,4,timemixer,8feat,100ms,81,8,2,256,1382,598,best_val,35,12345,0,True,True,1.0,66.6139,62.89,53,76.0531,75.3082,76.7559,75.3082,"{""Chat"": 69.169, ""Control"": 91.967, ""File Transfer"": 68.966, ""Streaming"": 71.132}","{""Chat"": 59.447, ""Control"": 87.831, ""File Transfer"": 71.429, ""Streaming"": 86.517}","{""Chat"": 82.692, ""Control"": 96.512, ""File Transfer"": 66.667, ""Streaming"": 60.392}","{""Chat"": 156, ""Control"": 172, ""File Transfer"": 15, ""Streaming"": 255}","{""Chat"": 0.989971, ""Control"": 0.848894, ""File Transfer"": 9.337838, ""Streaming"": 0.586587}","{""Chat"": 349, ""Control"": 407, ""File Transfer"": 37, ""Streaming"": 589}",192458,checkpoints/VNAT_8s_tcp_duration_8feat_seed2/VNAT_8s_tcpdur_random70_stratified_flowlevel_splitseed42_8feat_timemixer_100ms_seed2.pth,2086666,16.2,OK,,"{""torch"": ""2.4.1+cu121"", ""cuda"": ""12.1"", ""gpu"": ""NVIDIA RTX A4500"", ""numpy"": ""1.26.0"", ""python"": ""3.10.12"", ""deterministic"": true, ""grad_clip_max_norm"": 1.0, ""CUBLAS_WORKSPACE_CONFIG"": "":4096:8"", ""CUDA_VISIBLE_DEVICES"": ""2""}",2026-08-21T17:10:23
VNAT_8s_tcpdur_random70_stratified_flowlevel_splitseed42_8feat_timesnet_150ms_seed0,VNAT,VNAT_8s_tcp_duration,8,random70_stratified_flowlevel_splitseed42,42,278befae3cd3e10e,Validation,4,timesnet,8feat,150ms,54,8,0,256,1382,598,best_val,17,12345,0,True,True,1.0,10.161,100.0,34,73.908,75.4344,76.087,75.4344,"{""Chat"": 72.906, ""Control"": 89.266, ""File Transfer"": 71.429, ""Streaming"": 68.137}","{""Chat"": 59.2, ""Control"": 86.813, ""File Transfer"": 76.923, ""Streaming"": 90.85}","{""Chat"": 94.872, ""Control"": 91.86, ""File Transfer"": 66.667, ""Streaming"": 54.51}","{""Chat"": 156, ""Control"": 172, ""File Transfer"": 15, ""Streaming"": 255}","{""Chat"": 0.989971, ""Control"": 0.848894, ""File Transfer"": 9.337838, ""Streaming"": 0.586587}","{""Chat"": 349, ""Control"": 407, ""File Transfer"": 37, ""Streaming"": 589}",9389764,checkpoints/VNAT_8s_tcp_duration_8feat_seed0/VNAT_8s_tcpdur_random70_stratified_flowlevel_splitseed42_8feat_timesnet_150ms_seed0.pth,38868542,33.1,OK,,"{""torch"": ""2.4.1+cu121"", ""cuda"": ""12.1"", ""gpu"": ""NVIDIA RTX A4500"", ""numpy"": ""1.26.0"", ""python"": ""3.10.12"", ""deterministic"": true, ""grad_clip_max_norm"": 1.0, ""CUBLAS_WORKSPACE_CONFIG"": "":4096:8"", ""CUDA_VISIBLE_DEVICES"": ""2""}",2026-08-21T17:10:56
VNAT_8s_tcpdur_random70_stratified_flowlevel_splitseed42_8feat_timesnet_150ms_seed1,VNAT,VNAT_8s_tcp_duration,8,random70_stratified_flowlevel_splitseed42,42,278befae3cd3e10e,Validation,4,timesnet,8feat,150ms,54,8,1,256,1382,598,best_val,23,12345,0,True,True,1.0,7.7967,100.0,37,74.8628,80.1911,80.4348,80.1911,"{""Chat"": 75.844, ""Control"": 92.941, ""File Transfer"": 76.923, ""Streaming"": 75.056}","{""Chat"": 63.755, ""Control"": 94.048, ""File Transfer"": 90.909, ""Streaming"": 87.895}","{""Chat"": 93.59, ""Control"": 91.86, ""File Transfer"": 66.667, ""Streaming"": 65.49}","{""Chat"": 156, ""Control"": 172, ""File Transfer"": 15, ""Streaming"": 255}","{""Chat"": 0.989971, ""Control"": 0.848894, ""File Transfer"": 9.337838, ""Streaming"": 0.586587}","{""Chat"": 349, ""Control"": 407, ""File Transfer"": 37, ""Streaming"": 589}",9389764,checkpoints/VNAT_8s_tcp_duration_8feat_seed1/VNAT_8s_tcpdur_random70_stratified_flowlevel_splitseed42_8feat_timesnet_150ms_seed1.pth,38868542,36.3,OK,,"{""torch"": ""2.4.1+cu121"", ""cuda"": ""12.1"", ""gpu"": ""NVIDIA RTX A4500"", ""numpy"": ""1.26.0"", ""python"": ""3.10.12"", ""deterministic"": true, ""grad_clip_max_norm"": 1.0, ""CUBLAS_WORKSPACE_CONFIG"": "":4096:8"", ""CUDA_VISIBLE_DEVICES"": ""2""}",2026-08-21T17:11:33
VNAT_8s_tcpdur_random70_stratified_flowlevel_splitseed42_8feat_timesnet_150ms_seed2,VNAT,VNAT_8s_tcp_duration,8,random70_stratified_flowlevel_splitseed42,42,278befae3cd3e10e,Validation,4,timesnet,8feat,150ms,54,8,2,256,1382,598,best_val,18,12345,0,True,True,1.0,9.7818,100.0,32,76.8296,79.3687,78.5953,79.3687,"{""Chat"": 73.924, ""Control"": 90.909, ""File Transfer"": 80.0, ""Streaming"": 72.642}","{""Chat"": 61.088, ""Control"": 88.889, ""File Transfer"": 100.0, ""Streaming"": 91.124}","{""Chat"": 93.59, ""Control"": 93.023, ""File Transfer"": 66.667, ""Streaming"": 60.392}","{""Chat"": 156, ""Control"": 172, ""File Transfer"": 15, ""Streaming"": 255}","{""Chat"": 0.989971, ""Control"": 0.848894, ""File Transfer"": 9.337838, ""Streaming"": 0.586587}","{""Chat"": 349, ""Control"": 407, ""File Transfer"": 37, ""Streaming"": 589}",9389764,checkpoints/VNAT_8s_tcp_duration_8feat_seed2/VNAT_8s_tcpdur_random70_stratified_flowlevel_splitseed42_8feat_timesnet_150ms_seed2.pth,38868542,31.9,OK,,"{""torch"": ""2.4.1+cu121"", ""cuda"": ""12.1"", ""gpu"": ""NVIDIA RTX A4500"", ""numpy"": ""1.26.0"", ""python"": ""3.10.12"", ""deterministic"": true, ""grad_clip_max_norm"": 1.0, ""CUBLAS_WORKSPACE_CONFIG"": "":4096:8"", ""CUDA_VISIBLE_DEVICES"": ""2""}",2026-08-21T17:12:05
VNAT_8s_tcpdur_random70_stratified_flowlevel_splitseed42_8feat_informer_150ms_seed0,VNAT,VNAT_8s_tcp_duration,8,random70_stratified_flowlevel_splitseed42,42,278befae3cd3e10e,Validation,4,informer,8feat,150ms,54,8,0,64,1382,598,best_val,15,12345,0,True,True,1.0,34.6179,100.0,32,82.8656,84.3101,84.9498,83.2909,"{""Chat"": 79.42, ""Control"": 94.944, ""File Transfer"": 76.923, ""Streaming"": 81.876}","{""Chat"": 72.487, ""Control"": 91.848, ""File Transfer"": 90.909, ""Streaming"": 89.72}","{""Chat"": 87.821, ""Control"": 98.256, ""File Transfer"": 66.667, ""Streaming"": 75.294}","{""Chat"": 156, ""Control"": 172, ""File Transfer"": 15, ""Streaming"": 255}","{""Chat"": 0.989971, ""Control"": 0.848894, ""File Transfer"": 9.337838, ""Streaming"": 0.586587}","{""Chat"": 349, ""Control"": 407, ""File Transfer"": 37, ""Streaming"": 589}",2735877,checkpoints/VNAT_8s_tcp_duration_8feat_seed0/VNAT_8s_tcpdur_random70_stratified_flowlevel_splitseed42_8feat_informer_150ms_seed0.pth,21227606,29.0,OK,,"{""torch"": ""2.4.1+cu121"", ""cuda"": ""12.1"", ""gpu"": ""NVIDIA RTX A4500"", ""numpy"": ""1.26.0"", ""python"": ""3.10.12"", ""deterministic"": true, ""grad_clip_max_norm"": 1.0, ""CUBLAS_WORKSPACE_CONFIG"": "":4096:8"", ""CUDA_VISIBLE_DEVICES"": ""2""}",2026-08-21T17:12:34
VNAT_8s_tcpdur_random70_stratified_flowlevel_splitseed42_8feat_informer_150ms_seed1,VNAT,VNAT_8s_tcp_duration,8,random70_stratified_flowlevel_splitseed42,42,278befae3cd3e10e,Validation,4,informer,8feat,150ms,54,8,1,64,1382,598,best_val,18,12345,0,True,True,1.0,28.9707,100.0,26,81.8228,82.4508,82.2742,82.182,"{""Chat"": 76.762, ""Control"": 95.184, ""File Transfer"": 80.0, ""Streaming"": 76.782}","{""Chat"": 64.758, ""Control"": 92.818, ""File Transfer"": 100.0, ""Streaming"": 92.778}","{""Chat"": 94.231, ""Control"": 97.674, ""File Transfer"": 66.667, ""Streaming"": 65.49}","{""Chat"": 156, ""Control"": 172, ""File Transfer"": 15, ""Streaming"": 255}","{""Chat"": 0.989971, ""Control"": 0.848894, ""File Transfer"": 9.337838, ""Streaming"": 0.586587}","{""Chat"": 349, ""Control"": 407, ""File Transfer"": 37, ""Streaming"": 589}",2735877,checkpoints/VNAT_8s_tcp_duration_8feat_seed1/VNAT_8s_tcpdur_random70_stratified_flowlevel_splitseed42_8feat_informer_150ms_seed1.pth,21227606,22.7,OK,,"{""torch"": ""2.4.1+cu121"", ""cuda"": ""12.1"", ""gpu"": ""NVIDIA RTX A4500"", ""numpy"": ""1.26.0"", ""python"": ""3.10.12"", ""deterministic"": true, ""grad_clip_max_norm"": 1.0, ""CUBLAS_WORKSPACE_CONFIG"": "":4096:8"", ""CUDA_VISIBLE_DEVICES"": ""2""}",2026-08-21T17:12:57
VNAT_8s_tcpdur_random70_stratified_flowlevel_splitseed42_8feat_informer_150ms_seed2,VNAT,VNAT_8s_tcp_duration,8,random70_stratified_flowlevel_splitseed42,42,278befae3cd3e10e,Validation,4,informer,8feat,150ms,54,8,2,64,1382,598,best_val,20,12345,0,True,True,1.0,30.2542,100.0,28,81.638,82.4393,82.2742,81.4434,"{""Chat"": 77.083, ""Control"": 94.915, ""File Transfer"": 76.923, ""Streaming"": 76.852}","{""Chat"": 64.912, ""Control"": 92.308, ""File Transfer"": 90.909, ""Streaming"": 93.785}","{""Chat"": 94.872, ""Control"": 97.674, ""File Transfer"": 66.667, ""Streaming"": 65.098}","{""Chat"": 156, ""Control"": 172, ""File Transfer"": 15, ""Streaming"": 255}","{""Chat"": 0.989971, ""Control"": 0.848894, ""File Transfer"": 9.337838, ""Streaming"": 0.586587}","{""Chat"": 349, ""Control"": 407, ""File Transfer"": 37, ""Streaming"": 589}",2735877,checkpoints/VNAT_8s_tcp_duration_8feat_seed2/VNAT_8s_tcpdur_random70_stratified_flowlevel_splitseed42_8feat_informer_150ms_seed2.pth,21227606,26.6,OK,,"{""torch"": ""2.4.1+cu121"", ""cuda"": ""12.1"", ""gpu"": ""NVIDIA RTX A4500"", ""numpy"": ""1.26.0"", ""python"": ""3.10.12"", ""deterministic"": true, ""grad_clip_max_norm"": 1.0, ""CUBLAS_WORKSPACE_CONFIG"": "":4096:8"", ""CUDA_VISIBLE_DEVICES"": ""2""}",2026-08-21T17:13:24
VNAT_8s_tcpdur_random70_stratified_flowlevel_splitseed42_8feat_nst_150ms_seed0,VNAT,VNAT_8s_tcp_duration,8,random70_stratified_flowlevel_splitseed42,42,278befae3cd3e10e,Validation,4,nst,8feat,150ms,54,8,0,64,1382,598,best_val,15,12345,0,True,True,1.0,15.4445,100.0,37,77.03,81.499,81.4381,81.499,"{""Chat"": 76.289, ""Control"": 94.413, ""File Transfer"": 80.0, ""Streaming"": 75.294}","{""Chat"": 63.793, ""Control"": 90.86, ""File Transfer"": 100.0, ""Streaming"": 94.118}","{""Chat"": 94.872, ""Control"": 98.256, ""File Transfer"": 66.667, ""Streaming"": 62.745}","{""Chat"": 156, ""Control"": 172, ""File Transfer"": 15, ""Streaming"": 255}","{""Chat"": 0.989971, ""Control"": 0.848894, ""File Transfer"": 9.337838, ""Streaming"": 0.586587}","{""Chat"": 349, ""Control"": 407, ""File Transfer"": 37, ""Streaming"": 589}",140488,checkpoints/VNAT_8s_tcp_duration_8feat_seed0/VNAT_8s_tcpdur_random70_stratified_flowlevel_splitseed42_8feat_nst_150ms_seed0.pth,1870082,23.2,OK,,"{""torch"": ""2.4.1+cu121"", ""cuda"": ""12.1"", ""gpu"": ""NVIDIA RTX A4500"", ""numpy"": ""1.26.0"", ""python"": ""3.10.12"", ""deterministic"": true, ""grad_clip_max_norm"": 1.0, ""CUBLAS_WORKSPACE_CONFIG"": "":4096:8"", ""CUDA_VISIBLE_DEVICES"": ""2""}",2026-08-21T17:13:47
VNAT_8s_tcpdur_random70_stratified_flowlevel_splitseed42_8feat_nst_150ms_seed1,VNAT,VNAT_8s_tcp_duration,8,random70_stratified_flowlevel_splitseed42,42,278befae3cd3e10e,Validation,4,nst,8feat,150ms,54,8,1,64,1382,598,best_val,18,12345,0,True,True,1.0,18.7488,100.0,29,79.966,79.9845,79.5987,79.9845,"{""Chat"": 71.429, ""Control"": 93.889, ""File Transfer"": 80.0, ""Streaming"": 74.62}","{""Chat"": 64.433, ""Control"": 89.894, ""File Transfer"": 100.0, ""Streaming"": 83.495}","{""Chat"": 80.128, ""Control"": 98.256, ""File Transfer"": 66.667, ""Streaming"": 67.451}","{""Chat"": 156, ""Control"": 172, ""File Transfer"": 15, ""Streaming"": 255}","{""Chat"": 0.989971, ""Control"": 0.848894, ""File Transfer"": 9.337838, ""Streaming"": 0.586587}","{""Chat"": 349, ""Control"": 407, ""File Transfer"": 37, ""Streaming"": 589}",140488,checkpoints/VNAT_8s_tcp_duration_8feat_seed1/VNAT_8s_tcpdur_random70_stratified_flowlevel_splitseed42_8feat_nst_150ms_seed1.pth,1870082,27.0,OK,,"{""torch"": ""2.4.1+cu121"", ""cuda"": ""12.1"", ""gpu"": ""NVIDIA RTX A4500"", ""numpy"": ""1.26.0"", ""python"": ""3.10.12"", ""deterministic"": true, ""grad_clip_max_norm"": 1.0, ""CUBLAS_WORKSPACE_CONFIG"": "":4096:8"", ""CUDA_VISIBLE_DEVICES"": ""2""}",2026-08-21T17:14:14
VNAT_8s_tcpdur_random70_stratified_flowlevel_splitseed42_8feat_nst_150ms_seed2,VNAT,VNAT_8s_tcp_duration,8,random70_stratified_flowlevel_splitseed42,42,278befae3cd3e10e,Validation,4,nst,8feat,150ms,54,8,2,64,1382,598,best_val,12,12345,0,True,True,1.0,18.6285,100.0,29,78.7477,79.7813,79.2642,79.7813,"{""Chat"": 73.846, ""Control"": 92.857, ""File Transfer"": 80.0, ""Streaming"": 72.422}","{""Chat"": 61.538, ""Control"": 88.021, ""File Transfer"": 100.0, ""Streaming"": 93.21}","{""Chat"": 92.308, ""Control"": 98.256, ""File Transfer"": 66.667, ""Streaming"": 59.216}","{""Chat"": 156, ""Control"": 172, ""File Transfer"": 15, ""Streaming"": 255}","{""Chat"": 0.989971, ""Control"": 0.848894, ""File Transfer"": 9.337838, ""Streaming"": 0.586587}","{""Chat"": 349, ""Control"": 407, ""File Transfer"": 37, ""Streaming"": 589}",140488,checkpoints/VNAT_8s_tcp_duration_8feat_seed2/VNAT_8s_tcpdur_random70_stratified_flowlevel_splitseed42_8feat_nst_150ms_seed2.pth,1870082,18.9,OK,,"{""torch"": ""2.4.1+cu121"", ""cuda"": ""12.1"", ""gpu"": ""NVIDIA RTX A4500"", ""numpy"": ""1.26.0"", ""python"": ""3.10.12"", ""deterministic"": true, ""grad_clip_max_norm"": 1.0, ""CUBLAS_WORKSPACE_CONFIG"": "":4096:8"", ""CUDA_VISIBLE_DEVICES"": ""2""}",2026-08-21T17:14:33
VNAT_8s_tcpdur_random70_stratified_flowlevel_splitseed42_8feat_autoformer_150ms_seed0,VNAT,VNAT_8s_tcp_duration,8,random70_stratified_flowlevel_splitseed42,42,278befae3cd3e10e,Validation,4,autoformer,8feat,150ms,54,8,0,256,1382,598,best_val,12,12345,0,True,True,1.0,6.8053,100.0,27,68.0863,69.8371,72.0736,69.8371,"{""Chat"": 69.287, ""Control"": 85.955, ""File Transfer"": 60.606, ""Streaming"": 63.5}","{""Chat"": 56.175, ""Control"": 83.152, ""File Transfer"": 55.556, ""Streaming"": 87.586}","{""Chat"": 90.385, ""Control"": 88.953, ""File Transfer"": 66.667, ""Streaming"": 49.804}","{""Chat"": 156, ""Control"": 172, ""File Transfer"": 15, ""Streaming"": 255}","{""Chat"": 0.989971, ""Control"": 0.848894, ""File Transfer"": 9.337838, ""Streaming"": 0.586587}","{""Chat"": 349, ""Control"": 407, ""File Transfer"": 37, ""Streaming"": 589}",114628,checkpoints/VNAT_8s_tcp_duration_8feat_seed0/VNAT_8s_tcpdur_random70_stratified_flowlevel_splitseed42_8feat_autoformer_150ms_seed0.pth,1756098,8.8,OK,,"{""torch"": ""2.4.1+cu121"", ""cuda"": ""12.1"", ""gpu"": ""NVIDIA RTX A4500"", ""numpy"": ""1.26.0"", ""python"": ""3.10.12"", ""deterministic"": true, ""grad_clip_max_norm"": 1.0, ""CUBLAS_WORKSPACE_CONFIG"": "":4096:8"", ""CUDA_VISIBLE_DEVICES"": ""2""}",2026-08-21T17:14:42
VNAT_8s_tcpdur_random70_stratified_flowlevel_splitseed42_8feat_autoformer_150ms_seed1,VNAT,VNAT_8s_tcp_duration,8,random70_stratified_flowlevel_splitseed42,42,278befae3cd3e10e,Validation,4,autoformer,8feat,150ms,54,8,1,256,1382,598,best_val,14,12345,0,True,True,1.0,7.4172,100.0,30,67.4818,70.772,74.4147,70.772,"{""Chat"": 72.081, ""Control"": 87.363, ""File Transfer"": 57.143, ""Streaming"": 66.501}","{""Chat"": 59.664, ""Control"": 82.812, ""File Transfer"": 50.0, ""Streaming"": 90.541}","{""Chat"": 91.026, ""Control"": 92.442, ""File Transfer"": 66.667, ""Streaming"": 52.549}","{""Chat"": 156, ""Control"": 172, ""File Transfer"": 15, ""Streaming"": 255}","{""Chat"": 0.989971, ""Control"": 0.848894, ""File Transfer"": 9.337838, ""Streaming"": 0.586587}","{""Chat"": 349, ""Control"": 407, ""File Transfer"": 37, ""Streaming"": 589}",114628,checkpoints/VNAT_8s_tcp_duration_8feat_seed1/VNAT_8s_tcpdur_random70_stratified_flowlevel_splitseed42_8feat_autoformer_150ms_seed1.pth,1756098,10.4,OK,,"{""torch"": ""2.4.1+cu121"", ""cuda"": ""12.1"", ""gpu"": ""NVIDIA RTX A4500"", ""numpy"": ""1.26.0"", ""python"": ""3.10.12"", ""deterministic"": true, ""grad_clip_max_norm"": 1.0, ""CUBLAS_WORKSPACE_CONFIG"": "":4096:8"", ""CUDA_VISIBLE_DEVICES"": ""2""}",2026-08-21T17:14:53
VNAT_8s_tcpdur_random70_stratified_flowlevel_splitseed42_8feat_autoformer_150ms_seed2,VNAT,VNAT_8s_tcp_duration,8,random70_stratified_flowlevel_splitseed42,42,278befae3cd3e10e,Validation,4,autoformer,8feat,150ms,54,8,2,256,1382,598,best_val,12,12345,0,True,True,1.0,8.5912,100.0,27,67.8059,71.2083,72.2408,71.2083,"{""Chat"": 70.874, ""Control"": 83.333, ""File Transfer"": 66.667, ""Streaming"": 63.959}","{""Chat"": 57.031, ""Control"": 79.787, ""File Transfer"": 66.667, ""Streaming"": 90.647}","{""Chat"": 93.59, ""Control"": 87.209, ""File Transfer"": 66.667, ""Streaming"": 49.412}","{""Chat"": 156, ""Control"": 172, ""File Transfer"": 15, ""Streaming"": 255}","{""Chat"": 0.989971, ""Control"": 0.848894, ""File Transfer"": 9.337838, ""Streaming"": 0.586587}","{""Chat"": 349, ""Control"": 407, ""File Transfer"": 37, ""Streaming"": 589}",114628,checkpoints/VNAT_8s_tcp_duration_8feat_seed2/VNAT_8s_tcpdur_random70_stratified_flowlevel_splitseed42_8feat_autoformer_150ms_seed2.pth,1756098,9.5,OK,,"{""torch"": ""2.4.1+cu121"", ""cuda"": ""12.1"", ""gpu"": ""NVIDIA RTX A4500"", ""numpy"": ""1.26.0"", ""python"": ""3.10.12"", ""deterministic"": true, ""grad_clip_max_norm"": 1.0, ""CUBLAS_WORKSPACE_CONFIG"": "":4096:8"", ""CUDA_VISIBLE_DEVICES"": ""2""}",2026-08-21T17:15:02
VNAT_8s_tcpdur_random70_stratified_flowlevel_splitseed42_8feat_fedformer_150ms_seed0,VNAT,VNAT_8s_tcp_duration,8,random70_stratified_flowlevel_splitseed42,42,278befae3cd3e10e,Validation,4,fedformer,8feat,150ms,54,8,0,256,1382,598,best_val,19,12345,4,True,True,1.0,9.1636,100.0,33,71.0258,71.1478,71.4047,71.1478,"{""Chat"": 68.095, ""Control"": 85.873, ""File Transfer"": 68.966, ""Streaming"": 61.658}","{""Chat"": 54.167, ""Control"": 82.011, ""File Transfer"": 71.429, ""Streaming"": 90.84}","{""Chat"": 91.667, ""Control"": 90.116, ""File Transfer"": 66.667, ""Streaming"": 46.667}","{""Chat"": 156, ""Control"": 172, ""File Transfer"": 15, ""Streaming"": 255}","{""Chat"": 0.989971, ""Control"": 0.848894, ""File Transfer"": 9.337838, ""Streaming"": 0.586587}","{""Chat"": 349, ""Control"": 407, ""File Transfer"": 37, ""Streaming"": 589}",290117,checkpoints/VNAT_8s_tcp_duration_8feat_seed0/VNAT_8s_tcpdur_random70_stratified_flowlevel_splitseed42_8feat_fedformer_150ms_seed0.pth,3756524,45.3,OK,,"{""torch"": ""2.4.1+cu121"", ""cuda"": ""12.1"", ""gpu"": ""NVIDIA RTX A4500"", ""numpy"": ""1.26.0"", ""python"": ""3.10.12"", ""deterministic"": true, ""grad_clip_max_norm"": 1.0, ""CUBLAS_WORKSPACE_CONFIG"": "":4096:8"", ""CUDA_VISIBLE_DEVICES"": ""2""}",2026-08-21T17:15:48
VNAT_8s_tcpdur_random70_stratified_flowlevel_splitseed42_8feat_fedformer_150ms_seed1,VNAT,VNAT_8s_tcp_duration,8,random70_stratified_flowlevel_splitseed42,42,278befae3cd3e10e,Validation,4,fedformer,8feat,150ms,54,8,1,256,1382,598,best_val,20,12345,4,True,True,1.0,8.1449,100.0,34,71.0135,72.8019,74.2475,72.8019,"{""Chat"": 70.968, ""Control"": 86.74, ""File Transfer"": 66.667, ""Streaming"": 66.833}","{""Chat"": 57.895, ""Control"": 82.632, ""File Transfer"": 66.667, ""Streaming"": 91.781}","{""Chat"": 91.667, ""Control"": 91.279, ""File Transfer"": 66.667, ""Streaming"": 52.549}","{""Chat"": 156, ""Control"": 172, ""File Transfer"": 15, ""Streaming"": 255}","{""Chat"": 0.989971, ""Control"": 0.848894, ""File Transfer"": 9.337838, ""Streaming"": 0.586587}","{""Chat"": 349, ""Control"": 407, ""File Transfer"": 37, ""Streaming"": 589}",290117,checkpoints/VNAT_8s_tcp_duration_8feat_seed1/VNAT_8s_tcpdur_random70_stratified_flowlevel_splitseed42_8feat_fedformer_150ms_seed1.pth,3756524,52.8,OK,,"{""torch"": ""2.4.1+cu121"", ""cuda"": ""12.1"", ""gpu"": ""NVIDIA RTX A4500"", ""numpy"": ""1.26.0"", ""python"": ""3.10.12"", ""deterministic"": true, ""grad_clip_max_norm"": 1.0, ""CUBLAS_WORKSPACE_CONFIG"": "":4096:8"", ""CUDA_VISIBLE_DEVICES"": ""2""}",2026-08-21T17:16:41
VNAT_8s_tcpdur_random70_stratified_flowlevel_splitseed42_8feat_fedformer_150ms_seed2,VNAT,VNAT_8s_tcp_duration,8,random70_stratified_flowlevel_splitseed42,42,278befae3cd3e10e,Validation,4,fedformer,8feat,150ms,54,8,2,256,1382,598,best_val,27,12345,4,True,True,1.0,11.2519,100.0,40,71.1708,68.8006,70.4013,68.8006,"{""Chat"": 67.599, ""Control"": 86.501, ""File Transfer"": 62.5, ""Streaming"": 58.602}","{""Chat"": 53.114, ""Control"": 82.199, ""File Transfer"": 58.824, ""Streaming"": 93.162}","{""Chat"": 92.949, ""Control"": 91.279, ""File Transfer"": 66.667, ""Streaming"": 42.745}","{""Chat"": 156, ""Control"": 172, ""File Transfer"": 15, ""Streaming"": 255}","{""Chat"": 0.989971, ""Control"": 0.848894, ""File Transfer"": 9.337838, ""Streaming"": 0.586587}","{""Chat"": 349, ""Control"": 407, ""File Transfer"": 37, ""Streaming"": 589}",290117,checkpoints/VNAT_8s_tcp_duration_8feat_seed2/VNAT_8s_tcpdur_random70_stratified_flowlevel_splitseed42_8feat_fedformer_150ms_seed2.pth,3756524,62.4,OK,,"{""torch"": ""2.4.1+cu121"", ""cuda"": ""12.1"", ""gpu"": ""NVIDIA RTX A4500"", ""numpy"": ""1.26.0"", ""python"": ""3.10.12"", ""deterministic"": true, ""grad_clip_max_norm"": 1.0, ""CUBLAS_WORKSPACE_CONFIG"": "":4096:8"", ""CUDA_VISIBLE_DEVICES"": ""2""}",2026-08-21T17:17:43
VNAT_8s_tcpdur_random70_stratified_flowlevel_splitseed42_8feat_timemixer_150ms_seed0,VNAT,VNAT_8s_tcp_duration,8,random70_stratified_flowlevel_splitseed42,42,278befae3cd3e10e,Validation,4,timemixer,8feat,150ms,54,8,0,256,1382,598,best_val,19,12345,0,True,True,1.0,68.1301,51.92,52,68.5058,72.2816,69.398,72.2816,"{""Chat"": 66.197, ""Control"": 80.115, ""File Transfer"": 80.0, ""Streaming"": 62.814}","{""Chat"": 52.222, ""Control"": 79.429, ""File Transfer"": 100.0, ""Streaming"": 87.413}","{""Chat"": 90.385, ""Control"": 80.814, ""File Transfer"": 66.667, ""Streaming"": 49.02}","{""Chat"": 156, ""Control"": 172, ""File Transfer"": 15, ""Streaming"": 255}","{""Chat"": 0.989971, ""Control"": 0.848894, ""File Transfer"": 9.337838, ""Streaming"": 0.586587}","{""Chat"": 349, ""Control"": 407, ""File Transfer"": 37, ""Streaming"": 589}",165146,checkpoints/VNAT_8s_tcp_duration_8feat_seed0/VNAT_8s_tcpdur_random70_stratified_flowlevel_splitseed42_8feat_timemixer_150ms_seed0.pth,1977226,12.0,OK,,"{""torch"": ""2.4.1+cu121"", ""cuda"": ""12.1"", ""gpu"": ""NVIDIA RTX A4500"", ""numpy"": ""1.26.0"", ""python"": ""3.10.12"", ""deterministic"": true, ""grad_clip_max_norm"": 1.0, ""CUBLAS_WORKSPACE_CONFIG"": "":4096:8"", ""CUDA_VISIBLE_DEVICES"": ""2""}",2026-08-21T17:17:55
VNAT_8s_tcpdur_random70_stratified_flowlevel_splitseed42_8feat_timemixer_150ms_seed1,VNAT,VNAT_8s_tcp_duration,8,random70_stratified_flowlevel_splitseed42,42,278befae3cd3e10e,Validation,4,timemixer,8feat,150ms,54,8,1,256,1382,598,best_val,57,12345,0,True,True,1.0,63.5078,68.6,69,74.8932,72.6868,73.913,72.6868,"{""Chat"": 69.951, ""Control"": 88.451, ""File Transfer"": 66.667, ""Streaming"": 65.679}","{""Chat"": 56.8, ""Control"": 85.792, ""File Transfer"": 66.667, ""Streaming"": 88.667}","{""Chat"": 91.026, ""Control"": 91.279, ""File Transfer"": 66.667, ""Streaming"": 52.157}","{""Chat"": 156, ""Control"": 172, ""File Transfer"": 15, ""Streaming"": 255}","{""Chat"": 0.989971, ""Control"": 0.848894, ""File Transfer"": 9.337838, ""Streaming"": 0.586587}","{""Chat"": 349, ""Control"": 407, ""File Transfer"": 37, ""Streaming"": 589}",165146,checkpoints/VNAT_8s_tcp_duration_8feat_seed1/VNAT_8s_tcpdur_random70_stratified_flowlevel_splitseed42_8feat_timemixer_150ms_seed1.pth,1977226,19.7,OK,,"{""torch"": ""2.4.1+cu121"", ""cuda"": ""12.1"", ""gpu"": ""NVIDIA RTX A4500"", ""numpy"": ""1.26.0"", ""python"": ""3.10.12"", ""deterministic"": true, ""grad_clip_max_norm"": 1.0, ""CUBLAS_WORKSPACE_CONFIG"": "":4096:8"", ""CUDA_VISIBLE_DEVICES"": ""2""}",2026-08-21T17:18:15
VNAT_8s_tcpdur_random70_stratified_flowlevel_splitseed42_8feat_timemixer_150ms_seed2,VNAT,VNAT_8s_tcp_duration,8,random70_stratified_flowlevel_splitseed42,42,278befae3cd3e10e,Validation,4,timemixer,8feat,150ms,54,8,2,256,1382,598,best_val,13,12345,0,True,True,1.0,103.8321,62.1,62,58.6241,72.7752,71.0702,72.7752,"{""Chat"": 65.734, ""Control"": 83.386, ""File Transfer"": 75.0, ""Streaming"": 66.981}","{""Chat"": 51.648, ""Control"": 90.476, ""File Transfer"": 100.0, ""Streaming"": 84.024}","{""Chat"": 90.385, ""Control"": 77.326, ""File Transfer"": 60.0, ""Streaming"": 55.686}","{""Chat"": 156, ""Control"": 172, ""File Transfer"": 15, ""Streaming"": 255}","{""Chat"": 0.989971, ""Control"": 0.848894, ""File Transfer"": 9.337838, ""Streaming"": 0.586587}","{""Chat"": 349, ""Control"": 407, ""File Transfer"": 37, ""Streaming"": 589}",165146,checkpoints/VNAT_8s_tcp_duration_8feat_seed2/VNAT_8s_tcpdur_random70_stratified_flowlevel_splitseed42_8feat_timemixer_150ms_seed2.pth,1977226,19.6,OK,,"{""torch"": ""2.4.1+cu121"", ""cuda"": ""12.1"", ""gpu"": ""NVIDIA RTX A4500"", ""numpy"": ""1.26.0"", ""python"": ""3.10.12"", ""deterministic"": true, ""grad_clip_max_norm"": 1.0, ""CUBLAS_WORKSPACE_CONFIG"": "":4096:8"", ""CUDA_VISIBLE_DEVICES"": ""2""}",2026-08-21T17:18:35
VNAT_8s_tcpdur_random70_stratified_flowlevel_splitseed42_8feat_timesnet_200ms_seed0,VNAT,VNAT_8s_tcp_duration,8,random70_stratified_flowlevel_splitseed42,42,278befae3cd3e10e,Validation,4,timesnet,8feat,200ms,41,8,0,256,1382,598,best_val,19,12345,0,True,True,1.0,9.6803,100.0,36,76.6312,78.197,78.5953,78.197,"{""Chat"": 71.429, ""Control"": 94.15, ""File Transfer"": 75.0, ""Streaming"": 72.209}","{""Chat"": 59.322, ""Control"": 90.374, ""File Transfer"": 100.0, ""Streaming"": 91.566}","{""Chat"": 89.744, ""Control"": 98.256, ""File Transfer"": 60.0, ""Streaming"": 59.608}","{""Chat"": 156, ""Control"": 172, ""File Transfer"": 15, ""Streaming"": 255}","{""Chat"": 0.989971, ""Control"": 0.848894, ""File Transfer"": 9.337838, ""Streaming"": 0.586587}","{""Chat"": 349, ""Control"": 407, ""File Transfer"": 37, ""Streaming"": 589}",9386436,checkpoints/VNAT_8s_tcp_duration_8feat_seed0/VNAT_8s_tcpdur_random70_stratified_flowlevel_splitseed42_8feat_timesnet_200ms_seed0.pth,38855230,32.0,OK,,"{""torch"": ""2.4.1+cu121"", ""cuda"": ""12.1"", ""gpu"": ""NVIDIA RTX A4500"", ""numpy"": ""1.26.0"", ""python"": ""3.10.12"", ""deterministic"": true, ""grad_clip_max_norm"": 1.0, ""CUBLAS_WORKSPACE_CONFIG"": "":4096:8"", ""CUDA_VISIBLE_DEVICES"": ""2""}",2026-08-21T17:19:07
VNAT_8s_tcpdur_random70_stratified_flowlevel_splitseed42_8feat_timesnet_200ms_seed1,VNAT,VNAT_8s_tcp_duration,8,random70_stratified_flowlevel_splitseed42,42,278befae3cd3e10e,Validation,4,timesnet,8feat,200ms,41,8,1,256,1382,598,best_val,19,12345,0,True,True,1.0,6.5166,98.81,42,72.7793,77.6632,78.7625,77.6632,"{""Chat"": 71.899, ""Control"": 94.678, ""File Transfer"": 72.0, ""Streaming"": 72.076}","{""Chat"": 59.414, ""Control"": 91.351, ""File Transfer"": 90.0, ""Streaming"": 92.073}","{""Chat"": 91.026, ""Control"": 98.256, ""File Transfer"": 60.0, ""Streaming"": 59.216}","{""Chat"": 156, ""Control"": 172, ""File Transfer"": 15, ""Streaming"": 255}","{""Chat"": 0.989971, ""Control"": 0.848894, ""File Transfer"": 9.337838, ""Streaming"": 0.586587}","{""Chat"": 349, ""Control"": 407, ""File Transfer"": 37, ""Streaming"": 589}",9386436,checkpoints/VNAT_8s_tcp_duration_8feat_seed1/VNAT_8s_tcpdur_random70_stratified_flowlevel_splitseed42_8feat_timesnet_200ms_seed1.pth,38855230,37.9,OK,,"{""torch"": ""2.4.1+cu121"", ""cuda"": ""12.1"", ""gpu"": ""NVIDIA RTX A4500"", ""numpy"": ""1.26.0"", ""python"": ""3.10.12"", ""deterministic"": true, ""grad_clip_max_norm"": 1.0, ""CUBLAS_WORKSPACE_CONFIG"": "":4096:8"", ""CUDA_VISIBLE_DEVICES"": ""2""}",2026-08-21T17:19:45
VNAT_8s_tcpdur_random70_stratified_flowlevel_splitseed42_8feat_timesnet_200ms_seed2,VNAT,VNAT_8s_tcp_duration,8,random70_stratified_flowlevel_splitseed42,42,278befae3cd3e10e,Validation,4,timesnet,8feat,200ms,41,8,2,256,1382,598,best_val,18,12345,0,True,True,1.0,8.364,100.0,34,76.6021,77.5082,77.7592,77.5082,"{""Chat"": 71.247, ""Control"": 93.113, ""File Transfer"": 75.0, ""Streaming"": 70.673}","{""Chat"": 59.072, ""Control"": 88.482, ""File Transfer"": 100.0, ""Streaming"": 91.304}","{""Chat"": 89.744, ""Control"": 98.256, ""File Transfer"": 60.0, ""Streaming"": 57.647}","{""Chat"": 156, ""Control"": 172, ""File Transfer"": 15, ""Streaming"": 255}","{""Chat"": 0.989971, ""Control"": 0.848894, ""File Transfer"": 9.337838, ""Streaming"": 0.586587}","{""Chat"": 349, ""Control"": 407, ""File Transfer"": 37, ""Streaming"": 589}",9386436,checkpoints/VNAT_8s_tcp_duration_8feat_seed2/VNAT_8s_tcpdur_random70_stratified_flowlevel_splitseed42_8feat_timesnet_200ms_seed2.pth,38855230,31.0,OK,,"{""torch"": ""2.4.1+cu121"", ""cuda"": ""12.1"", ""gpu"": ""NVIDIA RTX A4500"", ""numpy"": ""1.26.0"", ""python"": ""3.10.12"", ""deterministic"": true, ""grad_clip_max_norm"": 1.0, ""CUBLAS_WORKSPACE_CONFIG"": "":4096:8"", ""CUDA_VISIBLE_DEVICES"": ""2""}",2026-08-21T17:20:17
VNAT_8s_tcpdur_random70_stratified_flowlevel_splitseed42_8feat_informer_200ms_seed0,VNAT,VNAT_8s_tcp_duration,8,random70_stratified_flowlevel_splitseed42,42,278befae3cd3e10e,Validation,4,informer,8feat,200ms,41,8,0,64,1382,598,best_val,23,12345,0,True,True,1.0,25.0068,100.0,31,84.5973,85.2652,86.6221,84.4465,"{""Chat"": 81.366, ""Control"": 94.587, ""File Transfer"": 76.923, ""Streaming"": 84.909}","{""Chat"": 78.916, ""Control"": 92.737, ""File Transfer"": 90.909, ""Streaming"": 87.19}","{""Chat"": 83.974, ""Control"": 96.512, ""File Transfer"": 66.667, ""Streaming"": 82.745}","{""Chat"": 156, ""Control"": 172, ""File Transfer"": 15, ""Streaming"": 255}","{""Chat"": 0.989971, ""Control"": 0.848894, ""File Transfer"": 9.337838, ""Streaming"": 0.586587}","{""Chat"": 349, ""Control"": 407, ""File Transfer"": 37, ""Streaming"": 589}",2722565,checkpoints/VNAT_8s_tcp_duration_8feat_seed0/VNAT_8s_tcpdur_random70_stratified_flowlevel_splitseed42_8feat_informer_200ms_seed0.pth,21174358,29.4,OK,,"{""torch"": ""2.4.1+cu121"", ""cuda"": ""12.1"", ""gpu"": ""NVIDIA RTX A4500"", ""numpy"": ""1.26.0"", ""python"": ""3.10.12"", ""deterministic"": true, ""grad_clip_max_norm"": 1.0, ""CUBLAS_WORKSPACE_CONFIG"": "":4096:8"", ""CUDA_VISIBLE_DEVICES"": ""2""}",2026-08-21T17:20:46
VNAT_8s_tcpdur_random70_stratified_flowlevel_splitseed42_8feat_informer_200ms_seed1,VNAT,VNAT_8s_tcp_duration,8,random70_stratified_flowlevel_splitseed42,42,278befae3cd3e10e,Validation,4,informer,8feat,200ms,41,8,1,64,1382,598,best_val,3,12345,0,True,True,1.0,26.4206,100.0,26,72.0845,78.9088,77.9264,78.8036,"{""Chat"": 71.429, ""Control"": 93.113, ""File Transfer"": 80.0, ""Streaming"": 70.673}","{""Chat"": 59.322, ""Control"": 88.482, ""File Transfer"": 100.0, ""Streaming"": 91.304}","{""Chat"": 89.744, ""Control"": 98.256, ""File Transfer"": 66.667, ""Streaming"": 57.647}","{""Chat"": 156, ""Control"": 172, ""File Transfer"": 15, ""Streaming"": 255}","{""Chat"": 0.989971, ""Control"": 0.848894, ""File Transfer"": 9.337838, ""Streaming"": 0.586587}","{""Chat"": 349, ""Control"": 407, ""File Transfer"": 37, ""Streaming"": 589}",2722565,checkpoints/VNAT_8s_tcp_duration_8feat_seed1/VNAT_8s_tcpdur_random70_stratified_flowlevel_splitseed42_8feat_informer_200ms_seed1.pth,21174358,24.6,OK,,"{""torch"": ""2.4.1+cu121"", ""cuda"": ""12.1"", ""gpu"": ""NVIDIA RTX A4500"", ""numpy"": ""1.26.0"", ""python"": ""3.10.12"", ""deterministic"": true, ""grad_clip_max_norm"": 1.0, ""CUBLAS_WORKSPACE_CONFIG"": "":4096:8"", ""CUDA_VISIBLE_DEVICES"": ""2""}",2026-08-21T17:21:11
VNAT_8s_tcpdur_random70_stratified_flowlevel_splitseed42_8feat_informer_200ms_seed2,VNAT,VNAT_8s_tcp_duration,8,random70_stratified_flowlevel_splitseed42,42,278befae3cd3e10e,Validation,4,informer,8feat,200ms,41,8,2,64,1382,598,best_val,21,12345,0,True,True,1.0,26.2634,100.0,29,84.9885,85.8899,86.6221,84.3951,"{""Chat"": 80.38, ""Control"": 95.129, ""File Transfer"": 76.923, ""Streaming"": 85.149}","{""Chat"": 79.375, ""Control"": 93.785, ""File Transfer"": 90.909, ""Streaming"": 86.0}","{""Chat"": 81.41, ""Control"": 96.512, ""File Transfer"": 66.667, ""Streaming"": 84.314}","{""Chat"": 156, ""Control"": 172, ""File Transfer"": 15, ""Streaming"": 255}","{""Chat"": 0.989971, ""Control"": 0.848894, ""File Transfer"": 9.337838, ""Streaming"": 0.586587}","{""Chat"": 349, ""Control"": 407, ""File Transfer"": 37, ""Streaming"": 589}",2722565,checkpoints/VNAT_8s_tcp_duration_8feat_seed2/VNAT_8s_tcpdur_random70_stratified_flowlevel_splitseed42_8feat_informer_200ms_seed2.pth,21174358,27.5,OK,,"{""torch"": ""2.4.1+cu121"", ""cuda"": ""12.1"", ""gpu"": ""NVIDIA RTX A4500"", ""numpy"": ""1.26.0"", ""python"": ""3.10.12"", ""deterministic"": true, ""grad_clip_max_norm"": 1.0, ""CUBLAS_WORKSPACE_CONFIG"": "":4096:8"", ""CUDA_VISIBLE_DEVICES"": ""2""}",2026-08-21T17:21:38
VNAT_8s_tcpdur_random70_stratified_flowlevel_splitseed42_8feat_nst_200ms_seed0,VNAT,VNAT_8s_tcp_duration,8,random70_stratified_flowlevel_splitseed42,42,278befae3cd3e10e,Validation,4,nst,8feat,200ms,41,8,0,64,1382,598,best_val,8,12345,0,True,True,1.0,14.2723,100.0,37,73.9918,78.4212,77.4247,78.4212,"{""Chat"": 71.537, ""Control"": 92.562, ""File Transfer"": 80.0, ""Streaming"": 69.586}","{""Chat"": 58.921, ""Control"": 87.958, ""File Transfer"": 100.0, ""Streaming"": 91.667}","{""Chat"": 91.026, ""Control"": 97.674, ""File Transfer"": 66.667, ""Streaming"": 56.078}","{""Chat"": 156, ""Control"": 172, ""File Transfer"": 15, ""Streaming"": 255}","{""Chat"": 0.989971, ""Control"": 0.848894, ""File Transfer"": 9.337838, ""Streaming"": 0.586587}","{""Chat"": 349, ""Control"": 407, ""File Transfer"": 37, ""Streaming"": 589}",136250,checkpoints/VNAT_8s_tcp_duration_8feat_seed0/VNAT_8s_tcpdur_random70_stratified_flowlevel_splitseed42_8feat_nst_200ms_seed0.pth,1853058,32.8,OK,,"{""torch"": ""2.4.1+cu121"", ""cuda"": ""12.1"", ""gpu"": ""NVIDIA RTX A4500"", ""numpy"": ""1.26.0"", ""python"": ""3.10.12"", ""deterministic"": true, ""grad_clip_max_norm"": 1.0, ""CUBLAS_WORKSPACE_CONFIG"": "":4096:8"", ""CUDA_VISIBLE_DEVICES"": ""2""}",2026-08-21T17:22:11
VNAT_8s_tcpdur_random70_stratified_flowlevel_splitseed42_8feat_nst_200ms_seed1,VNAT,VNAT_8s_tcp_duration,8,random70_stratified_flowlevel_splitseed42,42,278befae3cd3e10e,Validation,4,nst,8feat,200ms,41,8,1,64,1382,598,best_val,26,12345,0,True,True,1.0,15.9807,100.0,34,78.9712,76.9079,76.2542,76.9079,"{""Chat"": 67.204, ""Control"": 94.413, ""File Transfer"": 76.923, ""Streaming"": 69.091}","{""Chat"": 57.87, ""Control"": 90.86, ""File Transfer"": 90.909, ""Streaming"": 82.162}","{""Chat"": 80.128, ""Control"": 98.256, ""File Transfer"": 66.667, ""Streaming"": 59.608}","{""Chat"": 156, ""Control"": 172, ""File Transfer"": 15, ""Streaming"": 255}","{""Chat"": 0.989971, ""Control"": 0.848894, ""File Transfer"": 9.337838, ""Streaming"": 0.586587}","{""Chat"": 349, ""Control"": 407, ""File Transfer"": 37, ""Streaming"": 589}",136250,checkpoints/VNAT_8s_tcp_duration_8feat_seed1/VNAT_8s_tcpdur_random70_stratified_flowlevel_splitseed42_8feat_nst_200ms_seed1.pth,1853058,31.5,OK,,"{""torch"": ""2.4.1+cu121"", ""cuda"": ""12.1"", ""gpu"": ""NVIDIA RTX A4500"", ""numpy"": ""1.26.0"", ""python"": ""3.10.12"", ""deterministic"": true, ""grad_clip_max_norm"": 1.0, ""CUBLAS_WORKSPACE_CONFIG"": "":4096:8"", ""CUDA_VISIBLE_DEVICES"": ""2""}",2026-08-21T17:22:43
VNAT_8s_tcpdur_random70_stratified_flowlevel_splitseed42_8feat_nst_200ms_seed2,VNAT,VNAT_8s_tcp_duration,8,random70_stratified_flowlevel_splitseed42,42,278befae3cd3e10e,Validation,4,nst,8feat,200ms,41,8,2,64,1382,598,best_val,15,12345,0,True,True,1.0,16.8908,100.0,31,77.3435,78.5667,78.4281,78.5667,"{""Chat"": 72.265, ""Control"": 93.82, ""File Transfer"": 76.923, ""Streaming"": 71.259}","{""Chat"": 59.916, ""Control"": 90.761, ""File Transfer"": 90.909, ""Streaming"": 90.361}","{""Chat"": 91.026, ""Control"": 97.093, ""File Transfer"": 66.667, ""Streaming"": 58.824}","{""Chat"": 156, ""Control"": 172, ""File Transfer"": 15, ""Streaming"": 255}","{""Chat"": 0.989971, ""Control"": 0.848894, ""File Transfer"": 9.337838, ""Streaming"": 0.586587}","{""Chat"": 349, ""Control"": 407, ""File Transfer"": 37, ""Streaming"": 589}",136250,checkpoints/VNAT_8s_tcp_duration_8feat_seed2/VNAT_8s_tcpdur_random70_stratified_flowlevel_splitseed42_8feat_nst_200ms_seed2.pth,1853058,28.8,OK,,"{""torch"": ""2.4.1+cu121"", ""cuda"": ""12.1"", ""gpu"": ""NVIDIA RTX A4500"", ""numpy"": ""1.26.0"", ""python"": ""3.10.12"", ""deterministic"": true, ""grad_clip_max_norm"": 1.0, ""CUBLAS_WORKSPACE_CONFIG"": "":4096:8"", ""CUDA_VISIBLE_DEVICES"": ""2""}",2026-08-21T17:23:12
VNAT_8s_tcpdur_random70_stratified_flowlevel_splitseed42_8feat_autoformer_200ms_seed0,VNAT,VNAT_8s_tcp_duration,8,random70_stratified_flowlevel_splitseed42,42,278befae3cd3e10e,Validation,4,autoformer,8feat,200ms,41,8,0,256,1382,598,best_val,19,12345,0,True,True,1.0,6.6986,100.0,33,71.0475,74.8567,77.9264,74.8567,"{""Chat"": 72.165, ""Control"": 94.118, ""File Transfer"": 62.5, ""Streaming"": 70.644}","{""Chat"": 60.345, ""Control"": 90.811, ""File Transfer"": 58.824, ""Streaming"": 90.244}","{""Chat"": 89.744, ""Control"": 97.674, ""File Transfer"": 66.667, ""Streaming"": 58.039}","{""Chat"": 156, ""Control"": 172, ""File Transfer"": 15, ""Streaming"": 255}","{""Chat"": 0.989971, ""Control"": 0.848894, ""File Transfer"": 9.337838, ""Streaming"": 0.586587}","{""Chat"": 349, ""Control"": 407, ""File Transfer"": 37, ""Streaming"": 589}",111300,checkpoints/VNAT_8s_tcp_duration_8feat_seed0/VNAT_8s_tcpdur_random70_stratified_flowlevel_splitseed42_8feat_autoformer_200ms_seed0.pth,1742786,10.8,OK,,"{""torch"": ""2.4.1+cu121"", ""cuda"": ""12.1"", ""gpu"": ""NVIDIA RTX A4500"", ""numpy"": ""1.26.0"", ""python"": ""3.10.12"", ""deterministic"": true, ""grad_clip_max_norm"": 1.0, ""CUBLAS_WORKSPACE_CONFIG"": "":4096:8"", ""CUDA_VISIBLE_DEVICES"": ""2""}",2026-08-21T17:23:23
VNAT_8s_tcpdur_random70_stratified_flowlevel_splitseed42_8feat_autoformer_200ms_seed1,VNAT,VNAT_8s_tcp_duration,8,random70_stratified_flowlevel_splitseed42,42,278befae3cd3e10e,Validation,4,autoformer,8feat,200ms,41,8,1,256,1382,598,best_val,28,12345,0,True,True,1.0,8.8649,100.0,38,69.7698,72.8121,77.592,72.8121,"{""Chat"": 72.405, ""Control"": 94.886, ""File Transfer"": 54.054, ""Streaming"": 69.903}","{""Chat"": 59.833, ""Control"": 92.778, ""File Transfer"": 45.455, ""Streaming"": 91.72}","{""Chat"": 91.667, ""Control"": 97.093, ""File Transfer"": 66.667, ""Streaming"": 56.471}","{""Chat"": 156, ""Control"": 172, ""File Transfer"": 15, ""Streaming"": 255}","{""Chat"": 0.989971, ""Control"": 0.848894, ""File Transfer"": 9.337838, ""Streaming"": 0.586587}","{""Chat"": 349, ""Control"": 407, ""File Transfer"": 37, ""Streaming"": 589}",111300,checkpoints/VNAT_8s_tcp_duration_8feat_seed1/VNAT_8s_tcpdur_random70_stratified_flowlevel_splitseed42_8feat_autoformer_200ms_seed1.pth,1742786,12.6,OK,,"{""torch"": ""2.4.1+cu121"", ""cuda"": ""12.1"", ""gpu"": ""NVIDIA RTX A4500"", ""numpy"": ""1.26.0"", ""python"": ""3.10.12"", ""deterministic"": true, ""grad_clip_max_norm"": 1.0, ""CUBLAS_WORKSPACE_CONFIG"": "":4096:8"", ""CUDA_VISIBLE_DEVICES"": ""2""}",2026-08-21T17:23:35
VNAT_8s_tcpdur_random70_stratified_flowlevel_splitseed42_8feat_autoformer_200ms_seed2,VNAT,VNAT_8s_tcp_duration,8,random70_stratified_flowlevel_splitseed42,42,278befae3cd3e10e,Validation,4,autoformer,8feat,200ms,41,8,2,256,1382,598,best_val,14,12345,0,True,True,1.0,6.3049,100.0,33,71.1097,74.668,76.5886,74.668,"{""Chat"": 71.717, ""Control"": 92.308, ""File Transfer"": 66.667, ""Streaming"": 67.98}","{""Chat"": 59.167, ""Control"": 87.5, ""File Transfer"": 66.667, ""Streaming"": 91.391}","{""Chat"": 91.026, ""Control"": 97.674, ""File Transfer"": 66.667, ""Streaming"": 54.118}","{""Chat"": 156, ""Control"": 172, ""File Transfer"": 15, ""Streaming"": 255}","{""Chat"": 0.989971, ""Control"": 0.848894, ""File Transfer"": 9.337838, ""Streaming"": 0.586587}","{""Chat"": 349, ""Control"": 407, ""File Transfer"": 37, ""Streaming"": 589}",111300,checkpoints/VNAT_8s_tcp_duration_8feat_seed2/VNAT_8s_tcpdur_random70_stratified_flowlevel_splitseed42_8feat_autoformer_200ms_seed2.pth,1742786,8.3,OK,,"{""torch"": ""2.4.1+cu121"", ""cuda"": ""12.1"", ""gpu"": ""NVIDIA RTX A4500"", ""numpy"": ""1.26.0"", ""python"": ""3.10.12"", ""deterministic"": true, ""grad_clip_max_norm"": 1.0, ""CUBLAS_WORKSPACE_CONFIG"": "":4096:8"", ""CUDA_VISIBLE_DEVICES"": ""2""}",2026-08-21T17:23:44
VNAT_8s_tcpdur_random70_stratified_flowlevel_splitseed42_8feat_fedformer_200ms_seed0,VNAT,VNAT_8s_tcp_duration,8,random70_stratified_flowlevel_splitseed42,42,278befae3cd3e10e,Validation,4,fedformer,8feat,200ms,41,8,0,256,1382,598,best_val,23,12345,4,True,True,1.0,6.9607,100.0,43,72.6407,75.409,76.087,75.409,"{""Chat"": 71.144, ""Control"": 92.562, ""File Transfer"": 71.429, ""Streaming"": 66.501}","{""Chat"": 58.13, ""Control"": 87.958, ""File Transfer"": 76.923, ""Streaming"": 90.541}","{""Chat"": 91.667, ""Control"": 97.674, ""File Transfer"": 66.667, ""Streaming"": 52.549}","{""Chat"": 156, ""Control"": 172, ""File Transfer"": 15, ""Streaming"": 255}","{""Chat"": 0.989971, ""Control"": 0.848894, ""File Transfer"": 9.337838, ""Streaming"": 0.586587}","{""Chat"": 349, ""Control"": 407, ""File Transfer"": 37, ""Streaming"": 589}",260165,checkpoints/VNAT_8s_tcp_duration_8feat_seed0/VNAT_8s_tcpdur_random70_stratified_flowlevel_splitseed42_8feat_fedformer_200ms_seed0.pth,3636716,51.6,OK,,"{""torch"": ""2.4.1+cu121"", ""cuda"": ""12.1"", ""gpu"": ""NVIDIA RTX A4500"", ""numpy"": ""1.26.0"", ""python"": ""3.10.12"", ""deterministic"": true, ""grad_clip_max_norm"": 1.0, ""CUBLAS_WORKSPACE_CONFIG"": "":4096:8"", ""CUDA_VISIBLE_DEVICES"": ""2""}",2026-08-21T17:24:36
VNAT_8s_tcpdur_random70_stratified_flowlevel_splitseed42_8feat_fedformer_200ms_seed1,VNAT,VNAT_8s_tcp_duration,8,random70_stratified_flowlevel_splitseed42,42,278befae3cd3e10e,Validation,4,fedformer,8feat,200ms,41,8,1,256,1382,598,best_val,14,12345,4,True,True,1.0,7.736,100.0,39,69.5155,74.2927,75.4181,74.2927,"{""Chat"": 71.22, ""Control"": 92.011, ""File Transfer"": 68.966, ""Streaming"": 64.975}","{""Chat"": 57.48, ""Control"": 87.435, ""File Transfer"": 71.429, ""Streaming"": 92.086}","{""Chat"": 93.59, ""Control"": 97.093, ""File Transfer"": 66.667, ""Streaming"": 50.196}","{""Chat"": 156, ""Control"": 172, ""File Transfer"": 15, ""Streaming"": 255}","{""Chat"": 0.989971, ""Control"": 0.848894, ""File Transfer"": 9.337838, ""Streaming"": 0.586587}","{""Chat"": 349, ""Control"": 407, ""File Transfer"": 37, ""Streaming"": 589}",260165,checkpoints/VNAT_8s_tcp_duration_8feat_seed1/VNAT_8s_tcpdur_random70_stratified_flowlevel_splitseed42_8feat_fedformer_200ms_seed1.pth,3636716,47.5,OK,,"{""torch"": ""2.4.1+cu121"", ""cuda"": ""12.1"", ""gpu"": ""NVIDIA RTX A4500"", ""numpy"": ""1.26.0"", ""python"": ""3.10.12"", ""deterministic"": true, ""grad_clip_max_norm"": 1.0, ""CUBLAS_WORKSPACE_CONFIG"": "":4096:8"", ""CUDA_VISIBLE_DEVICES"": ""2""}",2026-08-21T17:25:23
VNAT_8s_tcpdur_random70_stratified_flowlevel_splitseed42_8feat_fedformer_200ms_seed2,VNAT,VNAT_8s_tcp_duration,8,random70_stratified_flowlevel_splitseed42,42,278befae3cd3e10e,Validation,4,fedformer,8feat,200ms,41,8,2,256,1382,598,best_val,14,12345,4,True,True,1.0,8.6105,100.0,39,70.0974,74.0352,74.5819,74.0352,"{""Chat"": 70.936, ""Control"": 90.374, ""File Transfer"": 71.429, ""Streaming"": 63.402}","{""Chat"": 57.6, ""Control"": 83.663, ""File Transfer"": 76.923, ""Streaming"": 92.481}","{""Chat"": 92.308, ""Control"": 98.256, ""File Transfer"": 66.667, ""Streaming"": 48.235}","{""Chat"": 156, ""Control"": 172, ""File Transfer"": 15, ""Streaming"": 255}","{""Chat"": 0.989971, ""Control"": 0.848894, ""File Transfer"": 9.337838, ""Streaming"": 0.586587}","{""Chat"": 349, ""Control"": 407, ""File Transfer"": 37, ""Streaming"": 589}",260165,checkpoints/VNAT_8s_tcp_duration_8feat_seed2/VNAT_8s_tcpdur_random70_stratified_flowlevel_splitseed42_8feat_fedformer_200ms_seed2.pth,3636716,47.6,OK,,"{""torch"": ""2.4.1+cu121"", ""cuda"": ""12.1"", ""gpu"": ""NVIDIA RTX A4500"", ""numpy"": ""1.26.0"", ""python"": ""3.10.12"", ""deterministic"": true, ""grad_clip_max_norm"": 1.0, ""CUBLAS_WORKSPACE_CONFIG"": "":4096:8"", ""CUDA_VISIBLE_DEVICES"": ""2""}",2026-08-21T17:26:11
VNAT_8s_tcpdur_random70_stratified_flowlevel_splitseed42_8feat_timemixer_200ms_seed0,VNAT,VNAT_8s_tcp_duration,8,random70_stratified_flowlevel_splitseed42,42,278befae3cd3e10e,Validation,4,timemixer,8feat,200ms,41,8,0,256,1382,598,best_val,26,12345,0,True,True,1.0,28.1289,55.38,65,74.6608,74.143,72.7425,74.143,"{""Chat"": 69.154, ""Control"": 86.592, ""File Transfer"": 76.923, ""Streaming"": 63.902}","{""Chat"": 56.504, ""Control"": 83.333, ""File Transfer"": 90.909, ""Streaming"": 84.516}","{""Chat"": 89.103, ""Control"": 90.116, ""File Transfer"": 66.667, ""Streaming"": 51.373}","{""Chat"": 156, ""Control"": 172, ""File Transfer"": 15, ""Streaming"": 255}","{""Chat"": 0.989971, ""Control"": 0.848894, ""File Transfer"": 9.337838, ""Streaming"": 0.586587}","{""Chat"": 349, ""Control"": 407, ""File Transfer"": 37, ""Streaming"": 589}",154618,checkpoints/VNAT_8s_tcp_duration_8feat_seed0/VNAT_8s_tcpdur_random70_stratified_flowlevel_splitseed42_8feat_timemixer_200ms_seed0.pth,1935114,15.0,OK,,"{""torch"": ""2.4.1+cu121"", ""cuda"": ""12.1"", ""gpu"": ""NVIDIA RTX A4500"", ""numpy"": ""1.26.0"", ""python"": ""3.10.12"", ""deterministic"": true, ""grad_clip_max_norm"": 1.0, ""CUBLAS_WORKSPACE_CONFIG"": "":4096:8"", ""CUDA_VISIBLE_DEVICES"": ""2""}",2026-08-21T17:26:26
VNAT_8s_tcpdur_random70_stratified_flowlevel_splitseed42_8feat_timemixer_200ms_seed1,VNAT,VNAT_8s_tcp_duration,8,random70_stratified_flowlevel_splitseed42,42,278befae3cd3e10e,Validation,4,timemixer,8feat,200ms,41,8,1,256,1382,598,best_val,30,12345,0,True,True,1.0,22.786,48.87,59,74.9832,75.74,75.0836,75.74,"{""Chat"": 70.529, ""Control"": 89.008, ""File Transfer"": 76.923, ""Streaming"": 66.5}","{""Chat"": 58.091, ""Control"": 82.587, ""File Transfer"": 90.909, ""Streaming"": 91.724}","{""Chat"": 89.744, ""Control"": 96.512, ""File Transfer"": 66.667, ""Streaming"": 52.157}","{""Chat"": 156, ""Control"": 172, ""File Transfer"": 15, ""Streaming"": 255}","{""Chat"": 0.989971, ""Control"": 0.848894, ""File Transfer"": 9.337838, ""Streaming"": 0.586587}","{""Chat"": 349, ""Control"": 407, ""File Transfer"": 37, ""Streaming"": 589}",154618,checkpoints/VNAT_8s_tcp_duration_8feat_seed1/VNAT_8s_tcpdur_random70_stratified_flowlevel_splitseed42_8feat_timemixer_200ms_seed1.pth,1935114,18.1,OK,,"{""torch"": ""2.4.1+cu121"", ""cuda"": ""12.1"", ""gpu"": ""NVIDIA RTX A4500"", ""numpy"": ""1.26.0"", ""python"": ""3.10.12"", ""deterministic"": true, ""grad_clip_max_norm"": 1.0, ""CUBLAS_WORKSPACE_CONFIG"": "":4096:8"", ""CUDA_VISIBLE_DEVICES"": ""2""}",2026-08-21T17:26:44
VNAT_8s_tcpdur_random70_stratified_flowlevel_splitseed42_8feat_timemixer_200ms_seed2,VNAT,VNAT_8s_tcp_duration,8,random70_stratified_flowlevel_splitseed42,42,278befae3cd3e10e,Validation,4,timemixer,8feat,200ms,41,8,2,256,1382,598,best_val,52,12345,0,True,True,1.0,90.887,50.72,69,77.474,75.5655,76.9231,75.5655,"{""Chat"": 71.5, ""Control"": 92.697, ""File Transfer"": 68.966, ""Streaming"": 69.1}","{""Chat"": 58.607, ""Control"": 89.674, ""File Transfer"": 71.429, ""Streaming"": 91.026}","{""Chat"": 91.667, ""Control"": 95.93, ""File Transfer"": 66.667, ""Streaming"": 55.686}","{""Chat"": 156, ""Control"": 172, ""File Transfer"": 15, ""Streaming"": 255}","{""Chat"": 0.989971, ""Control"": 0.848894, ""File Transfer"": 9.337838, ""Streaming"": 0.586587}","{""Chat"": 349, ""Control"": 407, ""File Transfer"": 37, ""Streaming"": 589}",154618,checkpoints/VNAT_8s_tcp_duration_8feat_seed2/VNAT_8s_tcpdur_random70_stratified_flowlevel_splitseed42_8feat_timemixer_200ms_seed2.pth,1935114,19.1,OK,,"{""torch"": ""2.4.1+cu121"", ""cuda"": ""12.1"", ""gpu"": ""NVIDIA RTX A4500"", ""numpy"": ""1.26.0"", ""python"": ""3.10.12"", ""deterministic"": true, ""grad_clip_max_norm"": 1.0, ""CUBLAS_WORKSPACE_CONFIG"": "":4096:8"", ""CUDA_VISIBLE_DEVICES"": ""2""}",2026-08-21T17:27:04
VNAT_8s_tcpdur_random70_stratified_flowlevel_splitseed42_8feat_timesnet_250ms_seed0,VNAT,VNAT_8s_tcp_duration,8,random70_stratified_flowlevel_splitseed42,42,278befae3cd3e10e,Validation,4,timesnet,8feat,250ms,33,8,0,256,1382,598,best_val,16,12345,0,True,True,1.0,5.2623,99.17,40,76.117,78.4724,77.4247,78.4724,"{""Chat"": 70.823, ""Control"": 93.629, ""File Transfer"": 80.0, ""Streaming"": 69.438}","{""Chat"": 57.959, ""Control"": 89.418, ""File Transfer"": 100.0, ""Streaming"": 92.208}","{""Chat"": 91.026, ""Control"": 98.256, ""File Transfer"": 66.667, ""Streaming"": 55.686}","{""Chat"": 156, ""Control"": 172, ""File Transfer"": 15, ""Streaming"": 255}","{""Chat"": 0.989971, ""Control"": 0.848894, ""File Transfer"": 9.337838, ""Streaming"": 0.586587}","{""Chat"": 349, ""Control"": 407, ""File Transfer"": 37, ""Streaming"": 589}",9384388,checkpoints/VNAT_8s_tcp_duration_8feat_seed0/VNAT_8s_tcpdur_random70_stratified_flowlevel_splitseed42_8feat_timesnet_250ms_seed0.pth,38847038,29.7,OK,,"{""torch"": ""2.4.1+cu121"", ""cuda"": ""12.1"", ""gpu"": ""NVIDIA RTX A4500"", ""numpy"": ""1.26.0"", ""python"": ""3.10.12"", ""deterministic"": true, ""grad_clip_max_norm"": 1.0, ""CUBLAS_WORKSPACE_CONFIG"": "":4096:8"", ""CUDA_VISIBLE_DEVICES"": ""2""}",2026-08-21T17:27:34
VNAT_8s_tcpdur_random70_stratified_flowlevel_splitseed42_8feat_timesnet_250ms_seed1,VNAT,VNAT_8s_tcp_duration,8,random70_stratified_flowlevel_splitseed42,42,278befae3cd3e10e,Validation,4,timesnet,8feat,250ms,33,8,1,256,1382,598,best_val,35,12345,0,True,True,1.0,6.4822,97.06,51,76.2583,78.4223,78.0936,78.4223,"{""Chat"": 72.457, ""Control"": 94.286, ""File Transfer"": 76.923, ""Streaming"": 70.024}","{""Chat"": 59.109, ""Control"": 92.697, ""File Transfer"": 90.909, ""Streaming"": 90.123}","{""Chat"": 93.59, ""Control"": 95.93, ""File Transfer"": 66.667, ""Streaming"": 57.255}","{""Chat"": 156, ""Control"": 172, ""File Transfer"": 15, ""Streaming"": 255}","{""Chat"": 0.989971, ""Control"": 0.848894, ""File Transfer"": 9.337838, ""Streaming"": 0.586587}","{""Chat"": 349, ""Control"": 407, ""File Transfer"": 37, ""Streaming"": 589}",9384388,checkpoints/VNAT_8s_tcp_duration_8feat_seed1/VNAT_8s_tcpdur_random70_stratified_flowlevel_splitseed42_8feat_timesnet_250ms_seed1.pth,38847038,38.2,OK,,"{""torch"": ""2.4.1+cu121"", ""cuda"": ""12.1"", ""gpu"": ""NVIDIA RTX A4500"", ""numpy"": ""1.26.0"", ""python"": ""3.10.12"", ""deterministic"": true, ""grad_clip_max_norm"": 1.0, ""CUBLAS_WORKSPACE_CONFIG"": "":4096:8"", ""CUDA_VISIBLE_DEVICES"": ""2""}",2026-08-21T17:28:12
VNAT_8s_tcpdur_random70_stratified_flowlevel_splitseed42_8feat_timesnet_250ms_seed2,VNAT,VNAT_8s_tcp_duration,8,random70_stratified_flowlevel_splitseed42,42,278befae3cd3e10e,Validation,4,timesnet,8feat,250ms,33,8,2,256,1382,598,best_val,12,12345,0,True,True,1.0,5.6559,98.61,36,73.6191,77.9686,77.7592,77.9686,"{""Chat"": 70.738, ""Control"": 93.37, ""File Transfer"": 76.923, ""Streaming"": 70.843}","{""Chat"": 58.65, ""Control"": 88.947, ""File Transfer"": 90.909, ""Streaming"": 91.875}","{""Chat"": 89.103, ""Control"": 98.256, ""File Transfer"": 66.667, ""Streaming"": 57.647}","{""Chat"": 156, ""Control"": 172, ""File Transfer"": 15, ""Streaming"": 255}","{""Chat"": 0.989971, ""Control"": 0.848894, ""File Transfer"": 9.337838, ""Streaming"": 0.586587}","{""Chat"": 349, ""Control"": 407, ""File Transfer"": 37, ""Streaming"": 589}",9384388,checkpoints/VNAT_8s_tcp_duration_8feat_seed2/VNAT_8s_tcpdur_random70_stratified_flowlevel_splitseed42_8feat_timesnet_250ms_seed2.pth,38847038,27.2,OK,,"{""torch"": ""2.4.1+cu121"", ""cuda"": ""12.1"", ""gpu"": ""NVIDIA RTX A4500"", ""numpy"": ""1.26.0"", ""python"": ""3.10.12"", ""deterministic"": true, ""grad_clip_max_norm"": 1.0, ""CUBLAS_WORKSPACE_CONFIG"": "":4096:8"", ""CUDA_VISIBLE_DEVICES"": ""2""}",2026-08-21T17:28:39
VNAT_8s_tcpdur_random70_stratified_flowlevel_splitseed42_8feat_informer_250ms_seed0,VNAT,VNAT_8s_tcp_duration,8,random70_stratified_flowlevel_splitseed42,42,278befae3cd3e10e,Validation,4,informer,8feat,250ms,33,8,0,64,1382,598,best_val,9,12345,0,True,True,1.0,24.6925,100.0,32,78.1215,80.1472,80.7692,80.1472,"{""Chat"": 71.93, ""Control"": 94.587, ""File Transfer"": 76.923, ""Streaming"": 77.149}","{""Chat"": 66.129, ""Control"": 92.737, ""File Transfer"": 90.909, ""Streaming"": 82.883}","{""Chat"": 78.846, ""Control"": 96.512, ""File Transfer"": 66.667, ""Streaming"": 72.157}","{""Chat"": 156, ""Control"": 172, ""File Transfer"": 15, ""Streaming"": 255}","{""Chat"": 0.989971, ""Control"": 0.848894, ""File Transfer"": 9.337838, ""Streaming"": 0.586587}","{""Chat"": 349, ""Control"": 407, ""File Transfer"": 37, ""Streaming"": 589}",2714373,checkpoints/VNAT_8s_tcp_duration_8feat_seed0/VNAT_8s_tcpdur_random70_stratified_flowlevel_splitseed42_8feat_informer_250ms_seed0.pth,21141590,30.1,OK,,"{""torch"": ""2.4.1+cu121"", ""cuda"": ""12.1"", ""gpu"": ""NVIDIA RTX A4500"", ""numpy"": ""1.26.0"", ""python"": ""3.10.12"", ""deterministic"": true, ""grad_clip_max_norm"": 1.0, ""CUBLAS_WORKSPACE_CONFIG"": "":4096:8"", ""CUDA_VISIBLE_DEVICES"": ""2""}",2026-08-21T17:29:10
VNAT_8s_tcpdur_random70_stratified_flowlevel_splitseed42_8feat_informer_250ms_seed1,VNAT,VNAT_8s_tcp_duration,8,random70_stratified_flowlevel_splitseed42,42,278befae3cd3e10e,Validation,4,informer,8feat,250ms,33,8,1,64,1382,598,best_val,18,12345,0,True,True,1.0,24.9124,100.0,28,80.4806,82.8273,82.2742,81.9392,"{""Chat"": 73.716, ""Control"": 94.857, ""File Transfer"": 80.0, ""Streaming"": 79.184}","{""Chat"": 69.714, ""Control"": 93.258, ""File Transfer"": 100.0, ""Streaming"": 82.553}","{""Chat"": 78.205, ""Control"": 96.512, ""File Transfer"": 66.667, ""Streaming"": 76.078}","{""Chat"": 156, ""Control"": 172, ""File Transfer"": 15, ""Streaming"": 255}","{""Chat"": 0.989971, ""Control"": 0.848894, ""File Transfer"": 9.337838, ""Streaming"": 0.586587}","{""Chat"": 349, ""Control"": 407, ""File Transfer"": 37, ""Streaming"": 589}",2714373,checkpoints/VNAT_8s_tcp_duration_8feat_seed1/VNAT_8s_tcpdur_random70_stratified_flowlevel_splitseed42_8feat_informer_250ms_seed1.pth,21141590,17.0,OK,,"{""torch"": ""2.4.1+cu121"", ""cuda"": ""12.1"", ""gpu"": ""NVIDIA RTX A4500"", ""numpy"": ""1.26.0"", ""python"": ""3.10.12"", ""deterministic"": true, ""grad_clip_max_norm"": 1.0, ""CUBLAS_WORKSPACE_CONFIG"": "":4096:8"", ""CUDA_VISIBLE_DEVICES"": ""2""}",2026-08-21T17:29:27
VNAT_8s_tcpdur_random70_stratified_flowlevel_splitseed42_8feat_informer_250ms_seed2,VNAT,VNAT_8s_tcp_duration,8,random70_stratified_flowlevel_splitseed42,42,278befae3cd3e10e,Validation,4,informer,8feat,250ms,33,8,2,64,1382,598,best_val,20,12345,0,True,True,1.0,25.5573,100.0,28,80.6939,81.8786,80.9365,80.4301,"{""Chat"": 68.212, ""Control"": 94.051, ""File Transfer"": 80.0, ""Streaming"": 79.457}","{""Chat"": 70.548, ""Control"": 91.713, ""File Transfer"": 100.0, ""Streaming"": 78.544}","{""Chat"": 66.026, ""Control"": 96.512, ""File Transfer"": 66.667, ""Streaming"": 80.392}","{""Chat"": 156, ""Control"": 172, ""File Transfer"": 15, ""Streaming"": 255}","{""Chat"": 0.989971, ""Control"": 0.848894, ""File Transfer"": 9.337838, ""Streaming"": 0.586587}","{""Chat"": 349, ""Control"": 407, ""File Transfer"": 37, ""Streaming"": 589}",2714373,checkpoints/VNAT_8s_tcp_duration_8feat_seed2/VNAT_8s_tcpdur_random70_stratified_flowlevel_splitseed42_8feat_informer_250ms_seed2.pth,21141590,12.2,OK,,"{""torch"": ""2.4.1+cu121"", ""cuda"": ""12.1"", ""gpu"": ""NVIDIA RTX A4500"", ""numpy"": ""1.26.0"", ""python"": ""3.10.12"", ""deterministic"": true, ""grad_clip_max_norm"": 1.0, ""CUBLAS_WORKSPACE_CONFIG"": "":4096:8"", ""CUDA_VISIBLE_DEVICES"": ""2""}",2026-08-21T17:29:39
VNAT_8s_tcpdur_random70_stratified_flowlevel_splitseed42_8feat_nst_250ms_seed0,VNAT,VNAT_8s_tcp_duration,8,random70_stratified_flowlevel_splitseed42,42,278befae3cd3e10e,Validation,4,nst,8feat,250ms,33,8,0,64,1382,598,best_val,24,12345,0,True,True,1.0,15.4154,100.0,38,78.5461,80.389,81.2709,80.389,"{""Chat"": 67.361, ""Control"": 93.889, ""File Transfer"": 80.0, ""Streaming"": 80.306}","{""Chat"": 73.485, ""Control"": 89.894, ""File Transfer"": 100.0, ""Streaming"": 78.358}","{""Chat"": 62.179, ""Control"": 98.256, ""File Transfer"": 66.667, ""Streaming"": 82.353}","{""Chat"": 156, ""Control"": 172, ""File Transfer"": 15, ""Streaming"": 255}","{""Chat"": 0.989971, ""Control"": 0.848894, ""File Transfer"": 9.337838, ""Streaming"": 0.586587}","{""Chat"": 349, ""Control"": 407, ""File Transfer"": 37, ""Streaming"": 589}",133642,checkpoints/VNAT_8s_tcp_duration_8feat_seed0/VNAT_8s_tcpdur_random70_stratified_flowlevel_splitseed42_8feat_nst_250ms_seed0.pth,1842690,33.2,OK,,"{""torch"": ""2.4.1+cu121"", ""cuda"": ""12.1"", ""gpu"": ""NVIDIA RTX A4500"", ""numpy"": ""1.26.0"", ""python"": ""3.10.12"", ""deterministic"": true, ""grad_clip_max_norm"": 1.0, ""CUBLAS_WORKSPACE_CONFIG"": "":4096:8"", ""CUDA_VISIBLE_DEVICES"": ""2""}",2026-08-21T17:30:12
VNAT_8s_tcpdur_random70_stratified_flowlevel_splitseed42_8feat_nst_250ms_seed1,VNAT,VNAT_8s_tcp_duration,8,random70_stratified_flowlevel_splitseed42,42,278befae3cd3e10e,Validation,4,nst,8feat,250ms,33,8,1,64,1382,598,best_val,17,12345,0,True,True,1.0,15.1306,100.0,40,77.4345,80.4174,81.1037,80.4174,"{""Chat"": 73.043, ""Control"": 94.944, ""File Transfer"": 76.923, ""Streaming"": 76.759}","{""Chat"": 66.667, ""Control"": 91.848, ""File Transfer"": 90.909, ""Streaming"": 84.112}","{""Chat"": 80.769, ""Control"": 98.256, ""File Transfer"": 66.667, ""Streaming"": 70.588}","{""Chat"": 156, ""Control"": 172, ""File Transfer"": 15, ""Streaming"": 255}","{""Chat"": 0.989971, ""Control"": 0.848894, ""File Transfer"": 9.337838, ""Streaming"": 0.586587}","{""Chat"": 349, ""Control"": 407, ""File Transfer"": 37, ""Streaming"": 589}",133642,checkpoints/VNAT_8s_tcp_duration_8feat_seed1/VNAT_8s_tcpdur_random70_stratified_flowlevel_splitseed42_8feat_nst_250ms_seed1.pth,1842690,15.4,OK,,"{""torch"": ""2.4.1+cu121"", ""cuda"": ""12.1"", ""gpu"": ""NVIDIA RTX A4500"", ""numpy"": ""1.26.0"", ""python"": ""3.10.12"", ""deterministic"": true, ""grad_clip_max_norm"": 1.0, ""CUBLAS_WORKSPACE_CONFIG"": "":4096:8"", ""CUDA_VISIBLE_DEVICES"": ""2""}",2026-08-21T17:30:28
VNAT_8s_tcpdur_random70_stratified_flowlevel_splitseed42_8feat_nst_250ms_seed2,VNAT,VNAT_8s_tcp_duration,8,random70_stratified_flowlevel_splitseed42,42,278befae3cd3e10e,Validation,4,nst,8feat,250ms,33,8,2,64,1382,598,best_val,18,12345,0,True,True,1.0,12.9871,100.0,35,77.7575,81.2592,82.4415,81.2592,"{""Chat"": 74.545, ""Control"": 94.15, ""File Transfer"": 76.923, ""Streaming"": 79.418}","{""Chat"": 70.69, ""Control"": 90.374, ""File Transfer"": 90.909, ""Streaming"": 84.513}","{""Chat"": 78.846, ""Control"": 98.256, ""File Transfer"": 66.667, ""Streaming"": 74.902}","{""Chat"": 156, ""Control"": 172, ""File Transfer"": 15, ""Streaming"": 255}","{""Chat"": 0.989971, ""Control"": 0.848894, ""File Transfer"": 9.337838, ""Streaming"": 0.586587}","{""Chat"": 349, ""Control"": 407, ""File Transfer"": 37, ""Streaming"": 589}",133642,checkpoints/VNAT_8s_tcp_duration_8feat_seed2/VNAT_8s_tcpdur_random70_stratified_flowlevel_splitseed42_8feat_nst_250ms_seed2.pth,1842690,12.8,OK,,"{""torch"": ""2.4.1+cu121"", ""cuda"": ""12.1"", ""gpu"": ""NVIDIA RTX A4500"", ""numpy"": ""1.26.0"", ""python"": ""3.10.12"", ""deterministic"": true, ""grad_clip_max_norm"": 1.0, ""CUBLAS_WORKSPACE_CONFIG"": "":4096:8"", ""CUDA_VISIBLE_DEVICES"": ""2""}",2026-08-21T17:30:41
VNAT_8s_tcpdur_random70_stratified_flowlevel_splitseed42_8feat_autoformer_250ms_seed0,VNAT,VNAT_8s_tcp_duration,8,random70_stratified_flowlevel_splitseed42,42,278befae3cd3e10e,Validation,4,autoformer,8feat,250ms,33,8,0,256,1382,598,best_val,30,12345,0,True,True,1.0,7.1242,100.0,43,72.3074,74.9034,77.4247,74.9034,"{""Chat"": 71.939, ""Control"": 93.593, ""File Transfer"": 64.516, ""Streaming"": 69.565}","{""Chat"": 59.746, ""Control"": 89.84, ""File Transfer"": 62.5, ""Streaming"": 90.566}","{""Chat"": 90.385, ""Control"": 97.674, ""File Transfer"": 66.667, ""Streaming"": 56.471}","{""Chat"": 156, ""Control"": 172, ""File Transfer"": 15, ""Streaming"": 255}","{""Chat"": 0.989971, ""Control"": 0.848894, ""File Transfer"": 9.337838, ""Streaming"": 0.586587}","{""Chat"": 349, ""Control"": 407, ""File Transfer"": 37, ""Streaming"": 589}",109252,checkpoints/VNAT_8s_tcp_duration_8feat_seed0/VNAT_8s_tcpdur_random70_stratified_flowlevel_splitseed42_8feat_autoformer_250ms_seed0.pth,1734594,11.6,OK,,"{""torch"": ""2.4.1+cu121"", ""cuda"": ""12.1"", ""gpu"": ""NVIDIA RTX A4500"", ""numpy"": ""1.26.0"", ""python"": ""3.10.12"", ""deterministic"": true, ""grad_clip_max_norm"": 1.0, ""CUBLAS_WORKSPACE_CONFIG"": "":4096:8"", ""CUDA_VISIBLE_DEVICES"": ""2""}",2026-08-21T17:30:52
VNAT_8s_tcpdur_random70_stratified_flowlevel_splitseed42_8feat_autoformer_250ms_seed1,VNAT,VNAT_8s_tcp_duration,8,random70_stratified_flowlevel_splitseed42,42,278befae3cd3e10e,Validation,4,autoformer,8feat,250ms,33,8,1,256,1382,598,best_val,31,12345,0,True,True,1.0,5.5442,100.0,45,72.2717,74.0429,76.4214,74.0429,"{""Chat"": 67.422, ""Control"": 93.593, ""File Transfer"": 64.516, ""Streaming"": 70.64}","{""Chat"": 60.406, ""Control"": 89.84, ""File Transfer"": 62.5, ""Streaming"": 80.808}","{""Chat"": 76.282, ""Control"": 97.674, ""File Transfer"": 66.667, ""Streaming"": 62.745}","{""Chat"": 156, ""Control"": 172, ""File Transfer"": 15, ""Streaming"": 255}","{""Chat"": 0.989971, ""Control"": 0.848894, ""File Transfer"": 9.337838, ""Streaming"": 0.586587}","{""Chat"": 349, ""Control"": 407, ""File Transfer"": 37, ""Streaming"": 589}",109252,checkpoints/VNAT_8s_tcp_duration_8feat_seed1/VNAT_8s_tcpdur_random70_stratified_flowlevel_splitseed42_8feat_autoformer_250ms_seed1.pth,1734594,15.2,OK,,"{""torch"": ""2.4.1+cu121"", ""cuda"": ""12.1"", ""gpu"": ""NVIDIA RTX A4500"", ""numpy"": ""1.26.0"", ""python"": ""3.10.12"", ""deterministic"": true, ""grad_clip_max_norm"": 1.0, ""CUBLAS_WORKSPACE_CONFIG"": "":4096:8"", ""CUDA_VISIBLE_DEVICES"": ""2""}",2026-08-21T17:31:08
VNAT_8s_tcpdur_random70_stratified_flowlevel_splitseed42_8feat_autoformer_250ms_seed2,VNAT,VNAT_8s_tcp_duration,8,random70_stratified_flowlevel_splitseed42,42,278befae3cd3e10e,Validation,4,autoformer,8feat,250ms,33,8,2,256,1382,598,best_val,21,12345,0,True,True,1.0,6.1522,100.0,39,71.33,74.3171,76.7559,74.3171,"{""Chat"": 71.282, ""Control"": 92.857, ""File Transfer"": 64.516, ""Streaming"": 68.613}","{""Chat"": 59.402, ""Control"": 88.021, ""File Transfer"": 62.5, ""Streaming"": 90.385}","{""Chat"": 89.103, ""Control"": 98.256, ""File Transfer"": 66.667, ""Streaming"": 55.294}","{""Chat"": 156, ""Control"": 172, ""File Transfer"": 15, ""Streaming"": 255}","{""Chat"": 0.989971, ""Control"": 0.848894, ""File Transfer"": 9.337838, ""Streaming"": 0.586587}","{""Chat"": 349, ""Control"": 407, ""File Transfer"": 37, ""Streaming"": 589}",109252,checkpoints/VNAT_8s_tcp_duration_8feat_seed2/VNAT_8s_tcpdur_random70_stratified_flowlevel_splitseed42_8feat_autoformer_250ms_seed2.pth,1734594,13.2,OK,,"{""torch"": ""2.4.1+cu121"", ""cuda"": ""12.1"", ""gpu"": ""NVIDIA RTX A4500"", ""numpy"": ""1.26.0"", ""python"": ""3.10.12"", ""deterministic"": true, ""grad_clip_max_norm"": 1.0, ""CUBLAS_WORKSPACE_CONFIG"": "":4096:8"", ""CUDA_VISIBLE_DEVICES"": ""2""}",2026-08-21T17:31:21
VNAT_8s_tcpdur_random70_stratified_flowlevel_splitseed42_8feat_fedformer_250ms_seed0,VNAT,VNAT_8s_tcp_duration,8,random70_stratified_flowlevel_splitseed42,42,278befae3cd3e10e,Validation,4,fedformer,8feat,250ms,33,8,0,256,1382,598,best_val,24,12345,4,True,True,1.0,8.8192,100.0,40,69.9431,72.2657,75.2508,72.2657,"{""Chat"": 70.229, ""Control"": 92.055, ""File Transfer"": 60.606, ""Streaming"": 66.173}","{""Chat"": 58.228, ""Control"": 87.047, ""File Transfer"": 55.556, ""Streaming"": 89.333}","{""Chat"": 88.462, ""Control"": 97.674, ""File Transfer"": 66.667, ""Streaming"": 52.549}","{""Chat"": 156, ""Control"": 172, ""File Transfer"": 15, ""Streaming"": 255}","{""Chat"": 0.989971, ""Control"": 0.848894, ""File Transfer"": 9.337838, ""Streaming"": 0.586587}","{""Chat"": 349, ""Control"": 407, ""File Transfer"": 37, ""Streaming"": 589}",241733,checkpoints/VNAT_8s_tcp_duration_8feat_seed0/VNAT_8s_tcpdur_random70_stratified_flowlevel_splitseed42_8feat_fedformer_250ms_seed0.pth,3562924,41.0,OK,,"{""torch"": ""2.4.1+cu121"", ""cuda"": ""12.1"", ""gpu"": ""NVIDIA RTX A4500"", ""numpy"": ""1.26.0"", ""python"": ""3.10.12"", ""deterministic"": true, ""grad_clip_max_norm"": 1.0, ""CUBLAS_WORKSPACE_CONFIG"": "":4096:8"", ""CUDA_VISIBLE_DEVICES"": ""2""}",2026-08-21T17:32:02
VNAT_8s_tcpdur_random70_stratified_flowlevel_splitseed42_8feat_fedformer_250ms_seed1,VNAT,VNAT_8s_tcp_duration,8,random70_stratified_flowlevel_splitseed42,42,278befae3cd3e10e,Validation,4,fedformer,8feat,250ms,33,8,1,256,1382,598,best_val,24,12345,4,True,True,1.0,6.6521,100.0,40,70.9884,74.6542,76.5886,74.6542,"{""Chat"": 71.282, ""Control"": 92.055, ""File Transfer"": 66.667, ""Streaming"": 68.613}","{""Chat"": 59.402, ""Control"": 87.047, ""File Transfer"": 66.667, ""Streaming"": 90.385}","{""Chat"": 89.103, ""Control"": 97.674, ""File Transfer"": 66.667, ""Streaming"": 55.294}","{""Chat"": 156, ""Control"": 172, ""File Transfer"": 15, ""Streaming"": 255}","{""Chat"": 0.989971, ""Control"": 0.848894, ""File Transfer"": 9.337838, ""Streaming"": 0.586587}","{""Chat"": 349, ""Control"": 407, ""File Transfer"": 37, ""Streaming"": 589}",241733,checkpoints/VNAT_8s_tcp_duration_8feat_seed1/VNAT_8s_tcpdur_random70_stratified_flowlevel_splitseed42_8feat_fedformer_250ms_seed1.pth,3562924,41.4,OK,,"{""torch"": ""2.4.1+cu121"", ""cuda"": ""12.1"", ""gpu"": ""NVIDIA RTX A4500"", ""numpy"": ""1.26.0"", ""python"": ""3.10.12"", ""deterministic"": true, ""grad_clip_max_norm"": 1.0, ""CUBLAS_WORKSPACE_CONFIG"": "":4096:8"", ""CUDA_VISIBLE_DEVICES"": ""2""}",2026-08-21T17:32:44
VNAT_8s_tcpdur_random70_stratified_flowlevel_splitseed42_8feat_fedformer_250ms_seed2,VNAT,VNAT_8s_tcp_duration,8,random70_stratified_flowlevel_splitseed42,42,278befae3cd3e10e,Validation,4,fedformer,8feat,250ms,33,8,2,256,1382,598,best_val,31,12345,4,True,True,1.0,6.3812,100.0,45,72.0575,77.0778,76.5886,77.0778,"{""Chat"": 71.111, ""Control"": 93.113, ""File Transfer"": 76.923, ""Streaming"": 67.164}","{""Chat"": 57.831, ""Control"": 88.482, ""File Transfer"": 90.909, ""Streaming"": 91.837}","{""Chat"": 92.308, ""Control"": 98.256, ""File Transfer"": 66.667, ""Streaming"": 52.941}","{""Chat"": 156, ""Control"": 172, ""File Transfer"": 15, ""Streaming"": 255}","{""Chat"": 0.989971, ""Control"": 0.848894, ""File Transfer"": 9.337838, ""Streaming"": 0.586587}","{""Chat"": 349, ""Control"": 407, ""File Transfer"": 37, ""Streaming"": 589}",241733,checkpoints/VNAT_8s_tcp_duration_8feat_seed2/VNAT_8s_tcpdur_random70_stratified_flowlevel_splitseed42_8feat_fedformer_250ms_seed2.pth,3562924,46.5,OK,,"{""torch"": ""2.4.1+cu121"", ""cuda"": ""12.1"", ""gpu"": ""NVIDIA RTX A4500"", ""numpy"": ""1.26.0"", ""python"": ""3.10.12"", ""deterministic"": true, ""grad_clip_max_norm"": 1.0, ""CUBLAS_WORKSPACE_CONFIG"": "":4096:8"", ""CUDA_VISIBLE_DEVICES"": ""2""}",2026-08-21T17:33:31
VNAT_8s_tcpdur_random70_stratified_flowlevel_splitseed42_8feat_timemixer_250ms_seed0,VNAT,VNAT_8s_tcp_duration,8,random70_stratified_flowlevel_splitseed42,42,278befae3cd3e10e,Validation,4,timemixer,8feat,250ms,33,8,0,256,1382,598,best_val,39,12345,0,True,True,1.0,41.2384,50.28,60,72.3528,73.0698,72.408,73.0698,"{""Chat"": 68.78, ""Control"": 88.043, ""File Transfer"": 74.074, ""Streaming"": 61.381}","{""Chat"": 55.512, ""Control"": 82.653, ""File Transfer"": 83.333, ""Streaming"": 88.235}","{""Chat"": 90.385, ""Control"": 94.186, ""File Transfer"": 66.667, ""Streaming"": 47.059}","{""Chat"": 156, ""Control"": 172, ""File Transfer"": 15, ""Streaming"": 255}","{""Chat"": 0.989971, ""Control"": 0.848894, ""File Transfer"": 9.337838, ""Streaming"": 0.586587}","{""Chat"": 349, ""Control"": 407, ""File Transfer"": 37, ""Streaming"": 589}",149210,checkpoints/VNAT_8s_tcp_duration_8feat_seed0/VNAT_8s_tcpdur_random70_stratified_flowlevel_splitseed42_8feat_timemixer_250ms_seed0.pth,1913994,20.4,OK,,"{""torch"": ""2.4.1+cu121"", ""cuda"": ""12.1"", ""gpu"": ""NVIDIA RTX A4500"", ""numpy"": ""1.26.0"", ""python"": ""3.10.12"", ""deterministic"": true, ""grad_clip_max_norm"": 1.0, ""CUBLAS_WORKSPACE_CONFIG"": "":4096:8"", ""CUDA_VISIBLE_DEVICES"": ""2""}",2026-08-21T17:33:51
VNAT_8s_tcpdur_random70_stratified_flowlevel_splitseed42_8feat_timemixer_250ms_seed1,VNAT,VNAT_8s_tcp_duration,8,random70_stratified_flowlevel_splitseed42,42,278befae3cd3e10e,Validation,4,timemixer,8feat,250ms,33,8,1,256,1382,598,best_val,34,12345,0,True,True,1.0,66.9896,53.46,77,71.6203,73.2355,71.5719,73.2355,"{""Chat"": 66.988, ""Control"": 85.714, ""File Transfer"": 76.923, ""Streaming"": 63.317}","{""Chat"": 53.668, ""Control"": 82.703, ""File Transfer"": 90.909, ""Streaming"": 88.112}","{""Chat"": 89.103, ""Control"": 88.953, ""File Transfer"": 66.667, ""Streaming"": 49.412}","{""Chat"": 156, ""Control"": 172, ""File Transfer"": 15, ""Streaming"": 255}","{""Chat"": 0.989971, ""Control"": 0.848894, ""File Transfer"": 9.337838, ""Streaming"": 0.586587}","{""Chat"": 349, ""Control"": 407, ""File Transfer"": 37, ""Streaming"": 589}",149210,checkpoints/VNAT_8s_tcp_duration_8feat_seed1/VNAT_8s_tcpdur_random70_stratified_flowlevel_splitseed42_8feat_timemixer_250ms_seed1.pth,1913994,19.0,OK,,"{""torch"": ""2.4.1+cu121"", ""cuda"": ""12.1"", ""gpu"": ""NVIDIA RTX A4500"", ""numpy"": ""1.26.0"", ""python"": ""3.10.12"", ""deterministic"": true, ""grad_clip_max_norm"": 1.0, ""CUBLAS_WORKSPACE_CONFIG"": "":4096:8"", ""CUDA_VISIBLE_DEVICES"": ""2""}",2026-08-21T17:34:10
VNAT_8s_tcpdur_random70_stratified_flowlevel_splitseed42_8feat_timemixer_250ms_seed2,VNAT,VNAT_8s_tcp_duration,8,random70_stratified_flowlevel_splitseed42,42,278befae3cd3e10e,Validation,4,timemixer,8feat,250ms,33,8,2,256,1382,598,best_val,60,12345,0,True,True,1.0,55.4812,50.95,70,77.5672,75.9865,77.4247,75.9865,"{""Chat"": 71.5, ""Control"": 92.997, ""File Transfer"": 69.231, ""Streaming"": 70.218}","{""Chat"": 58.607, ""Control"": 89.73, ""File Transfer"": 81.818, ""Streaming"": 91.772}","{""Chat"": 91.667, ""Control"": 96.512, ""File Transfer"": 60.0, ""Streaming"": 56.863}","{""Chat"": 156, ""Control"": 172, ""File Transfer"": 15, ""Streaming"": 255}","{""Chat"": 0.989971, ""Control"": 0.848894, ""File Transfer"": 9.337838, ""Streaming"": 0.586587}","{""Chat"": 349, ""Control"": 407, ""File Transfer"": 37, ""Streaming"": 589}",149210,checkpoints/VNAT_8s_tcp_duration_8feat_seed2/VNAT_8s_tcpdur_random70_stratified_flowlevel_splitseed42_8feat_timemixer_250ms_seed2.pth,1913994,13.1,OK,,"{""torch"": ""2.4.1+cu121"", ""cuda"": ""12.1"", ""gpu"": ""NVIDIA RTX A4500"", ""numpy"": ""1.26.0"", ""python"": ""3.10.12"", ""deterministic"": true, ""grad_clip_max_norm"": 1.0, ""CUBLAS_WORKSPACE_CONFIG"": "":4096:8"", ""CUDA_VISIBLE_DEVICES"": ""2""}",2026-08-21T17:34:23
