run_id,dataset,variant,big_window_s,split_protocol,split_seed,split_fingerprint,eval_side,n_classes,model,feature_config,window,seq_len,n_features,training_seed,batch_size,n_flows_train,n_flows_val,metric_state,best_epoch,eval_seed,selection_state_entries,weighted_loss,deterministic,grad_clip_max_norm,grad_norm_max,grad_pct_clipped,epochs_run,train_macro_f1,val_macro_f1_best,flow_acc,flow_macro_f1,flow_per_f1,flow_per_precision,flow_per_recall,flow_support,class_weights,train_counts,params,checkpoint,checkpoint_bytes,runtime_s,status,error,environment,finished
VNAT_5s_tcpdur_random70_stratified_flowlevel_splitseed42_3feat_timesnet_20ms_seed0,VNAT,VNAT_5s_tcp_duration,5,random70_stratified_flowlevel_splitseed42,42,7aa2fe07e2ffeadb,Validation,4,timesnet,3feat,20ms,251,3,0,256,1459,630,best_val,8,12345,0,True,True,1.0,24.3524,100.0,20,63.5125,81.3491,88.254,81.3491,"{""Chat"": 90.794, ""Control"": 88.372, ""File Transfer"": 57.143, ""Streaming"": 89.088}","{""Chat"": 89.937, ""Control"": 92.683, ""File Transfer"": 63.158, ""Streaming"": 86.458}","{""Chat"": 91.667, ""Control"": 84.444, ""File Transfer"": 52.174, ""Streaming"": 91.882}","{""Chat"": 156, ""Control"": 180, ""File Transfer"": 23, ""Streaming"": 271}","{""Chat"": 1.045129, ""Control"": 0.868452, ""File Transfer"": 5.883065, ""Streaming"": 0.580812}","{""Chat"": 349, ""Control"": 420, ""File Transfer"": 62, ""Streaming"": 628}",9439236,checkpoints/VNAT_5s_tcp_duration_3feat_seed0/VNAT_5s_tcpdur_random70_stratified_flowlevel_splitseed42_3feat_timesnet_20ms_seed0.pth,39066370,88.9,OK,,"{""torch"": ""2.4.1+cu121"", ""cuda"": ""12.1"", ""gpu"": ""NVIDIA RTX A4500"", ""numpy"": ""1.26.0"", ""python"": ""3.10.12"", ""deterministic"": true, ""grad_clip_max_norm"": 1.0, ""CUBLAS_WORKSPACE_CONFIG"": "":4096:8"", ""CUDA_VISIBLE_DEVICES"": ""1""}",2026-08-21T13:54:55
VNAT_5s_tcpdur_random70_stratified_flowlevel_splitseed42_3feat_timesnet_20ms_seed1,VNAT,VNAT_5s_tcp_duration,5,random70_stratified_flowlevel_splitseed42,42,7aa2fe07e2ffeadb,Validation,4,timesnet,3feat,20ms,251,3,1,256,1459,630,best_val,5,12345,0,True,True,1.0,19.8261,100.0,52,49.0063,81.7276,88.4127,81.7276,"{""Chat"": 91.843, ""Control"": 87.106, ""File Transfer"": 58.537, ""Streaming"": 89.425}","{""Chat"": 86.857, ""Control"": 89.941, ""File Transfer"": 66.667, ""Streaming"": 89.925}","{""Chat"": 97.436, ""Control"": 84.444, ""File Transfer"": 52.174, ""Streaming"": 88.93}","{""Chat"": 156, ""Control"": 180, ""File Transfer"": 23, ""Streaming"": 271}","{""Chat"": 1.045129, ""Control"": 0.868452, ""File Transfer"": 5.883065, ""Streaming"": 0.580812}","{""Chat"": 349, ""Control"": 420, ""File Transfer"": 62, ""Streaming"": 628}",9439236,checkpoints/VNAT_5s_tcp_duration_3feat_seed1/VNAT_5s_tcpdur_random70_stratified_flowlevel_splitseed42_3feat_timesnet_20ms_seed1.pth,39066370,232.3,OK,,"{""torch"": ""2.4.1+cu121"", ""cuda"": ""12.1"", ""gpu"": ""NVIDIA RTX A4500"", ""numpy"": ""1.26.0"", ""python"": ""3.10.12"", ""deterministic"": true, ""grad_clip_max_norm"": 1.0, ""CUBLAS_WORKSPACE_CONFIG"": "":4096:8"", ""CUDA_VISIBLE_DEVICES"": ""1""}",2026-08-21T13:58:48
VNAT_5s_tcpdur_random70_stratified_flowlevel_splitseed42_3feat_timesnet_20ms_seed2,VNAT,VNAT_5s_tcp_duration,5,random70_stratified_flowlevel_splitseed42,42,7aa2fe07e2ffeadb,Validation,4,timesnet,3feat,20ms,251,3,2,256,1459,630,best_val,11,12345,0,True,True,1.0,15.5394,100.0,19,58.6147,82.6771,89.2063,82.6771,"{""Chat"": 90.533, ""Control"": 90.576, ""File Transfer"": 60.0, ""Streaming"": 89.6}","{""Chat"": 84.066, ""Control"": 85.644, ""File Transfer"": 70.588, ""Streaming"": 97.817}","{""Chat"": 98.077, ""Control"": 96.111, ""File Transfer"": 52.174, ""Streaming"": 82.657}","{""Chat"": 156, ""Control"": 180, ""File Transfer"": 23, ""Streaming"": 271}","{""Chat"": 1.045129, ""Control"": 0.868452, ""File Transfer"": 5.883065, ""Streaming"": 0.580812}","{""Chat"": 349, ""Control"": 420, ""File Transfer"": 62, ""Streaming"": 628}",9439236,checkpoints/VNAT_5s_tcp_duration_3feat_seed2/VNAT_5s_tcpdur_random70_stratified_flowlevel_splitseed42_3feat_timesnet_20ms_seed2.pth,39066370,85.1,OK,,"{""torch"": ""2.4.1+cu121"", ""cuda"": ""12.1"", ""gpu"": ""NVIDIA RTX A4500"", ""numpy"": ""1.26.0"", ""python"": ""3.10.12"", ""deterministic"": true, ""grad_clip_max_norm"": 1.0, ""CUBLAS_WORKSPACE_CONFIG"": "":4096:8"", ""CUDA_VISIBLE_DEVICES"": ""1""}",2026-08-21T14:00:14
VNAT_5s_tcpdur_random70_stratified_flowlevel_splitseed42_3feat_informer_20ms_seed0,VNAT,VNAT_5s_tcp_duration,5,random70_stratified_flowlevel_splitseed42,42,7aa2fe07e2ffeadb,Validation,4,informer,3feat,20ms,251,3,0,64,1459,630,best_val,21,12345,0,True,True,1.0,75.4248,100.0,29,93.5132,92.2652,95.2381,92.1175,"{""Chat"": 93.578, ""Control"": 96.419, ""File Transfer"": 82.051, ""Streaming"": 96.422}","{""Chat"": 89.474, ""Control"": 95.628, ""File Transfer"": 100.0, ""Streaming"": 98.462}","{""Chat"": 98.077, ""Control"": 97.222, ""File Transfer"": 69.565, ""Streaming"": 94.465}","{""Chat"": 156, ""Control"": 180, ""File Transfer"": 23, ""Streaming"": 271}","{""Chat"": 1.045129, ""Control"": 0.868452, ""File Transfer"": 5.883065, ""Streaming"": 0.580812}","{""Chat"": 349, ""Control"": 420, ""File Transfer"": 62, ""Streaming"": 628}",2933765,checkpoints/VNAT_5s_tcp_duration_3feat_seed0/VNAT_5s_tcpdur_random70_stratified_flowlevel_splitseed42_3feat_informer_20ms_seed0.pth,22019074,36.5,OK,,"{""torch"": ""2.4.1+cu121"", ""cuda"": ""12.1"", ""gpu"": ""NVIDIA RTX A4500"", ""numpy"": ""1.26.0"", ""python"": ""3.10.12"", ""deterministic"": true, ""grad_clip_max_norm"": 1.0, ""CUBLAS_WORKSPACE_CONFIG"": "":4096:8"", ""CUDA_VISIBLE_DEVICES"": ""1""}",2026-08-21T14:00:51
VNAT_5s_tcpdur_random70_stratified_flowlevel_splitseed42_3feat_informer_20ms_seed1,VNAT,VNAT_5s_tcp_duration,5,random70_stratified_flowlevel_splitseed42,42,7aa2fe07e2ffeadb,Validation,4,informer,3feat,20ms,251,3,1,64,1459,630,best_val,17,12345,0,True,True,1.0,91.476,100.0,25,93.8575,91.2753,94.9206,91.1605,"{""Chat"": 93.578, ""Control"": 95.89, ""File Transfer"": 78.947, ""Streaming"": 96.226}","{""Chat"": 89.474, ""Control"": 94.595, ""File Transfer"": 100.0, ""Streaming"": 98.456}","{""Chat"": 98.077, ""Control"": 97.222, ""File Transfer"": 65.217, ""Streaming"": 94.096}","{""Chat"": 156, ""Control"": 180, ""File Transfer"": 23, ""Streaming"": 271}","{""Chat"": 1.045129, ""Control"": 0.868452, ""File Transfer"": 5.883065, ""Streaming"": 0.580812}","{""Chat"": 349, ""Control"": 420, ""File Transfer"": 62, ""Streaming"": 628}",2933765,checkpoints/VNAT_5s_tcp_duration_3feat_seed1/VNAT_5s_tcpdur_random70_stratified_flowlevel_splitseed42_3feat_informer_20ms_seed1.pth,22019074,31.6,OK,,"{""torch"": ""2.4.1+cu121"", ""cuda"": ""12.1"", ""gpu"": ""NVIDIA RTX A4500"", ""numpy"": ""1.26.0"", ""python"": ""3.10.12"", ""deterministic"": true, ""grad_clip_max_norm"": 1.0, ""CUBLAS_WORKSPACE_CONFIG"": "":4096:8"", ""CUDA_VISIBLE_DEVICES"": ""1""}",2026-08-21T14:01:23
VNAT_5s_tcpdur_random70_stratified_flowlevel_splitseed42_3feat_informer_20ms_seed2,VNAT,VNAT_5s_tcp_duration,5,random70_stratified_flowlevel_splitseed42,42,7aa2fe07e2ffeadb,Validation,4,informer,3feat,20ms,251,3,2,64,1459,630,best_val,21,12345,0,True,True,1.0,108.5037,98.02,33,94.9381,94.162,96.3492,94.3113,"{""Chat"": 94.479, ""Control"": 97.765, ""File Transfer"": 87.805, ""Streaming"": 97.196}","{""Chat"": 90.588, ""Control"": 98.315, ""File Transfer"": 100.0, ""Streaming"": 98.485}","{""Chat"": 98.718, ""Control"": 97.222, ""File Transfer"": 78.261, ""Streaming"": 95.941}","{""Chat"": 156, ""Control"": 180, ""File Transfer"": 23, ""Streaming"": 271}","{""Chat"": 1.045129, ""Control"": 0.868452, ""File Transfer"": 5.883065, ""Streaming"": 0.580812}","{""Chat"": 349, ""Control"": 420, ""File Transfer"": 62, ""Streaming"": 628}",2933765,checkpoints/VNAT_5s_tcp_duration_3feat_seed2/VNAT_5s_tcpdur_random70_stratified_flowlevel_splitseed42_3feat_informer_20ms_seed2.pth,22019074,40.9,OK,,"{""torch"": ""2.4.1+cu121"", ""cuda"": ""12.1"", ""gpu"": ""NVIDIA RTX A4500"", ""numpy"": ""1.26.0"", ""python"": ""3.10.12"", ""deterministic"": true, ""grad_clip_max_norm"": 1.0, ""CUBLAS_WORKSPACE_CONFIG"": "":4096:8"", ""CUDA_VISIBLE_DEVICES"": ""1""}",2026-08-21T14:02:04
VNAT_5s_tcpdur_random70_stratified_flowlevel_splitseed42_3feat_nst_20ms_seed0,VNAT,VNAT_5s_tcp_duration,5,random70_stratified_flowlevel_splitseed42,42,7aa2fe07e2ffeadb,Validation,4,nst,3feat,20ms,251,3,0,64,1459,630,best_val,20,12345,0,True,True,1.0,29.7049,99.7,29,93.2451,91.415,95.2381,91.415,"{""Chat"": 93.865, ""Control"": 96.399, ""File Transfer"": 78.947, ""Streaming"": 96.449}","{""Chat"": 90.0, ""Control"": 96.133, ""File Transfer"": 100.0, ""Streaming"": 97.727}","{""Chat"": 98.077, ""Control"": 96.667, ""File Transfer"": 65.217, ""Streaming"": 95.203}","{""Chat"": 156, ""Control"": 180, ""File Transfer"": 23, ""Streaming"": 271}","{""Chat"": 1.045129, ""Control"": 0.868452, ""File Transfer"": 5.883065, ""Streaming"": 0.580812}","{""Chat"": 349, ""Control"": 420, ""File Transfer"": 62, ""Streaming"": 628}",201190,checkpoints/VNAT_5s_tcp_duration_3feat_seed0/VNAT_5s_tcpdur_random70_stratified_flowlevel_splitseed42_3feat_nst_20ms_seed0.pth,2112842,20.3,OK,,"{""torch"": ""2.4.1+cu121"", ""cuda"": ""12.1"", ""gpu"": ""NVIDIA RTX A4500"", ""numpy"": ""1.26.0"", ""python"": ""3.10.12"", ""deterministic"": true, ""grad_clip_max_norm"": 1.0, ""CUBLAS_WORKSPACE_CONFIG"": "":4096:8"", ""CUDA_VISIBLE_DEVICES"": ""1""}",2026-08-21T14:02:24
VNAT_5s_tcpdur_random70_stratified_flowlevel_splitseed42_3feat_nst_20ms_seed1,VNAT,VNAT_5s_tcp_duration,5,random70_stratified_flowlevel_splitseed42,42,7aa2fe07e2ffeadb,Validation,4,nst,3feat,20ms,251,3,1,64,1459,630,best_val,18,12345,0,True,True,1.0,28.6261,100.0,28,92.3036,89.2862,94.4444,89.2862,"{""Chat"": 93.902, ""Control"": 95.368, ""File Transfer"": 72.222, ""Streaming"": 95.652}","{""Chat"": 89.535, ""Control"": 93.583, ""File Transfer"": 100.0, ""Streaming"": 98.062}","{""Chat"": 98.718, ""Control"": 97.222, ""File Transfer"": 56.522, ""Streaming"": 93.358}","{""Chat"": 156, ""Control"": 180, ""File Transfer"": 23, ""Streaming"": 271}","{""Chat"": 1.045129, ""Control"": 0.868452, ""File Transfer"": 5.883065, ""Streaming"": 0.580812}","{""Chat"": 349, ""Control"": 420, ""File Transfer"": 62, ""Streaming"": 628}",201190,checkpoints/VNAT_5s_tcp_duration_3feat_seed1/VNAT_5s_tcpdur_random70_stratified_flowlevel_splitseed42_3feat_nst_20ms_seed1.pth,2112842,19.5,OK,,"{""torch"": ""2.4.1+cu121"", ""cuda"": ""12.1"", ""gpu"": ""NVIDIA RTX A4500"", ""numpy"": ""1.26.0"", ""python"": ""3.10.12"", ""deterministic"": true, ""grad_clip_max_norm"": 1.0, ""CUBLAS_WORKSPACE_CONFIG"": "":4096:8"", ""CUDA_VISIBLE_DEVICES"": ""1""}",2026-08-21T14:02:44
VNAT_5s_tcpdur_random70_stratified_flowlevel_splitseed42_3feat_nst_20ms_seed2,VNAT,VNAT_5s_tcp_duration,5,random70_stratified_flowlevel_splitseed42,42,7aa2fe07e2ffeadb,Validation,4,nst,3feat,20ms,251,3,2,64,1459,630,best_val,17,12345,0,True,True,1.0,26.2125,100.0,27,93.2917,88.3082,94.2857,88.3082,"{""Chat"": 93.498, ""Control"": 95.628, ""File Transfer"": 68.421, ""Streaming"": 95.685}","{""Chat"": 90.419, ""Control"": 94.086, ""File Transfer"": 86.667, ""Streaming"": 97.328}","{""Chat"": 96.795, ""Control"": 97.222, ""File Transfer"": 56.522, ""Streaming"": 94.096}","{""Chat"": 156, ""Control"": 180, ""File Transfer"": 23, ""Streaming"": 271}","{""Chat"": 1.045129, ""Control"": 0.868452, ""File Transfer"": 5.883065, ""Streaming"": 0.580812}","{""Chat"": 349, ""Control"": 420, ""File Transfer"": 62, ""Streaming"": 628}",201190,checkpoints/VNAT_5s_tcp_duration_3feat_seed2/VNAT_5s_tcpdur_random70_stratified_flowlevel_splitseed42_3feat_nst_20ms_seed2.pth,2112842,18.9,OK,,"{""torch"": ""2.4.1+cu121"", ""cuda"": ""12.1"", ""gpu"": ""NVIDIA RTX A4500"", ""numpy"": ""1.26.0"", ""python"": ""3.10.12"", ""deterministic"": true, ""grad_clip_max_norm"": 1.0, ""CUBLAS_WORKSPACE_CONFIG"": "":4096:8"", ""CUDA_VISIBLE_DEVICES"": ""1""}",2026-08-21T14:03:03
VNAT_5s_tcpdur_random70_stratified_flowlevel_splitseed42_3feat_autoformer_20ms_seed0,VNAT,VNAT_5s_tcp_duration,5,random70_stratified_flowlevel_splitseed42,42,7aa2fe07e2ffeadb,Validation,4,autoformer,3feat,20ms,251,3,0,256,1459,630,best_val,7,12345,0,True,True,1.0,11.4921,100.0,19,79.2595,54.7184,67.619,54.7184,"{""Chat"": 15.385, ""Control"": 88.427, ""File Transfer"": 42.623, ""Streaming"": 72.439}","{""Chat"": 100.0, ""Control"": 94.904, ""File Transfer"": 34.211, ""Streaming"": 59.479}","{""Chat"": 8.333, ""Control"": 82.778, ""File Transfer"": 56.522, ""Streaming"": 92.62}","{""Chat"": 156, ""Control"": 180, ""File Transfer"": 23, ""Streaming"": 271}","{""Chat"": 1.045129, ""Control"": 0.868452, ""File Transfer"": 5.883065, ""Streaming"": 0.580812}","{""Chat"": 349, ""Control"": 420, ""File Transfer"": 62, ""Streaming"": 628}",164100,checkpoints/VNAT_5s_tcp_duration_3feat_seed0/VNAT_5s_tcpdur_random70_stratified_flowlevel_splitseed42_3feat_autoformer_20ms_seed0.pth,1953890,13.0,OK,,"{""torch"": ""2.4.1+cu121"", ""cuda"": ""12.1"", ""gpu"": ""NVIDIA RTX A4500"", ""numpy"": ""1.26.0"", ""python"": ""3.10.12"", ""deterministic"": true, ""grad_clip_max_norm"": 1.0, ""CUBLAS_WORKSPACE_CONFIG"": "":4096:8"", ""CUDA_VISIBLE_DEVICES"": ""1""}",2026-08-21T14:03:17
VNAT_5s_tcpdur_random70_stratified_flowlevel_splitseed42_3feat_autoformer_20ms_seed1,VNAT,VNAT_5s_tcp_duration,5,random70_stratified_flowlevel_splitseed42,42,7aa2fe07e2ffeadb,Validation,4,autoformer,3feat,20ms,251,3,1,256,1459,630,best_val,5,12345,0,True,True,1.0,9.0347,100.0,19,75.2914,51.4039,64.4444,51.4039,"{""Chat"": 19.54, ""Control"": 82.692, ""File Transfer"": 32.099, ""Streaming"": 71.284}","{""Chat"": 94.444, ""Control"": 97.727, ""File Transfer"": 22.414, ""Streaming"": 58.531}","{""Chat"": 10.897, ""Control"": 71.667, ""File Transfer"": 56.522, ""Streaming"": 91.144}","{""Chat"": 156, ""Control"": 180, ""File Transfer"": 23, ""Streaming"": 271}","{""Chat"": 1.045129, ""Control"": 0.868452, ""File Transfer"": 5.883065, ""Streaming"": 0.580812}","{""Chat"": 349, ""Control"": 420, ""File Transfer"": 62, ""Streaming"": 628}",164100,checkpoints/VNAT_5s_tcp_duration_3feat_seed1/VNAT_5s_tcpdur_random70_stratified_flowlevel_splitseed42_3feat_autoformer_20ms_seed1.pth,1953890,13.0,OK,,"{""torch"": ""2.4.1+cu121"", ""cuda"": ""12.1"", ""gpu"": ""NVIDIA RTX A4500"", ""numpy"": ""1.26.0"", ""python"": ""3.10.12"", ""deterministic"": true, ""grad_clip_max_norm"": 1.0, ""CUBLAS_WORKSPACE_CONFIG"": "":4096:8"", ""CUDA_VISIBLE_DEVICES"": ""1""}",2026-08-21T14:03:30
VNAT_5s_tcpdur_random70_stratified_flowlevel_splitseed42_3feat_autoformer_20ms_seed2,VNAT,VNAT_5s_tcp_duration,5,random70_stratified_flowlevel_splitseed42,42,7aa2fe07e2ffeadb,Validation,4,autoformer,3feat,20ms,251,3,2,256,1459,630,best_val,9,12345,0,True,True,1.0,9.3526,100.0,20,85.3292,55.4876,67.3016,55.4876,"{""Chat"": 17.241, ""Control"": 86.239, ""File Transfer"": 45.455, ""Streaming"": 73.016}","{""Chat"": 83.333, ""Control"": 95.918, ""File Transfer"": 34.884, ""Streaming"": 59.953}","{""Chat"": 9.615, ""Control"": 78.333, ""File Transfer"": 65.217, ""Streaming"": 93.358}","{""Chat"": 156, ""Control"": 180, ""File Transfer"": 23, ""Streaming"": 271}","{""Chat"": 1.045129, ""Control"": 0.868452, ""File Transfer"": 5.883065, ""Streaming"": 0.580812}","{""Chat"": 349, ""Control"": 420, ""File Transfer"": 62, ""Streaming"": 628}",164100,checkpoints/VNAT_5s_tcp_duration_3feat_seed2/VNAT_5s_tcpdur_random70_stratified_flowlevel_splitseed42_3feat_autoformer_20ms_seed2.pth,1953890,13.9,OK,,"{""torch"": ""2.4.1+cu121"", ""cuda"": ""12.1"", ""gpu"": ""NVIDIA RTX A4500"", ""numpy"": ""1.26.0"", ""python"": ""3.10.12"", ""deterministic"": true, ""grad_clip_max_norm"": 1.0, ""CUBLAS_WORKSPACE_CONFIG"": "":4096:8"", ""CUDA_VISIBLE_DEVICES"": ""1""}",2026-08-21T14:03:44
VNAT_5s_tcpdur_random70_stratified_flowlevel_splitseed42_3feat_fedformer_20ms_seed0,VNAT,VNAT_5s_tcp_duration,5,random70_stratified_flowlevel_splitseed42,42,7aa2fe07e2ffeadb,Validation,4,fedformer,3feat,20ms,251,3,0,256,1459,630,best_val,24,12345,4,True,True,1.0,13.2649,100.0,38,87.8523,81.9891,85.873,81.9891,"{""Chat"": 85.794, ""Control"": 87.861, ""File Transfer"": 68.421, ""Streaming"": 85.88}","{""Chat"": 75.862, ""Control"": 91.566, ""File Transfer"": 86.667, ""Streaming"": 90.244}","{""Chat"": 98.718, ""Control"": 84.444, ""File Transfer"": 56.522, ""Streaming"": 81.919}","{""Chat"": 156, ""Control"": 180, ""File Transfer"": 23, ""Streaming"": 271}","{""Chat"": 1.045129, ""Control"": 0.868452, ""File Transfer"": 5.883065, ""Streaming"": 0.580812}","{""Chat"": 349, ""Control"": 420, ""File Transfer"": 62, ""Streaming"": 628}",427653,checkpoints/VNAT_5s_tcp_duration_3feat_seed0/VNAT_5s_tcpdur_random70_stratified_flowlevel_splitseed42_3feat_fedformer_20ms_seed0.pth,4306731,70.2,OK,,"{""torch"": ""2.4.1+cu121"", ""cuda"": ""12.1"", ""gpu"": ""NVIDIA RTX A4500"", ""numpy"": ""1.26.0"", ""python"": ""3.10.12"", ""deterministic"": true, ""grad_clip_max_norm"": 1.0, ""CUBLAS_WORKSPACE_CONFIG"": "":4096:8"", ""CUDA_VISIBLE_DEVICES"": ""1""}",2026-08-21T14:04:55
VNAT_5s_tcpdur_random70_stratified_flowlevel_splitseed42_3feat_fedformer_20ms_seed1,VNAT,VNAT_5s_tcp_duration,5,random70_stratified_flowlevel_splitseed42,42,7aa2fe07e2ffeadb,Validation,4,fedformer,3feat,20ms,251,3,1,256,1459,630,best_val,2,12345,4,True,True,1.0,12.9891,100.0,34,51.1594,81.2985,86.9841,81.2985,"{""Chat"": 88.761, ""Control"": 87.608, ""File Transfer"": 61.538, ""Streaming"": 87.287}","{""Chat"": 80.628, ""Control"": 91.018, ""File Transfer"": 75.0, ""Streaming"": 89.844}","{""Chat"": 98.718, ""Control"": 84.444, ""File Transfer"": 52.174, ""Streaming"": 84.871}","{""Chat"": 156, ""Control"": 180, ""File Transfer"": 23, ""Streaming"": 271}","{""Chat"": 1.045129, ""Control"": 0.868452, ""File Transfer"": 5.883065, ""Streaming"": 0.580812}","{""Chat"": 349, ""Control"": 420, ""File Transfer"": 62, ""Streaming"": 628}",427653,checkpoints/VNAT_5s_tcp_duration_3feat_seed1/VNAT_5s_tcpdur_random70_stratified_flowlevel_splitseed42_3feat_fedformer_20ms_seed1.pth,4306731,65.1,OK,,"{""torch"": ""2.4.1+cu121"", ""cuda"": ""12.1"", ""gpu"": ""NVIDIA RTX A4500"", ""numpy"": ""1.26.0"", ""python"": ""3.10.12"", ""deterministic"": true, ""grad_clip_max_norm"": 1.0, ""CUBLAS_WORKSPACE_CONFIG"": "":4096:8"", ""CUDA_VISIBLE_DEVICES"": ""1""}",2026-08-21T14:06:00
VNAT_5s_tcpdur_random70_stratified_flowlevel_splitseed42_3feat_fedformer_20ms_seed2,VNAT,VNAT_5s_tcp_duration,5,random70_stratified_flowlevel_splitseed42,42,7aa2fe07e2ffeadb,Validation,4,fedformer,3feat,20ms,251,3,2,256,1459,630,best_val,34,12345,4,True,True,1.0,15.4432,100.0,56,91.0782,85.116,89.5238,85.116,"{""Chat"": 86.441, ""Control"": 93.834, ""File Transfer"": 70.27, ""Streaming"": 89.919}","{""Chat"": 77.273, ""Control"": 90.674, ""File Transfer"": 92.857, ""Streaming"": 99.111}","{""Chat"": 98.077, ""Control"": 97.222, ""File Transfer"": 56.522, ""Streaming"": 82.288}","{""Chat"": 156, ""Control"": 180, ""File Transfer"": 23, ""Streaming"": 271}","{""Chat"": 1.045129, ""Control"": 0.868452, ""File Transfer"": 5.883065, ""Streaming"": 0.580812}","{""Chat"": 349, ""Control"": 420, ""File Transfer"": 62, ""Streaming"": 628}",427653,checkpoints/VNAT_5s_tcp_duration_3feat_seed2/VNAT_5s_tcpdur_random70_stratified_flowlevel_splitseed42_3feat_fedformer_20ms_seed2.pth,4306731,109.5,OK,,"{""torch"": ""2.4.1+cu121"", ""cuda"": ""12.1"", ""gpu"": ""NVIDIA RTX A4500"", ""numpy"": ""1.26.0"", ""python"": ""3.10.12"", ""deterministic"": true, ""grad_clip_max_norm"": 1.0, ""CUBLAS_WORKSPACE_CONFIG"": "":4096:8"", ""CUDA_VISIBLE_DEVICES"": ""1""}",2026-08-21T14:07:50
VNAT_5s_tcpdur_random70_stratified_flowlevel_splitseed42_3feat_timemixer_20ms_seed0,VNAT,VNAT_5s_tcp_duration,5,random70_stratified_flowlevel_splitseed42,42,7aa2fe07e2ffeadb,Validation,4,timemixer,3feat,20ms,251,3,0,256,1459,630,best_val,7,12345,0,True,True,1.0,7.058,3.85,39,43.9636,56.4486,57.9365,56.4486,"{""Chat"": 66.667, ""Control"": 75.641, ""File Transfer"": 68.571, ""Streaming"": 14.915}","{""Chat"": 50.327, ""Control"": 61.458, ""File Transfer"": 100.0, ""Streaming"": 91.667}","{""Chat"": 98.718, ""Control"": 98.333, ""File Transfer"": 52.174, ""Streaming"": 8.118}","{""Chat"": 156, ""Control"": 180, ""File Transfer"": 23, ""Streaming"": 271}","{""Chat"": 1.045129, ""Control"": 0.868452, ""File Transfer"": 5.883065, ""Streaming"": 0.580812}","{""Chat"": 349, ""Control"": 420, ""File Transfer"": 62, ""Streaming"": 628}",552724,checkpoints/VNAT_5s_tcp_duration_3feat_seed0/VNAT_5s_tcpdur_random70_stratified_flowlevel_splitseed42_3feat_timemixer_20ms_seed0.pth,3527814,13.5,OK,,"{""torch"": ""2.4.1+cu121"", ""cuda"": ""12.1"", ""gpu"": ""NVIDIA RTX A4500"", ""numpy"": ""1.26.0"", ""python"": ""3.10.12"", ""deterministic"": true, ""grad_clip_max_norm"": 1.0, ""CUBLAS_WORKSPACE_CONFIG"": "":4096:8"", ""CUDA_VISIBLE_DEVICES"": ""1""}",2026-08-21T14:08:04
VNAT_5s_tcpdur_random70_stratified_flowlevel_splitseed42_3feat_timemixer_20ms_seed1,VNAT,VNAT_5s_tcp_duration,5,random70_stratified_flowlevel_splitseed42,42,7aa2fe07e2ffeadb,Validation,4,timemixer,3feat,20ms,251,3,1,256,1459,630,best_val,14,12345,0,True,True,1.0,6.9351,7.58,22,43.4171,35.7679,34.6032,35.7679,"{""Chat"": 43.115, ""Control"": 0.0, ""File Transfer"": 68.571, ""Streaming"": 31.385}","{""Chat"": 27.531, ""Control"": 0.0, ""File Transfer"": 100.0, ""Streaming"": 94.444}","{""Chat"": 99.359, ""Control"": 0.0, ""File Transfer"": 52.174, ""Streaming"": 18.819}","{""Chat"": 156, ""Control"": 180, ""File Transfer"": 23, ""Streaming"": 271}","{""Chat"": 1.045129, ""Control"": 0.868452, ""File Transfer"": 5.883065, ""Streaming"": 0.580812}","{""Chat"": 349, ""Control"": 420, ""File Transfer"": 62, ""Streaming"": 628}",552724,checkpoints/VNAT_5s_tcp_duration_3feat_seed1/VNAT_5s_tcpdur_random70_stratified_flowlevel_splitseed42_3feat_timemixer_20ms_seed1.pth,3527814,7.4,OK,,"{""torch"": ""2.4.1+cu121"", ""cuda"": ""12.1"", ""gpu"": ""NVIDIA RTX A4500"", ""numpy"": ""1.26.0"", ""python"": ""3.10.12"", ""deterministic"": true, ""grad_clip_max_norm"": 1.0, ""CUBLAS_WORKSPACE_CONFIG"": "":4096:8"", ""CUDA_VISIBLE_DEVICES"": ""1""}",2026-08-21T14:08:11
VNAT_5s_tcpdur_random70_stratified_flowlevel_splitseed42_3feat_timemixer_20ms_seed2,VNAT,VNAT_5s_tcp_duration,5,random70_stratified_flowlevel_splitseed42,42,7aa2fe07e2ffeadb,Validation,4,timemixer,3feat,20ms,251,3,2,256,1459,630,best_val,7,12345,0,True,True,1.0,6.769,7.41,18,46.302,45.5337,48.0952,45.5337,"{""Chat"": 50.575, ""Control"": 0.0, ""File Transfer"": 68.571, ""Streaming"": 62.989}","{""Chat"": 33.996, ""Control"": 0.0, ""File Transfer"": 100.0, ""Streaming"": 83.537}","{""Chat"": 98.718, ""Control"": 0.0, ""File Transfer"": 52.174, ""Streaming"": 50.554}","{""Chat"": 156, ""Control"": 180, ""File Transfer"": 23, ""Streaming"": 271}","{""Chat"": 1.045129, ""Control"": 0.868452, ""File Transfer"": 5.883065, ""Streaming"": 0.580812}","{""Chat"": 349, ""Control"": 420, ""File Transfer"": 62, ""Streaming"": 628}",552724,checkpoints/VNAT_5s_tcp_duration_3feat_seed2/VNAT_5s_tcpdur_random70_stratified_flowlevel_splitseed42_3feat_timemixer_20ms_seed2.pth,3527814,6.1,OK,,"{""torch"": ""2.4.1+cu121"", ""cuda"": ""12.1"", ""gpu"": ""NVIDIA RTX A4500"", ""numpy"": ""1.26.0"", ""python"": ""3.10.12"", ""deterministic"": true, ""grad_clip_max_norm"": 1.0, ""CUBLAS_WORKSPACE_CONFIG"": "":4096:8"", ""CUDA_VISIBLE_DEVICES"": ""1""}",2026-08-21T14:08:17
VNAT_5s_tcpdur_random70_stratified_flowlevel_splitseed42_3feat_timesnet_30ms_seed0,VNAT,VNAT_5s_tcp_duration,5,random70_stratified_flowlevel_splitseed42,42,7aa2fe07e2ffeadb,Validation,4,timesnet,3feat,30ms,167,3,0,256,1459,630,best_val,66,12345,0,True,True,1.0,12.7573,100.0,74,52.9413,75.8636,80.4762,75.8636,"{""Chat"": 79.109, ""Control"": 85.854, ""File Transfer"": 60.0, ""Streaming"": 78.492}","{""Chat"": 69.951, ""Control"": 76.522, ""File Transfer"": 70.588, ""Streaming"": 98.333}","{""Chat"": 91.026, ""Control"": 97.778, ""File Transfer"": 52.174, ""Streaming"": 65.314}","{""Chat"": 156, ""Control"": 180, ""File Transfer"": 23, ""Streaming"": 271}","{""Chat"": 1.045129, ""Control"": 0.868452, ""File Transfer"": 5.883065, ""Streaming"": 0.580812}","{""Chat"": 349, ""Control"": 420, ""File Transfer"": 62, ""Streaming"": 628}",9417732,checkpoints/VNAT_5s_tcp_duration_3feat_seed0/VNAT_5s_tcpdur_random70_stratified_flowlevel_splitseed42_3feat_timesnet_30ms_seed0.pth,38980354,226.8,OK,,"{""torch"": ""2.4.1+cu121"", ""cuda"": ""12.1"", ""gpu"": ""NVIDIA RTX A4500"", ""numpy"": ""1.26.0"", ""python"": ""3.10.12"", ""deterministic"": true, ""grad_clip_max_norm"": 1.0, ""CUBLAS_WORKSPACE_CONFIG"": "":4096:8"", ""CUDA_VISIBLE_DEVICES"": ""1""}",2026-08-21T14:12:05
VNAT_5s_tcpdur_random70_stratified_flowlevel_splitseed42_3feat_timesnet_30ms_seed1,VNAT,VNAT_5s_tcp_duration,5,random70_stratified_flowlevel_splitseed42,42,7aa2fe07e2ffeadb,Validation,4,timesnet,3feat,30ms,167,3,1,256,1459,630,best_val,23,12345,0,True,True,1.0,17.3559,100.0,43,90.4968,87.7245,93.0159,87.7245,"{""Chat"": 90.746, ""Control"": 95.628, ""File Transfer"": 70.27, ""Streaming"": 94.253}","{""Chat"": 84.916, ""Control"": 94.086, ""File Transfer"": 92.857, ""Streaming"": 98.008}","{""Chat"": 97.436, ""Control"": 97.222, ""File Transfer"": 56.522, ""Streaming"": 90.775}","{""Chat"": 156, ""Control"": 180, ""File Transfer"": 23, ""Streaming"": 271}","{""Chat"": 1.045129, ""Control"": 0.868452, ""File Transfer"": 5.883065, ""Streaming"": 0.580812}","{""Chat"": 349, ""Control"": 420, ""File Transfer"": 62, ""Streaming"": 628}",9417732,checkpoints/VNAT_5s_tcp_duration_3feat_seed1/VNAT_5s_tcpdur_random70_stratified_flowlevel_splitseed42_3feat_timesnet_30ms_seed1.pth,38980354,132.6,OK,,"{""torch"": ""2.4.1+cu121"", ""cuda"": ""12.1"", ""gpu"": ""NVIDIA RTX A4500"", ""numpy"": ""1.26.0"", ""python"": ""3.10.12"", ""deterministic"": true, ""grad_clip_max_norm"": 1.0, ""CUBLAS_WORKSPACE_CONFIG"": "":4096:8"", ""CUDA_VISIBLE_DEVICES"": ""1""}",2026-08-21T14:14:18
VNAT_5s_tcpdur_random70_stratified_flowlevel_splitseed42_3feat_timesnet_30ms_seed2,VNAT,VNAT_5s_tcp_duration,5,random70_stratified_flowlevel_splitseed42,42,7aa2fe07e2ffeadb,Validation,4,timesnet,3feat,30ms,167,3,2,256,1459,630,best_val,18,12345,0,True,True,1.0,13.7987,100.0,41,83.029,86.5313,92.5397,86.5313,"{""Chat"": 91.018, ""Control"": 94.595, ""File Transfer"": 66.667, ""Streaming"": 93.846}","{""Chat"": 85.393, ""Control"": 92.105, ""File Transfer"": 92.308, ""Streaming"": 97.992}","{""Chat"": 97.436, ""Control"": 97.222, ""File Transfer"": 52.174, ""Streaming"": 90.037}","{""Chat"": 156, ""Control"": 180, ""File Transfer"": 23, ""Streaming"": 271}","{""Chat"": 1.045129, ""Control"": 0.868452, ""File Transfer"": 5.883065, ""Streaming"": 0.580812}","{""Chat"": 349, ""Control"": 420, ""File Transfer"": 62, ""Streaming"": 628}",9417732,checkpoints/VNAT_5s_tcp_duration_3feat_seed2/VNAT_5s_tcpdur_random70_stratified_flowlevel_splitseed42_3feat_timesnet_30ms_seed2.pth,38980354,125.0,OK,,"{""torch"": ""2.4.1+cu121"", ""cuda"": ""12.1"", ""gpu"": ""NVIDIA RTX A4500"", ""numpy"": ""1.26.0"", ""python"": ""3.10.12"", ""deterministic"": true, ""grad_clip_max_norm"": 1.0, ""CUBLAS_WORKSPACE_CONFIG"": "":4096:8"", ""CUDA_VISIBLE_DEVICES"": ""1""}",2026-08-21T14:16:24
VNAT_5s_tcpdur_random70_stratified_flowlevel_splitseed42_3feat_informer_30ms_seed0,VNAT,VNAT_5s_tcp_duration,5,random70_stratified_flowlevel_splitseed42,42,7aa2fe07e2ffeadb,Validation,4,informer,3feat,30ms,167,3,0,64,1459,630,best_val,10,12345,0,True,True,1.0,50.2273,100.0,49,89.3171,88.8615,93.9683,88.8615,"{""Chat"": 92.401, ""Control"": 95.368, ""File Transfer"": 72.222, ""Streaming"": 95.455}","{""Chat"": 87.861, ""Control"": 93.583, ""File Transfer"": 100.0, ""Streaming"": 98.054}","{""Chat"": 97.436, ""Control"": 97.222, ""File Transfer"": 56.522, ""Streaming"": 92.989}","{""Chat"": 156, ""Control"": 180, ""File Transfer"": 23, ""Streaming"": 271}","{""Chat"": 1.045129, ""Control"": 0.868452, ""File Transfer"": 5.883065, ""Streaming"": 0.580812}","{""Chat"": 349, ""Control"": 420, ""File Transfer"": 62, ""Streaming"": 628}",2847749,checkpoints/VNAT_5s_tcp_duration_3feat_seed0/VNAT_5s_tcpdur_random70_stratified_flowlevel_splitseed42_3feat_informer_30ms_seed0.pth,21675010,52.7,OK,,"{""torch"": ""2.4.1+cu121"", ""cuda"": ""12.1"", ""gpu"": ""NVIDIA RTX A4500"", ""numpy"": ""1.26.0"", ""python"": ""3.10.12"", ""deterministic"": true, ""grad_clip_max_norm"": 1.0, ""CUBLAS_WORKSPACE_CONFIG"": "":4096:8"", ""CUDA_VISIBLE_DEVICES"": ""1""}",2026-08-21T14:17:17
VNAT_5s_tcpdur_random70_stratified_flowlevel_splitseed42_3feat_informer_30ms_seed1,VNAT,VNAT_5s_tcp_duration,5,random70_stratified_flowlevel_splitseed42,42,7aa2fe07e2ffeadb,Validation,4,informer,3feat,30ms,167,3,1,64,1459,630,best_val,24,12345,0,True,True,1.0,70.4361,99.46,32,93.4308,88.5477,93.4921,87.04,"{""Chat"": 92.401, ""Control"": 95.604, ""File Transfer"": 65.116, ""Streaming"": 95.038}","{""Chat"": 87.861, ""Control"": 94.565, ""File Transfer"": 70.0, ""Streaming"": 98.419}","{""Chat"": 97.436, ""Control"": 96.667, ""File Transfer"": 60.87, ""Streaming"": 91.882}","{""Chat"": 156, ""Control"": 180, ""File Transfer"": 23, ""Streaming"": 271}","{""Chat"": 1.045129, ""Control"": 0.868452, ""File Transfer"": 5.883065, ""Streaming"": 0.580812}","{""Chat"": 349, ""Control"": 420, ""File Transfer"": 62, ""Streaming"": 628}",2847749,checkpoints/VNAT_5s_tcp_duration_3feat_seed1/VNAT_5s_tcpdur_random70_stratified_flowlevel_splitseed42_3feat_informer_30ms_seed1.pth,21675010,34.9,OK,,"{""torch"": ""2.4.1+cu121"", ""cuda"": ""12.1"", ""gpu"": ""NVIDIA RTX A4500"", ""numpy"": ""1.26.0"", ""python"": ""3.10.12"", ""deterministic"": true, ""grad_clip_max_norm"": 1.0, ""CUBLAS_WORKSPACE_CONFIG"": "":4096:8"", ""CUDA_VISIBLE_DEVICES"": ""1""}",2026-08-21T14:17:52
VNAT_5s_tcpdur_random70_stratified_flowlevel_splitseed42_3feat_informer_30ms_seed2,VNAT,VNAT_5s_tcp_duration,5,random70_stratified_flowlevel_splitseed42,42,7aa2fe07e2ffeadb,Validation,4,informer,3feat,30ms,167,3,2,64,1459,630,best_val,8,12345,0,True,True,1.0,56.384,100.0,33,89.7666,88.7625,93.8095,87.9502,"{""Chat"": 92.169, ""Control"": 96.154, ""File Transfer"": 68.421, ""Streaming"": 95.057}","{""Chat"": 86.932, ""Control"": 95.109, ""File Transfer"": 86.667, ""Streaming"": 98.039}","{""Chat"": 98.077, ""Control"": 97.222, ""File Transfer"": 56.522, ""Streaming"": 92.251}","{""Chat"": 156, ""Control"": 180, ""File Transfer"": 23, ""Streaming"": 271}","{""Chat"": 1.045129, ""Control"": 0.868452, ""File Transfer"": 5.883065, ""Streaming"": 0.580812}","{""Chat"": 349, ""Control"": 420, ""File Transfer"": 62, ""Streaming"": 628}",2847749,checkpoints/VNAT_5s_tcp_duration_3feat_seed2/VNAT_5s_tcpdur_random70_stratified_flowlevel_splitseed42_3feat_informer_30ms_seed2.pth,21675010,35.8,OK,,"{""torch"": ""2.4.1+cu121"", ""cuda"": ""12.1"", ""gpu"": ""NVIDIA RTX A4500"", ""numpy"": ""1.26.0"", ""python"": ""3.10.12"", ""deterministic"": true, ""grad_clip_max_norm"": 1.0, ""CUBLAS_WORKSPACE_CONFIG"": "":4096:8"", ""CUDA_VISIBLE_DEVICES"": ""1""}",2026-08-21T14:18:28
VNAT_5s_tcpdur_random70_stratified_flowlevel_splitseed42_3feat_nst_30ms_seed0,VNAT,VNAT_5s_tcp_duration,5,random70_stratified_flowlevel_splitseed42,42,7aa2fe07e2ffeadb,Validation,4,nst,3feat,30ms,167,3,0,64,1459,630,best_val,14,12345,0,True,True,1.0,20.0712,100.0,35,89.3469,88.2072,93.6508,88.2072,"{""Chat"": 91.892, ""Control"": 95.628, ""File Transfer"": 70.27, ""Streaming"": 95.038}","{""Chat"": 86.441, ""Control"": 94.086, ""File Transfer"": 92.857, ""Streaming"": 98.419}","{""Chat"": 98.077, ""Control"": 97.222, ""File Transfer"": 56.522, ""Streaming"": 91.882}","{""Chat"": 156, ""Control"": 180, ""File Transfer"": 23, ""Streaming"": 271}","{""Chat"": 1.045129, ""Control"": 0.868452, ""File Transfer"": 5.883065, ""Streaming"": 0.580812}","{""Chat"": 349, ""Control"": 420, ""File Transfer"": 62, ""Streaming"": 628}",173806,checkpoints/VNAT_5s_tcp_duration_3feat_seed0/VNAT_5s_tcpdur_random70_stratified_flowlevel_splitseed42_3feat_nst_30ms_seed0.pth,2003274,32.0,OK,,"{""torch"": ""2.4.1+cu121"", ""cuda"": ""12.1"", ""gpu"": ""NVIDIA RTX A4500"", ""numpy"": ""1.26.0"", ""python"": ""3.10.12"", ""deterministic"": true, ""grad_clip_max_norm"": 1.0, ""CUBLAS_WORKSPACE_CONFIG"": "":4096:8"", ""CUDA_VISIBLE_DEVICES"": ""1""}",2026-08-21T14:19:00
VNAT_5s_tcpdur_random70_stratified_flowlevel_splitseed42_3feat_nst_30ms_seed1,VNAT,VNAT_5s_tcp_duration,5,random70_stratified_flowlevel_splitseed42,42,7aa2fe07e2ffeadb,Validation,4,nst,3feat,30ms,167,3,1,64,1459,630,best_val,20,12345,0,True,True,1.0,22.4083,99.86,31,91.5936,88.8256,94.4444,88.8256,"{""Chat"": 93.293, ""Control"": 95.89, ""File Transfer"": 70.27, ""Streaming"": 95.849}","{""Chat"": 88.953, ""Control"": 94.595, ""File Transfer"": 92.857, ""Streaming"": 98.069}","{""Chat"": 98.077, ""Control"": 97.222, ""File Transfer"": 56.522, ""Streaming"": 93.727}","{""Chat"": 156, ""Control"": 180, ""File Transfer"": 23, ""Streaming"": 271}","{""Chat"": 1.045129, ""Control"": 0.868452, ""File Transfer"": 5.883065, ""Streaming"": 0.580812}","{""Chat"": 349, ""Control"": 420, ""File Transfer"": 62, ""Streaming"": 628}",173806,checkpoints/VNAT_5s_tcp_duration_3feat_seed1/VNAT_5s_tcpdur_random70_stratified_flowlevel_splitseed42_3feat_nst_30ms_seed1.pth,2003274,26.9,OK,,"{""torch"": ""2.4.1+cu121"", ""cuda"": ""12.1"", ""gpu"": ""NVIDIA RTX A4500"", ""numpy"": ""1.26.0"", ""python"": ""3.10.12"", ""deterministic"": true, ""grad_clip_max_norm"": 1.0, ""CUBLAS_WORKSPACE_CONFIG"": "":4096:8"", ""CUDA_VISIBLE_DEVICES"": ""1""}",2026-08-21T14:19:27
VNAT_5s_tcpdur_random70_stratified_flowlevel_splitseed42_3feat_nst_30ms_seed2,VNAT,VNAT_5s_tcp_duration,5,random70_stratified_flowlevel_splitseed42,42,7aa2fe07e2ffeadb,Validation,4,nst,3feat,30ms,167,3,2,64,1459,630,best_val,14,12345,0,True,True,1.0,23.4901,100.0,24,88.2381,87.6428,93.0159,87.6428,"{""Chat"": 90.746, ""Control"": 94.536, ""File Transfer"": 70.27, ""Streaming"": 95.019}","{""Chat"": 84.916, ""Control"": 93.011, ""File Transfer"": 92.857, ""Streaming"": 98.805}","{""Chat"": 97.436, ""Control"": 96.111, ""File Transfer"": 56.522, ""Streaming"": 91.513}","{""Chat"": 156, ""Control"": 180, ""File Transfer"": 23, ""Streaming"": 271}","{""Chat"": 1.045129, ""Control"": 0.868452, ""File Transfer"": 5.883065, ""Streaming"": 0.580812}","{""Chat"": 349, ""Control"": 420, ""File Transfer"": 62, ""Streaming"": 628}",173806,checkpoints/VNAT_5s_tcp_duration_3feat_seed2/VNAT_5s_tcpdur_random70_stratified_flowlevel_splitseed42_3feat_nst_30ms_seed2.pth,2003274,19.0,OK,,"{""torch"": ""2.4.1+cu121"", ""cuda"": ""12.1"", ""gpu"": ""NVIDIA RTX A4500"", ""numpy"": ""1.26.0"", ""python"": ""3.10.12"", ""deterministic"": true, ""grad_clip_max_norm"": 1.0, ""CUBLAS_WORKSPACE_CONFIG"": "":4096:8"", ""CUDA_VISIBLE_DEVICES"": ""1""}",2026-08-21T14:19:46
VNAT_5s_tcpdur_random70_stratified_flowlevel_splitseed42_3feat_autoformer_30ms_seed0,VNAT,VNAT_5s_tcp_duration,5,random70_stratified_flowlevel_splitseed42,42,7aa2fe07e2ffeadb,Validation,4,autoformer,3feat,30ms,167,3,0,256,1459,630,best_val,7,12345,0,True,True,1.0,8.5779,100.0,18,77.4636,39.7464,50.0,39.7464,"{""Chat"": 18.391, ""Control"": 31.481, ""File Transfer"": 47.273, ""Streaming"": 61.84}","{""Chat"": 88.889, ""Control"": 94.444, ""File Transfer"": 40.625, ""Streaming"": 46.324}","{""Chat"": 10.256, ""Control"": 18.889, ""File Transfer"": 56.522, ""Streaming"": 92.989}","{""Chat"": 156, ""Control"": 180, ""File Transfer"": 23, ""Streaming"": 271}","{""Chat"": 1.045129, ""Control"": 0.868452, ""File Transfer"": 5.883065, ""Streaming"": 0.580812}","{""Chat"": 349, ""Control"": 420, ""File Transfer"": 62, ""Streaming"": 628}",142596,checkpoints/VNAT_5s_tcp_duration_3feat_seed0/VNAT_5s_tcpdur_random70_stratified_flowlevel_splitseed42_3feat_autoformer_30ms_seed0.pth,1867874,9.0,OK,,"{""torch"": ""2.4.1+cu121"", ""cuda"": ""12.1"", ""gpu"": ""NVIDIA RTX A4500"", ""numpy"": ""1.26.0"", ""python"": ""3.10.12"", ""deterministic"": true, ""grad_clip_max_norm"": 1.0, ""CUBLAS_WORKSPACE_CONFIG"": "":4096:8"", ""CUDA_VISIBLE_DEVICES"": ""1""}",2026-08-21T14:19:55
VNAT_5s_tcpdur_random70_stratified_flowlevel_splitseed42_3feat_autoformer_30ms_seed1,VNAT,VNAT_5s_tcp_duration,5,random70_stratified_flowlevel_splitseed42,42,7aa2fe07e2ffeadb,Validation,4,autoformer,3feat,30ms,167,3,1,256,1459,630,best_val,5,12345,0,True,True,1.0,8.57,100.0,18,72.667,42.9331,53.3333,42.9331,"{""Chat"": 17.341, ""Control"": 45.494, ""File Transfer"": 44.828, ""Streaming"": 64.07}","{""Chat"": 88.235, ""Control"": 100.0, ""File Transfer"": 37.143, ""Streaming"": 48.571}","{""Chat"": 9.615, ""Control"": 29.444, ""File Transfer"": 56.522, ""Streaming"": 94.096}","{""Chat"": 156, ""Control"": 180, ""File Transfer"": 23, ""Streaming"": 271}","{""Chat"": 1.045129, ""Control"": 0.868452, ""File Transfer"": 5.883065, ""Streaming"": 0.580812}","{""Chat"": 349, ""Control"": 420, ""File Transfer"": 62, ""Streaming"": 628}",142596,checkpoints/VNAT_5s_tcp_duration_3feat_seed1/VNAT_5s_tcpdur_random70_stratified_flowlevel_splitseed42_3feat_autoformer_30ms_seed1.pth,1867874,8.9,OK,,"{""torch"": ""2.4.1+cu121"", ""cuda"": ""12.1"", ""gpu"": ""NVIDIA RTX A4500"", ""numpy"": ""1.26.0"", ""python"": ""3.10.12"", ""deterministic"": true, ""grad_clip_max_norm"": 1.0, ""CUBLAS_WORKSPACE_CONFIG"": "":4096:8"", ""CUDA_VISIBLE_DEVICES"": ""1""}",2026-08-21T14:20:04
VNAT_5s_tcpdur_random70_stratified_flowlevel_splitseed42_3feat_autoformer_30ms_seed2,VNAT,VNAT_5s_tcp_duration,5,random70_stratified_flowlevel_splitseed42,42,7aa2fe07e2ffeadb,Validation,4,autoformer,3feat,30ms,167,3,2,256,1459,630,best_val,6,12345,0,True,True,1.0,8.0942,100.0,21,74.8852,54.7121,64.9206,54.7121,"{""Chat"": 17.143, ""Control"": 81.15, ""File Transfer"": 50.0, ""Streaming"": 70.556}","{""Chat"": 78.947, ""Control"": 95.489, ""File Transfer"": 44.828, ""Streaming"": 56.57}","{""Chat"": 9.615, ""Control"": 70.556, ""File Transfer"": 56.522, ""Streaming"": 93.727}","{""Chat"": 156, ""Control"": 180, ""File Transfer"": 23, ""Streaming"": 271}","{""Chat"": 1.045129, ""Control"": 0.868452, ""File Transfer"": 5.883065, ""Streaming"": 0.580812}","{""Chat"": 349, ""Control"": 420, ""File Transfer"": 62, ""Streaming"": 628}",142596,checkpoints/VNAT_5s_tcp_duration_3feat_seed2/VNAT_5s_tcpdur_random70_stratified_flowlevel_splitseed42_3feat_autoformer_30ms_seed2.pth,1867874,10.6,OK,,"{""torch"": ""2.4.1+cu121"", ""cuda"": ""12.1"", ""gpu"": ""NVIDIA RTX A4500"", ""numpy"": ""1.26.0"", ""python"": ""3.10.12"", ""deterministic"": true, ""grad_clip_max_norm"": 1.0, ""CUBLAS_WORKSPACE_CONFIG"": "":4096:8"", ""CUDA_VISIBLE_DEVICES"": ""1""}",2026-08-21T14:20:15
VNAT_5s_tcpdur_random70_stratified_flowlevel_splitseed42_3feat_fedformer_30ms_seed0,VNAT,VNAT_5s_tcp_duration,5,random70_stratified_flowlevel_splitseed42,42,7aa2fe07e2ffeadb,Validation,4,fedformer,3feat,30ms,167,3,0,256,1459,630,best_val,27,12345,4,True,True,1.0,12.6187,100.0,41,88.9417,84.1333,89.2063,84.1333,"{""Chat"": 84.765, ""Control"": 95.628, ""File Transfer"": 66.667, ""Streaming"": 89.474}","{""Chat"": 74.634, ""Control"": 94.086, ""File Transfer"": 81.25, ""Streaming"": 99.103}","{""Chat"": 98.077, ""Control"": 97.222, ""File Transfer"": 56.522, ""Streaming"": 81.55}","{""Chat"": 156, ""Control"": 180, ""File Transfer"": 23, ""Streaming"": 271}","{""Chat"": 1.045129, ""Control"": 0.868452, ""File Transfer"": 5.883065, ""Streaming"": 0.580812}","{""Chat"": 349, ""Control"": 420, ""File Transfer"": 62, ""Streaming"": 628}",406149,checkpoints/VNAT_5s_tcp_duration_3feat_seed0/VNAT_5s_tcpdur_random70_stratified_flowlevel_splitseed42_3feat_fedformer_30ms_seed0.pth,4220715,76.3,OK,,"{""torch"": ""2.4.1+cu121"", ""cuda"": ""12.1"", ""gpu"": ""NVIDIA RTX A4500"", ""numpy"": ""1.26.0"", ""python"": ""3.10.12"", ""deterministic"": true, ""grad_clip_max_norm"": 1.0, ""CUBLAS_WORKSPACE_CONFIG"": "":4096:8"", ""CUDA_VISIBLE_DEVICES"": ""1""}",2026-08-21T14:21:32
VNAT_5s_tcpdur_random70_stratified_flowlevel_splitseed42_3feat_fedformer_30ms_seed1,VNAT,VNAT_5s_tcp_duration,5,random70_stratified_flowlevel_splitseed42,42,7aa2fe07e2ffeadb,Validation,4,fedformer,3feat,30ms,167,3,1,256,1459,630,best_val,22,12345,4,True,True,1.0,11.4373,100.0,44,87.7421,83.4852,87.1429,83.4852,"{""Chat"": 81.266, ""Control"": 96.154, ""File Transfer"": 70.27, ""Streaming"": 86.25}","{""Chat"": 69.058, ""Control"": 95.109, ""File Transfer"": 92.857, ""Streaming"": 99.043}","{""Chat"": 98.718, ""Control"": 97.222, ""File Transfer"": 56.522, ""Streaming"": 76.384}","{""Chat"": 156, ""Control"": 180, ""File Transfer"": 23, ""Streaming"": 271}","{""Chat"": 1.045129, ""Control"": 0.868452, ""File Transfer"": 5.883065, ""Streaming"": 0.580812}","{""Chat"": 349, ""Control"": 420, ""File Transfer"": 62, ""Streaming"": 628}",406149,checkpoints/VNAT_5s_tcp_duration_3feat_seed1/VNAT_5s_tcpdur_random70_stratified_flowlevel_splitseed42_3feat_fedformer_30ms_seed1.pth,4220715,81.8,OK,,"{""torch"": ""2.4.1+cu121"", ""cuda"": ""12.1"", ""gpu"": ""NVIDIA RTX A4500"", ""numpy"": ""1.26.0"", ""python"": ""3.10.12"", ""deterministic"": true, ""grad_clip_max_norm"": 1.0, ""CUBLAS_WORKSPACE_CONFIG"": "":4096:8"", ""CUDA_VISIBLE_DEVICES"": ""1""}",2026-08-21T14:22:54
VNAT_5s_tcpdur_random70_stratified_flowlevel_splitseed42_3feat_fedformer_30ms_seed2,VNAT,VNAT_5s_tcp_duration,5,random70_stratified_flowlevel_splitseed42,42,7aa2fe07e2ffeadb,Validation,4,fedformer,3feat,30ms,167,3,2,256,1459,630,best_val,25,12345,4,True,True,1.0,14.9765,100.0,43,88.8714,83.7335,88.7302,83.7335,"{""Chat"": 84.211, ""Control"": 94.851, ""File Transfer"": 66.667, ""Streaming"": 89.206}","{""Chat"": 74.146, ""Control"": 92.593, ""File Transfer"": 81.25, ""Streaming"": 99.545}","{""Chat"": 97.436, ""Control"": 97.222, ""File Transfer"": 56.522, ""Streaming"": 80.812}","{""Chat"": 156, ""Control"": 180, ""File Transfer"": 23, ""Streaming"": 271}","{""Chat"": 1.045129, ""Control"": 0.868452, ""File Transfer"": 5.883065, ""Streaming"": 0.580812}","{""Chat"": 349, ""Control"": 420, ""File Transfer"": 62, ""Streaming"": 628}",406149,checkpoints/VNAT_5s_tcp_duration_3feat_seed2/VNAT_5s_tcpdur_random70_stratified_flowlevel_splitseed42_3feat_fedformer_30ms_seed2.pth,4220715,81.6,OK,,"{""torch"": ""2.4.1+cu121"", ""cuda"": ""12.1"", ""gpu"": ""NVIDIA RTX A4500"", ""numpy"": ""1.26.0"", ""python"": ""3.10.12"", ""deterministic"": true, ""grad_clip_max_norm"": 1.0, ""CUBLAS_WORKSPACE_CONFIG"": "":4096:8"", ""CUDA_VISIBLE_DEVICES"": ""1""}",2026-08-21T14:24:16
VNAT_5s_tcpdur_random70_stratified_flowlevel_splitseed42_3feat_timemixer_30ms_seed0,VNAT,VNAT_5s_tcp_duration,5,random70_stratified_flowlevel_splitseed42,42,7aa2fe07e2ffeadb,Validation,4,timemixer,3feat,30ms,167,3,0,256,1459,630,best_val,4,12345,0,True,True,1.0,6.0672,6.52,23,43.4174,44.3599,49.6825,44.3599,"{""Chat"": 34.404, ""Control"": 0.0, ""File Transfer"": 68.571, ""Streaming"": 74.465}","{""Chat"": 26.786, ""Control"": 0.0, ""File Transfer"": 100.0, ""Streaming"": 67.262}","{""Chat"": 48.077, ""Control"": 0.0, ""File Transfer"": 52.174, ""Streaming"": 83.395}","{""Chat"": 156, ""Control"": 180, ""File Transfer"": 23, ""Streaming"": 271}","{""Chat"": 1.045129, ""Control"": 0.868452, ""File Transfer"": 5.883065, ""Streaming"": 0.580812}","{""Chat"": 349, ""Control"": 420, ""File Transfer"": 62, ""Streaming"": 628}",333526,checkpoints/VNAT_5s_tcp_duration_3feat_seed0/VNAT_5s_tcpdur_random70_stratified_flowlevel_splitseed42_3feat_timemixer_30ms_seed0.pth,2650694,7.6,OK,,"{""torch"": ""2.4.1+cu121"", ""cuda"": ""12.1"", ""gpu"": ""NVIDIA RTX A4500"", ""numpy"": ""1.26.0"", ""python"": ""3.10.12"", ""deterministic"": true, ""grad_clip_max_norm"": 1.0, ""CUBLAS_WORKSPACE_CONFIG"": "":4096:8"", ""CUDA_VISIBLE_DEVICES"": ""1""}",2026-08-21T14:24:23
VNAT_5s_tcpdur_random70_stratified_flowlevel_splitseed42_3feat_timemixer_30ms_seed1,VNAT,VNAT_5s_tcp_duration,5,random70_stratified_flowlevel_splitseed42,42,7aa2fe07e2ffeadb,Validation,4,timemixer,3feat,30ms,167,3,1,256,1459,630,best_val,12,12345,0,True,True,1.0,5.8788,6.67,20,42.4422,32.523,33.8095,32.523,"{""Chat"": 1.25, ""Control"": 46.572, ""File Transfer"": 68.571, ""Streaming"": 13.699}","{""Chat"": 25.0, ""Control"": 30.354, ""File Transfer"": 100.0, ""Streaming"": 95.238}","{""Chat"": 0.641, ""Control"": 100.0, ""File Transfer"": 52.174, ""Streaming"": 7.38}","{""Chat"": 156, ""Control"": 180, ""File Transfer"": 23, ""Streaming"": 271}","{""Chat"": 1.045129, ""Control"": 0.868452, ""File Transfer"": 5.883065, ""Streaming"": 0.580812}","{""Chat"": 349, ""Control"": 420, ""File Transfer"": 62, ""Streaming"": 628}",333526,checkpoints/VNAT_5s_tcp_duration_3feat_seed1/VNAT_5s_tcpdur_random70_stratified_flowlevel_splitseed42_3feat_timemixer_30ms_seed1.pth,2650694,6.6,OK,,"{""torch"": ""2.4.1+cu121"", ""cuda"": ""12.1"", ""gpu"": ""NVIDIA RTX A4500"", ""numpy"": ""1.26.0"", ""python"": ""3.10.12"", ""deterministic"": true, ""grad_clip_max_norm"": 1.0, ""CUBLAS_WORKSPACE_CONFIG"": "":4096:8"", ""CUDA_VISIBLE_DEVICES"": ""1""}",2026-08-21T14:24:30
VNAT_5s_tcpdur_random70_stratified_flowlevel_splitseed42_3feat_timemixer_30ms_seed2,VNAT,VNAT_5s_tcp_duration,5,random70_stratified_flowlevel_splitseed42,42,7aa2fe07e2ffeadb,Validation,4,timemixer,3feat,30ms,167,3,2,256,1459,630,best_val,24,12345,0,True,True,1.0,4.3496,5.21,32,49.5736,44.3294,50.6349,44.3294,"{""Chat"": 46.491, ""Control"": 0.0, ""File Transfer"": 68.571, ""Streaming"": 62.255}","{""Chat"": 73.611, ""Control"": 0.0, ""File Transfer"": 100.0, ""Streaming"": 46.606}","{""Chat"": 33.974, ""Control"": 0.0, ""File Transfer"": 52.174, ""Streaming"": 93.727}","{""Chat"": 156, ""Control"": 180, ""File Transfer"": 23, ""Streaming"": 271}","{""Chat"": 1.045129, ""Control"": 0.868452, ""File Transfer"": 5.883065, ""Streaming"": 0.580812}","{""Chat"": 349, ""Control"": 420, ""File Transfer"": 62, ""Streaming"": 628}",333526,checkpoints/VNAT_5s_tcp_duration_3feat_seed2/VNAT_5s_tcpdur_random70_stratified_flowlevel_splitseed42_3feat_timemixer_30ms_seed2.pth,2650694,10.2,OK,,"{""torch"": ""2.4.1+cu121"", ""cuda"": ""12.1"", ""gpu"": ""NVIDIA RTX A4500"", ""numpy"": ""1.26.0"", ""python"": ""3.10.12"", ""deterministic"": true, ""grad_clip_max_norm"": 1.0, ""CUBLAS_WORKSPACE_CONFIG"": "":4096:8"", ""CUDA_VISIBLE_DEVICES"": ""1""}",2026-08-21T14:24:41
VNAT_5s_tcpdur_random70_stratified_flowlevel_splitseed42_3feat_timesnet_40ms_seed0,VNAT,VNAT_5s_tcp_duration,5,random70_stratified_flowlevel_splitseed42,42,7aa2fe07e2ffeadb,Validation,4,timesnet,3feat,40ms,126,3,0,256,1459,630,best_val,14,12345,0,True,True,1.0,12.6377,100.0,44,79.4657,79.3786,85.0794,79.3786,"{""Chat"": 80.978, ""Control"": 93.369, ""File Transfer"": 59.091, ""Streaming"": 84.076}","{""Chat"": 70.283, ""Control"": 89.34, ""File Transfer"": 61.905, ""Streaming"": 99.0}","{""Chat"": 95.513, ""Control"": 97.778, ""File Transfer"": 56.522, ""Streaming"": 73.063}","{""Chat"": 156, ""Control"": 180, ""File Transfer"": 23, ""Streaming"": 271}","{""Chat"": 1.045129, ""Control"": 0.868452, ""File Transfer"": 5.883065, ""Streaming"": 0.580812}","{""Chat"": 349, ""Control"": 420, ""File Transfer"": 62, ""Streaming"": 628}",9407236,checkpoints/VNAT_5s_tcp_duration_3feat_seed0/VNAT_5s_tcpdur_random70_stratified_flowlevel_splitseed42_3feat_timesnet_40ms_seed0.pth,38938370,89.4,OK,,"{""torch"": ""2.4.1+cu121"", ""cuda"": ""12.1"", ""gpu"": ""NVIDIA RTX A4500"", ""numpy"": ""1.26.0"", ""python"": ""3.10.12"", ""deterministic"": true, ""grad_clip_max_norm"": 1.0, ""CUBLAS_WORKSPACE_CONFIG"": "":4096:8"", ""CUDA_VISIBLE_DEVICES"": ""1""}",2026-08-21T14:26:11
VNAT_5s_tcpdur_random70_stratified_flowlevel_splitseed42_3feat_timesnet_40ms_seed1,VNAT,VNAT_5s_tcp_duration,5,random70_stratified_flowlevel_splitseed42,42,7aa2fe07e2ffeadb,Validation,4,timesnet,3feat,40ms,126,3,1,256,1459,630,best_val,10,12345,0,True,True,1.0,18.0483,100.0,37,53.9062,67.1769,68.254,67.1769,"{""Chat"": 63.556, ""Control"": 90.026, ""File Transfer"": 63.158, ""Streaming"": 51.969}","{""Chat"": 48.639, ""Control"": 83.412, ""File Transfer"": 80.0, ""Streaming"": 90.0}","{""Chat"": 91.667, ""Control"": 97.778, ""File Transfer"": 52.174, ""Streaming"": 36.531}","{""Chat"": 156, ""Control"": 180, ""File Transfer"": 23, ""Streaming"": 271}","{""Chat"": 1.045129, ""Control"": 0.868452, ""File Transfer"": 5.883065, ""Streaming"": 0.580812}","{""Chat"": 349, ""Control"": 420, ""File Transfer"": 62, ""Streaming"": 628}",9407236,checkpoints/VNAT_5s_tcp_duration_3feat_seed1/VNAT_5s_tcpdur_random70_stratified_flowlevel_splitseed42_3feat_timesnet_40ms_seed1.pth,38938370,75.1,OK,,"{""torch"": ""2.4.1+cu121"", ""cuda"": ""12.1"", ""gpu"": ""NVIDIA RTX A4500"", ""numpy"": ""1.26.0"", ""python"": ""3.10.12"", ""deterministic"": true, ""grad_clip_max_norm"": 1.0, ""CUBLAS_WORKSPACE_CONFIG"": "":4096:8"", ""CUDA_VISIBLE_DEVICES"": ""1""}",2026-08-21T14:27:26
VNAT_5s_tcpdur_random70_stratified_flowlevel_splitseed42_3feat_timesnet_40ms_seed2,VNAT,VNAT_5s_tcp_duration,5,random70_stratified_flowlevel_splitseed42,42,7aa2fe07e2ffeadb,Validation,4,timesnet,3feat,40ms,126,3,2,256,1459,630,best_val,24,12345,0,True,True,1.0,10.6746,100.0,43,85.7062,80.4776,83.8095,80.4776,"{""Chat"": 78.125, ""Control"": 93.369, ""File Transfer"": 68.421, ""Streaming"": 81.996}","{""Chat"": 65.789, ""Control"": 89.34, ""File Transfer"": 86.667, ""Streaming"": 99.474}","{""Chat"": 96.154, ""Control"": 97.778, ""File Transfer"": 56.522, ""Streaming"": 69.742}","{""Chat"": 156, ""Control"": 180, ""File Transfer"": 23, ""Streaming"": 271}","{""Chat"": 1.045129, ""Control"": 0.868452, ""File Transfer"": 5.883065, ""Streaming"": 0.580812}","{""Chat"": 349, ""Control"": 420, ""File Transfer"": 62, ""Streaming"": 628}",9407236,checkpoints/VNAT_5s_tcp_duration_3feat_seed2/VNAT_5s_tcpdur_random70_stratified_flowlevel_splitseed42_3feat_timesnet_40ms_seed2.pth,38938370,88.4,OK,,"{""torch"": ""2.4.1+cu121"", ""cuda"": ""12.1"", ""gpu"": ""NVIDIA RTX A4500"", ""numpy"": ""1.26.0"", ""python"": ""3.10.12"", ""deterministic"": true, ""grad_clip_max_norm"": 1.0, ""CUBLAS_WORKSPACE_CONFIG"": "":4096:8"", ""CUDA_VISIBLE_DEVICES"": ""1""}",2026-08-21T14:28:55
VNAT_5s_tcpdur_random70_stratified_flowlevel_splitseed42_3feat_informer_40ms_seed0,VNAT,VNAT_5s_tcp_duration,5,random70_stratified_flowlevel_splitseed42,42,7aa2fe07e2ffeadb,Validation,4,informer,3feat,40ms,126,3,0,64,1459,630,best_val,11,12345,0,True,True,1.0,43.2023,100.0,25,89.2156,84.725,87.3016,84.2093,"{""Chat"": 81.522, ""Control"": 95.368, ""File Transfer"": 73.171, ""Streaming"": 86.777}","{""Chat"": 70.755, ""Control"": 93.583, ""File Transfer"": 83.333, ""Streaming"": 98.592}","{""Chat"": 96.154, ""Control"": 97.222, ""File Transfer"": 65.217, ""Streaming"": 77.491}","{""Chat"": 156, ""Control"": 180, ""File Transfer"": 23, ""Streaming"": 271}","{""Chat"": 1.045129, ""Control"": 0.868452, ""File Transfer"": 5.883065, ""Streaming"": 0.580812}","{""Chat"": 349, ""Control"": 420, ""File Transfer"": 62, ""Streaming"": 628}",2805765,checkpoints/VNAT_5s_tcp_duration_3feat_seed0/VNAT_5s_tcpdur_random70_stratified_flowlevel_splitseed42_3feat_informer_40ms_seed0.pth,21507074,24.6,OK,,"{""torch"": ""2.4.1+cu121"", ""cuda"": ""12.1"", ""gpu"": ""NVIDIA RTX A4500"", ""numpy"": ""1.26.0"", ""python"": ""3.10.12"", ""deterministic"": true, ""grad_clip_max_norm"": 1.0, ""CUBLAS_WORKSPACE_CONFIG"": "":4096:8"", ""CUDA_VISIBLE_DEVICES"": ""1""}",2026-08-21T14:29:20
VNAT_5s_tcpdur_random70_stratified_flowlevel_splitseed42_3feat_informer_40ms_seed1,VNAT,VNAT_5s_tcp_duration,5,random70_stratified_flowlevel_splitseed42,42,7aa2fe07e2ffeadb,Validation,4,informer,3feat,40ms,126,3,1,64,1459,630,best_val,11,12345,0,True,True,1.0,37.3475,100.0,30,88.7006,87.4807,88.8889,86.1447,"{""Chat"": 83.889, ""Control"": 96.419, ""File Transfer"": 76.19, ""Streaming"": 88.081}","{""Chat"": 74.02, ""Control"": 95.628, ""File Transfer"": 84.211, ""Streaming"": 97.321}","{""Chat"": 96.795, ""Control"": 97.222, ""File Transfer"": 69.565, ""Streaming"": 80.443}","{""Chat"": 156, ""Control"": 180, ""File Transfer"": 23, ""Streaming"": 271}","{""Chat"": 1.045129, ""Control"": 0.868452, ""File Transfer"": 5.883065, ""Streaming"": 0.580812}","{""Chat"": 349, ""Control"": 420, ""File Transfer"": 62, ""Streaming"": 628}",2805765,checkpoints/VNAT_5s_tcp_duration_3feat_seed1/VNAT_5s_tcpdur_random70_stratified_flowlevel_splitseed42_3feat_informer_40ms_seed1.pth,21507074,29.5,OK,,"{""torch"": ""2.4.1+cu121"", ""cuda"": ""12.1"", ""gpu"": ""NVIDIA RTX A4500"", ""numpy"": ""1.26.0"", ""python"": ""3.10.12"", ""deterministic"": true, ""grad_clip_max_norm"": 1.0, ""CUBLAS_WORKSPACE_CONFIG"": "":4096:8"", ""CUDA_VISIBLE_DEVICES"": ""1""}",2026-08-21T14:29:50
VNAT_5s_tcpdur_random70_stratified_flowlevel_splitseed42_3feat_informer_40ms_seed2,VNAT,VNAT_5s_tcp_duration,5,random70_stratified_flowlevel_splitseed42,42,7aa2fe07e2ffeadb,Validation,4,informer,3feat,40ms,126,3,2,64,1459,630,best_val,10,12345,0,True,True,1.0,48.351,100.0,19,88.9769,83.2999,86.0317,83.2999,"{""Chat"": 79.787, ""Control"": 95.368, ""File Transfer"": 73.171, ""Streaming"": 84.874}","{""Chat"": 68.182, ""Control"": 93.583, ""File Transfer"": 83.333, ""Streaming"": 98.537}","{""Chat"": 96.154, ""Control"": 97.222, ""File Transfer"": 65.217, ""Streaming"": 74.539}","{""Chat"": 156, ""Control"": 180, ""File Transfer"": 23, ""Streaming"": 271}","{""Chat"": 1.045129, ""Control"": 0.868452, ""File Transfer"": 5.883065, ""Streaming"": 0.580812}","{""Chat"": 349, ""Control"": 420, ""File Transfer"": 62, ""Streaming"": 628}",2805765,checkpoints/VNAT_5s_tcp_duration_3feat_seed2/VNAT_5s_tcpdur_random70_stratified_flowlevel_splitseed42_3feat_informer_40ms_seed2.pth,21507074,19.1,OK,,"{""torch"": ""2.4.1+cu121"", ""cuda"": ""12.1"", ""gpu"": ""NVIDIA RTX A4500"", ""numpy"": ""1.26.0"", ""python"": ""3.10.12"", ""deterministic"": true, ""grad_clip_max_norm"": 1.0, ""CUBLAS_WORKSPACE_CONFIG"": "":4096:8"", ""CUDA_VISIBLE_DEVICES"": ""1""}",2026-08-21T14:30:09
VNAT_5s_tcpdur_random70_stratified_flowlevel_splitseed42_3feat_nst_40ms_seed0,VNAT,VNAT_5s_tcp_duration,5,random70_stratified_flowlevel_splitseed42,42,7aa2fe07e2ffeadb,Validation,4,nst,3feat,40ms,126,3,0,64,1459,630,best_val,18,12345,0,True,True,1.0,21.0843,100.0,30,89.1993,83.778,88.7302,83.778,"{""Chat"": 83.333, ""Control"": 96.703, ""File Transfer"": 66.667, ""Streaming"": 88.409}","{""Chat"": 75.521, ""Control"": 95.652, ""File Transfer"": 81.25, ""Streaming"": 94.538}","{""Chat"": 92.949, ""Control"": 97.778, ""File Transfer"": 56.522, ""Streaming"": 83.026}","{""Chat"": 156, ""Control"": 180, ""File Transfer"": 23, ""Streaming"": 271}","{""Chat"": 1.045129, ""Control"": 0.868452, ""File Transfer"": 5.883065, ""Streaming"": 0.580812}","{""Chat"": 349, ""Control"": 420, ""File Transfer"": 62, ""Streaming"": 628}",160440,checkpoints/VNAT_5s_tcp_duration_3feat_seed0/VNAT_5s_tcpdur_random70_stratified_flowlevel_splitseed42_3feat_nst_40ms_seed0.pth,1949770,26.9,OK,,"{""torch"": ""2.4.1+cu121"", ""cuda"": ""12.1"", ""gpu"": ""NVIDIA RTX A4500"", ""numpy"": ""1.26.0"", ""python"": ""3.10.12"", ""deterministic"": true, ""grad_clip_max_norm"": 1.0, ""CUBLAS_WORKSPACE_CONFIG"": "":4096:8"", ""CUDA_VISIBLE_DEVICES"": ""1""}",2026-08-21T14:30:36
VNAT_5s_tcpdur_random70_stratified_flowlevel_splitseed42_3feat_nst_40ms_seed1,VNAT,VNAT_5s_tcp_duration,5,random70_stratified_flowlevel_splitseed42,42,7aa2fe07e2ffeadb,Validation,4,nst,3feat,40ms,126,3,1,64,1459,630,best_val,23,12345,0,True,True,1.0,15.6262,100.0,31,87.3834,81.4525,86.1905,81.4525,"{""Chat"": 80.548, ""Control"": 94.37, ""File Transfer"": 65.0, ""Streaming"": 85.892}","{""Chat"": 70.335, ""Control"": 91.192, ""File Transfer"": 76.471, ""Streaming"": 98.104}","{""Chat"": 94.231, ""Control"": 97.778, ""File Transfer"": 56.522, ""Streaming"": 76.384}","{""Chat"": 156, ""Control"": 180, ""File Transfer"": 23, ""Streaming"": 271}","{""Chat"": 1.045129, ""Control"": 0.868452, ""File Transfer"": 5.883065, ""Streaming"": 0.580812}","{""Chat"": 349, ""Control"": 420, ""File Transfer"": 62, ""Streaming"": 628}",160440,checkpoints/VNAT_5s_tcp_duration_3feat_seed1/VNAT_5s_tcpdur_random70_stratified_flowlevel_splitseed42_3feat_nst_40ms_seed1.pth,1949770,25.4,OK,,"{""torch"": ""2.4.1+cu121"", ""cuda"": ""12.1"", ""gpu"": ""NVIDIA RTX A4500"", ""numpy"": ""1.26.0"", ""python"": ""3.10.12"", ""deterministic"": true, ""grad_clip_max_norm"": 1.0, ""CUBLAS_WORKSPACE_CONFIG"": "":4096:8"", ""CUDA_VISIBLE_DEVICES"": ""1""}",2026-08-21T14:31:01
VNAT_5s_tcpdur_random70_stratified_flowlevel_splitseed42_3feat_nst_40ms_seed2,VNAT,VNAT_5s_tcp_duration,5,random70_stratified_flowlevel_splitseed42,42,7aa2fe07e2ffeadb,Validation,4,nst,3feat,40ms,126,3,2,64,1459,630,best_val,14,12345,0,True,True,1.0,18.6441,100.0,35,87.9604,84.2425,88.4127,84.2425,"{""Chat"": 81.609, ""Control"": 96.419, ""File Transfer"": 70.27, ""Streaming"": 88.672}","{""Chat"": 73.958, ""Control"": 95.628, ""File Transfer"": 92.857, ""Streaming"": 94.191}","{""Chat"": 91.026, ""Control"": 97.222, ""File Transfer"": 56.522, ""Streaming"": 83.764}","{""Chat"": 156, ""Control"": 180, ""File Transfer"": 23, ""Streaming"": 271}","{""Chat"": 1.045129, ""Control"": 0.868452, ""File Transfer"": 5.883065, ""Streaming"": 0.580812}","{""Chat"": 349, ""Control"": 420, ""File Transfer"": 62, ""Streaming"": 628}",160440,checkpoints/VNAT_5s_tcp_duration_3feat_seed2/VNAT_5s_tcpdur_random70_stratified_flowlevel_splitseed42_3feat_nst_40ms_seed2.pth,1949770,30.9,OK,,"{""torch"": ""2.4.1+cu121"", ""cuda"": ""12.1"", ""gpu"": ""NVIDIA RTX A4500"", ""numpy"": ""1.26.0"", ""python"": ""3.10.12"", ""deterministic"": true, ""grad_clip_max_norm"": 1.0, ""CUBLAS_WORKSPACE_CONFIG"": "":4096:8"", ""CUDA_VISIBLE_DEVICES"": ""1""}",2026-08-21T14:31:32
VNAT_5s_tcpdur_random70_stratified_flowlevel_splitseed42_3feat_autoformer_40ms_seed0,VNAT,VNAT_5s_tcp_duration,5,random70_stratified_flowlevel_splitseed42,42,7aa2fe07e2ffeadb,Validation,4,autoformer,3feat,40ms,126,3,0,256,1459,630,best_val,5,12345,0,True,True,1.0,7.1129,100.0,21,66.6702,52.7648,62.5397,52.7648,"{""Chat"": 16.667, ""Control"": 80.453, ""File Transfer"": 47.273, ""Streaming"": 66.667}","{""Chat"": 62.5, ""Control"": 82.081, ""File Transfer"": 40.625, ""Streaming"": 55.86}","{""Chat"": 9.615, ""Control"": 78.889, ""File Transfer"": 56.522, ""Streaming"": 82.657}","{""Chat"": 156, ""Control"": 180, ""File Transfer"": 23, ""Streaming"": 271}","{""Chat"": 1.045129, ""Control"": 0.868452, ""File Transfer"": 5.883065, ""Streaming"": 0.580812}","{""Chat"": 349, ""Control"": 420, ""File Transfer"": 62, ""Streaming"": 628}",132100,checkpoints/VNAT_5s_tcp_duration_3feat_seed0/VNAT_5s_tcpdur_random70_stratified_flowlevel_splitseed42_3feat_autoformer_40ms_seed0.pth,1825890,8.9,OK,,"{""torch"": ""2.4.1+cu121"", ""cuda"": ""12.1"", ""gpu"": ""NVIDIA RTX A4500"", ""numpy"": ""1.26.0"", ""python"": ""3.10.12"", ""deterministic"": true, ""grad_clip_max_norm"": 1.0, ""CUBLAS_WORKSPACE_CONFIG"": "":4096:8"", ""CUDA_VISIBLE_DEVICES"": ""1""}",2026-08-21T14:31:41
VNAT_5s_tcpdur_random70_stratified_flowlevel_splitseed42_3feat_autoformer_40ms_seed1,VNAT,VNAT_5s_tcp_duration,5,random70_stratified_flowlevel_splitseed42,42,7aa2fe07e2ffeadb,Validation,4,autoformer,3feat,40ms,126,3,1,256,1459,630,best_val,25,12345,0,True,True,1.0,6.6537,100.0,33,73.9479,46.6929,54.9206,46.6929,"{""Chat"": 16.949, ""Control"": 57.455, ""File Transfer"": 49.057, ""Streaming"": 63.311}","{""Chat"": 71.429, ""Control"": 83.158, ""File Transfer"": 43.333, ""Streaming"": 49.38}","{""Chat"": 9.615, ""Control"": 43.889, ""File Transfer"": 56.522, ""Streaming"": 88.192}","{""Chat"": 156, ""Control"": 180, ""File Transfer"": 23, ""Streaming"": 271}","{""Chat"": 1.045129, ""Control"": 0.868452, ""File Transfer"": 5.883065, ""Streaming"": 0.580812}","{""Chat"": 349, ""Control"": 420, ""File Transfer"": 62, ""Streaming"": 628}",132100,checkpoints/VNAT_5s_tcp_duration_3feat_seed1/VNAT_5s_tcpdur_random70_stratified_flowlevel_splitseed42_3feat_autoformer_40ms_seed1.pth,1825890,14.1,OK,,"{""torch"": ""2.4.1+cu121"", ""cuda"": ""12.1"", ""gpu"": ""NVIDIA RTX A4500"", ""numpy"": ""1.26.0"", ""python"": ""3.10.12"", ""deterministic"": true, ""grad_clip_max_norm"": 1.0, ""CUBLAS_WORKSPACE_CONFIG"": "":4096:8"", ""CUDA_VISIBLE_DEVICES"": ""1""}",2026-08-21T14:31:56
VNAT_5s_tcpdur_random70_stratified_flowlevel_splitseed42_3feat_autoformer_40ms_seed2,VNAT,VNAT_5s_tcp_duration,5,random70_stratified_flowlevel_splitseed42,42,7aa2fe07e2ffeadb,Validation,4,autoformer,3feat,40ms,126,3,2,256,1459,630,best_val,21,12345,0,True,True,1.0,6.4075,100.0,29,74.2976,56.1472,66.0317,56.1472,"{""Chat"": 17.241, ""Control"": 86.016, ""File Transfer"": 52.83, ""Streaming"": 68.502}","{""Chat"": 83.333, ""Control"": 81.91, ""File Transfer"": 46.667, ""Streaming"": 58.486}","{""Chat"": 9.615, ""Control"": 90.556, ""File Transfer"": 60.87, ""Streaming"": 82.657}","{""Chat"": 156, ""Control"": 180, ""File Transfer"": 23, ""Streaming"": 271}","{""Chat"": 1.045129, ""Control"": 0.868452, ""File Transfer"": 5.883065, ""Streaming"": 0.580812}","{""Chat"": 349, ""Control"": 420, ""File Transfer"": 62, ""Streaming"": 628}",132100,checkpoints/VNAT_5s_tcp_duration_3feat_seed2/VNAT_5s_tcpdur_random70_stratified_flowlevel_splitseed42_3feat_autoformer_40ms_seed2.pth,1825890,12.5,OK,,"{""torch"": ""2.4.1+cu121"", ""cuda"": ""12.1"", ""gpu"": ""NVIDIA RTX A4500"", ""numpy"": ""1.26.0"", ""python"": ""3.10.12"", ""deterministic"": true, ""grad_clip_max_norm"": 1.0, ""CUBLAS_WORKSPACE_CONFIG"": "":4096:8"", ""CUDA_VISIBLE_DEVICES"": ""1""}",2026-08-21T14:32:08
VNAT_5s_tcpdur_random70_stratified_flowlevel_splitseed42_3feat_fedformer_40ms_seed0,VNAT,VNAT_5s_tcp_duration,5,random70_stratified_flowlevel_splitseed42,42,7aa2fe07e2ffeadb,Validation,4,fedformer,3feat,40ms,126,3,0,256,1459,630,best_val,19,12345,4,True,True,1.0,13.3937,100.0,33,80.2312,76.8089,78.5714,76.8089,"{""Chat"": 76.0, ""Control"": 88.665, ""File Transfer"": 70.27, ""Streaming"": 72.3}","{""Chat"": 62.295, ""Control"": 81.106, ""File Transfer"": 92.857, ""Streaming"": 99.355}","{""Chat"": 97.436, ""Control"": 97.778, ""File Transfer"": 56.522, ""Streaming"": 56.827}","{""Chat"": 156, ""Control"": 180, ""File Transfer"": 23, ""Streaming"": 271}","{""Chat"": 1.045129, ""Control"": 0.868452, ""File Transfer"": 5.883065, ""Streaming"": 0.580812}","{""Chat"": 349, ""Control"": 420, ""File Transfer"": 62, ""Streaming"": 628}",391557,checkpoints/VNAT_5s_tcp_duration_3feat_seed0/VNAT_5s_tcpdur_random70_stratified_flowlevel_splitseed42_3feat_fedformer_40ms_seed0.pth,4162347,64.0,OK,,"{""torch"": ""2.4.1+cu121"", ""cuda"": ""12.1"", ""gpu"": ""NVIDIA RTX A4500"", ""numpy"": ""1.26.0"", ""python"": ""3.10.12"", ""deterministic"": true, ""grad_clip_max_norm"": 1.0, ""CUBLAS_WORKSPACE_CONFIG"": "":4096:8"", ""CUDA_VISIBLE_DEVICES"": ""1""}",2026-08-21T14:33:13
VNAT_5s_tcpdur_random70_stratified_flowlevel_splitseed42_3feat_fedformer_40ms_seed1,VNAT,VNAT_5s_tcp_duration,5,random70_stratified_flowlevel_splitseed42,42,7aa2fe07e2ffeadb,Validation,4,fedformer,3feat,40ms,126,3,1,256,1459,630,best_val,19,12345,4,True,True,1.0,10.4235,100.0,32,80.2937,74.6239,76.8254,74.6239,"{""Chat"": 74.693, ""Control"": 88.221, ""File Transfer"": 66.667, ""Streaming"": 68.916}","{""Chat"": 60.558, ""Control"": 80.365, ""File Transfer"": 81.25, ""Streaming"": 99.306}","{""Chat"": 97.436, ""Control"": 97.778, ""File Transfer"": 56.522, ""Streaming"": 52.768}","{""Chat"": 156, ""Control"": 180, ""File Transfer"": 23, ""Streaming"": 271}","{""Chat"": 1.045129, ""Control"": 0.868452, ""File Transfer"": 5.883065, ""Streaming"": 0.580812}","{""Chat"": 349, ""Control"": 420, ""File Transfer"": 62, ""Streaming"": 628}",391557,checkpoints/VNAT_5s_tcp_duration_3feat_seed1/VNAT_5s_tcpdur_random70_stratified_flowlevel_splitseed42_3feat_fedformer_40ms_seed1.pth,4162347,61.4,OK,,"{""torch"": ""2.4.1+cu121"", ""cuda"": ""12.1"", ""gpu"": ""NVIDIA RTX A4500"", ""numpy"": ""1.26.0"", ""python"": ""3.10.12"", ""deterministic"": true, ""grad_clip_max_norm"": 1.0, ""CUBLAS_WORKSPACE_CONFIG"": "":4096:8"", ""CUDA_VISIBLE_DEVICES"": ""1""}",2026-08-21T14:34:15
VNAT_5s_tcpdur_random70_stratified_flowlevel_splitseed42_3feat_fedformer_40ms_seed2,VNAT,VNAT_5s_tcp_duration,5,random70_stratified_flowlevel_splitseed42,42,7aa2fe07e2ffeadb,Validation,4,fedformer,3feat,40ms,126,3,2,256,1459,630,best_val,19,12345,4,True,True,1.0,9.8396,100.0,36,81.4486,76.0626,77.619,76.0626,"{""Chat"": 75.062, ""Control"": 88.442, ""File Transfer"": 70.27, ""Streaming"": 70.476}","{""Chat"": 61.044, ""Control"": 80.734, ""File Transfer"": 92.857, ""Streaming"": 99.329}","{""Chat"": 97.436, ""Control"": 97.778, ""File Transfer"": 56.522, ""Streaming"": 54.613}","{""Chat"": 156, ""Control"": 180, ""File Transfer"": 23, ""Streaming"": 271}","{""Chat"": 1.045129, ""Control"": 0.868452, ""File Transfer"": 5.883065, ""Streaming"": 0.580812}","{""Chat"": 349, ""Control"": 420, ""File Transfer"": 62, ""Streaming"": 628}",391557,checkpoints/VNAT_5s_tcp_duration_3feat_seed2/VNAT_5s_tcpdur_random70_stratified_flowlevel_splitseed42_3feat_fedformer_40ms_seed2.pth,4162347,70.4,OK,,"{""torch"": ""2.4.1+cu121"", ""cuda"": ""12.1"", ""gpu"": ""NVIDIA RTX A4500"", ""numpy"": ""1.26.0"", ""python"": ""3.10.12"", ""deterministic"": true, ""grad_clip_max_norm"": 1.0, ""CUBLAS_WORKSPACE_CONFIG"": "":4096:8"", ""CUDA_VISIBLE_DEVICES"": ""1""}",2026-08-21T14:35:25
VNAT_5s_tcpdur_random70_stratified_flowlevel_splitseed42_3feat_timemixer_40ms_seed0,VNAT,VNAT_5s_tcp_duration,5,random70_stratified_flowlevel_splitseed42,42,7aa2fe07e2ffeadb,Validation,4,timemixer,3feat,40ms,126,3,0,256,1459,630,best_val,23,12345,0,True,True,1.0,3.6086,5.38,31,48.4817,56.283,56.9841,56.283,"{""Chat"": 58.96, ""Control"": 83.855, ""File Transfer"": 68.571, ""Streaming"": 13.746}","{""Chat"": 42.149, ""Control"": 74.043, ""File Transfer"": 100.0, ""Streaming"": 100.0}","{""Chat"": 98.077, ""Control"": 96.667, ""File Transfer"": 52.174, ""Streaming"": 7.38}","{""Chat"": 156, ""Control"": 180, ""File Transfer"": 23, ""Streaming"": 271}","{""Chat"": 1.045129, ""Control"": 0.868452, ""File Transfer"": 5.883065, ""Streaming"": 0.580812}","{""Chat"": 349, ""Control"": 420, ""File Transfer"": 62, ""Streaming"": 628}",256028,checkpoints/VNAT_5s_tcp_duration_3feat_seed0/VNAT_5s_tcpdur_random70_stratified_flowlevel_splitseed42_3feat_timemixer_40ms_seed0.pth,2341446,9.6,OK,,"{""torch"": ""2.4.1+cu121"", ""cuda"": ""12.1"", ""gpu"": ""NVIDIA RTX A4500"", ""numpy"": ""1.26.0"", ""python"": ""3.10.12"", ""deterministic"": true, ""grad_clip_max_norm"": 1.0, ""CUBLAS_WORKSPACE_CONFIG"": "":4096:8"", ""CUDA_VISIBLE_DEVICES"": ""1""}",2026-08-21T14:35:35
VNAT_5s_tcpdur_random70_stratified_flowlevel_splitseed42_3feat_timemixer_40ms_seed1,VNAT,VNAT_5s_tcp_duration,5,random70_stratified_flowlevel_splitseed42,42,7aa2fe07e2ffeadb,Validation,4,timemixer,3feat,40ms,126,3,1,256,1459,630,best_val,7,12345,0,True,True,1.0,3.2507,9.17,20,47.2567,32.6709,34.127,32.6709,"{""Chat"": 0.0, ""Control"": 46.572, ""File Transfer"": 68.571, ""Streaming"": 15.541}","{""Chat"": 0.0, ""Control"": 30.354, ""File Transfer"": 100.0, ""Streaming"": 92.0}","{""Chat"": 0.0, ""Control"": 100.0, ""File Transfer"": 52.174, ""Streaming"": 8.487}","{""Chat"": 156, ""Control"": 180, ""File Transfer"": 23, ""Streaming"": 271}","{""Chat"": 1.045129, ""Control"": 0.868452, ""File Transfer"": 5.883065, ""Streaming"": 0.580812}","{""Chat"": 349, ""Control"": 420, ""File Transfer"": 62, ""Streaming"": 628}",256028,checkpoints/VNAT_5s_tcp_duration_3feat_seed1/VNAT_5s_tcpdur_random70_stratified_flowlevel_splitseed42_3feat_timemixer_40ms_seed1.pth,2341446,6.3,OK,,"{""torch"": ""2.4.1+cu121"", ""cuda"": ""12.1"", ""gpu"": ""NVIDIA RTX A4500"", ""numpy"": ""1.26.0"", ""python"": ""3.10.12"", ""deterministic"": true, ""grad_clip_max_norm"": 1.0, ""CUBLAS_WORKSPACE_CONFIG"": "":4096:8"", ""CUDA_VISIBLE_DEVICES"": ""1""}",2026-08-21T14:35:41
VNAT_5s_tcpdur_random70_stratified_flowlevel_splitseed42_3feat_timemixer_40ms_seed2,VNAT,VNAT_5s_tcp_duration,5,random70_stratified_flowlevel_splitseed42,42,7aa2fe07e2ffeadb,Validation,4,timemixer,3feat,40ms,126,3,2,256,1459,630,best_val,7,12345,0,True,True,1.0,3.2661,4.6,29,47.693,34.52,35.873,34.52,"{""Chat"": 0.0, ""Control"": 47.431, ""File Transfer"": 68.571, ""Streaming"": 22.078}","{""Chat"": 0.0, ""Control"": 31.088, ""File Transfer"": 100.0, ""Streaming"": 91.892}","{""Chat"": 0.0, ""Control"": 100.0, ""File Transfer"": 52.174, ""Streaming"": 12.546}","{""Chat"": 156, ""Control"": 180, ""File Transfer"": 23, ""Streaming"": 271}","{""Chat"": 1.045129, ""Control"": 0.868452, ""File Transfer"": 5.883065, ""Streaming"": 0.580812}","{""Chat"": 349, ""Control"": 420, ""File Transfer"": 62, ""Streaming"": 628}",256028,checkpoints/VNAT_5s_tcp_duration_3feat_seed2/VNAT_5s_tcpdur_random70_stratified_flowlevel_splitseed42_3feat_timemixer_40ms_seed2.pth,2341446,9.4,OK,,"{""torch"": ""2.4.1+cu121"", ""cuda"": ""12.1"", ""gpu"": ""NVIDIA RTX A4500"", ""numpy"": ""1.26.0"", ""python"": ""3.10.12"", ""deterministic"": true, ""grad_clip_max_norm"": 1.0, ""CUBLAS_WORKSPACE_CONFIG"": "":4096:8"", ""CUDA_VISIBLE_DEVICES"": ""1""}",2026-08-21T14:35:51
VNAT_5s_tcpdur_random70_stratified_flowlevel_splitseed42_3feat_timesnet_50ms_seed0,VNAT,VNAT_5s_tcp_duration,5,random70_stratified_flowlevel_splitseed42,42,7aa2fe07e2ffeadb,Validation,4,timesnet,3feat,50ms,101,3,0,256,1459,630,best_val,142,12345,0,True,True,1.0,10.3264,100.0,150,48.3874,63.5778,64.9206,63.5778,"{""Chat"": 67.1, ""Control"": 82.292, ""File Transfer"": 60.0, ""Streaming"": 44.92}","{""Chat"": 50.654, ""Control"": 77.451, ""File Transfer"": 70.588, ""Streaming"": 81.553}","{""Chat"": 99.359, ""Control"": 87.778, ""File Transfer"": 52.174, ""Streaming"": 30.996}","{""Chat"": 156, ""Control"": 180, ""File Transfer"": 23, ""Streaming"": 271}","{""Chat"": 1.045129, ""Control"": 0.868452, ""File Transfer"": 5.883065, ""Streaming"": 0.580812}","{""Chat"": 349, ""Control"": 420, ""File Transfer"": 62, ""Streaming"": 628}",9400836,checkpoints/VNAT_5s_tcp_duration_3feat_seed0/VNAT_5s_tcpdur_random70_stratified_flowlevel_splitseed42_3feat_timesnet_50ms_seed0.pth,38912770,304.9,OK,,"{""torch"": ""2.4.1+cu121"", ""cuda"": ""12.1"", ""gpu"": ""NVIDIA RTX A4500"", ""numpy"": ""1.26.0"", ""python"": ""3.10.12"", ""deterministic"": true, ""grad_clip_max_norm"": 1.0, ""CUBLAS_WORKSPACE_CONFIG"": "":4096:8"", ""CUDA_VISIBLE_DEVICES"": ""1""}",2026-08-21T14:40:56
VNAT_5s_tcpdur_random70_stratified_flowlevel_splitseed42_3feat_timesnet_50ms_seed1,VNAT,VNAT_5s_tcp_duration,5,random70_stratified_flowlevel_splitseed42,42,7aa2fe07e2ffeadb,Validation,4,timesnet,3feat,50ms,101,3,1,256,1459,630,best_val,15,12345,0,True,True,1.0,14.0979,100.0,23,51.999,60.1896,62.8571,60.1896,"{""Chat"": 37.066, ""Control"": 81.967, ""File Transfer"": 61.538, ""Streaming"": 60.187}","{""Chat"": 46.602, ""Control"": 70.85, ""File Transfer"": 75.0, ""Streaming"": 60.985}","{""Chat"": 30.769, ""Control"": 97.222, ""File Transfer"": 52.174, ""Streaming"": 59.41}","{""Chat"": 156, ""Control"": 180, ""File Transfer"": 23, ""Streaming"": 271}","{""Chat"": 1.045129, ""Control"": 0.868452, ""File Transfer"": 5.883065, ""Streaming"": 0.580812}","{""Chat"": 349, ""Control"": 420, ""File Transfer"": 62, ""Streaming"": 628}",9400836,checkpoints/VNAT_5s_tcp_duration_3feat_seed1/VNAT_5s_tcpdur_random70_stratified_flowlevel_splitseed42_3feat_timesnet_50ms_seed1.pth,38912770,46.4,OK,,"{""torch"": ""2.4.1+cu121"", ""cuda"": ""12.1"", ""gpu"": ""NVIDIA RTX A4500"", ""numpy"": ""1.26.0"", ""python"": ""3.10.12"", ""deterministic"": true, ""grad_clip_max_norm"": 1.0, ""CUBLAS_WORKSPACE_CONFIG"": "":4096:8"", ""CUDA_VISIBLE_DEVICES"": ""1""}",2026-08-21T14:41:43
VNAT_5s_tcpdur_random70_stratified_flowlevel_splitseed42_3feat_timesnet_50ms_seed2,VNAT,VNAT_5s_tcp_duration,5,random70_stratified_flowlevel_splitseed42,42,7aa2fe07e2ffeadb,Validation,4,timesnet,3feat,50ms,101,3,2,256,1459,630,best_val,8,12345,0,True,True,1.0,8.7853,100.0,16,53.4194,70.4056,73.1746,70.4056,"{""Chat"": 70.455, ""Control"": 88.542, ""File Transfer"": 60.0, ""Streaming"": 62.626}","{""Chat"": 54.577, ""Control"": 83.333, ""File Transfer"": 70.588, ""Streaming"": 99.2}","{""Chat"": 99.359, ""Control"": 94.444, ""File Transfer"": 52.174, ""Streaming"": 45.756}","{""Chat"": 156, ""Control"": 180, ""File Transfer"": 23, ""Streaming"": 271}","{""Chat"": 1.045129, ""Control"": 0.868452, ""File Transfer"": 5.883065, ""Streaming"": 0.580812}","{""Chat"": 349, ""Control"": 420, ""File Transfer"": 62, ""Streaming"": 628}",9400836,checkpoints/VNAT_5s_tcp_duration_3feat_seed2/VNAT_5s_tcpdur_random70_stratified_flowlevel_splitseed42_3feat_timesnet_50ms_seed2.pth,38912770,32.2,OK,,"{""torch"": ""2.4.1+cu121"", ""cuda"": ""12.1"", ""gpu"": ""NVIDIA RTX A4500"", ""numpy"": ""1.26.0"", ""python"": ""3.10.12"", ""deterministic"": true, ""grad_clip_max_norm"": 1.0, ""CUBLAS_WORKSPACE_CONFIG"": "":4096:8"", ""CUDA_VISIBLE_DEVICES"": ""1""}",2026-08-21T14:42:16
VNAT_5s_tcpdur_random70_stratified_flowlevel_splitseed42_3feat_informer_50ms_seed0,VNAT,VNAT_5s_tcp_duration,5,random70_stratified_flowlevel_splitseed42,42,7aa2fe07e2ffeadb,Validation,4,informer,3feat,50ms,101,3,0,64,1459,630,best_val,11,12345,0,True,True,1.0,31.6022,100.0,30,86.0886,82.2444,84.7619,82.1315,"{""Chat"": 78.191, ""Control"": 95.368, ""File Transfer"": 72.222, ""Streaming"": 82.744}","{""Chat"": 66.818, ""Control"": 93.583, ""File Transfer"": 100.0, ""Streaming"": 94.762}","{""Chat"": 94.231, ""Control"": 97.222, ""File Transfer"": 56.522, ""Streaming"": 73.432}","{""Chat"": 156, ""Control"": 180, ""File Transfer"": 23, ""Streaming"": 271}","{""Chat"": 1.045129, ""Control"": 0.868452, ""File Transfer"": 5.883065, ""Streaming"": 0.580812}","{""Chat"": 349, ""Control"": 420, ""File Transfer"": 62, ""Streaming"": 628}",2780165,checkpoints/VNAT_5s_tcp_duration_3feat_seed0/VNAT_5s_tcpdur_random70_stratified_flowlevel_splitseed42_3feat_informer_50ms_seed0.pth,21404674,27.9,OK,,"{""torch"": ""2.4.1+cu121"", ""cuda"": ""12.1"", ""gpu"": ""NVIDIA RTX A4500"", ""numpy"": ""1.26.0"", ""python"": ""3.10.12"", ""deterministic"": true, ""grad_clip_max_norm"": 1.0, ""CUBLAS_WORKSPACE_CONFIG"": "":4096:8"", ""CUDA_VISIBLE_DEVICES"": ""1""}",2026-08-21T14:42:44
VNAT_5s_tcpdur_random70_stratified_flowlevel_splitseed42_3feat_informer_50ms_seed1,VNAT,VNAT_5s_tcp_duration,5,random70_stratified_flowlevel_splitseed42,42,7aa2fe07e2ffeadb,Validation,4,informer,3feat,50ms,101,3,1,64,1459,630,best_val,33,12345,0,True,True,1.0,46.0369,99.89,41,89.1346,83.8652,86.1905,83.0604,"{""Chat"": 78.754, ""Control"": 95.89, ""File Transfer"": 72.222, ""Streaming"": 85.375}","{""Chat"": 70.558, ""Control"": 94.595, ""File Transfer"": 100.0, ""Streaming"": 91.915}","{""Chat"": 89.103, ""Control"": 97.222, ""File Transfer"": 56.522, ""Streaming"": 79.705}","{""Chat"": 156, ""Control"": 180, ""File Transfer"": 23, ""Streaming"": 271}","{""Chat"": 1.045129, ""Control"": 0.868452, ""File Transfer"": 5.883065, ""Streaming"": 0.580812}","{""Chat"": 349, ""Control"": 420, ""File Transfer"": 62, ""Streaming"": 628}",2780165,checkpoints/VNAT_5s_tcp_duration_3feat_seed1/VNAT_5s_tcpdur_random70_stratified_flowlevel_splitseed42_3feat_informer_50ms_seed1.pth,21404674,39.2,OK,,"{""torch"": ""2.4.1+cu121"", ""cuda"": ""12.1"", ""gpu"": ""NVIDIA RTX A4500"", ""numpy"": ""1.26.0"", ""python"": ""3.10.12"", ""deterministic"": true, ""grad_clip_max_norm"": 1.0, ""CUBLAS_WORKSPACE_CONFIG"": "":4096:8"", ""CUDA_VISIBLE_DEVICES"": ""1""}",2026-08-21T14:43:23
VNAT_5s_tcpdur_random70_stratified_flowlevel_splitseed42_3feat_informer_50ms_seed2,VNAT,VNAT_5s_tcp_duration,5,random70_stratified_flowlevel_splitseed42,42,7aa2fe07e2ffeadb,Validation,4,informer,3feat,50ms,101,3,2,64,1459,630,best_val,13,12345,0,True,True,1.0,44.7323,100.0,25,87.3762,81.9999,84.7619,82.0994,"{""Chat"": 77.419, ""Control"": 95.628, ""File Transfer"": 72.222, ""Streaming"": 83.128}","{""Chat"": 66.667, ""Control"": 94.086, ""File Transfer"": 100.0, ""Streaming"": 93.953}","{""Chat"": 92.308, ""Control"": 97.222, ""File Transfer"": 56.522, ""Streaming"": 74.539}","{""Chat"": 156, ""Control"": 180, ""File Transfer"": 23, ""Streaming"": 271}","{""Chat"": 1.045129, ""Control"": 0.868452, ""File Transfer"": 5.883065, ""Streaming"": 0.580812}","{""Chat"": 349, ""Control"": 420, ""File Transfer"": 62, ""Streaming"": 628}",2780165,checkpoints/VNAT_5s_tcp_duration_3feat_seed2/VNAT_5s_tcpdur_random70_stratified_flowlevel_splitseed42_3feat_informer_50ms_seed2.pth,21404674,22.6,OK,,"{""torch"": ""2.4.1+cu121"", ""cuda"": ""12.1"", ""gpu"": ""NVIDIA RTX A4500"", ""numpy"": ""1.26.0"", ""python"": ""3.10.12"", ""deterministic"": true, ""grad_clip_max_norm"": 1.0, ""CUBLAS_WORKSPACE_CONFIG"": "":4096:8"", ""CUDA_VISIBLE_DEVICES"": ""1""}",2026-08-21T14:43:46
VNAT_5s_tcpdur_random70_stratified_flowlevel_splitseed42_3feat_nst_50ms_seed0,VNAT,VNAT_5s_tcp_duration,5,random70_stratified_flowlevel_splitseed42,42,7aa2fe07e2ffeadb,Validation,4,nst,3feat,50ms,101,3,0,64,1459,630,best_val,28,12345,0,True,True,1.0,15.9594,100.0,40,91.5302,86.4891,91.9048,86.4891,"{""Chat"": 88.754, ""Control"": 96.154, ""File Transfer"": 68.421, ""Streaming"": 92.628}","{""Chat"": 84.393, ""Control"": 95.109, ""File Transfer"": 86.667, ""Streaming"": 94.961}","{""Chat"": 93.59, ""Control"": 97.222, ""File Transfer"": 56.522, ""Streaming"": 90.406}","{""Chat"": 156, ""Control"": 180, ""File Transfer"": 23, ""Streaming"": 271}","{""Chat"": 1.045129, ""Control"": 0.868452, ""File Transfer"": 5.883065, ""Streaming"": 0.580812}","{""Chat"": 349, ""Control"": 420, ""File Transfer"": 62, ""Streaming"": 628}",152290,checkpoints/VNAT_5s_tcp_duration_3feat_seed0/VNAT_5s_tcpdur_random70_stratified_flowlevel_splitseed42_3feat_nst_50ms_seed0.pth,1917258,30.5,OK,,"{""torch"": ""2.4.1+cu121"", ""cuda"": ""12.1"", ""gpu"": ""NVIDIA RTX A4500"", ""numpy"": ""1.26.0"", ""python"": ""3.10.12"", ""deterministic"": true, ""grad_clip_max_norm"": 1.0, ""CUBLAS_WORKSPACE_CONFIG"": "":4096:8"", ""CUDA_VISIBLE_DEVICES"": ""1""}",2026-08-21T14:44:17
VNAT_5s_tcpdur_random70_stratified_flowlevel_splitseed42_3feat_nst_50ms_seed1,VNAT,VNAT_5s_tcp_duration,5,random70_stratified_flowlevel_splitseed42,42,7aa2fe07e2ffeadb,Validation,4,nst,3feat,50ms,101,3,1,64,1459,630,best_val,24,12345,0,True,True,1.0,15.703,100.0,32,85.1302,78.1061,81.746,78.1061,"{""Chat"": 75.661, ""Control"": 92.838, ""File Transfer"": 64.865, ""Streaming"": 79.06}","{""Chat"": 64.414, ""Control"": 88.832, ""File Transfer"": 85.714, ""Streaming"": 93.909}","{""Chat"": 91.667, ""Control"": 97.222, ""File Transfer"": 52.174, ""Streaming"": 68.266}","{""Chat"": 156, ""Control"": 180, ""File Transfer"": 23, ""Streaming"": 271}","{""Chat"": 1.045129, ""Control"": 0.868452, ""File Transfer"": 5.883065, ""Streaming"": 0.580812}","{""Chat"": 349, ""Control"": 420, ""File Transfer"": 62, ""Streaming"": 628}",152290,checkpoints/VNAT_5s_tcp_duration_3feat_seed1/VNAT_5s_tcpdur_random70_stratified_flowlevel_splitseed42_3feat_nst_50ms_seed1.pth,1917258,28.5,OK,,"{""torch"": ""2.4.1+cu121"", ""cuda"": ""12.1"", ""gpu"": ""NVIDIA RTX A4500"", ""numpy"": ""1.26.0"", ""python"": ""3.10.12"", ""deterministic"": true, ""grad_clip_max_norm"": 1.0, ""CUBLAS_WORKSPACE_CONFIG"": "":4096:8"", ""CUDA_VISIBLE_DEVICES"": ""1""}",2026-08-21T14:44:45
VNAT_5s_tcpdur_random70_stratified_flowlevel_splitseed42_3feat_nst_50ms_seed2,VNAT,VNAT_5s_tcp_duration,5,random70_stratified_flowlevel_splitseed42,42,7aa2fe07e2ffeadb,Validation,4,nst,3feat,50ms,101,3,2,64,1459,630,best_val,30,12345,0,True,True,1.0,23.3597,100.0,38,89.3954,86.4935,89.6825,86.4935,"{""Chat"": 84.211, ""Control"": 96.685, ""File Transfer"": 75.676, ""Streaming"": 89.403}","{""Chat"": 77.419, ""Control"": 96.154, ""File Transfer"": 100.0, ""Streaming"": 93.548}","{""Chat"": 92.308, ""Control"": 97.222, ""File Transfer"": 60.87, ""Streaming"": 85.609}","{""Chat"": 156, ""Control"": 180, ""File Transfer"": 23, ""Streaming"": 271}","{""Chat"": 1.045129, ""Control"": 0.868452, ""File Transfer"": 5.883065, ""Streaming"": 0.580812}","{""Chat"": 349, ""Control"": 420, ""File Transfer"": 62, ""Streaming"": 628}",152290,checkpoints/VNAT_5s_tcp_duration_3feat_seed2/VNAT_5s_tcpdur_random70_stratified_flowlevel_splitseed42_3feat_nst_50ms_seed2.pth,1917258,36.7,OK,,"{""torch"": ""2.4.1+cu121"", ""cuda"": ""12.1"", ""gpu"": ""NVIDIA RTX A4500"", ""numpy"": ""1.26.0"", ""python"": ""3.10.12"", ""deterministic"": true, ""grad_clip_max_norm"": 1.0, ""CUBLAS_WORKSPACE_CONFIG"": "":4096:8"", ""CUDA_VISIBLE_DEVICES"": ""1""}",2026-08-21T14:45:22
VNAT_5s_tcpdur_random70_stratified_flowlevel_splitseed42_3feat_autoformer_50ms_seed0,VNAT,VNAT_5s_tcp_duration,5,random70_stratified_flowlevel_splitseed42,42,7aa2fe07e2ffeadb,Validation,4,autoformer,3feat,50ms,101,3,0,256,1459,630,best_val,11,12345,0,True,True,1.0,6.483,100.0,20,70.7661,42.1026,51.5873,42.1026,"{""Chat"": 0.0, ""Control"": 52.941, ""File Transfer"": 54.167, ""Streaming"": 61.303}","{""Chat"": 0.0, ""Control"": 78.261, ""File Transfer"": 52.0, ""Streaming"": 46.875}","{""Chat"": 0.0, ""Control"": 40.0, ""File Transfer"": 56.522, ""Streaming"": 88.561}","{""Chat"": 156, ""Control"": 180, ""File Transfer"": 23, ""Streaming"": 271}","{""Chat"": 1.045129, ""Control"": 0.868452, ""File Transfer"": 5.883065, ""Streaming"": 0.580812}","{""Chat"": 349, ""Control"": 420, ""File Transfer"": 62, ""Streaming"": 628}",125700,checkpoints/VNAT_5s_tcp_duration_3feat_seed0/VNAT_5s_tcpdur_random70_stratified_flowlevel_splitseed42_3feat_autoformer_50ms_seed0.pth,1800290,8.4,OK,,"{""torch"": ""2.4.1+cu121"", ""cuda"": ""12.1"", ""gpu"": ""NVIDIA RTX A4500"", ""numpy"": ""1.26.0"", ""python"": ""3.10.12"", ""deterministic"": true, ""grad_clip_max_norm"": 1.0, ""CUBLAS_WORKSPACE_CONFIG"": "":4096:8"", ""CUDA_VISIBLE_DEVICES"": ""1""}",2026-08-21T14:45:31
VNAT_5s_tcpdur_random70_stratified_flowlevel_splitseed42_3feat_autoformer_50ms_seed1,VNAT,VNAT_5s_tcp_duration,5,random70_stratified_flowlevel_splitseed42,42,7aa2fe07e2ffeadb,Validation,4,autoformer,3feat,50ms,101,3,1,256,1459,630,best_val,3,12345,0,True,True,1.0,6.0682,100.0,23,51.1423,63.0572,66.8254,63.0572,"{""Chat"": 51.948, ""Control"": 85.942, ""File Transfer"": 50.98, ""Streaming"": 63.359}","{""Chat"": 52.632, ""Control"": 82.234, ""File Transfer"": 46.429, ""Streaming"": 65.613}","{""Chat"": 51.282, ""Control"": 90.0, ""File Transfer"": 56.522, ""Streaming"": 61.255}","{""Chat"": 156, ""Control"": 180, ""File Transfer"": 23, ""Streaming"": 271}","{""Chat"": 1.045129, ""Control"": 0.868452, ""File Transfer"": 5.883065, ""Streaming"": 0.580812}","{""Chat"": 349, ""Control"": 420, ""File Transfer"": 62, ""Streaming"": 628}",125700,checkpoints/VNAT_5s_tcp_duration_3feat_seed1/VNAT_5s_tcpdur_random70_stratified_flowlevel_splitseed42_3feat_autoformer_50ms_seed1.pth,1800290,9.2,OK,,"{""torch"": ""2.4.1+cu121"", ""cuda"": ""12.1"", ""gpu"": ""NVIDIA RTX A4500"", ""numpy"": ""1.26.0"", ""python"": ""3.10.12"", ""deterministic"": true, ""grad_clip_max_norm"": 1.0, ""CUBLAS_WORKSPACE_CONFIG"": "":4096:8"", ""CUDA_VISIBLE_DEVICES"": ""1""}",2026-08-21T14:45:40
VNAT_5s_tcpdur_random70_stratified_flowlevel_splitseed42_3feat_autoformer_50ms_seed2,VNAT,VNAT_5s_tcp_duration,5,random70_stratified_flowlevel_splitseed42,42,7aa2fe07e2ffeadb,Validation,4,autoformer,3feat,50ms,101,3,2,256,1459,630,best_val,3,12345,0,True,True,1.0,7.1722,100.0,23,46.8995,58.9092,63.4921,58.9092,"{""Chat"": 62.42, ""Control"": 68.987, ""File Transfer"": 40.625, ""Streaming"": 63.604}","{""Chat"": 62.025, ""Control"": 80.147, ""File Transfer"": 31.707, ""Streaming"": 61.017}","{""Chat"": 62.821, ""Control"": 60.556, ""File Transfer"": 56.522, ""Streaming"": 66.421}","{""Chat"": 156, ""Control"": 180, ""File Transfer"": 23, ""Streaming"": 271}","{""Chat"": 1.045129, ""Control"": 0.868452, ""File Transfer"": 5.883065, ""Streaming"": 0.580812}","{""Chat"": 349, ""Control"": 420, ""File Transfer"": 62, ""Streaming"": 628}",125700,checkpoints/VNAT_5s_tcp_duration_3feat_seed2/VNAT_5s_tcpdur_random70_stratified_flowlevel_splitseed42_3feat_autoformer_50ms_seed2.pth,1800290,9.3,OK,,"{""torch"": ""2.4.1+cu121"", ""cuda"": ""12.1"", ""gpu"": ""NVIDIA RTX A4500"", ""numpy"": ""1.26.0"", ""python"": ""3.10.12"", ""deterministic"": true, ""grad_clip_max_norm"": 1.0, ""CUBLAS_WORKSPACE_CONFIG"": "":4096:8"", ""CUDA_VISIBLE_DEVICES"": ""1""}",2026-08-21T14:45:50
VNAT_5s_tcpdur_random70_stratified_flowlevel_splitseed42_3feat_fedformer_50ms_seed0,VNAT,VNAT_5s_tcp_duration,5,random70_stratified_flowlevel_splitseed42,42,7aa2fe07e2ffeadb,Validation,4,fedformer,3feat,50ms,101,3,0,256,1459,630,best_val,8,12345,4,True,True,1.0,8.512,100.0,35,66.3031,72.3933,76.0317,72.3933,"{""Chat"": 82.282, ""Control"": 77.056, ""File Transfer"": 58.537, ""Streaming"": 71.698}","{""Chat"": 77.401, ""Control"": 63.121, ""File Transfer"": 66.667, ""Streaming"": 99.346}","{""Chat"": 87.821, ""Control"": 98.889, ""File Transfer"": 52.174, ""Streaming"": 56.089}","{""Chat"": 156, ""Control"": 180, ""File Transfer"": 23, ""Streaming"": 271}","{""Chat"": 1.045129, ""Control"": 0.868452, ""File Transfer"": 5.883065, ""Streaming"": 0.580812}","{""Chat"": 349, ""Control"": 420, ""File Transfer"": 62, ""Streaming"": 628}",360581,checkpoints/VNAT_5s_tcp_duration_3feat_seed0/VNAT_5s_tcpdur_random70_stratified_flowlevel_splitseed42_3feat_fedformer_50ms_seed0.pth,4038379,68.3,OK,,"{""torch"": ""2.4.1+cu121"", ""cuda"": ""12.1"", ""gpu"": ""NVIDIA RTX A4500"", ""numpy"": ""1.26.0"", ""python"": ""3.10.12"", ""deterministic"": true, ""grad_clip_max_norm"": 1.0, ""CUBLAS_WORKSPACE_CONFIG"": "":4096:8"", ""CUDA_VISIBLE_DEVICES"": ""1""}",2026-08-21T14:46:58
VNAT_5s_tcpdur_random70_stratified_flowlevel_splitseed42_3feat_fedformer_50ms_seed1,VNAT,VNAT_5s_tcp_duration,5,random70_stratified_flowlevel_splitseed42,42,7aa2fe07e2ffeadb,Validation,4,fedformer,3feat,50ms,101,3,1,256,1459,630,best_val,5,12345,4,True,True,1.0,8.1263,100.0,31,62.4865,70.7166,72.8571,70.7166,"{""Chat"": 78.0, ""Control"": 71.63, ""File Transfer"": 61.538, ""Streaming"": 71.698}","{""Chat"": 81.25, ""Control"": 56.151, ""File Transfer"": 75.0, ""Streaming"": 99.346}","{""Chat"": 75.0, ""Control"": 98.889, ""File Transfer"": 52.174, ""Streaming"": 56.089}","{""Chat"": 156, ""Control"": 180, ""File Transfer"": 23, ""Streaming"": 271}","{""Chat"": 1.045129, ""Control"": 0.868452, ""File Transfer"": 5.883065, ""Streaming"": 0.580812}","{""Chat"": 349, ""Control"": 420, ""File Transfer"": 62, ""Streaming"": 628}",360581,checkpoints/VNAT_5s_tcp_duration_3feat_seed1/VNAT_5s_tcpdur_random70_stratified_flowlevel_splitseed42_3feat_fedformer_50ms_seed1.pth,4038379,60.3,OK,,"{""torch"": ""2.4.1+cu121"", ""cuda"": ""12.1"", ""gpu"": ""NVIDIA RTX A4500"", ""numpy"": ""1.26.0"", ""python"": ""3.10.12"", ""deterministic"": true, ""grad_clip_max_norm"": 1.0, ""CUBLAS_WORKSPACE_CONFIG"": "":4096:8"", ""CUDA_VISIBLE_DEVICES"": ""1""}",2026-08-21T14:47:59
VNAT_5s_tcpdur_random70_stratified_flowlevel_splitseed42_3feat_fedformer_50ms_seed2,VNAT,VNAT_5s_tcp_duration,5,random70_stratified_flowlevel_splitseed42,42,7aa2fe07e2ffeadb,Validation,4,fedformer,3feat,50ms,101,3,2,256,1459,630,best_val,3,12345,4,True,True,1.0,11.2605,100.0,32,52.271,70.343,73.3333,70.343,"{""Chat"": 74.176, ""Control"": 79.907, ""File Transfer"": 60.0, ""Streaming"": 67.29}","{""Chat"": 64.904, ""Control"": 68.952, ""File Transfer"": 70.588, ""Streaming"": 91.72}","{""Chat"": 86.538, ""Control"": 95.0, ""File Transfer"": 52.174, ""Streaming"": 53.137}","{""Chat"": 156, ""Control"": 180, ""File Transfer"": 23, ""Streaming"": 271}","{""Chat"": 1.045129, ""Control"": 0.868452, ""File Transfer"": 5.883065, ""Streaming"": 0.580812}","{""Chat"": 349, ""Control"": 420, ""File Transfer"": 62, ""Streaming"": 628}",360581,checkpoints/VNAT_5s_tcp_duration_3feat_seed2/VNAT_5s_tcpdur_random70_stratified_flowlevel_splitseed42_3feat_fedformer_50ms_seed2.pth,4038379,61.0,OK,,"{""torch"": ""2.4.1+cu121"", ""cuda"": ""12.1"", ""gpu"": ""NVIDIA RTX A4500"", ""numpy"": ""1.26.0"", ""python"": ""3.10.12"", ""deterministic"": true, ""grad_clip_max_norm"": 1.0, ""CUBLAS_WORKSPACE_CONFIG"": "":4096:8"", ""CUDA_VISIBLE_DEVICES"": ""1""}",2026-08-21T14:49:00
VNAT_5s_tcpdur_random70_stratified_flowlevel_splitseed42_3feat_timemixer_50ms_seed0,VNAT,VNAT_5s_tcp_duration,5,random70_stratified_flowlevel_splitseed42,42,7aa2fe07e2ffeadb,Validation,4,timemixer,3feat,50ms,101,3,0,256,1459,630,best_val,7,12345,0,True,True,1.0,3.7074,7.5,20,47.0857,33.8045,42.2222,33.8045,"{""Chat"": 0.0, ""Control"": 9.302, ""File Transfer"": 68.571, ""Streaming"": 57.344}","{""Chat"": 0.0, ""Control"": 28.571, ""File Transfer"": 100.0, ""Streaming"": 42.069}","{""Chat"": 0.0, ""Control"": 5.556, ""File Transfer"": 52.174, ""Streaming"": 90.037}","{""Chat"": 156, ""Control"": 180, ""File Transfer"": 23, ""Streaming"": 271}","{""Chat"": 1.045129, ""Control"": 0.868452, ""File Transfer"": 5.883065, ""Streaming"": 0.580812}","{""Chat"": 349, ""Control"": 420, ""File Transfer"": 62, ""Streaming"": 628}",217138,checkpoints/VNAT_5s_tcp_duration_3feat_seed0/VNAT_5s_tcpdur_random70_stratified_flowlevel_splitseed42_3feat_timemixer_50ms_seed0.pth,2185286,6.2,OK,,"{""torch"": ""2.4.1+cu121"", ""cuda"": ""12.1"", ""gpu"": ""NVIDIA RTX A4500"", ""numpy"": ""1.26.0"", ""python"": ""3.10.12"", ""deterministic"": true, ""grad_clip_max_norm"": 1.0, ""CUBLAS_WORKSPACE_CONFIG"": "":4096:8"", ""CUDA_VISIBLE_DEVICES"": ""1""}",2026-08-21T14:49:06
VNAT_5s_tcpdur_random70_stratified_flowlevel_splitseed42_3feat_timemixer_50ms_seed1,VNAT,VNAT_5s_tcp_duration,5,random70_stratified_flowlevel_splitseed42,42,7aa2fe07e2ffeadb,Validation,4,timemixer,3feat,50ms,101,3,1,256,1459,630,best_val,10,12345,0,True,True,1.0,2.8377,7.14,21,46.3329,34.0863,35.3968,34.0863,"{""Chat"": 0.0, ""Control"": 47.244, ""File Transfer"": 68.571, ""Streaming"": 20.53}","{""Chat"": 0.0, ""Control"": 30.928, ""File Transfer"": 100.0, ""Streaming"": 100.0}","{""Chat"": 0.0, ""Control"": 100.0, ""File Transfer"": 52.174, ""Streaming"": 11.439}","{""Chat"": 156, ""Control"": 180, ""File Transfer"": 23, ""Streaming"": 271}","{""Chat"": 1.045129, ""Control"": 0.868452, ""File Transfer"": 5.883065, ""Streaming"": 0.580812}","{""Chat"": 349, ""Control"": 420, ""File Transfer"": 62, ""Streaming"": 628}",217138,checkpoints/VNAT_5s_tcp_duration_3feat_seed1/VNAT_5s_tcpdur_random70_stratified_flowlevel_splitseed42_3feat_timemixer_50ms_seed1.pth,2185286,6.9,OK,,"{""torch"": ""2.4.1+cu121"", ""cuda"": ""12.1"", ""gpu"": ""NVIDIA RTX A4500"", ""numpy"": ""1.26.0"", ""python"": ""3.10.12"", ""deterministic"": true, ""grad_clip_max_norm"": 1.0, ""CUBLAS_WORKSPACE_CONFIG"": "":4096:8"", ""CUDA_VISIBLE_DEVICES"": ""1""}",2026-08-21T14:49:13
VNAT_5s_tcpdur_random70_stratified_flowlevel_splitseed42_3feat_timemixer_50ms_seed2,VNAT,VNAT_5s_tcp_duration,5,random70_stratified_flowlevel_splitseed42,42,7aa2fe07e2ffeadb,Validation,4,timemixer,3feat,50ms,101,3,2,256,1459,630,best_val,3,12345,0,True,True,1.0,3.6851,7.14,21,38.9799,32.3063,44.6032,32.3063,"{""Chat"": 0.0, ""Control"": 0.0, ""File Transfer"": 68.571, ""Streaming"": 60.654}","{""Chat"": 0.0, ""Control"": 0.0, ""File Transfer"": 100.0, ""Streaming"": 43.669}","{""Chat"": 0.0, ""Control"": 0.0, ""File Transfer"": 52.174, ""Streaming"": 99.262}","{""Chat"": 156, ""Control"": 180, ""File Transfer"": 23, ""Streaming"": 271}","{""Chat"": 1.045129, ""Control"": 0.868452, ""File Transfer"": 5.883065, ""Streaming"": 0.580812}","{""Chat"": 349, ""Control"": 420, ""File Transfer"": 62, ""Streaming"": 628}",217138,checkpoints/VNAT_5s_tcp_duration_3feat_seed2/VNAT_5s_tcpdur_random70_stratified_flowlevel_splitseed42_3feat_timemixer_50ms_seed2.pth,2185286,7.0,OK,,"{""torch"": ""2.4.1+cu121"", ""cuda"": ""12.1"", ""gpu"": ""NVIDIA RTX A4500"", ""numpy"": ""1.26.0"", ""python"": ""3.10.12"", ""deterministic"": true, ""grad_clip_max_norm"": 1.0, ""CUBLAS_WORKSPACE_CONFIG"": "":4096:8"", ""CUDA_VISIBLE_DEVICES"": ""1""}",2026-08-21T14:49:20
VNAT_5s_tcpdur_random70_stratified_flowlevel_splitseed42_3feat_timesnet_75ms_seed0,VNAT,VNAT_5s_tcp_duration,5,random70_stratified_flowlevel_splitseed42,42,7aa2fe07e2ffeadb,Validation,4,timesnet,3feat,75ms,67,3,0,256,1459,630,best_val,17,12345,0,True,True,1.0,10.793,98.92,31,72.571,70.7687,73.4921,70.7687,"{""Chat"": 68.822, ""Control"": 91.003, ""File Transfer"": 60.465, ""Streaming"": 62.785}","{""Chat"": 53.791, ""Control"": 84.689, ""File Transfer"": 65.0, ""Streaming"": 100.0}","{""Chat"": 95.513, ""Control"": 98.333, ""File Transfer"": 56.522, ""Streaming"": 45.756}","{""Chat"": 156, ""Control"": 180, ""File Transfer"": 23, ""Streaming"": 271}","{""Chat"": 1.045129, ""Control"": 0.868452, ""File Transfer"": 5.883065, ""Streaming"": 0.580812}","{""Chat"": 349, ""Control"": 420, ""File Transfer"": 62, ""Streaming"": 628}",9392132,checkpoints/VNAT_5s_tcp_duration_3feat_seed0/VNAT_5s_tcpdur_random70_stratified_flowlevel_splitseed42_3feat_timesnet_75ms_seed0.pth,38877954,43.9,OK,,"{""torch"": ""2.4.1+cu121"", ""cuda"": ""12.1"", ""gpu"": ""NVIDIA RTX A4500"", ""numpy"": ""1.26.0"", ""python"": ""3.10.12"", ""deterministic"": true, ""grad_clip_max_norm"": 1.0, ""CUBLAS_WORKSPACE_CONFIG"": "":4096:8"", ""CUDA_VISIBLE_DEVICES"": ""1""}",2026-08-21T14:50:05
VNAT_5s_tcpdur_random70_stratified_flowlevel_splitseed42_3feat_timesnet_75ms_seed1,VNAT,VNAT_5s_tcp_duration,5,random70_stratified_flowlevel_splitseed42,42,7aa2fe07e2ffeadb,Validation,4,timesnet,3feat,75ms,67,3,1,256,1459,630,best_val,15,12345,0,True,True,1.0,9.7588,100.0,31,70.3233,73.4873,76.9841,73.4873,"{""Chat"": 72.099, ""Control"": 90.769, ""File Transfer"": 60.465, ""Streaming"": 70.616}","{""Chat"": 58.635, ""Control"": 84.286, ""File Transfer"": 65.0, ""Streaming"": 98.675}","{""Chat"": 93.59, ""Control"": 98.333, ""File Transfer"": 56.522, ""Streaming"": 54.982}","{""Chat"": 156, ""Control"": 180, ""File Transfer"": 23, ""Streaming"": 271}","{""Chat"": 1.045129, ""Control"": 0.868452, ""File Transfer"": 5.883065, ""Streaming"": 0.580812}","{""Chat"": 349, ""Control"": 420, ""File Transfer"": 62, ""Streaming"": 628}",9392132,checkpoints/VNAT_5s_tcp_duration_3feat_seed1/VNAT_5s_tcpdur_random70_stratified_flowlevel_splitseed42_3feat_timesnet_75ms_seed1.pth,38877954,48.8,OK,,"{""torch"": ""2.4.1+cu121"", ""cuda"": ""12.1"", ""gpu"": ""NVIDIA RTX A4500"", ""numpy"": ""1.26.0"", ""python"": ""3.10.12"", ""deterministic"": true, ""grad_clip_max_norm"": 1.0, ""CUBLAS_WORKSPACE_CONFIG"": "":4096:8"", ""CUDA_VISIBLE_DEVICES"": ""1""}",2026-08-21T14:50:54
VNAT_5s_tcpdur_random70_stratified_flowlevel_splitseed42_3feat_timesnet_75ms_seed2,VNAT,VNAT_5s_tcp_duration,5,random70_stratified_flowlevel_splitseed42,42,7aa2fe07e2ffeadb,Validation,4,timesnet,3feat,75ms,67,3,2,256,1459,630,best_val,6,12345,0,True,True,1.0,6.3931,100.0,25,58.2944,66.7136,68.7302,66.7136,"{""Chat"": 64.795, ""Control"": 89.744, ""File Transfer"": 60.0, ""Streaming"": 52.316}","{""Chat"": 48.86, ""Control"": 83.333, ""File Transfer"": 70.588, ""Streaming"": 100.0}","{""Chat"": 96.154, ""Control"": 97.222, ""File Transfer"": 52.174, ""Streaming"": 35.424}","{""Chat"": 156, ""Control"": 180, ""File Transfer"": 23, ""Streaming"": 271}","{""Chat"": 1.045129, ""Control"": 0.868452, ""File Transfer"": 5.883065, ""Streaming"": 0.580812}","{""Chat"": 349, ""Control"": 420, ""File Transfer"": 62, ""Streaming"": 628}",9392132,checkpoints/VNAT_5s_tcp_duration_3feat_seed2/VNAT_5s_tcpdur_random70_stratified_flowlevel_splitseed42_3feat_timesnet_75ms_seed2.pth,38877954,36.5,OK,,"{""torch"": ""2.4.1+cu121"", ""cuda"": ""12.1"", ""gpu"": ""NVIDIA RTX A4500"", ""numpy"": ""1.26.0"", ""python"": ""3.10.12"", ""deterministic"": true, ""grad_clip_max_norm"": 1.0, ""CUBLAS_WORKSPACE_CONFIG"": "":4096:8"", ""CUDA_VISIBLE_DEVICES"": ""1""}",2026-08-21T14:51:31
VNAT_5s_tcpdur_random70_stratified_flowlevel_splitseed42_3feat_informer_75ms_seed0,VNAT,VNAT_5s_tcp_duration,5,random70_stratified_flowlevel_splitseed42,42,7aa2fe07e2ffeadb,Validation,4,informer,3feat,75ms,67,3,0,64,1459,630,best_val,8,12345,0,True,True,1.0,26.1169,100.0,25,79.5845,80.71,83.0159,80.5962,"{""Chat"": 76.0, ""Control"": 92.8, ""File Transfer"": 72.222, ""Streaming"": 81.363}","{""Chat"": 68.557, ""Control"": 89.231, ""File Transfer"": 100.0, ""Streaming"": 89.035}","{""Chat"": 85.256, ""Control"": 96.667, ""File Transfer"": 56.522, ""Streaming"": 74.908}","{""Chat"": 156, ""Control"": 180, ""File Transfer"": 23, ""Streaming"": 271}","{""Chat"": 1.045129, ""Control"": 0.868452, ""File Transfer"": 5.883065, ""Streaming"": 0.580812}","{""Chat"": 349, ""Control"": 420, ""File Transfer"": 62, ""Streaming"": 628}",2745349,checkpoints/VNAT_5s_tcp_duration_3feat_seed0/VNAT_5s_tcpdur_random70_stratified_flowlevel_splitseed42_3feat_informer_75ms_seed0.pth,21265410,23.4,OK,,"{""torch"": ""2.4.1+cu121"", ""cuda"": ""12.1"", ""gpu"": ""NVIDIA RTX A4500"", ""numpy"": ""1.26.0"", ""python"": ""3.10.12"", ""deterministic"": true, ""grad_clip_max_norm"": 1.0, ""CUBLAS_WORKSPACE_CONFIG"": "":4096:8"", ""CUDA_VISIBLE_DEVICES"": ""1""}",2026-08-21T14:51:55
VNAT_5s_tcpdur_random70_stratified_flowlevel_splitseed42_3feat_informer_75ms_seed1,VNAT,VNAT_5s_tcp_duration,5,random70_stratified_flowlevel_splitseed42,42,7aa2fe07e2ffeadb,Validation,4,informer,3feat,75ms,67,3,1,64,1459,630,best_val,7,12345,0,True,True,1.0,28.3418,100.0,26,78.1489,74.8259,77.3016,75.5328,"{""Chat"": 70.5, ""Control"": 91.192, ""File Transfer"": 68.421, ""Streaming"": 72.018}","{""Chat"": 57.787, ""Control"": 85.437, ""File Transfer"": 86.667, ""Streaming"": 95.152}","{""Chat"": 90.385, ""Control"": 97.778, ""File Transfer"": 56.522, ""Streaming"": 57.934}","{""Chat"": 156, ""Control"": 180, ""File Transfer"": 23, ""Streaming"": 271}","{""Chat"": 1.045129, ""Control"": 0.868452, ""File Transfer"": 5.883065, ""Streaming"": 0.580812}","{""Chat"": 349, ""Control"": 420, ""File Transfer"": 62, ""Streaming"": 628}",2745349,checkpoints/VNAT_5s_tcp_duration_3feat_seed1/VNAT_5s_tcpdur_random70_stratified_flowlevel_splitseed42_3feat_informer_75ms_seed1.pth,21265410,24.0,OK,,"{""torch"": ""2.4.1+cu121"", ""cuda"": ""12.1"", ""gpu"": ""NVIDIA RTX A4500"", ""numpy"": ""1.26.0"", ""python"": ""3.10.12"", ""deterministic"": true, ""grad_clip_max_norm"": 1.0, ""CUBLAS_WORKSPACE_CONFIG"": "":4096:8"", ""CUDA_VISIBLE_DEVICES"": ""1""}",2026-08-21T14:52:19
VNAT_5s_tcpdur_random70_stratified_flowlevel_splitseed42_3feat_informer_75ms_seed2,VNAT,VNAT_5s_tcp_duration,5,random70_stratified_flowlevel_splitseed42,42,7aa2fe07e2ffeadb,Validation,4,informer,3feat,75ms,67,3,2,64,1459,630,best_val,6,12345,0,True,True,1.0,29.5357,100.0,29,74.1668,79.989,81.5873,78.6895,"{""Chat"": 75.275, ""Control"": 91.667, ""File Transfer"": 68.571, ""Streaming"": 79.245}","{""Chat"": 65.865, ""Control"": 86.275, ""File Transfer"": 100.0, ""Streaming"": 91.748}","{""Chat"": 87.821, ""Control"": 97.778, ""File Transfer"": 52.174, ""Streaming"": 69.742}","{""Chat"": 156, ""Control"": 180, ""File Transfer"": 23, ""Streaming"": 271}","{""Chat"": 1.045129, ""Control"": 0.868452, ""File Transfer"": 5.883065, ""Streaming"": 0.580812}","{""Chat"": 349, ""Control"": 420, ""File Transfer"": 62, ""Streaming"": 628}",2745349,checkpoints/VNAT_5s_tcp_duration_3feat_seed2/VNAT_5s_tcpdur_random70_stratified_flowlevel_splitseed42_3feat_informer_75ms_seed2.pth,21265410,27.4,OK,,"{""torch"": ""2.4.1+cu121"", ""cuda"": ""12.1"", ""gpu"": ""NVIDIA RTX A4500"", ""numpy"": ""1.26.0"", ""python"": ""3.10.12"", ""deterministic"": true, ""grad_clip_max_norm"": 1.0, ""CUBLAS_WORKSPACE_CONFIG"": "":4096:8"", ""CUDA_VISIBLE_DEVICES"": ""1""}",2026-08-21T14:52:46
VNAT_5s_tcpdur_random70_stratified_flowlevel_splitseed42_3feat_nst_75ms_seed0,VNAT,VNAT_5s_tcp_duration,5,random70_stratified_flowlevel_splitseed42,42,7aa2fe07e2ffeadb,Validation,4,nst,3feat,75ms,67,3,0,64,1459,630,best_val,11,12345,0,True,True,1.0,13.0839,100.0,23,80.7916,70.0542,71.5873,70.0542,"{""Chat"": 63.747, ""Control"": 91.003, ""File Transfer"": 63.415, ""Streaming"": 62.053}","{""Chat"": 51.373, ""Control"": 84.689, ""File Transfer"": 72.222, ""Streaming"": 87.838}","{""Chat"": 83.974, ""Control"": 98.333, ""File Transfer"": 56.522, ""Streaming"": 47.97}","{""Chat"": 156, ""Control"": 180, ""File Transfer"": 23, ""Streaming"": 271}","{""Chat"": 1.045129, ""Control"": 0.868452, ""File Transfer"": 5.883065, ""Streaming"": 0.580812}","{""Chat"": 349, ""Control"": 420, ""File Transfer"": 62, ""Streaming"": 628}",141206,checkpoints/VNAT_5s_tcp_duration_3feat_seed0/VNAT_5s_tcpdur_random70_stratified_flowlevel_splitseed42_3feat_nst_75ms_seed0.pth,1872842,21.1,OK,,"{""torch"": ""2.4.1+cu121"", ""cuda"": ""12.1"", ""gpu"": ""NVIDIA RTX A4500"", ""numpy"": ""1.26.0"", ""python"": ""3.10.12"", ""deterministic"": true, ""grad_clip_max_norm"": 1.0, ""CUBLAS_WORKSPACE_CONFIG"": "":4096:8"", ""CUDA_VISIBLE_DEVICES"": ""1""}",2026-08-21T14:53:07
VNAT_5s_tcpdur_random70_stratified_flowlevel_splitseed42_3feat_nst_75ms_seed1,VNAT,VNAT_5s_tcp_duration,5,random70_stratified_flowlevel_splitseed42,42,7aa2fe07e2ffeadb,Validation,4,nst,3feat,75ms,67,3,1,64,1459,630,best_val,17,12345,0,True,True,1.0,13.3695,100.0,25,77.1338,69.9189,70.6349,69.9189,"{""Chat"": 65.066, ""Control"": 91.71, ""File Transfer"": 66.667, ""Streaming"": 56.233}","{""Chat"": 49.338, ""Control"": 85.922, ""File Transfer"": 81.25, ""Streaming"": 100.0}","{""Chat"": 95.513, ""Control"": 98.333, ""File Transfer"": 56.522, ""Streaming"": 39.114}","{""Chat"": 156, ""Control"": 180, ""File Transfer"": 23, ""Streaming"": 271}","{""Chat"": 1.045129, ""Control"": 0.868452, ""File Transfer"": 5.883065, ""Streaming"": 0.580812}","{""Chat"": 349, ""Control"": 420, ""File Transfer"": 62, ""Streaming"": 628}",141206,checkpoints/VNAT_5s_tcp_duration_3feat_seed1/VNAT_5s_tcpdur_random70_stratified_flowlevel_splitseed42_3feat_nst_75ms_seed1.pth,1872842,24.0,OK,,"{""torch"": ""2.4.1+cu121"", ""cuda"": ""12.1"", ""gpu"": ""NVIDIA RTX A4500"", ""numpy"": ""1.26.0"", ""python"": ""3.10.12"", ""deterministic"": true, ""grad_clip_max_norm"": 1.0, ""CUBLAS_WORKSPACE_CONFIG"": "":4096:8"", ""CUDA_VISIBLE_DEVICES"": ""1""}",2026-08-21T14:53:32
VNAT_5s_tcpdur_random70_stratified_flowlevel_splitseed42_3feat_nst_75ms_seed2,VNAT,VNAT_5s_tcp_duration,5,random70_stratified_flowlevel_splitseed42,42,7aa2fe07e2ffeadb,Validation,4,nst,3feat,75ms,67,3,2,64,1459,630,best_val,12,12345,0,True,True,1.0,12.9907,100.0,26,71.867,73.0811,74.127,73.0811,"{""Chat"": 68.506, ""Control"": 91.237, ""File Transfer"": 68.421, ""Streaming"": 64.16}","{""Chat"": 53.405, ""Control"": 85.096, ""File Transfer"": 86.667, ""Streaming"": 100.0}","{""Chat"": 95.513, ""Control"": 98.333, ""File Transfer"": 56.522, ""Streaming"": 47.232}","{""Chat"": 156, ""Control"": 180, ""File Transfer"": 23, ""Streaming"": 271}","{""Chat"": 1.045129, ""Control"": 0.868452, ""File Transfer"": 5.883065, ""Streaming"": 0.580812}","{""Chat"": 349, ""Control"": 420, ""File Transfer"": 62, ""Streaming"": 628}",141206,checkpoints/VNAT_5s_tcp_duration_3feat_seed2/VNAT_5s_tcpdur_random70_stratified_flowlevel_splitseed42_3feat_nst_75ms_seed2.pth,1872842,24.2,OK,,"{""torch"": ""2.4.1+cu121"", ""cuda"": ""12.1"", ""gpu"": ""NVIDIA RTX A4500"", ""numpy"": ""1.26.0"", ""python"": ""3.10.12"", ""deterministic"": true, ""grad_clip_max_norm"": 1.0, ""CUBLAS_WORKSPACE_CONFIG"": "":4096:8"", ""CUDA_VISIBLE_DEVICES"": ""1""}",2026-08-21T14:53:56
VNAT_5s_tcpdur_random70_stratified_flowlevel_splitseed42_3feat_autoformer_75ms_seed0,VNAT,VNAT_5s_tcp_duration,5,random70_stratified_flowlevel_splitseed42,42,7aa2fe07e2ffeadb,Validation,4,autoformer,3feat,75ms,67,3,0,256,1459,630,best_val,11,12345,0,True,True,1.0,5.3985,100.0,28,68.0039,58.2894,68.4127,58.2894,"{""Chat"": 16.667, ""Control"": 88.608, ""File Transfer"": 56.522, ""Streaming"": 71.362}","{""Chat"": 62.5, ""Control"": 81.395, ""File Transfer"": 56.522, ""Streaming"": 61.957}","{""Chat"": 9.615, ""Control"": 97.222, ""File Transfer"": 56.522, ""Streaming"": 84.133}","{""Chat"": 156, ""Control"": 180, ""File Transfer"": 23, ""Streaming"": 271}","{""Chat"": 1.045129, ""Control"": 0.868452, ""File Transfer"": 5.883065, ""Streaming"": 0.580812}","{""Chat"": 349, ""Control"": 420, ""File Transfer"": 62, ""Streaming"": 628}",116996,checkpoints/VNAT_5s_tcp_duration_3feat_seed0/VNAT_5s_tcpdur_random70_stratified_flowlevel_splitseed42_3feat_autoformer_75ms_seed0.pth,1765474,10.6,OK,,"{""torch"": ""2.4.1+cu121"", ""cuda"": ""12.1"", ""gpu"": ""NVIDIA RTX A4500"", ""numpy"": ""1.26.0"", ""python"": ""3.10.12"", ""deterministic"": true, ""grad_clip_max_norm"": 1.0, ""CUBLAS_WORKSPACE_CONFIG"": "":4096:8"", ""CUDA_VISIBLE_DEVICES"": ""1""}",2026-08-21T14:54:06
VNAT_5s_tcpdur_random70_stratified_flowlevel_splitseed42_3feat_autoformer_75ms_seed1,VNAT,VNAT_5s_tcp_duration,5,random70_stratified_flowlevel_splitseed42,42,7aa2fe07e2ffeadb,Validation,4,autoformer,3feat,75ms,67,3,1,256,1459,630,best_val,2,12345,0,True,True,1.0,5.5938,100.0,24,39.56,54.9115,56.0317,54.9115,"{""Chat"": 52.673, ""Control"": 85.411, ""File Transfer"": 53.333, ""Streaming"": 28.228}","{""Chat"": 38.109, ""Control"": 81.726, ""File Transfer"": 54.545, ""Streaming"": 75.806}","{""Chat"": 85.256, ""Control"": 89.444, ""File Transfer"": 52.174, ""Streaming"": 17.343}","{""Chat"": 156, ""Control"": 180, ""File Transfer"": 23, ""Streaming"": 271}","{""Chat"": 1.045129, ""Control"": 0.868452, ""File Transfer"": 5.883065, ""Streaming"": 0.580812}","{""Chat"": 349, ""Control"": 420, ""File Transfer"": 62, ""Streaming"": 628}",116996,checkpoints/VNAT_5s_tcp_duration_3feat_seed1/VNAT_5s_tcpdur_random70_stratified_flowlevel_splitseed42_3feat_autoformer_75ms_seed1.pth,1765474,9.1,OK,,"{""torch"": ""2.4.1+cu121"", ""cuda"": ""12.1"", ""gpu"": ""NVIDIA RTX A4500"", ""numpy"": ""1.26.0"", ""python"": ""3.10.12"", ""deterministic"": true, ""grad_clip_max_norm"": 1.0, ""CUBLAS_WORKSPACE_CONFIG"": "":4096:8"", ""CUDA_VISIBLE_DEVICES"": ""1""}",2026-08-21T14:54:16
VNAT_5s_tcpdur_random70_stratified_flowlevel_splitseed42_3feat_autoformer_75ms_seed2,VNAT,VNAT_5s_tcp_duration,5,random70_stratified_flowlevel_splitseed42,42,7aa2fe07e2ffeadb,Validation,4,autoformer,3feat,75ms,67,3,2,256,1459,630,best_val,5,12345,0,True,True,1.0,5.3361,100.0,22,57.5901,53.0922,60.9524,53.0922,"{""Chat"": 15.094, ""Control"": 84.541, ""File Transfer"": 51.064, ""Streaming"": 61.67}","{""Chat"": 28.571, ""Control"": 74.786, ""File Transfer"": 50.0, ""Streaming"": 57.278}","{""Chat"": 10.256, ""Control"": 97.222, ""File Transfer"": 52.174, ""Streaming"": 66.79}","{""Chat"": 156, ""Control"": 180, ""File Transfer"": 23, ""Streaming"": 271}","{""Chat"": 1.045129, ""Control"": 0.868452, ""File Transfer"": 5.883065, ""Streaming"": 0.580812}","{""Chat"": 349, ""Control"": 420, ""File Transfer"": 62, ""Streaming"": 628}",116996,checkpoints/VNAT_5s_tcp_duration_3feat_seed2/VNAT_5s_tcpdur_random70_stratified_flowlevel_splitseed42_3feat_autoformer_75ms_seed2.pth,1765474,8.5,OK,,"{""torch"": ""2.4.1+cu121"", ""cuda"": ""12.1"", ""gpu"": ""NVIDIA RTX A4500"", ""numpy"": ""1.26.0"", ""python"": ""3.10.12"", ""deterministic"": true, ""grad_clip_max_norm"": 1.0, ""CUBLAS_WORKSPACE_CONFIG"": "":4096:8"", ""CUDA_VISIBLE_DEVICES"": ""1""}",2026-08-21T14:54:24
VNAT_5s_tcpdur_random70_stratified_flowlevel_splitseed42_3feat_fedformer_75ms_seed0,VNAT,VNAT_5s_tcp_duration,5,random70_stratified_flowlevel_splitseed42,42,7aa2fe07e2ffeadb,Validation,4,fedformer,3feat,75ms,67,3,0,256,1459,630,best_val,10,12345,4,True,True,1.0,8.8366,100.0,31,65.6928,66.8074,68.7302,66.8074,"{""Chat"": 64.24, ""Control"": 90.674, ""File Transfer"": 60.0, ""Streaming"": 52.316}","{""Chat"": 48.232, ""Control"": 84.951, ""File Transfer"": 70.588, ""Streaming"": 100.0}","{""Chat"": 96.154, ""Control"": 97.222, ""File Transfer"": 52.174, ""Streaming"": 35.424}","{""Chat"": 156, ""Control"": 180, ""File Transfer"": 23, ""Streaming"": 271}","{""Chat"": 1.045129, ""Control"": 0.868452, ""File Transfer"": 5.883065, ""Streaming"": 0.580812}","{""Chat"": 349, ""Control"": 420, ""File Transfer"": 62, ""Streaming"": 628}",315013,checkpoints/VNAT_5s_tcp_duration_3feat_seed0/VNAT_5s_tcpdur_random70_stratified_flowlevel_splitseed42_3feat_fedformer_75ms_seed0.pth,3856107,59.7,OK,,"{""torch"": ""2.4.1+cu121"", ""cuda"": ""12.1"", ""gpu"": ""NVIDIA RTX A4500"", ""numpy"": ""1.26.0"", ""python"": ""3.10.12"", ""deterministic"": true, ""grad_clip_max_norm"": 1.0, ""CUBLAS_WORKSPACE_CONFIG"": "":4096:8"", ""CUDA_VISIBLE_DEVICES"": ""1""}",2026-08-21T14:55:24
VNAT_5s_tcpdur_random70_stratified_flowlevel_splitseed42_3feat_fedformer_75ms_seed1,VNAT,VNAT_5s_tcp_duration,5,random70_stratified_flowlevel_splitseed42,42,7aa2fe07e2ffeadb,Validation,4,fedformer,3feat,75ms,67,3,1,256,1459,630,best_val,12,12345,4,True,True,1.0,5.9196,100.0,31,67.9205,59.6836,61.4286,59.6836,"{""Chat"": 58.777, ""Control"": 89.744, ""File Transfer"": 58.537, ""Streaming"": 31.677}","{""Chat"": 42.45, ""Control"": 83.333, ""File Transfer"": 66.667, ""Streaming"": 100.0}","{""Chat"": 95.513, ""Control"": 97.222, ""File Transfer"": 52.174, ""Streaming"": 18.819}","{""Chat"": 156, ""Control"": 180, ""File Transfer"": 23, ""Streaming"": 271}","{""Chat"": 1.045129, ""Control"": 0.868452, ""File Transfer"": 5.883065, ""Streaming"": 0.580812}","{""Chat"": 349, ""Control"": 420, ""File Transfer"": 62, ""Streaming"": 628}",315013,checkpoints/VNAT_5s_tcp_duration_3feat_seed1/VNAT_5s_tcpdur_random70_stratified_flowlevel_splitseed42_3feat_fedformer_75ms_seed1.pth,3856107,59.7,OK,,"{""torch"": ""2.4.1+cu121"", ""cuda"": ""12.1"", ""gpu"": ""NVIDIA RTX A4500"", ""numpy"": ""1.26.0"", ""python"": ""3.10.12"", ""deterministic"": true, ""grad_clip_max_norm"": 1.0, ""CUBLAS_WORKSPACE_CONFIG"": "":4096:8"", ""CUDA_VISIBLE_DEVICES"": ""1""}",2026-08-21T14:56:24
VNAT_5s_tcpdur_random70_stratified_flowlevel_splitseed42_3feat_fedformer_75ms_seed2,VNAT,VNAT_5s_tcp_duration,5,random70_stratified_flowlevel_splitseed42,42,7aa2fe07e2ffeadb,Validation,4,fedformer,3feat,75ms,67,3,2,256,1459,630,best_val,9,12345,4,True,True,1.0,5.9193,100.0,35,66.7032,66.4932,68.4127,66.4932,"{""Chat"": 64.086, ""Control"": 89.974, ""File Transfer"": 60.0, ""Streaming"": 51.913}","{""Chat"": 48.22, ""Control"": 83.732, ""File Transfer"": 70.588, ""Streaming"": 100.0}","{""Chat"": 95.513, ""Control"": 97.222, ""File Transfer"": 52.174, ""Streaming"": 35.055}","{""Chat"": 156, ""Control"": 180, ""File Transfer"": 23, ""Streaming"": 271}","{""Chat"": 1.045129, ""Control"": 0.868452, ""File Transfer"": 5.883065, ""Streaming"": 0.580812}","{""Chat"": 349, ""Control"": 420, ""File Transfer"": 62, ""Streaming"": 628}",315013,checkpoints/VNAT_5s_tcp_duration_3feat_seed2/VNAT_5s_tcpdur_random70_stratified_flowlevel_splitseed42_3feat_fedformer_75ms_seed2.pth,3856107,68.3,OK,,"{""torch"": ""2.4.1+cu121"", ""cuda"": ""12.1"", ""gpu"": ""NVIDIA RTX A4500"", ""numpy"": ""1.26.0"", ""python"": ""3.10.12"", ""deterministic"": true, ""grad_clip_max_norm"": 1.0, ""CUBLAS_WORKSPACE_CONFIG"": "":4096:8"", ""CUDA_VISIBLE_DEVICES"": ""1""}",2026-08-21T14:57:33
VNAT_5s_tcpdur_random70_stratified_flowlevel_splitseed42_3feat_timemixer_75ms_seed0,VNAT,VNAT_5s_tcp_duration,5,random70_stratified_flowlevel_splitseed42,42,7aa2fe07e2ffeadb,Validation,4,timemixer,3feat,75ms,67,3,0,256,1459,630,best_val,7,12345,0,True,True,1.0,3.676,6.82,22,46.6848,45.4669,52.0635,45.4669,"{""Chat"": 0.0, ""Control"": 50.923, ""File Transfer"": 68.571, ""Streaming"": 62.374}","{""Chat"": 0.0, ""Control"": 75.824, ""File Transfer"": 100.0, ""Streaming"": 47.409}","{""Chat"": 0.0, ""Control"": 38.333, ""File Transfer"": 52.174, ""Streaming"": 91.144}","{""Chat"": 156, ""Control"": 180, ""File Transfer"": 23, ""Streaming"": 271}","{""Chat"": 1.045129, ""Control"": 0.868452, ""File Transfer"": 5.883065, ""Streaming"": 0.580812}","{""Chat"": 349, ""Control"": 420, ""File Transfer"": 62, ""Streaming"": 628}",176076,checkpoints/VNAT_5s_tcp_duration_3feat_seed0/VNAT_5s_tcpdur_random70_stratified_flowlevel_splitseed42_3feat_timemixer_75ms_seed0.pth,2021446,6.7,OK,,"{""torch"": ""2.4.1+cu121"", ""cuda"": ""12.1"", ""gpu"": ""NVIDIA RTX A4500"", ""numpy"": ""1.26.0"", ""python"": ""3.10.12"", ""deterministic"": true, ""grad_clip_max_norm"": 1.0, ""CUBLAS_WORKSPACE_CONFIG"": "":4096:8"", ""CUDA_VISIBLE_DEVICES"": ""1""}",2026-08-21T14:57:40
VNAT_5s_tcpdur_random70_stratified_flowlevel_splitseed42_3feat_timemixer_75ms_seed1,VNAT,VNAT_5s_tcp_duration,5,random70_stratified_flowlevel_splitseed42,42,7aa2fe07e2ffeadb,Validation,4,timemixer,3feat,75ms,67,3,1,256,1459,630,best_val,13,12345,0,True,True,1.0,3.7468,6.67,25,51.6555,48.9414,44.4444,48.9414,"{""Chat"": 47.619, ""Control"": 52.549, ""File Transfer"": 66.667, ""Streaming"": 28.931}","{""Chat"": 31.313, ""Control"": 89.333, ""File Transfer"": 92.308, ""Streaming"": 97.872}","{""Chat"": 99.359, ""Control"": 37.222, ""File Transfer"": 52.174, ""Streaming"": 16.974}","{""Chat"": 156, ""Control"": 180, ""File Transfer"": 23, ""Streaming"": 271}","{""Chat"": 1.045129, ""Control"": 0.868452, ""File Transfer"": 5.883065, ""Streaming"": 0.580812}","{""Chat"": 349, ""Control"": 420, ""File Transfer"": 62, ""Streaming"": 628}",176076,checkpoints/VNAT_5s_tcp_duration_3feat_seed1/VNAT_5s_tcpdur_random70_stratified_flowlevel_splitseed42_3feat_timemixer_75ms_seed1.pth,2021446,7.2,OK,,"{""torch"": ""2.4.1+cu121"", ""cuda"": ""12.1"", ""gpu"": ""NVIDIA RTX A4500"", ""numpy"": ""1.26.0"", ""python"": ""3.10.12"", ""deterministic"": true, ""grad_clip_max_norm"": 1.0, ""CUBLAS_WORKSPACE_CONFIG"": "":4096:8"", ""CUDA_VISIBLE_DEVICES"": ""1""}",2026-08-21T14:57:47
VNAT_5s_tcpdur_random70_stratified_flowlevel_splitseed42_3feat_timemixer_75ms_seed2,VNAT,VNAT_5s_tcp_duration,5,random70_stratified_flowlevel_splitseed42,42,7aa2fe07e2ffeadb,Validation,4,timemixer,3feat,75ms,67,3,2,256,1459,630,best_val,28,12345,0,True,True,1.0,2.8086,6.48,36,48.0457,53.5438,54.2857,53.5438,"{""Chat"": 55.556, ""Control"": 85.012, ""File Transfer"": 68.571, ""Streaming"": 5.036}","{""Chat"": 39.062, ""Control"": 76.211, ""File Transfer"": 100.0, ""Streaming"": 100.0}","{""Chat"": 96.154, ""Control"": 96.111, ""File Transfer"": 52.174, ""Streaming"": 2.583}","{""Chat"": 156, ""Control"": 180, ""File Transfer"": 23, ""Streaming"": 271}","{""Chat"": 1.045129, ""Control"": 0.868452, ""File Transfer"": 5.883065, ""Streaming"": 0.580812}","{""Chat"": 349, ""Control"": 420, ""File Transfer"": 62, ""Streaming"": 628}",176076,checkpoints/VNAT_5s_tcp_duration_3feat_seed2/VNAT_5s_tcpdur_random70_stratified_flowlevel_splitseed42_3feat_timemixer_75ms_seed2.pth,2021446,11.3,OK,,"{""torch"": ""2.4.1+cu121"", ""cuda"": ""12.1"", ""gpu"": ""NVIDIA RTX A4500"", ""numpy"": ""1.26.0"", ""python"": ""3.10.12"", ""deterministic"": true, ""grad_clip_max_norm"": 1.0, ""CUBLAS_WORKSPACE_CONFIG"": "":4096:8"", ""CUDA_VISIBLE_DEVICES"": ""1""}",2026-08-21T14:57:58
VNAT_5s_tcpdur_random70_stratified_flowlevel_splitseed42_3feat_timesnet_100ms_seed0,VNAT,VNAT_5s_tcp_duration,5,random70_stratified_flowlevel_splitseed42,42,7aa2fe07e2ffeadb,Validation,4,timesnet,3feat,100ms,51,3,0,256,1459,630,best_val,6,12345,0,True,True,1.0,7.1651,100.0,19,46.3613,53.9274,53.9683,53.9274,"{""Chat"": 59.765, ""Control"": 64.208, ""File Transfer"": 60.0, ""Streaming"": 31.737}","{""Chat"": 47.212, ""Control"": 52.669, ""File Transfer"": 70.588, ""Streaming"": 84.127}","{""Chat"": 81.41, ""Control"": 82.222, ""File Transfer"": 52.174, ""Streaming"": 19.557}","{""Chat"": 156, ""Control"": 180, ""File Transfer"": 23, ""Streaming"": 271}","{""Chat"": 1.045129, ""Control"": 0.868452, ""File Transfer"": 5.883065, ""Streaming"": 0.580812}","{""Chat"": 349, ""Control"": 420, ""File Transfer"": 62, ""Streaming"": 628}",9388036,checkpoints/VNAT_5s_tcp_duration_3feat_seed0/VNAT_5s_tcpdur_random70_stratified_flowlevel_splitseed42_3feat_timesnet_100ms_seed0.pth,38861630,20.5,OK,,"{""torch"": ""2.4.1+cu121"", ""cuda"": ""12.1"", ""gpu"": ""NVIDIA RTX A4500"", ""numpy"": ""1.26.0"", ""python"": ""3.10.12"", ""deterministic"": true, ""grad_clip_max_norm"": 1.0, ""CUBLAS_WORKSPACE_CONFIG"": "":4096:8"", ""CUDA_VISIBLE_DEVICES"": ""1""}",2026-08-21T14:58:19
VNAT_5s_tcpdur_random70_stratified_flowlevel_splitseed42_3feat_timesnet_100ms_seed1,VNAT,VNAT_5s_tcp_duration,5,random70_stratified_flowlevel_splitseed42,42,7aa2fe07e2ffeadb,Validation,4,timesnet,3feat,100ms,51,3,1,256,1459,630,best_val,6,12345,0,True,True,1.0,9.0117,100.0,17,49.828,45.5578,45.7143,45.5578,"{""Chat"": 48.634, ""Control"": 58.169, ""File Transfer"": 58.537, ""Streaming"": 16.892}","{""Chat"": 42.381, ""Control"": 42.971, ""File Transfer"": 66.667, ""Streaming"": 100.0}","{""Chat"": 57.051, ""Control"": 90.0, ""File Transfer"": 52.174, ""Streaming"": 9.225}","{""Chat"": 156, ""Control"": 180, ""File Transfer"": 23, ""Streaming"": 271}","{""Chat"": 1.045129, ""Control"": 0.868452, ""File Transfer"": 5.883065, ""Streaming"": 0.580812}","{""Chat"": 349, ""Control"": 420, ""File Transfer"": 62, ""Streaming"": 628}",9388036,checkpoints/VNAT_5s_tcp_duration_3feat_seed1/VNAT_5s_tcpdur_random70_stratified_flowlevel_splitseed42_3feat_timesnet_100ms_seed1.pth,38861630,17.9,OK,,"{""torch"": ""2.4.1+cu121"", ""cuda"": ""12.1"", ""gpu"": ""NVIDIA RTX A4500"", ""numpy"": ""1.26.0"", ""python"": ""3.10.12"", ""deterministic"": true, ""grad_clip_max_norm"": 1.0, ""CUBLAS_WORKSPACE_CONFIG"": "":4096:8"", ""CUDA_VISIBLE_DEVICES"": ""1""}",2026-08-21T14:58:37
VNAT_5s_tcpdur_random70_stratified_flowlevel_splitseed42_3feat_timesnet_100ms_seed2,VNAT,VNAT_5s_tcp_duration,5,random70_stratified_flowlevel_splitseed42,42,7aa2fe07e2ffeadb,Validation,4,timesnet,3feat,100ms,51,3,2,256,1459,630,best_val,10,12345,0,True,True,1.0,5.8978,100.0,18,48.1096,55.7287,54.7619,55.7287,"{""Chat"": 55.762, ""Control"": 68.805, ""File Transfer"": 60.0, ""Streaming"": 38.348}","{""Chat"": 39.267, ""Control"": 72.393, ""File Transfer"": 70.588, ""Streaming"": 95.588}","{""Chat"": 96.154, ""Control"": 65.556, ""File Transfer"": 52.174, ""Streaming"": 23.985}","{""Chat"": 156, ""Control"": 180, ""File Transfer"": 23, ""Streaming"": 271}","{""Chat"": 1.045129, ""Control"": 0.868452, ""File Transfer"": 5.883065, ""Streaming"": 0.580812}","{""Chat"": 349, ""Control"": 420, ""File Transfer"": 62, ""Streaming"": 628}",9388036,checkpoints/VNAT_5s_tcp_duration_3feat_seed2/VNAT_5s_tcpdur_random70_stratified_flowlevel_splitseed42_3feat_timesnet_100ms_seed2.pth,38861630,19.1,OK,,"{""torch"": ""2.4.1+cu121"", ""cuda"": ""12.1"", ""gpu"": ""NVIDIA RTX A4500"", ""numpy"": ""1.26.0"", ""python"": ""3.10.12"", ""deterministic"": true, ""grad_clip_max_norm"": 1.0, ""CUBLAS_WORKSPACE_CONFIG"": "":4096:8"", ""CUDA_VISIBLE_DEVICES"": ""1""}",2026-08-21T14:58:57
VNAT_5s_tcpdur_random70_stratified_flowlevel_splitseed42_3feat_informer_100ms_seed0,VNAT,VNAT_5s_tcp_duration,5,random70_stratified_flowlevel_splitseed42,42,7aa2fe07e2ffeadb,Validation,4,informer,3feat,100ms,51,3,0,64,1459,630,best_val,9,12345,0,True,True,1.0,23.5846,100.0,31,76.4736,78.7458,81.1111,78.1163,"{""Chat"": 73.025, ""Control"": 94.247, ""File Transfer"": 66.667, ""Streaming"": 78.528}","{""Chat"": 63.507, ""Control"": 92.973, ""File Transfer"": 81.25, ""Streaming"": 88.073}","{""Chat"": 85.897, ""Control"": 95.556, ""File Transfer"": 56.522, ""Streaming"": 70.849}","{""Chat"": 156, ""Control"": 180, ""File Transfer"": 23, ""Streaming"": 271}","{""Chat"": 1.045129, ""Control"": 0.868452, ""File Transfer"": 5.883065, ""Streaming"": 0.580812}","{""Chat"": 349, ""Control"": 420, ""File Transfer"": 62, ""Streaming"": 628}",2728965,checkpoints/VNAT_5s_tcp_duration_3feat_seed0/VNAT_5s_tcpdur_random70_stratified_flowlevel_splitseed42_3feat_informer_100ms_seed0.pth,21199958,31.3,OK,,"{""torch"": ""2.4.1+cu121"", ""cuda"": ""12.1"", ""gpu"": ""NVIDIA RTX A4500"", ""numpy"": ""1.26.0"", ""python"": ""3.10.12"", ""deterministic"": true, ""grad_clip_max_norm"": 1.0, ""CUBLAS_WORKSPACE_CONFIG"": "":4096:8"", ""CUDA_VISIBLE_DEVICES"": ""1""}",2026-08-21T14:59:28
VNAT_5s_tcpdur_random70_stratified_flowlevel_splitseed42_3feat_informer_100ms_seed1,VNAT,VNAT_5s_tcp_duration,5,random70_stratified_flowlevel_splitseed42,42,7aa2fe07e2ffeadb,Validation,4,informer,3feat,100ms,51,3,1,64,1459,630,best_val,27,12345,0,True,True,1.0,23.1458,100.0,35,84.8893,81.5486,84.127,81.5486,"{""Chat"": 75.749, ""Control"": 95.822, ""File Transfer"": 71.795, ""Streaming"": 82.828}","{""Chat"": 65.877, ""Control"": 96.089, ""File Transfer"": 87.5, ""Streaming"": 91.518}","{""Chat"": 89.103, ""Control"": 95.556, ""File Transfer"": 60.87, ""Streaming"": 75.646}","{""Chat"": 156, ""Control"": 180, ""File Transfer"": 23, ""Streaming"": 271}","{""Chat"": 1.045129, ""Control"": 0.868452, ""File Transfer"": 5.883065, ""Streaming"": 0.580812}","{""Chat"": 349, ""Control"": 420, ""File Transfer"": 62, ""Streaming"": 628}",2728965,checkpoints/VNAT_5s_tcp_duration_3feat_seed1/VNAT_5s_tcpdur_random70_stratified_flowlevel_splitseed42_3feat_informer_100ms_seed1.pth,21199958,31.9,OK,,"{""torch"": ""2.4.1+cu121"", ""cuda"": ""12.1"", ""gpu"": ""NVIDIA RTX A4500"", ""numpy"": ""1.26.0"", ""python"": ""3.10.12"", ""deterministic"": true, ""grad_clip_max_norm"": 1.0, ""CUBLAS_WORKSPACE_CONFIG"": "":4096:8"", ""CUDA_VISIBLE_DEVICES"": ""1""}",2026-08-21T15:00:00
VNAT_5s_tcpdur_random70_stratified_flowlevel_splitseed42_3feat_informer_100ms_seed2,VNAT,VNAT_5s_tcp_duration,5,random70_stratified_flowlevel_splitseed42,42,7aa2fe07e2ffeadb,Validation,4,informer,3feat,100ms,51,3,2,64,1459,630,best_val,4,12345,0,True,True,1.0,24.63,100.0,29,60.438,63.2391,62.2222,62.8236,"{""Chat"": 62.914, ""Control"": 66.792, ""File Transfer"": 66.667, ""Streaming"": 54.922}","{""Chat"": 65.068, ""Control"": 50.425, ""File Transfer"": 81.25, ""Streaming"": 92.174}","{""Chat"": 60.897, ""Control"": 98.889, ""File Transfer"": 56.522, ""Streaming"": 39.114}","{""Chat"": 156, ""Control"": 180, ""File Transfer"": 23, ""Streaming"": 271}","{""Chat"": 1.045129, ""Control"": 0.868452, ""File Transfer"": 5.883065, ""Streaming"": 0.580812}","{""Chat"": 349, ""Control"": 420, ""File Transfer"": 62, ""Streaming"": 628}",2728965,checkpoints/VNAT_5s_tcp_duration_3feat_seed2/VNAT_5s_tcpdur_random70_stratified_flowlevel_splitseed42_3feat_informer_100ms_seed2.pth,21199958,27.0,OK,,"{""torch"": ""2.4.1+cu121"", ""cuda"": ""12.1"", ""gpu"": ""NVIDIA RTX A4500"", ""numpy"": ""1.26.0"", ""python"": ""3.10.12"", ""deterministic"": true, ""grad_clip_max_norm"": 1.0, ""CUBLAS_WORKSPACE_CONFIG"": "":4096:8"", ""CUDA_VISIBLE_DEVICES"": ""1""}",2026-08-21T15:00:27
VNAT_5s_tcpdur_random70_stratified_flowlevel_splitseed42_3feat_nst_100ms_seed0,VNAT,VNAT_5s_tcp_duration,5,random70_stratified_flowlevel_splitseed42,42,7aa2fe07e2ffeadb,Validation,4,nst,3feat,100ms,51,3,0,64,1459,630,best_val,8,12345,0,True,True,1.0,11.6873,100.0,19,52.6259,57.0999,57.9365,57.0999,"{""Chat"": 64.986, ""Control"": 67.05, ""File Transfer"": 60.0, ""Streaming"": 36.364}","{""Chat"": 57.711, ""Control"": 51.17, ""File Transfer"": 70.588, ""Streaming"": 88.571}","{""Chat"": 74.359, ""Control"": 97.222, ""File Transfer"": 52.174, ""Streaming"": 22.878}","{""Chat"": 156, ""Control"": 180, ""File Transfer"": 23, ""Streaming"": 271}","{""Chat"": 1.045129, ""Control"": 0.868452, ""File Transfer"": 5.883065, ""Streaming"": 0.580812}","{""Chat"": 349, ""Control"": 420, ""File Transfer"": 62, ""Streaming"": 628}",135990,checkpoints/VNAT_5s_tcp_duration_3feat_seed0/VNAT_5s_tcpdur_random70_stratified_flowlevel_splitseed42_3feat_nst_100ms_seed0.pth,1852034,15.8,OK,,"{""torch"": ""2.4.1+cu121"", ""cuda"": ""12.1"", ""gpu"": ""NVIDIA RTX A4500"", ""numpy"": ""1.26.0"", ""python"": ""3.10.12"", ""deterministic"": true, ""grad_clip_max_norm"": 1.0, ""CUBLAS_WORKSPACE_CONFIG"": "":4096:8"", ""CUDA_VISIBLE_DEVICES"": ""1""}",2026-08-21T15:00:43
VNAT_5s_tcpdur_random70_stratified_flowlevel_splitseed42_3feat_nst_100ms_seed1,VNAT,VNAT_5s_tcp_duration,5,random70_stratified_flowlevel_splitseed42,42,7aa2fe07e2ffeadb,Validation,4,nst,3feat,100ms,51,3,1,64,1459,630,best_val,11,12345,0,True,True,1.0,12.5589,100.0,31,57.647,57.6425,59.6825,57.6425,"{""Chat"": 66.854, ""Control"": 68.627, ""File Transfer"": 55.319, ""Streaming"": 39.769}","{""Chat"": 59.5, ""Control"": 53.03, ""File Transfer"": 54.167, ""Streaming"": 90.789}","{""Chat"": 76.282, ""Control"": 97.222, ""File Transfer"": 56.522, ""Streaming"": 25.461}","{""Chat"": 156, ""Control"": 180, ""File Transfer"": 23, ""Streaming"": 271}","{""Chat"": 1.045129, ""Control"": 0.868452, ""File Transfer"": 5.883065, ""Streaming"": 0.580812}","{""Chat"": 349, ""Control"": 420, ""File Transfer"": 62, ""Streaming"": 628}",135990,checkpoints/VNAT_5s_tcp_duration_3feat_seed1/VNAT_5s_tcpdur_random70_stratified_flowlevel_splitseed42_3feat_nst_100ms_seed1.pth,1852034,25.4,OK,,"{""torch"": ""2.4.1+cu121"", ""cuda"": ""12.1"", ""gpu"": ""NVIDIA RTX A4500"", ""numpy"": ""1.26.0"", ""python"": ""3.10.12"", ""deterministic"": true, ""grad_clip_max_norm"": 1.0, ""CUBLAS_WORKSPACE_CONFIG"": "":4096:8"", ""CUDA_VISIBLE_DEVICES"": ""1""}",2026-08-21T15:01:09
VNAT_5s_tcpdur_random70_stratified_flowlevel_splitseed42_3feat_nst_100ms_seed2,VNAT,VNAT_5s_tcp_duration,5,random70_stratified_flowlevel_splitseed42,42,7aa2fe07e2ffeadb,Validation,4,nst,3feat,100ms,51,3,2,64,1459,630,best_val,5,12345,0,True,True,1.0,11.8955,100.0,39,48.6028,56.6388,56.6667,56.6388,"{""Chat"": 62.835, ""Control"": 60.168, ""File Transfer"": 57.143, ""Streaming"": 46.409}","{""Chat"": 78.095, ""Control"": 43.133, ""File Transfer"": 63.158, ""Streaming"": 92.308}","{""Chat"": 52.564, ""Control"": 99.444, ""File Transfer"": 52.174, ""Streaming"": 30.996}","{""Chat"": 156, ""Control"": 180, ""File Transfer"": 23, ""Streaming"": 271}","{""Chat"": 1.045129, ""Control"": 0.868452, ""File Transfer"": 5.883065, ""Streaming"": 0.580812}","{""Chat"": 349, ""Control"": 420, ""File Transfer"": 62, ""Streaming"": 628}",135990,checkpoints/VNAT_5s_tcp_duration_3feat_seed2/VNAT_5s_tcpdur_random70_stratified_flowlevel_splitseed42_3feat_nst_100ms_seed2.pth,1852034,37.7,OK,,"{""torch"": ""2.4.1+cu121"", ""cuda"": ""12.1"", ""gpu"": ""NVIDIA RTX A4500"", ""numpy"": ""1.26.0"", ""python"": ""3.10.12"", ""deterministic"": true, ""grad_clip_max_norm"": 1.0, ""CUBLAS_WORKSPACE_CONFIG"": "":4096:8"", ""CUDA_VISIBLE_DEVICES"": ""1""}",2026-08-21T15:01:47
VNAT_5s_tcpdur_random70_stratified_flowlevel_splitseed42_3feat_autoformer_100ms_seed0,VNAT,VNAT_5s_tcp_duration,5,random70_stratified_flowlevel_splitseed42,42,7aa2fe07e2ffeadb,Validation,4,autoformer,3feat,100ms,51,3,0,256,1459,630,best_val,9,12345,0,True,True,1.0,4.8292,100.0,23,53.3769,44.7804,45.7143,44.7804,"{""Chat"": 48.81, ""Control"": 33.636, ""File Transfer"": 49.057, ""Streaming"": 47.619}","{""Chat"": 35.345, ""Control"": 92.5, ""File Transfer"": 43.333, ""Streaming"": 54.245}","{""Chat"": 78.846, ""Control"": 20.556, ""File Transfer"": 56.522, ""Streaming"": 42.435}","{""Chat"": 156, ""Control"": 180, ""File Transfer"": 23, ""Streaming"": 271}","{""Chat"": 1.045129, ""Control"": 0.868452, ""File Transfer"": 5.883065, ""Streaming"": 0.580812}","{""Chat"": 349, ""Control"": 420, ""File Transfer"": 62, ""Streaming"": 628}",112900,checkpoints/VNAT_5s_tcp_duration_3feat_seed0/VNAT_5s_tcpdur_random70_stratified_flowlevel_splitseed42_3feat_autoformer_100ms_seed0.pth,1749186,8.4,OK,,"{""torch"": ""2.4.1+cu121"", ""cuda"": ""12.1"", ""gpu"": ""NVIDIA RTX A4500"", ""numpy"": ""1.26.0"", ""python"": ""3.10.12"", ""deterministic"": true, ""grad_clip_max_norm"": 1.0, ""CUBLAS_WORKSPACE_CONFIG"": "":4096:8"", ""CUDA_VISIBLE_DEVICES"": ""1""}",2026-08-21T15:01:55
VNAT_5s_tcpdur_random70_stratified_flowlevel_splitseed42_3feat_autoformer_100ms_seed1,VNAT,VNAT_5s_tcp_duration,5,random70_stratified_flowlevel_splitseed42,42,7aa2fe07e2ffeadb,Validation,4,autoformer,3feat,100ms,51,3,1,256,1459,630,best_val,7,12345,0,True,True,1.0,5.0088,100.0,28,51.6385,39.1868,46.3492,39.1868,"{""Chat"": 28.671, ""Control"": 21.053, ""File Transfer"": 46.154, ""Streaming"": 60.87}","{""Chat"": 31.538, ""Control"": 75.862, ""File Transfer"": 41.379, ""Streaming"": 49.095}","{""Chat"": 26.282, ""Control"": 12.222, ""File Transfer"": 52.174, ""Streaming"": 80.074}","{""Chat"": 156, ""Control"": 180, ""File Transfer"": 23, ""Streaming"": 271}","{""Chat"": 1.045129, ""Control"": 0.868452, ""File Transfer"": 5.883065, ""Streaming"": 0.580812}","{""Chat"": 349, ""Control"": 420, ""File Transfer"": 62, ""Streaming"": 628}",112900,checkpoints/VNAT_5s_tcp_duration_3feat_seed1/VNAT_5s_tcpdur_random70_stratified_flowlevel_splitseed42_3feat_autoformer_100ms_seed1.pth,1749186,9.5,OK,,"{""torch"": ""2.4.1+cu121"", ""cuda"": ""12.1"", ""gpu"": ""NVIDIA RTX A4500"", ""numpy"": ""1.26.0"", ""python"": ""3.10.12"", ""deterministic"": true, ""grad_clip_max_norm"": 1.0, ""CUBLAS_WORKSPACE_CONFIG"": "":4096:8"", ""CUDA_VISIBLE_DEVICES"": ""1""}",2026-08-21T15:02:05
VNAT_5s_tcpdur_random70_stratified_flowlevel_splitseed42_3feat_autoformer_100ms_seed2,VNAT,VNAT_5s_tcp_duration,5,random70_stratified_flowlevel_splitseed42,42,7aa2fe07e2ffeadb,Validation,4,autoformer,3feat,100ms,51,3,2,256,1459,630,best_val,15,12345,0,True,True,1.0,5.714,100.0,33,61.8065,50.081,52.6984,50.081,"{""Chat"": 59.0, ""Control"": 32.558, ""File Transfer"": 53.061, ""Streaming"": 55.705}","{""Chat"": 48.361, ""Control"": 100.0, ""File Transfer"": 50.0, ""Streaming"": 51.077}","{""Chat"": 75.641, ""Control"": 19.444, ""File Transfer"": 56.522, ""Streaming"": 61.255}","{""Chat"": 156, ""Control"": 180, ""File Transfer"": 23, ""Streaming"": 271}","{""Chat"": 1.045129, ""Control"": 0.868452, ""File Transfer"": 5.883065, ""Streaming"": 0.580812}","{""Chat"": 349, ""Control"": 420, ""File Transfer"": 62, ""Streaming"": 628}",112900,checkpoints/VNAT_5s_tcp_duration_3feat_seed2/VNAT_5s_tcpdur_random70_stratified_flowlevel_splitseed42_3feat_autoformer_100ms_seed2.pth,1749186,11.6,OK,,"{""torch"": ""2.4.1+cu121"", ""cuda"": ""12.1"", ""gpu"": ""NVIDIA RTX A4500"", ""numpy"": ""1.26.0"", ""python"": ""3.10.12"", ""deterministic"": true, ""grad_clip_max_norm"": 1.0, ""CUBLAS_WORKSPACE_CONFIG"": "":4096:8"", ""CUDA_VISIBLE_DEVICES"": ""1""}",2026-08-21T15:02:16
VNAT_5s_tcpdur_random70_stratified_flowlevel_splitseed42_3feat_fedformer_100ms_seed0,VNAT,VNAT_5s_tcp_duration,5,random70_stratified_flowlevel_splitseed42,42,7aa2fe07e2ffeadb,Validation,4,fedformer,3feat,100ms,51,3,0,256,1459,630,best_val,10,12345,4,True,True,1.0,5.0596,100.0,30,51.6924,49.1417,51.1111,49.1417,"{""Chat"": 60.533, ""Control"": 63.241, ""File Transfer"": 56.522, ""Streaming"": 16.271}","{""Chat"": 48.638, ""Control"": 49.08, ""File Transfer"": 56.522, ""Streaming"": 100.0}","{""Chat"": 80.128, ""Control"": 88.889, ""File Transfer"": 56.522, ""Streaming"": 8.856}","{""Chat"": 156, ""Control"": 180, ""File Transfer"": 23, ""Streaming"": 271}","{""Chat"": 1.045129, ""Control"": 0.868452, ""File Transfer"": 5.883065, ""Streaming"": 0.580812}","{""Chat"": 349, ""Control"": 420, ""File Transfer"": 62, ""Streaming"": 628}",280197,checkpoints/VNAT_5s_tcp_duration_3feat_seed0/VNAT_5s_tcpdur_random70_stratified_flowlevel_splitseed42_3feat_fedformer_100ms_seed0.pth,3716844,46.4,OK,,"{""torch"": ""2.4.1+cu121"", ""cuda"": ""12.1"", ""gpu"": ""NVIDIA RTX A4500"", ""numpy"": ""1.26.0"", ""python"": ""3.10.12"", ""deterministic"": true, ""grad_clip_max_norm"": 1.0, ""CUBLAS_WORKSPACE_CONFIG"": "":4096:8"", ""CUDA_VISIBLE_DEVICES"": ""1""}",2026-08-21T15:03:03
VNAT_5s_tcpdur_random70_stratified_flowlevel_splitseed42_3feat_fedformer_100ms_seed1,VNAT,VNAT_5s_tcp_duration,5,random70_stratified_flowlevel_splitseed42,42,7aa2fe07e2ffeadb,Validation,4,fedformer,3feat,100ms,51,3,1,256,1459,630,best_val,23,12345,4,True,True,1.0,5.6187,100.0,31,55.9327,51.0844,53.3333,51.0844,"{""Chat"": 61.772, ""Control"": 66.667, ""File Transfer"": 57.778, ""Streaming"": 18.121}","{""Chat"": 51.046, ""Control"": 50.877, ""File Transfer"": 59.091, ""Streaming"": 100.0}","{""Chat"": 78.205, ""Control"": 96.667, ""File Transfer"": 56.522, ""Streaming"": 9.963}","{""Chat"": 156, ""Control"": 180, ""File Transfer"": 23, ""Streaming"": 271}","{""Chat"": 1.045129, ""Control"": 0.868452, ""File Transfer"": 5.883065, ""Streaming"": 0.580812}","{""Chat"": 349, ""Control"": 420, ""File Transfer"": 62, ""Streaming"": 628}",280197,checkpoints/VNAT_5s_tcp_duration_3feat_seed1/VNAT_5s_tcpdur_random70_stratified_flowlevel_splitseed42_3feat_fedformer_100ms_seed1.pth,3716844,48.9,OK,,"{""torch"": ""2.4.1+cu121"", ""cuda"": ""12.1"", ""gpu"": ""NVIDIA RTX A4500"", ""numpy"": ""1.26.0"", ""python"": ""3.10.12"", ""deterministic"": true, ""grad_clip_max_norm"": 1.0, ""CUBLAS_WORKSPACE_CONFIG"": "":4096:8"", ""CUDA_VISIBLE_DEVICES"": ""1""}",2026-08-21T15:03:52
VNAT_5s_tcpdur_random70_stratified_flowlevel_splitseed42_3feat_fedformer_100ms_seed2,VNAT,VNAT_5s_tcp_duration,5,random70_stratified_flowlevel_splitseed42,42,7aa2fe07e2ffeadb,Validation,4,fedformer,3feat,100ms,51,3,2,256,1459,630,best_val,4,12345,4,True,True,1.0,6.1166,100.0,19,46.8627,48.3211,47.619,48.3211,"{""Chat"": 51.235, ""Control"": 59.966, ""File Transfer"": 64.865, ""Streaming"": 17.219}","{""Chat"": 49.405, ""Control"": 42.926, ""File Transfer"": 85.714, ""Streaming"": 83.871}","{""Chat"": 53.205, ""Control"": 99.444, ""File Transfer"": 52.174, ""Streaming"": 9.594}","{""Chat"": 156, ""Control"": 180, ""File Transfer"": 23, ""Streaming"": 271}","{""Chat"": 1.045129, ""Control"": 0.868452, ""File Transfer"": 5.883065, ""Streaming"": 0.580812}","{""Chat"": 349, ""Control"": 420, ""File Transfer"": 62, ""Streaming"": 628}",280197,checkpoints/VNAT_5s_tcp_duration_3feat_seed2/VNAT_5s_tcpdur_random70_stratified_flowlevel_splitseed42_3feat_fedformer_100ms_seed2.pth,3716844,30.3,OK,,"{""torch"": ""2.4.1+cu121"", ""cuda"": ""12.1"", ""gpu"": ""NVIDIA RTX A4500"", ""numpy"": ""1.26.0"", ""python"": ""3.10.12"", ""deterministic"": true, ""grad_clip_max_norm"": 1.0, ""CUBLAS_WORKSPACE_CONFIG"": "":4096:8"", ""CUDA_VISIBLE_DEVICES"": ""1""}",2026-08-21T15:04:23
VNAT_5s_tcpdur_random70_stratified_flowlevel_splitseed42_3feat_timemixer_100ms_seed0,VNAT,VNAT_5s_tcp_duration,5,random70_stratified_flowlevel_splitseed42,42,7aa2fe07e2ffeadb,Validation,4,timemixer,3feat,100ms,51,3,0,256,1459,630,best_val,4,12345,0,True,True,1.0,2.6274,8.67,25,40.6378,34.0301,32.2222,34.0301,"{""Chat"": 40.882, ""Control"": 0.0, ""File Transfer"": 66.667, ""Streaming"": 28.571}","{""Chat"": 26.527, ""Control"": 0.0, ""File Transfer"": 92.308, ""Streaming"": 55.914}","{""Chat"": 89.103, ""Control"": 0.0, ""File Transfer"": 52.174, ""Streaming"": 19.188}","{""Chat"": 156, ""Control"": 180, ""File Transfer"": 23, ""Streaming"": 271}","{""Chat"": 1.045129, ""Control"": 0.868452, ""File Transfer"": 5.883065, ""Streaming"": 0.580812}","{""Chat"": 349, ""Control"": 420, ""File Transfer"": 62, ""Streaming"": 628}",161324,checkpoints/VNAT_5s_tcp_duration_3feat_seed0/VNAT_5s_tcpdur_random70_stratified_flowlevel_splitseed42_3feat_timemixer_100ms_seed0.pth,1961738,7.3,OK,,"{""torch"": ""2.4.1+cu121"", ""cuda"": ""12.1"", ""gpu"": ""NVIDIA RTX A4500"", ""numpy"": ""1.26.0"", ""python"": ""3.10.12"", ""deterministic"": true, ""grad_clip_max_norm"": 1.0, ""CUBLAS_WORKSPACE_CONFIG"": "":4096:8"", ""CUDA_VISIBLE_DEVICES"": ""1""}",2026-08-21T15:04:30
VNAT_5s_tcpdur_random70_stratified_flowlevel_splitseed42_3feat_timemixer_100ms_seed1,VNAT,VNAT_5s_tcp_duration,5,random70_stratified_flowlevel_splitseed42,42,7aa2fe07e2ffeadb,Validation,4,timemixer,3feat,100ms,51,3,1,256,1459,630,best_val,7,12345,0,True,True,1.0,3.2073,8.0,25,46.4203,34.971,34.127,34.971,"{""Chat"": 9.607, ""Control"": 49.292, ""File Transfer"": 68.571, ""Streaming"": 12.414}","{""Chat"": 15.068, ""Control"": 33.08, ""File Transfer"": 100.0, ""Streaming"": 94.737}","{""Chat"": 7.051, ""Control"": 96.667, ""File Transfer"": 52.174, ""Streaming"": 6.642}","{""Chat"": 156, ""Control"": 180, ""File Transfer"": 23, ""Streaming"": 271}","{""Chat"": 1.045129, ""Control"": 0.868452, ""File Transfer"": 5.883065, ""Streaming"": 0.580812}","{""Chat"": 349, ""Control"": 420, ""File Transfer"": 62, ""Streaming"": 628}",161324,checkpoints/VNAT_5s_tcp_duration_3feat_seed1/VNAT_5s_tcpdur_random70_stratified_flowlevel_splitseed42_3feat_timemixer_100ms_seed1.pth,1961738,7.5,OK,,"{""torch"": ""2.4.1+cu121"", ""cuda"": ""12.1"", ""gpu"": ""NVIDIA RTX A4500"", ""numpy"": ""1.26.0"", ""python"": ""3.10.12"", ""deterministic"": true, ""grad_clip_max_norm"": 1.0, ""CUBLAS_WORKSPACE_CONFIG"": "":4096:8"", ""CUDA_VISIBLE_DEVICES"": ""1""}",2026-08-21T15:04:38
VNAT_5s_tcpdur_random70_stratified_flowlevel_splitseed42_3feat_timemixer_100ms_seed2,VNAT,VNAT_5s_tcp_duration,5,random70_stratified_flowlevel_splitseed42,42,7aa2fe07e2ffeadb,Validation,4,timemixer,3feat,100ms,51,3,2,256,1459,630,best_val,12,12345,0,True,True,1.0,2.5221,7.41,27,45.4628,38.8954,40.9524,38.8954,"{""Chat"": 0.0, ""Control"": 49.861, ""File Transfer"": 66.667, ""Streaming"": 39.053}","{""Chat"": 0.0, ""Control"": 33.21, ""File Transfer"": 92.308, ""Streaming"": 98.507}","{""Chat"": 0.0, ""Control"": 100.0, ""File Transfer"": 52.174, ""Streaming"": 24.354}","{""Chat"": 156, ""Control"": 180, ""File Transfer"": 23, ""Streaming"": 271}","{""Chat"": 1.045129, ""Control"": 0.868452, ""File Transfer"": 5.883065, ""Streaming"": 0.580812}","{""Chat"": 349, ""Control"": 420, ""File Transfer"": 62, ""Streaming"": 628}",161324,checkpoints/VNAT_5s_tcp_duration_3feat_seed2/VNAT_5s_tcpdur_random70_stratified_flowlevel_splitseed42_3feat_timemixer_100ms_seed2.pth,1961738,8.6,OK,,"{""torch"": ""2.4.1+cu121"", ""cuda"": ""12.1"", ""gpu"": ""NVIDIA RTX A4500"", ""numpy"": ""1.26.0"", ""python"": ""3.10.12"", ""deterministic"": true, ""grad_clip_max_norm"": 1.0, ""CUBLAS_WORKSPACE_CONFIG"": "":4096:8"", ""CUDA_VISIBLE_DEVICES"": ""1""}",2026-08-21T15:04:46
VNAT_5s_tcpdur_random70_stratified_flowlevel_splitseed42_3feat_timesnet_150ms_seed0,VNAT,VNAT_5s_tcp_duration,5,random70_stratified_flowlevel_splitseed42,42,7aa2fe07e2ffeadb,Validation,4,timesnet,3feat,150ms,34,3,0,256,1459,630,best_val,9,12345,0,True,True,1.0,4.9575,97.06,17,46.0529,50.8209,52.0635,50.8209,"{""Chat"": 66.024, ""Control"": 62.028, ""File Transfer"": 60.0, ""Streaming"": 15.232}","{""Chat"": 52.896, ""Control"": 48.297, ""File Transfer"": 70.588, ""Streaming"": 74.194}","{""Chat"": 87.821, ""Control"": 86.667, ""File Transfer"": 52.174, ""Streaming"": 8.487}","{""Chat"": 156, ""Control"": 180, ""File Transfer"": 23, ""Streaming"": 271}","{""Chat"": 1.045129, ""Control"": 0.868452, ""File Transfer"": 5.883065, ""Streaming"": 0.580812}","{""Chat"": 349, ""Control"": 420, ""File Transfer"": 62, ""Streaming"": 628}",9383684,checkpoints/VNAT_5s_tcp_duration_3feat_seed0/VNAT_5s_tcpdur_random70_stratified_flowlevel_splitseed42_3feat_timesnet_150ms_seed0.pth,38844222,13.5,OK,,"{""torch"": ""2.4.1+cu121"", ""cuda"": ""12.1"", ""gpu"": ""NVIDIA RTX A4500"", ""numpy"": ""1.26.0"", ""python"": ""3.10.12"", ""deterministic"": true, ""grad_clip_max_norm"": 1.0, ""CUBLAS_WORKSPACE_CONFIG"": "":4096:8"", ""CUDA_VISIBLE_DEVICES"": ""1""}",2026-08-21T15:05:00
VNAT_5s_tcpdur_random70_stratified_flowlevel_splitseed42_3feat_timesnet_150ms_seed1,VNAT,VNAT_5s_tcp_duration,5,random70_stratified_flowlevel_splitseed42,42,7aa2fe07e2ffeadb,Validation,4,timesnet,3feat,150ms,34,3,1,256,1459,630,best_val,6,12345,0,True,True,1.0,7.3712,98.96,16,46.6078,35.3112,33.8095,35.3112,"{""Chat"": 44.068, ""Control"": 9.804, ""File Transfer"": 64.865, ""Streaming"": 22.508}","{""Chat"": 28.261, ""Control"": 41.667, ""File Transfer"": 85.714, ""Streaming"": 87.5}","{""Chat"": 100.0, ""Control"": 5.556, ""File Transfer"": 52.174, ""Streaming"": 12.915}","{""Chat"": 156, ""Control"": 180, ""File Transfer"": 23, ""Streaming"": 271}","{""Chat"": 1.045129, ""Control"": 0.868452, ""File Transfer"": 5.883065, ""Streaming"": 0.580812}","{""Chat"": 349, ""Control"": 420, ""File Transfer"": 62, ""Streaming"": 628}",9383684,checkpoints/VNAT_5s_tcp_duration_3feat_seed1/VNAT_5s_tcpdur_random70_stratified_flowlevel_splitseed42_3feat_timesnet_150ms_seed1.pth,38844222,12.6,OK,,"{""torch"": ""2.4.1+cu121"", ""cuda"": ""12.1"", ""gpu"": ""NVIDIA RTX A4500"", ""numpy"": ""1.26.0"", ""python"": ""3.10.12"", ""deterministic"": true, ""grad_clip_max_norm"": 1.0, ""CUBLAS_WORKSPACE_CONFIG"": "":4096:8"", ""CUDA_VISIBLE_DEVICES"": ""1""}",2026-08-21T15:05:13
VNAT_5s_tcpdur_random70_stratified_flowlevel_splitseed42_3feat_timesnet_150ms_seed2,VNAT,VNAT_5s_tcp_duration,5,random70_stratified_flowlevel_splitseed42,42,7aa2fe07e2ffeadb,Validation,4,timesnet,3feat,150ms,34,3,2,256,1459,630,best_val,7,12345,0,True,True,1.0,5.2044,98.96,16,47.9408,53.6849,54.9206,53.6849,"{""Chat"": 60.521, ""Control"": 70.762, ""File Transfer"": 58.537, ""Streaming"": 24.92}","{""Chat"": 44.023, ""Control"": 63.436, ""File Transfer"": 66.667, ""Streaming"": 92.857}","{""Chat"": 96.795, ""Control"": 80.0, ""File Transfer"": 52.174, ""Streaming"": 14.391}","{""Chat"": 156, ""Control"": 180, ""File Transfer"": 23, ""Streaming"": 271}","{""Chat"": 1.045129, ""Control"": 0.868452, ""File Transfer"": 5.883065, ""Streaming"": 0.580812}","{""Chat"": 349, ""Control"": 420, ""File Transfer"": 62, ""Streaming"": 628}",9383684,checkpoints/VNAT_5s_tcp_duration_3feat_seed2/VNAT_5s_tcpdur_random70_stratified_flowlevel_splitseed42_3feat_timesnet_150ms_seed2.pth,38844222,12.6,OK,,"{""torch"": ""2.4.1+cu121"", ""cuda"": ""12.1"", ""gpu"": ""NVIDIA RTX A4500"", ""numpy"": ""1.26.0"", ""python"": ""3.10.12"", ""deterministic"": true, ""grad_clip_max_norm"": 1.0, ""CUBLAS_WORKSPACE_CONFIG"": "":4096:8"", ""CUDA_VISIBLE_DEVICES"": ""1""}",2026-08-21T15:05:26
VNAT_5s_tcpdur_random70_stratified_flowlevel_splitseed42_3feat_informer_150ms_seed0,VNAT,VNAT_5s_tcp_duration,5,random70_stratified_flowlevel_splitseed42,42,7aa2fe07e2ffeadb,Validation,4,informer,3feat,150ms,34,3,0,64,1459,630,best_val,31,12345,0,True,True,1.0,20.9643,100.0,39,83.3066,79.6017,81.746,79.3523,"{""Chat"": 76.471, ""Control"": 92.021, ""File Transfer"": 70.27, ""Streaming"": 78.647}","{""Chat"": 65.596, ""Control"": 88.265, ""File Transfer"": 92.857, ""Streaming"": 92.079}","{""Chat"": 91.667, ""Control"": 96.111, ""File Transfer"": 56.522, ""Streaming"": 68.635}","{""Chat"": 156, ""Control"": 180, ""File Transfer"": 23, ""Streaming"": 271}","{""Chat"": 1.045129, ""Control"": 0.868452, ""File Transfer"": 5.883065, ""Streaming"": 0.580812}","{""Chat"": 349, ""Control"": 420, ""File Transfer"": 62, ""Streaming"": 628}",2711557,checkpoints/VNAT_5s_tcp_duration_3feat_seed0/VNAT_5s_tcpdur_random70_stratified_flowlevel_splitseed42_3feat_informer_150ms_seed0.pth,21130326,38.4,OK,,"{""torch"": ""2.4.1+cu121"", ""cuda"": ""12.1"", ""gpu"": ""NVIDIA RTX A4500"", ""numpy"": ""1.26.0"", ""python"": ""3.10.12"", ""deterministic"": true, ""grad_clip_max_norm"": 1.0, ""CUBLAS_WORKSPACE_CONFIG"": "":4096:8"", ""CUDA_VISIBLE_DEVICES"": ""1""}",2026-08-21T15:06:05
VNAT_5s_tcpdur_random70_stratified_flowlevel_splitseed42_3feat_informer_150ms_seed1,VNAT,VNAT_5s_tcp_duration,5,random70_stratified_flowlevel_splitseed42,42,7aa2fe07e2ffeadb,Validation,4,informer,3feat,150ms,34,3,1,64,1459,630,best_val,19,12345,0,True,True,1.0,19.6475,100.0,27,82.743,78.6326,80.6349,78.6258,"{""Chat"": 74.227, ""Control"": 93.548, ""File Transfer"": 70.27, ""Streaming"": 76.458}","{""Chat"": 62.069, ""Control"": 90.625, ""File Transfer"": 92.857, ""Streaming"": 92.188}","{""Chat"": 92.308, ""Control"": 96.667, ""File Transfer"": 56.522, ""Streaming"": 65.314}","{""Chat"": 156, ""Control"": 180, ""File Transfer"": 23, ""Streaming"": 271}","{""Chat"": 1.045129, ""Control"": 0.868452, ""File Transfer"": 5.883065, ""Streaming"": 0.580812}","{""Chat"": 349, ""Control"": 420, ""File Transfer"": 62, ""Streaming"": 628}",2711557,checkpoints/VNAT_5s_tcp_duration_3feat_seed1/VNAT_5s_tcpdur_random70_stratified_flowlevel_splitseed42_3feat_informer_150ms_seed1.pth,21130326,25.9,OK,,"{""torch"": ""2.4.1+cu121"", ""cuda"": ""12.1"", ""gpu"": ""NVIDIA RTX A4500"", ""numpy"": ""1.26.0"", ""python"": ""3.10.12"", ""deterministic"": true, ""grad_clip_max_norm"": 1.0, ""CUBLAS_WORKSPACE_CONFIG"": "":4096:8"", ""CUDA_VISIBLE_DEVICES"": ""1""}",2026-08-21T15:06:31
VNAT_5s_tcpdur_random70_stratified_flowlevel_splitseed42_3feat_informer_150ms_seed2,VNAT,VNAT_5s_tcp_duration,5,random70_stratified_flowlevel_splitseed42,42,7aa2fe07e2ffeadb,Validation,4,informer,3feat,150ms,34,3,2,64,1459,630,best_val,25,12345,0,True,True,1.0,19.3637,100.0,33,83.4542,80.4464,82.5397,79.9472,"{""Chat"": 77.089, ""Control"": 92.513, ""File Transfer"": 70.27, ""Streaming"": 79.916}","{""Chat"": 66.512, ""Control"": 89.175, ""File Transfer"": 92.857, ""Streaming"": 92.271}","{""Chat"": 91.667, ""Control"": 96.111, ""File Transfer"": 56.522, ""Streaming"": 70.48}","{""Chat"": 156, ""Control"": 180, ""File Transfer"": 23, ""Streaming"": 271}","{""Chat"": 1.045129, ""Control"": 0.868452, ""File Transfer"": 5.883065, ""Streaming"": 0.580812}","{""Chat"": 349, ""Control"": 420, ""File Transfer"": 62, ""Streaming"": 628}",2711557,checkpoints/VNAT_5s_tcp_duration_3feat_seed2/VNAT_5s_tcpdur_random70_stratified_flowlevel_splitseed42_3feat_informer_150ms_seed2.pth,21130326,29.3,OK,,"{""torch"": ""2.4.1+cu121"", ""cuda"": ""12.1"", ""gpu"": ""NVIDIA RTX A4500"", ""numpy"": ""1.26.0"", ""python"": ""3.10.12"", ""deterministic"": true, ""grad_clip_max_norm"": 1.0, ""CUBLAS_WORKSPACE_CONFIG"": "":4096:8"", ""CUDA_VISIBLE_DEVICES"": ""1""}",2026-08-21T15:07:00
VNAT_5s_tcpdur_random70_stratified_flowlevel_splitseed42_3feat_nst_150ms_seed0,VNAT,VNAT_5s_tcp_duration,5,random70_stratified_flowlevel_splitseed42,42,7aa2fe07e2ffeadb,Validation,4,nst,3feat,150ms,34,3,0,64,1459,630,best_val,5,12345,0,True,True,1.0,11.4835,100.0,17,50.6974,52.2733,53.8095,52.2733,"{""Chat"": 65.296, ""Control"": 64.528, ""File Transfer"": 60.0, ""Streaming"": 19.269}","{""Chat"": 54.506, ""Control"": 48.857, ""File Transfer"": 70.588, ""Streaming"": 96.667}","{""Chat"": 81.41, ""Control"": 95.0, ""File Transfer"": 52.174, ""Streaming"": 10.701}","{""Chat"": 156, ""Control"": 180, ""File Transfer"": 23, ""Streaming"": 271}","{""Chat"": 1.045129, ""Control"": 0.868452, ""File Transfer"": 5.883065, ""Streaming"": 0.580812}","{""Chat"": 349, ""Control"": 420, ""File Transfer"": 62, ""Streaming"": 628}",130448,checkpoints/VNAT_5s_tcp_duration_3feat_seed0/VNAT_5s_tcpdur_random70_stratified_flowlevel_splitseed42_3feat_nst_150ms_seed0.pth,1829890,15.5,OK,,"{""torch"": ""2.4.1+cu121"", ""cuda"": ""12.1"", ""gpu"": ""NVIDIA RTX A4500"", ""numpy"": ""1.26.0"", ""python"": ""3.10.12"", ""deterministic"": true, ""grad_clip_max_norm"": 1.0, ""CUBLAS_WORKSPACE_CONFIG"": "":4096:8"", ""CUDA_VISIBLE_DEVICES"": ""1""}",2026-08-21T15:07:16
VNAT_5s_tcpdur_random70_stratified_flowlevel_splitseed42_3feat_nst_150ms_seed1,VNAT,VNAT_5s_tcp_duration,5,random70_stratified_flowlevel_splitseed42,42,7aa2fe07e2ffeadb,Validation,4,nst,3feat,150ms,34,3,1,64,1459,630,best_val,12,12345,0,True,True,1.0,8.547,100.0,34,56.4879,55.089,56.9841,55.089,"{""Chat"": 66.667, ""Control"": 69.198, ""File Transfer"": 60.465, ""Streaming"": 24.026}","{""Chat"": 51.971, ""Control"": 55.782, ""File Transfer"": 65.0, ""Streaming"": 100.0}","{""Chat"": 92.949, ""Control"": 91.111, ""File Transfer"": 56.522, ""Streaming"": 13.653}","{""Chat"": 156, ""Control"": 180, ""File Transfer"": 23, ""Streaming"": 271}","{""Chat"": 1.045129, ""Control"": 0.868452, ""File Transfer"": 5.883065, ""Streaming"": 0.580812}","{""Chat"": 349, ""Control"": 420, ""File Transfer"": 62, ""Streaming"": 628}",130448,checkpoints/VNAT_5s_tcp_duration_3feat_seed1/VNAT_5s_tcpdur_random70_stratified_flowlevel_splitseed42_3feat_nst_150ms_seed1.pth,1829890,31.2,OK,,"{""torch"": ""2.4.1+cu121"", ""cuda"": ""12.1"", ""gpu"": ""NVIDIA RTX A4500"", ""numpy"": ""1.26.0"", ""python"": ""3.10.12"", ""deterministic"": true, ""grad_clip_max_norm"": 1.0, ""CUBLAS_WORKSPACE_CONFIG"": "":4096:8"", ""CUDA_VISIBLE_DEVICES"": ""1""}",2026-08-21T15:07:47
VNAT_5s_tcpdur_random70_stratified_flowlevel_splitseed42_3feat_nst_150ms_seed2,VNAT,VNAT_5s_tcp_duration,5,random70_stratified_flowlevel_splitseed42,42,7aa2fe07e2ffeadb,Validation,4,nst,3feat,150ms,34,3,2,64,1459,630,best_val,10,12345,0,True,True,1.0,8.2252,100.0,22,56.3839,54.1552,57.1429,54.1552,"{""Chat"": 68.065, ""Control"": 70.248, ""File Transfer"": 57.778, ""Streaming"": 20.53}","{""Chat"": 53.48, ""Control"": 55.921, ""File Transfer"": 59.091, ""Streaming"": 100.0}","{""Chat"": 93.59, ""Control"": 94.444, ""File Transfer"": 56.522, ""Streaming"": 11.439}","{""Chat"": 156, ""Control"": 180, ""File Transfer"": 23, ""Streaming"": 271}","{""Chat"": 1.045129, ""Control"": 0.868452, ""File Transfer"": 5.883065, ""Streaming"": 0.580812}","{""Chat"": 349, ""Control"": 420, ""File Transfer"": 62, ""Streaming"": 628}",130448,checkpoints/VNAT_5s_tcp_duration_3feat_seed2/VNAT_5s_tcpdur_random70_stratified_flowlevel_splitseed42_3feat_nst_150ms_seed2.pth,1829890,20.0,OK,,"{""torch"": ""2.4.1+cu121"", ""cuda"": ""12.1"", ""gpu"": ""NVIDIA RTX A4500"", ""numpy"": ""1.26.0"", ""python"": ""3.10.12"", ""deterministic"": true, ""grad_clip_max_norm"": 1.0, ""CUBLAS_WORKSPACE_CONFIG"": "":4096:8"", ""CUDA_VISIBLE_DEVICES"": ""1""}",2026-08-21T15:08:07
VNAT_5s_tcpdur_random70_stratified_flowlevel_splitseed42_3feat_autoformer_150ms_seed0,VNAT,VNAT_5s_tcp_duration,5,random70_stratified_flowlevel_splitseed42,42,7aa2fe07e2ffeadb,Validation,4,autoformer,3feat,150ms,34,3,0,256,1459,630,best_val,48,12345,0,True,True,1.0,4.6574,100.0,56,70.0973,59.216,60.4762,59.216,"{""Chat"": 58.849, ""Control"": 82.099, ""File Transfer"": 49.057, ""Streaming"": 46.86}","{""Chat"": 44.089, ""Control"": 92.361, ""File Transfer"": 43.333, ""Streaming"": 67.832}","{""Chat"": 88.462, ""Control"": 73.889, ""File Transfer"": 56.522, ""Streaming"": 35.793}","{""Chat"": 156, ""Control"": 180, ""File Transfer"": 23, ""Streaming"": 271}","{""Chat"": 1.045129, ""Control"": 0.868452, ""File Transfer"": 5.883065, ""Streaming"": 0.580812}","{""Chat"": 349, ""Control"": 420, ""File Transfer"": 62, ""Streaming"": 628}",108548,checkpoints/VNAT_5s_tcp_duration_3feat_seed0/VNAT_5s_tcpdur_random70_stratified_flowlevel_splitseed42_3feat_autoformer_150ms_seed0.pth,1731778,20.1,OK,,"{""torch"": ""2.4.1+cu121"", ""cuda"": ""12.1"", ""gpu"": ""NVIDIA RTX A4500"", ""numpy"": ""1.26.0"", ""python"": ""3.10.12"", ""deterministic"": true, ""grad_clip_max_norm"": 1.0, ""CUBLAS_WORKSPACE_CONFIG"": "":4096:8"", ""CUDA_VISIBLE_DEVICES"": ""1""}",2026-08-21T15:08:28
VNAT_5s_tcpdur_random70_stratified_flowlevel_splitseed42_3feat_autoformer_150ms_seed1,VNAT,VNAT_5s_tcp_duration,5,random70_stratified_flowlevel_splitseed42,42,7aa2fe07e2ffeadb,Validation,4,autoformer,3feat,150ms,34,3,1,256,1459,630,best_val,32,12345,0,True,True,1.0,4.0315,100.0,64,71.4356,62.5997,62.381,62.5997,"{""Chat"": 58.72, ""Control"": 83.951, ""File Transfer"": 57.143, ""Streaming"": 50.585}","{""Chat"": 44.781, ""Control"": 94.444, ""File Transfer"": 48.485, ""Streaming"": 69.231}","{""Chat"": 85.256, ""Control"": 75.556, ""File Transfer"": 69.565, ""Streaming"": 39.852}","{""Chat"": 156, ""Control"": 180, ""File Transfer"": 23, ""Streaming"": 271}","{""Chat"": 1.045129, ""Control"": 0.868452, ""File Transfer"": 5.883065, ""Streaming"": 0.580812}","{""Chat"": 349, ""Control"": 420, ""File Transfer"": 62, ""Streaming"": 628}",108548,checkpoints/VNAT_5s_tcp_duration_3feat_seed1/VNAT_5s_tcpdur_random70_stratified_flowlevel_splitseed42_3feat_autoformer_150ms_seed1.pth,1731778,23.4,OK,,"{""torch"": ""2.4.1+cu121"", ""cuda"": ""12.1"", ""gpu"": ""NVIDIA RTX A4500"", ""numpy"": ""1.26.0"", ""python"": ""3.10.12"", ""deterministic"": true, ""grad_clip_max_norm"": 1.0, ""CUBLAS_WORKSPACE_CONFIG"": "":4096:8"", ""CUDA_VISIBLE_DEVICES"": ""1""}",2026-08-21T15:08:51
VNAT_5s_tcpdur_random70_stratified_flowlevel_splitseed42_3feat_autoformer_150ms_seed2,VNAT,VNAT_5s_tcp_duration,5,random70_stratified_flowlevel_splitseed42,42,7aa2fe07e2ffeadb,Validation,4,autoformer,3feat,150ms,34,3,2,256,1459,630,best_val,34,12345,0,True,True,1.0,4.2759,100.0,60,69.4488,58.4655,59.3651,58.4655,"{""Chat"": 60.55, ""Control"": 71.429, ""File Transfer"": 50.0, ""Streaming"": 51.883}","{""Chat"": 47.143, ""Control"": 92.105, ""File Transfer"": 44.828, ""Streaming"": 59.903}","{""Chat"": 84.615, ""Control"": 58.333, ""File Transfer"": 56.522, ""Streaming"": 45.756}","{""Chat"": 156, ""Control"": 180, ""File Transfer"": 23, ""Streaming"": 271}","{""Chat"": 1.045129, ""Control"": 0.868452, ""File Transfer"": 5.883065, ""Streaming"": 0.580812}","{""Chat"": 349, ""Control"": 420, ""File Transfer"": 62, ""Streaming"": 628}",108548,checkpoints/VNAT_5s_tcp_duration_3feat_seed2/VNAT_5s_tcpdur_random70_stratified_flowlevel_splitseed42_3feat_autoformer_150ms_seed2.pth,1731778,20.6,OK,,"{""torch"": ""2.4.1+cu121"", ""cuda"": ""12.1"", ""gpu"": ""NVIDIA RTX A4500"", ""numpy"": ""1.26.0"", ""python"": ""3.10.12"", ""deterministic"": true, ""grad_clip_max_norm"": 1.0, ""CUBLAS_WORKSPACE_CONFIG"": "":4096:8"", ""CUDA_VISIBLE_DEVICES"": ""1""}",2026-08-21T15:09:12
VNAT_5s_tcpdur_random70_stratified_flowlevel_splitseed42_3feat_fedformer_150ms_seed0,VNAT,VNAT_5s_tcp_duration,5,random70_stratified_flowlevel_splitseed42,42,7aa2fe07e2ffeadb,Validation,4,fedformer,3feat,150ms,34,3,0,256,1459,630,best_val,6,12345,4,True,True,1.0,4.4859,99.49,33,49.0831,53.3628,52.381,53.3628,"{""Chat"": 61.538, ""Control"": 59.664, ""File Transfer"": 63.158, ""Streaming"": 29.091}","{""Chat"": 49.231, ""Control"": 47.973, ""File Transfer"": 80.0, ""Streaming"": 81.356}","{""Chat"": 82.051, ""Control"": 78.889, ""File Transfer"": 52.174, ""Streaming"": 17.712}","{""Chat"": 156, ""Control"": 180, ""File Transfer"": 23, ""Streaming"": 271}","{""Chat"": 1.045129, ""Control"": 0.868452, ""File Transfer"": 5.883065, ""Streaming"": 0.580812}","{""Chat"": 349, ""Control"": 420, ""File Transfer"": 62, ""Streaming"": 628}",243077,checkpoints/VNAT_5s_tcp_duration_3feat_seed0/VNAT_5s_tcpdur_random70_stratified_flowlevel_splitseed42_3feat_fedformer_150ms_seed0.pth,3568300,37.6,OK,,"{""torch"": ""2.4.1+cu121"", ""cuda"": ""12.1"", ""gpu"": ""NVIDIA RTX A4500"", ""numpy"": ""1.26.0"", ""python"": ""3.10.12"", ""deterministic"": true, ""grad_clip_max_norm"": 1.0, ""CUBLAS_WORKSPACE_CONFIG"": "":4096:8"", ""CUDA_VISIBLE_DEVICES"": ""1""}",2026-08-21T15:09:49
VNAT_5s_tcpdur_random70_stratified_flowlevel_splitseed42_3feat_fedformer_150ms_seed1,VNAT,VNAT_5s_tcp_duration,5,random70_stratified_flowlevel_splitseed42,42,7aa2fe07e2ffeadb,Validation,4,fedformer,3feat,150ms,34,3,1,256,1459,630,best_val,10,12345,4,True,True,1.0,5.8856,99.4,28,54.6583,60.706,60.6349,60.706,"{""Chat"": 51.0, ""Control"": 69.799, ""File Transfer"": 59.091, ""Streaming"": 62.934}","{""Chat"": 41.803, ""Control"": 88.136, ""File Transfer"": 61.905, ""Streaming"": 65.992}","{""Chat"": 65.385, ""Control"": 57.778, ""File Transfer"": 56.522, ""Streaming"": 60.148}","{""Chat"": 156, ""Control"": 180, ""File Transfer"": 23, ""Streaming"": 271}","{""Chat"": 1.045129, ""Control"": 0.868452, ""File Transfer"": 5.883065, ""Streaming"": 0.580812}","{""Chat"": 349, ""Control"": 420, ""File Transfer"": 62, ""Streaming"": 628}",243077,checkpoints/VNAT_5s_tcp_duration_3feat_seed1/VNAT_5s_tcpdur_random70_stratified_flowlevel_splitseed42_3feat_fedformer_150ms_seed1.pth,3568300,32.0,OK,,"{""torch"": ""2.4.1+cu121"", ""cuda"": ""12.1"", ""gpu"": ""NVIDIA RTX A4500"", ""numpy"": ""1.26.0"", ""python"": ""3.10.12"", ""deterministic"": true, ""grad_clip_max_norm"": 1.0, ""CUBLAS_WORKSPACE_CONFIG"": "":4096:8"", ""CUDA_VISIBLE_DEVICES"": ""1""}",2026-08-21T15:10:22
VNAT_5s_tcpdur_random70_stratified_flowlevel_splitseed42_3feat_fedformer_150ms_seed2,VNAT,VNAT_5s_tcp_duration,5,random70_stratified_flowlevel_splitseed42,42,7aa2fe07e2ffeadb,Validation,4,fedformer,3feat,150ms,34,3,2,256,1459,630,best_val,11,12345,4,True,True,1.0,5.7097,98.68,38,52.3494,52.6983,53.3333,52.6983,"{""Chat"": 64.322, ""Control"": 63.724, ""File Transfer"": 63.415, ""Streaming"": 19.333}","{""Chat"": 52.893, ""Control"": 48.68, ""File Transfer"": 72.222, ""Streaming"": 100.0}","{""Chat"": 82.051, ""Control"": 92.222, ""File Transfer"": 56.522, ""Streaming"": 10.701}","{""Chat"": 156, ""Control"": 180, ""File Transfer"": 23, ""Streaming"": 271}","{""Chat"": 1.045129, ""Control"": 0.868452, ""File Transfer"": 5.883065, ""Streaming"": 0.580812}","{""Chat"": 349, ""Control"": 420, ""File Transfer"": 62, ""Streaming"": 628}",243077,checkpoints/VNAT_5s_tcp_duration_3feat_seed2/VNAT_5s_tcpdur_random70_stratified_flowlevel_splitseed42_3feat_fedformer_150ms_seed2.pth,3568300,43.8,OK,,"{""torch"": ""2.4.1+cu121"", ""cuda"": ""12.1"", ""gpu"": ""NVIDIA RTX A4500"", ""numpy"": ""1.26.0"", ""python"": ""3.10.12"", ""deterministic"": true, ""grad_clip_max_norm"": 1.0, ""CUBLAS_WORKSPACE_CONFIG"": "":4096:8"", ""CUDA_VISIBLE_DEVICES"": ""1""}",2026-08-21T15:11:06
VNAT_5s_tcpdur_random70_stratified_flowlevel_splitseed42_3feat_timemixer_150ms_seed0,VNAT,VNAT_5s_tcp_duration,5,random70_stratified_flowlevel_splitseed42,42,7aa2fe07e2ffeadb,Validation,4,timemixer,3feat,150ms,34,3,0,256,1459,630,best_val,15,12345,0,True,True,1.0,2.8065,7.14,28,45.5827,49.4825,47.3016,49.4825,"{""Chat"": 56.425, ""Control"": 56.042, ""File Transfer"": 68.571, ""Streaming"": 16.892}","{""Chat"": 50.0, ""Control"": 40.921, ""File Transfer"": 100.0, ""Streaming"": 100.0}","{""Chat"": 64.744, ""Control"": 88.889, ""File Transfer"": 52.174, ""Streaming"": 9.225}","{""Chat"": 156, ""Control"": 180, ""File Transfer"": 23, ""Streaming"": 271}","{""Chat"": 1.045129, ""Control"": 0.868452, ""File Transfer"": 5.883065, ""Streaming"": 0.580812}","{""Chat"": 349, ""Control"": 420, ""File Transfer"": 62, ""Streaming"": 628}",148986,checkpoints/VNAT_5s_tcp_duration_3feat_seed0/VNAT_5s_tcpdur_random70_stratified_flowlevel_splitseed42_3feat_timemixer_150ms_seed0.pth,1912970,10.3,OK,,"{""torch"": ""2.4.1+cu121"", ""cuda"": ""12.1"", ""gpu"": ""NVIDIA RTX A4500"", ""numpy"": ""1.26.0"", ""python"": ""3.10.12"", ""deterministic"": true, ""grad_clip_max_norm"": 1.0, ""CUBLAS_WORKSPACE_CONFIG"": "":4096:8"", ""CUDA_VISIBLE_DEVICES"": ""1""}",2026-08-21T15:11:16
VNAT_5s_tcpdur_random70_stratified_flowlevel_splitseed42_3feat_timemixer_150ms_seed1,VNAT,VNAT_5s_tcp_duration,5,random70_stratified_flowlevel_splitseed42,42,7aa2fe07e2ffeadb,Validation,4,timemixer,3feat,150ms,34,3,1,256,1459,630,best_val,14,12345,0,True,True,1.0,2.269,4.63,36,43.9102,52.6578,52.0635,52.6578,"{""Chat"": 56.611, ""Control"": 73.684, ""File Transfer"": 68.571, ""Streaming"": 11.765}","{""Chat"": 39.895, ""Control"": 67.123, ""File Transfer"": 100.0, ""Streaming"": 94.444}","{""Chat"": 97.436, ""Control"": 81.667, ""File Transfer"": 52.174, ""Streaming"": 6.273}","{""Chat"": 156, ""Control"": 180, ""File Transfer"": 23, ""Streaming"": 271}","{""Chat"": 1.045129, ""Control"": 0.868452, ""File Transfer"": 5.883065, ""Streaming"": 0.580812}","{""Chat"": 349, ""Control"": 420, ""File Transfer"": 62, ""Streaming"": 628}",148986,checkpoints/VNAT_5s_tcp_duration_3feat_seed1/VNAT_5s_tcpdur_random70_stratified_flowlevel_splitseed42_3feat_timemixer_150ms_seed1.pth,1912970,13.0,OK,,"{""torch"": ""2.4.1+cu121"", ""cuda"": ""12.1"", ""gpu"": ""NVIDIA RTX A4500"", ""numpy"": ""1.26.0"", ""python"": ""3.10.12"", ""deterministic"": true, ""grad_clip_max_norm"": 1.0, ""CUBLAS_WORKSPACE_CONFIG"": "":4096:8"", ""CUDA_VISIBLE_DEVICES"": ""1""}",2026-08-21T15:11:29
VNAT_5s_tcpdur_random70_stratified_flowlevel_splitseed42_3feat_timemixer_150ms_seed2,VNAT,VNAT_5s_tcp_duration,5,random70_stratified_flowlevel_splitseed42,42,7aa2fe07e2ffeadb,Validation,4,timemixer,3feat,150ms,34,3,2,256,1459,630,best_val,13,12345,0,True,True,1.0,2.253,8.33,28,44.2609,37.2603,36.3492,37.2603,"{""Chat"": 0.0, ""Control"": 42.47, ""File Transfer"": 68.571, ""Streaming"": 38.0}","{""Chat"": 0.0, ""Control"": 29.132, ""File Transfer"": 100.0, ""Streaming"": 58.915}","{""Chat"": 0.0, ""Control"": 78.333, ""File Transfer"": 52.174, ""Streaming"": 28.044}","{""Chat"": 156, ""Control"": 180, ""File Transfer"": 23, ""Streaming"": 271}","{""Chat"": 1.045129, ""Control"": 0.868452, ""File Transfer"": 5.883065, ""Streaming"": 0.580812}","{""Chat"": 349, ""Control"": 420, ""File Transfer"": 62, ""Streaming"": 628}",148986,checkpoints/VNAT_5s_tcp_duration_3feat_seed2/VNAT_5s_tcpdur_random70_stratified_flowlevel_splitseed42_3feat_timemixer_150ms_seed2.pth,1912970,10.2,OK,,"{""torch"": ""2.4.1+cu121"", ""cuda"": ""12.1"", ""gpu"": ""NVIDIA RTX A4500"", ""numpy"": ""1.26.0"", ""python"": ""3.10.12"", ""deterministic"": true, ""grad_clip_max_norm"": 1.0, ""CUBLAS_WORKSPACE_CONFIG"": "":4096:8"", ""CUDA_VISIBLE_DEVICES"": ""1""}",2026-08-21T15:11:39
VNAT_5s_tcpdur_random70_stratified_flowlevel_splitseed42_3feat_timesnet_200ms_seed0,VNAT,VNAT_5s_tcp_duration,5,random70_stratified_flowlevel_splitseed42,42,7aa2fe07e2ffeadb,Validation,4,timesnet,3feat,200ms,26,3,0,256,1459,630,best_val,9,12345,0,True,True,1.0,4.7372,84.17,20,49.1967,51.6633,49.8413,51.6633,"{""Chat"": 51.327, ""Control"": 45.49, ""File Transfer"": 60.465, ""Streaming"": 49.37}","{""Chat"": 35.452, ""Control"": 77.333, ""File Transfer"": 65.0, ""Streaming"": 77.778}","{""Chat"": 92.949, ""Control"": 32.222, ""File Transfer"": 56.522, ""Streaming"": 36.162}","{""Chat"": 156, ""Control"": 180, ""File Transfer"": 23, ""Streaming"": 271}","{""Chat"": 1.045129, ""Control"": 0.868452, ""File Transfer"": 5.883065, ""Streaming"": 0.580812}","{""Chat"": 349, ""Control"": 420, ""File Transfer"": 62, ""Streaming"": 628}",9381636,checkpoints/VNAT_5s_tcp_duration_3feat_seed0/VNAT_5s_tcpdur_random70_stratified_flowlevel_splitseed42_3feat_timesnet_200ms_seed0.pth,38836030,13.3,OK,,"{""torch"": ""2.4.1+cu121"", ""cuda"": ""12.1"", ""gpu"": ""NVIDIA RTX A4500"", ""numpy"": ""1.26.0"", ""python"": ""3.10.12"", ""deterministic"": true, ""grad_clip_max_norm"": 1.0, ""CUBLAS_WORKSPACE_CONFIG"": "":4096:8"", ""CUDA_VISIBLE_DEVICES"": ""1""}",2026-08-21T15:11:53
VNAT_5s_tcpdur_random70_stratified_flowlevel_splitseed42_3feat_timesnet_200ms_seed1,VNAT,VNAT_5s_tcp_duration,5,random70_stratified_flowlevel_splitseed42,42,7aa2fe07e2ffeadb,Validation,4,timesnet,3feat,200ms,26,3,1,256,1459,630,best_val,3,12345,0,True,True,1.0,7.6936,91.67,16,46.6751,48.4619,47.9365,48.4619,"{""Chat"": 60.262, ""Control"": 57.796, ""File Transfer"": 66.667, ""Streaming"": 9.123}","{""Chat"": 45.695, ""Control"": 46.179, ""File Transfer"": 92.308, ""Streaming"": 92.857}","{""Chat"": 88.462, ""Control"": 77.222, ""File Transfer"": 52.174, ""Streaming"": 4.797}","{""Chat"": 156, ""Control"": 180, ""File Transfer"": 23, ""Streaming"": 271}","{""Chat"": 1.045129, ""Control"": 0.868452, ""File Transfer"": 5.883065, ""Streaming"": 0.580812}","{""Chat"": 349, ""Control"": 420, ""File Transfer"": 62, ""Streaming"": 628}",9381636,checkpoints/VNAT_5s_tcp_duration_3feat_seed1/VNAT_5s_tcpdur_random70_stratified_flowlevel_splitseed42_3feat_timesnet_200ms_seed1.pth,38836030,10.2,OK,,"{""torch"": ""2.4.1+cu121"", ""cuda"": ""12.1"", ""gpu"": ""NVIDIA RTX A4500"", ""numpy"": ""1.26.0"", ""python"": ""3.10.12"", ""deterministic"": true, ""grad_clip_max_norm"": 1.0, ""CUBLAS_WORKSPACE_CONFIG"": "":4096:8"", ""CUDA_VISIBLE_DEVICES"": ""1""}",2026-08-21T15:12:03
VNAT_5s_tcpdur_random70_stratified_flowlevel_splitseed42_3feat_timesnet_200ms_seed2,VNAT,VNAT_5s_tcp_duration,5,random70_stratified_flowlevel_splitseed42,42,7aa2fe07e2ffeadb,Validation,4,timesnet,3feat,200ms,26,3,2,256,1459,630,best_val,7,12345,0,True,True,1.0,5.4145,86.27,17,44.4296,44.5277,44.127,44.5277,"{""Chat"": 61.111, ""Control"": 52.08, ""File Transfer"": 58.537, ""Streaming"": 6.383}","{""Chat"": 66.667, ""Control"": 36.034, ""File Transfer"": 66.667, ""Streaming"": 81.818}","{""Chat"": 56.41, ""Control"": 93.889, ""File Transfer"": 52.174, ""Streaming"": 3.321}","{""Chat"": 156, ""Control"": 180, ""File Transfer"": 23, ""Streaming"": 271}","{""Chat"": 1.045129, ""Control"": 0.868452, ""File Transfer"": 5.883065, ""Streaming"": 0.580812}","{""Chat"": 349, ""Control"": 420, ""File Transfer"": 62, ""Streaming"": 628}",9381636,checkpoints/VNAT_5s_tcp_duration_3feat_seed2/VNAT_5s_tcpdur_random70_stratified_flowlevel_splitseed42_3feat_timesnet_200ms_seed2.pth,38836030,10.9,OK,,"{""torch"": ""2.4.1+cu121"", ""cuda"": ""12.1"", ""gpu"": ""NVIDIA RTX A4500"", ""numpy"": ""1.26.0"", ""python"": ""3.10.12"", ""deterministic"": true, ""grad_clip_max_norm"": 1.0, ""CUBLAS_WORKSPACE_CONFIG"": "":4096:8"", ""CUDA_VISIBLE_DEVICES"": ""1""}",2026-08-21T15:12:15
VNAT_5s_tcpdur_random70_stratified_flowlevel_splitseed42_3feat_informer_200ms_seed0,VNAT,VNAT_5s_tcp_duration,5,random70_stratified_flowlevel_splitseed42,42,7aa2fe07e2ffeadb,Validation,4,informer,3feat,200ms,26,3,0,64,1459,630,best_val,24,12345,0,True,True,1.0,18.2335,100.0,32,82.5762,79.5032,82.381,79.1477,"{""Chat"": 75.263, ""Control"": 95.082, ""File Transfer"": 66.667, ""Streaming"": 79.579}","{""Chat"": 63.839, ""Control"": 93.548, ""File Transfer"": 81.25, ""Streaming"": 92.647}","{""Chat"": 91.667, ""Control"": 96.667, ""File Transfer"": 56.522, ""Streaming"": 69.742}","{""Chat"": 156, ""Control"": 180, ""File Transfer"": 23, ""Streaming"": 271}","{""Chat"": 1.045129, ""Control"": 0.868452, ""File Transfer"": 5.883065, ""Streaming"": 0.580812}","{""Chat"": 349, ""Control"": 420, ""File Transfer"": 62, ""Streaming"": 628}",2703365,checkpoints/VNAT_5s_tcp_duration_3feat_seed0/VNAT_5s_tcpdur_random70_stratified_flowlevel_splitseed42_3feat_informer_200ms_seed0.pth,21097558,20.5,OK,,"{""torch"": ""2.4.1+cu121"", ""cuda"": ""12.1"", ""gpu"": ""NVIDIA RTX A4500"", ""numpy"": ""1.26.0"", ""python"": ""3.10.12"", ""deterministic"": true, ""grad_clip_max_norm"": 1.0, ""CUBLAS_WORKSPACE_CONFIG"": "":4096:8"", ""CUDA_VISIBLE_DEVICES"": ""1""}",2026-08-21T15:12:35
VNAT_5s_tcpdur_random70_stratified_flowlevel_splitseed42_3feat_informer_200ms_seed1,VNAT,VNAT_5s_tcp_duration,5,random70_stratified_flowlevel_splitseed42,42,7aa2fe07e2ffeadb,Validation,4,informer,3feat,200ms,26,3,1,64,1459,630,best_val,9,12345,0,True,True,1.0,17.7561,100.0,27,77.6365,77.4187,79.2063,77.0839,"{""Chat"": 70.652, ""Control"": 93.443, ""File Transfer"": 68.421, ""Streaming"": 75.82}","{""Chat"": 61.321, ""Control"": 91.935, ""File Transfer"": 86.667, ""Streaming"": 85.253}","{""Chat"": 83.333, ""Control"": 95.0, ""File Transfer"": 56.522, ""Streaming"": 68.266}","{""Chat"": 156, ""Control"": 180, ""File Transfer"": 23, ""Streaming"": 271}","{""Chat"": 1.045129, ""Control"": 0.868452, ""File Transfer"": 5.883065, ""Streaming"": 0.580812}","{""Chat"": 349, ""Control"": 420, ""File Transfer"": 62, ""Streaming"": 628}",2703365,checkpoints/VNAT_5s_tcp_duration_3feat_seed1/VNAT_5s_tcpdur_random70_stratified_flowlevel_splitseed42_3feat_informer_200ms_seed1.pth,21097558,25.8,OK,,"{""torch"": ""2.4.1+cu121"", ""cuda"": ""12.1"", ""gpu"": ""NVIDIA RTX A4500"", ""numpy"": ""1.26.0"", ""python"": ""3.10.12"", ""deterministic"": true, ""grad_clip_max_norm"": 1.0, ""CUBLAS_WORKSPACE_CONFIG"": "":4096:8"", ""CUDA_VISIBLE_DEVICES"": ""1""}",2026-08-21T15:13:01
VNAT_5s_tcpdur_random70_stratified_flowlevel_splitseed42_3feat_informer_200ms_seed2,VNAT,VNAT_5s_tcp_duration,5,random70_stratified_flowlevel_splitseed42,42,7aa2fe07e2ffeadb,Validation,4,informer,3feat,200ms,26,3,2,64,1459,630,best_val,26,12345,0,True,True,1.0,17.5648,100.0,34,82.3038,78.7382,80.9524,78.5001,"{""Chat"": 73.98, ""Control"": 94.278, ""File Transfer"": 68.421, ""Streaming"": 77.322}","{""Chat"": 61.441, ""Control"": 92.513, ""File Transfer"": 86.667, ""Streaming"": 93.229}","{""Chat"": 92.949, ""Control"": 96.111, ""File Transfer"": 56.522, ""Streaming"": 66.052}","{""Chat"": 156, ""Control"": 180, ""File Transfer"": 23, ""Streaming"": 271}","{""Chat"": 1.045129, ""Control"": 0.868452, ""File Transfer"": 5.883065, ""Streaming"": 0.580812}","{""Chat"": 349, ""Control"": 420, ""File Transfer"": 62, ""Streaming"": 628}",2703365,checkpoints/VNAT_5s_tcp_duration_3feat_seed2/VNAT_5s_tcpdur_random70_stratified_flowlevel_splitseed42_3feat_informer_200ms_seed2.pth,21097558,31.7,OK,,"{""torch"": ""2.4.1+cu121"", ""cuda"": ""12.1"", ""gpu"": ""NVIDIA RTX A4500"", ""numpy"": ""1.26.0"", ""python"": ""3.10.12"", ""deterministic"": true, ""grad_clip_max_norm"": 1.0, ""CUBLAS_WORKSPACE_CONFIG"": "":4096:8"", ""CUDA_VISIBLE_DEVICES"": ""1""}",2026-08-21T15:13:33
VNAT_5s_tcpdur_random70_stratified_flowlevel_splitseed42_3feat_nst_200ms_seed0,VNAT,VNAT_5s_tcp_duration,5,random70_stratified_flowlevel_splitseed42,42,7aa2fe07e2ffeadb,Validation,4,nst,3feat,200ms,26,3,0,64,1459,630,best_val,7,12345,0,True,True,1.0,7.5309,100.0,22,49.6161,52.7882,52.6984,52.7882,"{""Chat"": 60.736, ""Control"": 63.588, ""File Transfer"": 61.905, ""Streaming"": 24.924}","{""Chat"": 58.235, ""Control"": 46.736, ""File Transfer"": 68.421, ""Streaming"": 70.69}","{""Chat"": 63.462, ""Control"": 99.444, ""File Transfer"": 56.522, ""Streaming"": 15.129}","{""Chat"": 156, ""Control"": 180, ""File Transfer"": 23, ""Streaming"": 271}","{""Chat"": 1.045129, ""Control"": 0.868452, ""File Transfer"": 5.883065, ""Streaming"": 0.580812}","{""Chat"": 349, ""Control"": 420, ""File Transfer"": 62, ""Streaming"": 628}",127840,checkpoints/VNAT_5s_tcp_duration_3feat_seed0/VNAT_5s_tcpdur_random70_stratified_flowlevel_splitseed42_3feat_nst_200ms_seed0.pth,1819394,21.4,OK,,"{""torch"": ""2.4.1+cu121"", ""cuda"": ""12.1"", ""gpu"": ""NVIDIA RTX A4500"", ""numpy"": ""1.26.0"", ""python"": ""3.10.12"", ""deterministic"": true, ""grad_clip_max_norm"": 1.0, ""CUBLAS_WORKSPACE_CONFIG"": "":4096:8"", ""CUDA_VISIBLE_DEVICES"": ""1""}",2026-08-21T15:13:55
VNAT_5s_tcpdur_random70_stratified_flowlevel_splitseed42_3feat_nst_200ms_seed1,VNAT,VNAT_5s_tcp_duration,5,random70_stratified_flowlevel_splitseed42,42,7aa2fe07e2ffeadb,Validation,4,nst,3feat,200ms,26,3,1,64,1459,630,best_val,9,12345,0,True,True,1.0,8.3665,100.0,34,53.116,56.3926,58.0952,56.3926,"{""Chat"": 61.922, ""Control"": 44.355, ""File Transfer"": 57.778, ""Streaming"": 61.516}","{""Chat"": 69.6, ""Control"": 80.882, ""File Transfer"": 59.091, ""Streaming"": 50.843}","{""Chat"": 55.769, ""Control"": 30.556, ""File Transfer"": 56.522, ""Streaming"": 77.86}","{""Chat"": 156, ""Control"": 180, ""File Transfer"": 23, ""Streaming"": 271}","{""Chat"": 1.045129, ""Control"": 0.868452, ""File Transfer"": 5.883065, ""Streaming"": 0.580812}","{""Chat"": 349, ""Control"": 420, ""File Transfer"": 62, ""Streaming"": 628}",127840,checkpoints/VNAT_5s_tcp_duration_3feat_seed1/VNAT_5s_tcpdur_random70_stratified_flowlevel_splitseed42_3feat_nst_200ms_seed1.pth,1819394,31.8,OK,,"{""torch"": ""2.4.1+cu121"", ""cuda"": ""12.1"", ""gpu"": ""NVIDIA RTX A4500"", ""numpy"": ""1.26.0"", ""python"": ""3.10.12"", ""deterministic"": true, ""grad_clip_max_norm"": 1.0, ""CUBLAS_WORKSPACE_CONFIG"": "":4096:8"", ""CUDA_VISIBLE_DEVICES"": ""1""}",2026-08-21T15:14:26
VNAT_5s_tcpdur_random70_stratified_flowlevel_splitseed42_3feat_nst_200ms_seed2,VNAT,VNAT_5s_tcp_duration,5,random70_stratified_flowlevel_splitseed42,42,7aa2fe07e2ffeadb,Validation,4,nst,3feat,200ms,26,3,2,64,1459,630,best_val,11,12345,0,True,True,1.0,8.3399,100.0,24,53.2987,49.1061,50.3175,49.1061,"{""Chat"": 59.524, ""Control"": 61.538, ""File Transfer"": 59.091, ""Streaming"": 16.271}","{""Chat"": 55.556, ""Control"": 44.444, ""File Transfer"": 61.905, ""Streaming"": 100.0}","{""Chat"": 64.103, ""Control"": 100.0, ""File Transfer"": 56.522, ""Streaming"": 8.856}","{""Chat"": 156, ""Control"": 180, ""File Transfer"": 23, ""Streaming"": 271}","{""Chat"": 1.045129, ""Control"": 0.868452, ""File Transfer"": 5.883065, ""Streaming"": 0.580812}","{""Chat"": 349, ""Control"": 420, ""File Transfer"": 62, ""Streaming"": 628}",127840,checkpoints/VNAT_5s_tcp_duration_3feat_seed2/VNAT_5s_tcpdur_random70_stratified_flowlevel_splitseed42_3feat_nst_200ms_seed2.pth,1819394,22.4,OK,,"{""torch"": ""2.4.1+cu121"", ""cuda"": ""12.1"", ""gpu"": ""NVIDIA RTX A4500"", ""numpy"": ""1.26.0"", ""python"": ""3.10.12"", ""deterministic"": true, ""grad_clip_max_norm"": 1.0, ""CUBLAS_WORKSPACE_CONFIG"": "":4096:8"", ""CUDA_VISIBLE_DEVICES"": ""1""}",2026-08-21T15:14:49
VNAT_5s_tcpdur_random70_stratified_flowlevel_splitseed42_3feat_autoformer_200ms_seed0,VNAT,VNAT_5s_tcp_duration,5,random70_stratified_flowlevel_splitseed42,42,7aa2fe07e2ffeadb,Validation,4,autoformer,3feat,200ms,26,3,0,256,1459,630,best_val,15,12345,0,True,True,1.0,3.7599,100.0,23,55.4909,43.6329,43.8095,43.6329,"{""Chat"": 48.232, ""Control"": 53.731, ""File Transfer"": 46.154, ""Streaming"": 26.415}","{""Chat"": 32.189, ""Control"": 81.818, ""File Transfer"": 41.379, ""Streaming"": 89.362}","{""Chat"": 96.154, ""Control"": 40.0, ""File Transfer"": 52.174, ""Streaming"": 15.498}","{""Chat"": 156, ""Control"": 180, ""File Transfer"": 23, ""Streaming"": 271}","{""Chat"": 1.045129, ""Control"": 0.868452, ""File Transfer"": 5.883065, ""Streaming"": 0.580812}","{""Chat"": 349, ""Control"": 420, ""File Transfer"": 62, ""Streaming"": 628}",106500,checkpoints/VNAT_5s_tcp_duration_3feat_seed0/VNAT_5s_tcpdur_random70_stratified_flowlevel_splitseed42_3feat_autoformer_200ms_seed0.pth,1723586,8.2,OK,,"{""torch"": ""2.4.1+cu121"", ""cuda"": ""12.1"", ""gpu"": ""NVIDIA RTX A4500"", ""numpy"": ""1.26.0"", ""python"": ""3.10.12"", ""deterministic"": true, ""grad_clip_max_norm"": 1.0, ""CUBLAS_WORKSPACE_CONFIG"": "":4096:8"", ""CUDA_VISIBLE_DEVICES"": ""1""}",2026-08-21T15:14:57
VNAT_5s_tcpdur_random70_stratified_flowlevel_splitseed42_3feat_autoformer_200ms_seed1,VNAT,VNAT_5s_tcp_duration,5,random70_stratified_flowlevel_splitseed42,42,7aa2fe07e2ffeadb,Validation,4,autoformer,3feat,200ms,26,3,1,256,1459,630,best_val,42,12345,0,True,True,1.0,4.1837,100.0,50,70.4775,58.4473,61.5873,58.4473,"{""Chat"": 59.319, ""Control"": 90.055, ""File Transfer"": 47.059, ""Streaming"": 37.356}","{""Chat"": 43.149, ""Control"": 89.56, ""File Transfer"": 42.857, ""Streaming"": 84.416}","{""Chat"": 94.872, ""Control"": 90.556, ""File Transfer"": 52.174, ""Streaming"": 23.985}","{""Chat"": 156, ""Control"": 180, ""File Transfer"": 23, ""Streaming"": 271}","{""Chat"": 1.045129, ""Control"": 0.868452, ""File Transfer"": 5.883065, ""Streaming"": 0.580812}","{""Chat"": 349, ""Control"": 420, ""File Transfer"": 62, ""Streaming"": 628}",106500,checkpoints/VNAT_5s_tcp_duration_3feat_seed1/VNAT_5s_tcpdur_random70_stratified_flowlevel_splitseed42_3feat_autoformer_200ms_seed1.pth,1723586,17.7,OK,,"{""torch"": ""2.4.1+cu121"", ""cuda"": ""12.1"", ""gpu"": ""NVIDIA RTX A4500"", ""numpy"": ""1.26.0"", ""python"": ""3.10.12"", ""deterministic"": true, ""grad_clip_max_norm"": 1.0, ""CUBLAS_WORKSPACE_CONFIG"": "":4096:8"", ""CUDA_VISIBLE_DEVICES"": ""1""}",2026-08-21T15:15:15
VNAT_5s_tcpdur_random70_stratified_flowlevel_splitseed42_3feat_autoformer_200ms_seed2,VNAT,VNAT_5s_tcp_duration,5,random70_stratified_flowlevel_splitseed42,42,7aa2fe07e2ffeadb,Validation,4,autoformer,3feat,200ms,26,3,2,256,1459,630,best_val,14,12345,0,True,True,1.0,4.0764,100.0,22,51.7388,35.4318,36.5079,35.4318,"{""Chat"": 44.412, ""Control"": 19.324, ""File Transfer"": 48.98, ""Streaming"": 29.012}","{""Chat"": 28.817, ""Control"": 74.074, ""File Transfer"": 46.154, ""Streaming"": 88.679}","{""Chat"": 96.795, ""Control"": 11.111, ""File Transfer"": 52.174, ""Streaming"": 17.343}","{""Chat"": 156, ""Control"": 180, ""File Transfer"": 23, ""Streaming"": 271}","{""Chat"": 1.045129, ""Control"": 0.868452, ""File Transfer"": 5.883065, ""Streaming"": 0.580812}","{""Chat"": 349, ""Control"": 420, ""File Transfer"": 62, ""Streaming"": 628}",106500,checkpoints/VNAT_5s_tcp_duration_3feat_seed2/VNAT_5s_tcpdur_random70_stratified_flowlevel_splitseed42_3feat_autoformer_200ms_seed2.pth,1723586,7.9,OK,,"{""torch"": ""2.4.1+cu121"", ""cuda"": ""12.1"", ""gpu"": ""NVIDIA RTX A4500"", ""numpy"": ""1.26.0"", ""python"": ""3.10.12"", ""deterministic"": true, ""grad_clip_max_norm"": 1.0, ""CUBLAS_WORKSPACE_CONFIG"": "":4096:8"", ""CUDA_VISIBLE_DEVICES"": ""1""}",2026-08-21T15:15:23
VNAT_5s_tcpdur_random70_stratified_flowlevel_splitseed42_3feat_fedformer_200ms_seed0,VNAT,VNAT_5s_tcp_duration,5,random70_stratified_flowlevel_splitseed42,42,7aa2fe07e2ffeadb,Validation,4,fedformer,3feat,200ms,26,3,0,256,1459,630,best_val,6,12345,4,True,True,1.0,5.0488,97.44,26,49.3773,63.0487,62.5397,63.0487,"{""Chat"": 52.52, ""Control"": 73.81, ""File Transfer"": 63.415, ""Streaming"": 62.451}","{""Chat"": 44.796, ""Control"": 79.487, ""File Transfer"": 72.222, ""Streaming"": 67.234}","{""Chat"": 63.462, ""Control"": 68.889, ""File Transfer"": 56.522, ""Streaming"": 58.303}","{""Chat"": 156, ""Control"": 180, ""File Transfer"": 23, ""Streaming"": 271}","{""Chat"": 1.045129, ""Control"": 0.868452, ""File Transfer"": 5.883065, ""Streaming"": 0.580812}","{""Chat"": 349, ""Control"": 420, ""File Transfer"": 62, ""Streaming"": 628}",224645,checkpoints/VNAT_5s_tcp_duration_3feat_seed0/VNAT_5s_tcpdur_random70_stratified_flowlevel_splitseed42_3feat_fedformer_200ms_seed0.pth,3494572,24.7,OK,,"{""torch"": ""2.4.1+cu121"", ""cuda"": ""12.1"", ""gpu"": ""NVIDIA RTX A4500"", ""numpy"": ""1.26.0"", ""python"": ""3.10.12"", ""deterministic"": true, ""grad_clip_max_norm"": 1.0, ""CUBLAS_WORKSPACE_CONFIG"": "":4096:8"", ""CUDA_VISIBLE_DEVICES"": ""1""}",2026-08-21T15:15:48
VNAT_5s_tcpdur_random70_stratified_flowlevel_splitseed42_3feat_fedformer_200ms_seed1,VNAT,VNAT_5s_tcp_duration,5,random70_stratified_flowlevel_splitseed42,42,7aa2fe07e2ffeadb,Validation,4,fedformer,3feat,200ms,26,3,1,256,1459,630,best_val,12,12345,4,True,True,1.0,4.0341,96.79,26,54.659,50.4079,51.4286,50.4079,"{""Chat"": 58.286, ""Control"": 62.342, ""File Transfer"": 57.778, ""Streaming"": 23.226}","{""Chat"": 52.577, ""Control"": 46.133, ""File Transfer"": 59.091, ""Streaming"": 92.308}","{""Chat"": 65.385, ""Control"": 96.111, ""File Transfer"": 56.522, ""Streaming"": 13.284}","{""Chat"": 156, ""Control"": 180, ""File Transfer"": 23, ""Streaming"": 271}","{""Chat"": 1.045129, ""Control"": 0.868452, ""File Transfer"": 5.883065, ""Streaming"": 0.580812}","{""Chat"": 349, ""Control"": 420, ""File Transfer"": 62, ""Streaming"": 628}",224645,checkpoints/VNAT_5s_tcp_duration_3feat_seed1/VNAT_5s_tcpdur_random70_stratified_flowlevel_splitseed42_3feat_fedformer_200ms_seed1.pth,3494572,24.3,OK,,"{""torch"": ""2.4.1+cu121"", ""cuda"": ""12.1"", ""gpu"": ""NVIDIA RTX A4500"", ""numpy"": ""1.26.0"", ""python"": ""3.10.12"", ""deterministic"": true, ""grad_clip_max_norm"": 1.0, ""CUBLAS_WORKSPACE_CONFIG"": "":4096:8"", ""CUDA_VISIBLE_DEVICES"": ""1""}",2026-08-21T15:16:12
VNAT_5s_tcpdur_random70_stratified_flowlevel_splitseed42_3feat_fedformer_200ms_seed2,VNAT,VNAT_5s_tcp_duration,5,random70_stratified_flowlevel_splitseed42,42,7aa2fe07e2ffeadb,Validation,4,fedformer,3feat,200ms,26,3,2,256,1459,630,best_val,5,12345,4,True,True,1.0,4.8137,93.68,29,46.2436,59.6213,59.6825,59.6213,"{""Chat"": 62.019, ""Control"": 72.6, ""File Transfer"": 61.538, ""Streaming"": 42.328}","{""Chat"": 49.615, ""Control"": 62.753, ""File Transfer"": 75.0, ""Streaming"": 74.766}","{""Chat"": 82.692, ""Control"": 86.111, ""File Transfer"": 52.174, ""Streaming"": 29.52}","{""Chat"": 156, ""Control"": 180, ""File Transfer"": 23, ""Streaming"": 271}","{""Chat"": 1.045129, ""Control"": 0.868452, ""File Transfer"": 5.883065, ""Streaming"": 0.580812}","{""Chat"": 349, ""Control"": 420, ""File Transfer"": 62, ""Streaming"": 628}",224645,checkpoints/VNAT_5s_tcp_duration_3feat_seed2/VNAT_5s_tcpdur_random70_stratified_flowlevel_splitseed42_3feat_fedformer_200ms_seed2.pth,3494572,27.1,OK,,"{""torch"": ""2.4.1+cu121"", ""cuda"": ""12.1"", ""gpu"": ""NVIDIA RTX A4500"", ""numpy"": ""1.26.0"", ""python"": ""3.10.12"", ""deterministic"": true, ""grad_clip_max_norm"": 1.0, ""CUBLAS_WORKSPACE_CONFIG"": "":4096:8"", ""CUDA_VISIBLE_DEVICES"": ""1""}",2026-08-21T15:16:40
VNAT_5s_tcpdur_random70_stratified_flowlevel_splitseed42_3feat_timemixer_200ms_seed0,VNAT,VNAT_5s_tcp_duration,5,random70_stratified_flowlevel_splitseed42,42,7aa2fe07e2ffeadb,Validation,4,timemixer,3feat,200ms,26,3,0,256,1459,630,best_val,14,12345,0,True,True,1.0,1.8163,8.33,28,46.4076,42.5166,43.8095,42.5166,"{""Chat"": 49.495, ""Control"": 0.0, ""File Transfer"": 68.571, ""Streaming"": 52.0}","{""Chat"": 33.562, ""Control"": 0.0, ""File Transfer"": 100.0, ""Streaming"": 65.363}","{""Chat"": 94.231, ""Control"": 0.0, ""File Transfer"": 52.174, ""Streaming"": 43.173}","{""Chat"": 156, ""Control"": 180, ""File Transfer"": 23, ""Streaming"": 271}","{""Chat"": 1.045129, ""Control"": 0.868452, ""File Transfer"": 5.883065, ""Streaming"": 0.580812}","{""Chat"": 349, ""Control"": 420, ""File Transfer"": 62, ""Streaming"": 628}",144178,checkpoints/VNAT_5s_tcp_duration_3feat_seed0/VNAT_5s_tcpdur_random70_stratified_flowlevel_splitseed42_3feat_timemixer_200ms_seed0.pth,1893770,10.2,OK,,"{""torch"": ""2.4.1+cu121"", ""cuda"": ""12.1"", ""gpu"": ""NVIDIA RTX A4500"", ""numpy"": ""1.26.0"", ""python"": ""3.10.12"", ""deterministic"": true, ""grad_clip_max_norm"": 1.0, ""CUBLAS_WORKSPACE_CONFIG"": "":4096:8"", ""CUDA_VISIBLE_DEVICES"": ""1""}",2026-08-21T15:16:50
VNAT_5s_tcpdur_random70_stratified_flowlevel_splitseed42_3feat_timemixer_200ms_seed1,VNAT,VNAT_5s_tcp_duration,5,random70_stratified_flowlevel_splitseed42,42,7aa2fe07e2ffeadb,Validation,4,timemixer,3feat,200ms,26,3,1,256,1459,630,best_val,14,12345,0,True,True,1.0,3.3874,7.78,30,44.8135,37.9406,34.6032,37.9406,"{""Chat"": 45.217, ""Control"": 21.757, ""File Transfer"": 68.571, ""Streaming"": 16.216}","{""Chat"": 29.213, ""Control"": 44.068, ""File Transfer"": 100.0, ""Streaming"": 96.0}","{""Chat"": 100.0, ""Control"": 14.444, ""File Transfer"": 52.174, ""Streaming"": 8.856}","{""Chat"": 156, ""Control"": 180, ""File Transfer"": 23, ""Streaming"": 271}","{""Chat"": 1.045129, ""Control"": 0.868452, ""File Transfer"": 5.883065, ""Streaming"": 0.580812}","{""Chat"": 349, ""Control"": 420, ""File Transfer"": 62, ""Streaming"": 628}",144178,checkpoints/VNAT_5s_tcp_duration_3feat_seed1/VNAT_5s_tcpdur_random70_stratified_flowlevel_splitseed42_3feat_timemixer_200ms_seed1.pth,1893770,10.9,OK,,"{""torch"": ""2.4.1+cu121"", ""cuda"": ""12.1"", ""gpu"": ""NVIDIA RTX A4500"", ""numpy"": ""1.26.0"", ""python"": ""3.10.12"", ""deterministic"": true, ""grad_clip_max_norm"": 1.0, ""CUBLAS_WORKSPACE_CONFIG"": "":4096:8"", ""CUDA_VISIBLE_DEVICES"": ""1""}",2026-08-21T15:17:01
VNAT_5s_tcpdur_random70_stratified_flowlevel_splitseed42_3feat_timemixer_200ms_seed2,VNAT,VNAT_5s_tcp_duration,5,random70_stratified_flowlevel_splitseed42,42,7aa2fe07e2ffeadb,Validation,4,timemixer,3feat,200ms,26,3,2,256,1459,630,best_val,13,12345,0,True,True,1.0,2.107,6.25,32,45.5063,45.234,42.2222,45.234,"{""Chat"": 51.087, ""Control"": 50.788, ""File Transfer"": 68.571, ""Streaming"": 10.49}","{""Chat"": 44.34, ""Control"": 37.084, ""File Transfer"": 100.0, ""Streaming"": 100.0}","{""Chat"": 60.256, ""Control"": 80.556, ""File Transfer"": 52.174, ""Streaming"": 5.535}","{""Chat"": 156, ""Control"": 180, ""File Transfer"": 23, ""Streaming"": 271}","{""Chat"": 1.045129, ""Control"": 0.868452, ""File Transfer"": 5.883065, ""Streaming"": 0.580812}","{""Chat"": 349, ""Control"": 420, ""File Transfer"": 62, ""Streaming"": 628}",144178,checkpoints/VNAT_5s_tcp_duration_3feat_seed2/VNAT_5s_tcpdur_random70_stratified_flowlevel_splitseed42_3feat_timemixer_200ms_seed2.pth,1893770,11.9,OK,,"{""torch"": ""2.4.1+cu121"", ""cuda"": ""12.1"", ""gpu"": ""NVIDIA RTX A4500"", ""numpy"": ""1.26.0"", ""python"": ""3.10.12"", ""deterministic"": true, ""grad_clip_max_norm"": 1.0, ""CUBLAS_WORKSPACE_CONFIG"": "":4096:8"", ""CUDA_VISIBLE_DEVICES"": ""1""}",2026-08-21T15:17:13
VNAT_5s_tcpdur_random70_stratified_flowlevel_splitseed42_3feat_timesnet_250ms_seed0,VNAT,VNAT_5s_tcp_duration,5,random70_stratified_flowlevel_splitseed42,42,7aa2fe07e2ffeadb,Validation,4,timesnet,3feat,250ms,21,3,0,256,1459,630,best_val,10,12345,0,True,True,1.0,6.7719,72.92,32,54.3304,65.1105,67.619,65.1105,"{""Chat"": 61.111, ""Control"": 81.266, ""File Transfer"": 55.319, ""Streaming"": 62.745}","{""Chat"": 58.929, ""Control"": 77.387, ""File Transfer"": 54.167, ""Streaming"": 66.946}","{""Chat"": 63.462, ""Control"": 85.556, ""File Transfer"": 56.522, ""Streaming"": 59.041}","{""Chat"": 156, ""Control"": 180, ""File Transfer"": 23, ""Streaming"": 271}","{""Chat"": 1.045129, ""Control"": 0.868452, ""File Transfer"": 5.883065, ""Streaming"": 0.580812}","{""Chat"": 349, ""Control"": 420, ""File Transfer"": 62, ""Streaming"": 628}",9380356,checkpoints/VNAT_5s_tcp_duration_3feat_seed0/VNAT_5s_tcpdur_random70_stratified_flowlevel_splitseed42_3feat_timesnet_250ms_seed0.pth,38830910,24.5,OK,,"{""torch"": ""2.4.1+cu121"", ""cuda"": ""12.1"", ""gpu"": ""NVIDIA RTX A4500"", ""numpy"": ""1.26.0"", ""python"": ""3.10.12"", ""deterministic"": true, ""grad_clip_max_norm"": 1.0, ""CUBLAS_WORKSPACE_CONFIG"": "":4096:8"", ""CUDA_VISIBLE_DEVICES"": ""1""}",2026-08-21T15:17:38
VNAT_5s_tcpdur_random70_stratified_flowlevel_splitseed42_3feat_timesnet_250ms_seed1,VNAT,VNAT_5s_tcp_duration,5,random70_stratified_flowlevel_splitseed42,42,7aa2fe07e2ffeadb,Validation,4,timesnet,3feat,250ms,21,3,1,256,1459,630,best_val,7,12345,0,True,True,1.0,6.1711,87.25,17,48.167,47.1781,46.6667,47.1781,"{""Chat"": 60.068, ""Control"": 56.075, ""File Transfer"": 63.415, ""Streaming"": 9.155}","{""Chat"": 64.234, ""Control"": 38.961, ""File Transfer"": 72.222, ""Streaming"": 100.0}","{""Chat"": 56.41, ""Control"": 100.0, ""File Transfer"": 56.522, ""Streaming"": 4.797}","{""Chat"": 156, ""Control"": 180, ""File Transfer"": 23, ""Streaming"": 271}","{""Chat"": 1.045129, ""Control"": 0.868452, ""File Transfer"": 5.883065, ""Streaming"": 0.580812}","{""Chat"": 349, ""Control"": 420, ""File Transfer"": 62, ""Streaming"": 628}",9380356,checkpoints/VNAT_5s_tcp_duration_3feat_seed1/VNAT_5s_tcpdur_random70_stratified_flowlevel_splitseed42_3feat_timesnet_250ms_seed1.pth,38830910,12.1,OK,,"{""torch"": ""2.4.1+cu121"", ""cuda"": ""12.1"", ""gpu"": ""NVIDIA RTX A4500"", ""numpy"": ""1.26.0"", ""python"": ""3.10.12"", ""deterministic"": true, ""grad_clip_max_norm"": 1.0, ""CUBLAS_WORKSPACE_CONFIG"": "":4096:8"", ""CUDA_VISIBLE_DEVICES"": ""1""}",2026-08-21T15:17:50
VNAT_5s_tcpdur_random70_stratified_flowlevel_splitseed42_3feat_timesnet_250ms_seed2,VNAT,VNAT_5s_tcp_duration,5,random70_stratified_flowlevel_splitseed42,42,7aa2fe07e2ffeadb,Validation,4,timesnet,3feat,250ms,21,3,2,256,1459,630,best_val,9,12345,0,True,True,1.0,4.3787,74.36,26,50.8801,68.6132,70.7937,68.6132,"{""Chat"": 57.692, ""Control"": 88.189, ""File Transfer"": 61.905, ""Streaming"": 66.667}","{""Chat"": 57.692, ""Control"": 83.582, ""File Transfer"": 68.421, ""Streaming"": 68.898}","{""Chat"": 57.692, ""Control"": 93.333, ""File Transfer"": 56.522, ""Streaming"": 64.576}","{""Chat"": 156, ""Control"": 180, ""File Transfer"": 23, ""Streaming"": 271}","{""Chat"": 1.045129, ""Control"": 0.868452, ""File Transfer"": 5.883065, ""Streaming"": 0.580812}","{""Chat"": 349, ""Control"": 420, ""File Transfer"": 62, ""Streaming"": 628}",9380356,checkpoints/VNAT_5s_tcp_duration_3feat_seed2/VNAT_5s_tcpdur_random70_stratified_flowlevel_splitseed42_3feat_timesnet_250ms_seed2.pth,38830910,16.6,OK,,"{""torch"": ""2.4.1+cu121"", ""cuda"": ""12.1"", ""gpu"": ""NVIDIA RTX A4500"", ""numpy"": ""1.26.0"", ""python"": ""3.10.12"", ""deterministic"": true, ""grad_clip_max_norm"": 1.0, ""CUBLAS_WORKSPACE_CONFIG"": "":4096:8"", ""CUDA_VISIBLE_DEVICES"": ""1""}",2026-08-21T15:18:07
VNAT_5s_tcpdur_random70_stratified_flowlevel_splitseed42_3feat_informer_250ms_seed0,VNAT,VNAT_5s_tcp_duration,5,random70_stratified_flowlevel_splitseed42,42,7aa2fe07e2ffeadb,Validation,4,informer,3feat,250ms,21,3,0,64,1459,630,best_val,10,12345,0,True,True,1.0,16.2482,100.0,24,78.78,79.2251,81.1111,79.3282,"{""Chat"": 75.2, ""Control"": 91.304, ""File Transfer"": 72.222, ""Streaming"": 78.586}","{""Chat"": 64.384, ""Control"": 89.362, ""File Transfer"": 100.0, ""Streaming"": 90.0}","{""Chat"": 90.385, ""Control"": 93.333, ""File Transfer"": 56.522, ""Streaming"": 69.742}","{""Chat"": 156, ""Control"": 180, ""File Transfer"": 23, ""Streaming"": 271}","{""Chat"": 1.045129, ""Control"": 0.868452, ""File Transfer"": 5.883065, ""Streaming"": 0.580812}","{""Chat"": 349, ""Control"": 420, ""File Transfer"": 62, ""Streaming"": 628}",2698245,checkpoints/VNAT_5s_tcp_duration_3feat_seed0/VNAT_5s_tcpdur_random70_stratified_flowlevel_splitseed42_3feat_informer_250ms_seed0.pth,21077078,21.9,OK,,"{""torch"": ""2.4.1+cu121"", ""cuda"": ""12.1"", ""gpu"": ""NVIDIA RTX A4500"", ""numpy"": ""1.26.0"", ""python"": ""3.10.12"", ""deterministic"": true, ""grad_clip_max_norm"": 1.0, ""CUBLAS_WORKSPACE_CONFIG"": "":4096:8"", ""CUDA_VISIBLE_DEVICES"": ""1""}",2026-08-21T15:18:29
VNAT_5s_tcpdur_random70_stratified_flowlevel_splitseed42_3feat_informer_250ms_seed1,VNAT,VNAT_5s_tcp_duration,5,random70_stratified_flowlevel_splitseed42,42,7aa2fe07e2ffeadb,Validation,4,informer,3feat,250ms,21,3,1,64,1459,630,best_val,12,12345,0,True,True,1.0,14.0724,100.0,25,80.5564,76.5093,77.4603,76.2766,"{""Chat"": 71.569, ""Control"": 91.935, ""File Transfer"": 70.27, ""Streaming"": 71.332}","{""Chat"": 57.937, ""Control"": 89.062, ""File Transfer"": 92.857, ""Streaming"": 91.86}","{""Chat"": 93.59, ""Control"": 95.0, ""File Transfer"": 56.522, ""Streaming"": 58.303}","{""Chat"": 156, ""Control"": 180, ""File Transfer"": 23, ""Streaming"": 271}","{""Chat"": 1.045129, ""Control"": 0.868452, ""File Transfer"": 5.883065, ""Streaming"": 0.580812}","{""Chat"": 349, ""Control"": 420, ""File Transfer"": 62, ""Streaming"": 628}",2698245,checkpoints/VNAT_5s_tcp_duration_3feat_seed1/VNAT_5s_tcpdur_random70_stratified_flowlevel_splitseed42_3feat_informer_250ms_seed1.pth,21077078,21.5,OK,,"{""torch"": ""2.4.1+cu121"", ""cuda"": ""12.1"", ""gpu"": ""NVIDIA RTX A4500"", ""numpy"": ""1.26.0"", ""python"": ""3.10.12"", ""deterministic"": true, ""grad_clip_max_norm"": 1.0, ""CUBLAS_WORKSPACE_CONFIG"": "":4096:8"", ""CUDA_VISIBLE_DEVICES"": ""1""}",2026-08-21T15:18:51
VNAT_5s_tcpdur_random70_stratified_flowlevel_splitseed42_3feat_informer_250ms_seed2,VNAT,VNAT_5s_tcp_duration,5,random70_stratified_flowlevel_splitseed42,42,7aa2fe07e2ffeadb,Validation,4,informer,3feat,250ms,21,3,2,64,1459,630,best_val,13,12345,0,True,True,1.0,15.8059,100.0,32,79.6368,80.1394,81.4286,80.0259,"{""Chat"": 74.742, ""Control"": 93.733, ""File Transfer"": 73.684, ""Streaming"": 77.944}","{""Chat"": 62.5, ""Control"": 91.979, ""File Transfer"": 93.333, ""Streaming"": 92.857}","{""Chat"": 92.949, ""Control"": 95.556, ""File Transfer"": 60.87, ""Streaming"": 67.159}","{""Chat"": 156, ""Control"": 180, ""File Transfer"": 23, ""Streaming"": 271}","{""Chat"": 1.045129, ""Control"": 0.868452, ""File Transfer"": 5.883065, ""Streaming"": 0.580812}","{""Chat"": 349, ""Control"": 420, ""File Transfer"": 62, ""Streaming"": 628}",2698245,checkpoints/VNAT_5s_tcp_duration_3feat_seed2/VNAT_5s_tcpdur_random70_stratified_flowlevel_splitseed42_3feat_informer_250ms_seed2.pth,21077078,29.5,OK,,"{""torch"": ""2.4.1+cu121"", ""cuda"": ""12.1"", ""gpu"": ""NVIDIA RTX A4500"", ""numpy"": ""1.26.0"", ""python"": ""3.10.12"", ""deterministic"": true, ""grad_clip_max_norm"": 1.0, ""CUBLAS_WORKSPACE_CONFIG"": "":4096:8"", ""CUDA_VISIBLE_DEVICES"": ""1""}",2026-08-21T15:19:21
VNAT_5s_tcpdur_random70_stratified_flowlevel_splitseed42_3feat_nst_250ms_seed0,VNAT,VNAT_5s_tcp_duration,5,random70_stratified_flowlevel_splitseed42,42,7aa2fe07e2ffeadb,Validation,4,nst,3feat,250ms,21,3,0,64,1459,630,best_val,4,12345,0,True,True,1.0,7.7549,100.0,32,50.0987,70.1357,74.6032,70.1357,"{""Chat"": 61.922, ""Control"": 86.914, ""File Transfer"": 58.537, ""Streaming"": 73.171}","{""Chat"": 69.6, ""Control"": 78.222, ""File Transfer"": 66.667, ""Streaming"": 74.427}","{""Chat"": 55.769, ""Control"": 97.778, ""File Transfer"": 52.174, ""Streaming"": 71.956}","{""Chat"": 156, ""Control"": 180, ""File Transfer"": 23, ""Streaming"": 271}","{""Chat"": 1.045129, ""Control"": 0.868452, ""File Transfer"": 5.883065, ""Streaming"": 0.580812}","{""Chat"": 349, ""Control"": 420, ""File Transfer"": 62, ""Streaming"": 628}",126210,checkpoints/VNAT_5s_tcp_duration_3feat_seed0/VNAT_5s_tcpdur_random70_stratified_flowlevel_splitseed42_3feat_nst_250ms_seed0.pth,1812994,28.5,OK,,"{""torch"": ""2.4.1+cu121"", ""cuda"": ""12.1"", ""gpu"": ""NVIDIA RTX A4500"", ""numpy"": ""1.26.0"", ""python"": ""3.10.12"", ""deterministic"": true, ""grad_clip_max_norm"": 1.0, ""CUBLAS_WORKSPACE_CONFIG"": "":4096:8"", ""CUDA_VISIBLE_DEVICES"": ""1""}",2026-08-21T15:19:49
VNAT_5s_tcpdur_random70_stratified_flowlevel_splitseed42_3feat_nst_250ms_seed1,VNAT,VNAT_5s_tcp_duration,5,random70_stratified_flowlevel_splitseed42,42,7aa2fe07e2ffeadb,Validation,4,nst,3feat,250ms,21,3,1,64,1459,630,best_val,22,12345,0,True,True,1.0,6.593,100.0,36,76.667,73.8984,76.5079,73.8984,"{""Chat"": 71.003, ""Control"": 90.814, ""File Transfer"": 63.415, ""Streaming"": 70.362}","{""Chat"": 61.502, ""Control"": 86.07, ""File Transfer"": 72.222, ""Streaming"": 83.333}","{""Chat"": 83.974, ""Control"": 96.111, ""File Transfer"": 56.522, ""Streaming"": 60.886}","{""Chat"": 156, ""Control"": 180, ""File Transfer"": 23, ""Streaming"": 271}","{""Chat"": 1.045129, ""Control"": 0.868452, ""File Transfer"": 5.883065, ""Streaming"": 0.580812}","{""Chat"": 349, ""Control"": 420, ""File Transfer"": 62, ""Streaming"": 628}",126210,checkpoints/VNAT_5s_tcp_duration_3feat_seed1/VNAT_5s_tcpdur_random70_stratified_flowlevel_splitseed42_3feat_nst_250ms_seed1.pth,1812994,31.5,OK,,"{""torch"": ""2.4.1+cu121"", ""cuda"": ""12.1"", ""gpu"": ""NVIDIA RTX A4500"", ""numpy"": ""1.26.0"", ""python"": ""3.10.12"", ""deterministic"": true, ""grad_clip_max_norm"": 1.0, ""CUBLAS_WORKSPACE_CONFIG"": "":4096:8"", ""CUDA_VISIBLE_DEVICES"": ""1""}",2026-08-21T15:20:21
VNAT_5s_tcpdur_random70_stratified_flowlevel_splitseed42_3feat_nst_250ms_seed2,VNAT,VNAT_5s_tcp_duration,5,random70_stratified_flowlevel_splitseed42,42,7aa2fe07e2ffeadb,Validation,4,nst,3feat,250ms,21,3,2,64,1459,630,best_val,13,12345,0,True,True,1.0,7.4462,100.0,21,54.6237,53.5706,55.7143,53.5706,"{""Chat"": 69.586, ""Control"": 65.868, ""File Transfer"": 59.091, ""Streaming"": 19.737}","{""Chat"": 56.078, ""Control"": 51.402, ""File Transfer"": 61.905, ""Streaming"": 90.909}","{""Chat"": 91.667, ""Control"": 91.667, ""File Transfer"": 56.522, ""Streaming"": 11.07}","{""Chat"": 156, ""Control"": 180, ""File Transfer"": 23, ""Streaming"": 271}","{""Chat"": 1.045129, ""Control"": 0.868452, ""File Transfer"": 5.883065, ""Streaming"": 0.580812}","{""Chat"": 349, ""Control"": 420, ""File Transfer"": 62, ""Streaming"": 628}",126210,checkpoints/VNAT_5s_tcp_duration_3feat_seed2/VNAT_5s_tcpdur_random70_stratified_flowlevel_splitseed42_3feat_nst_250ms_seed2.pth,1812994,17.4,OK,,"{""torch"": ""2.4.1+cu121"", ""cuda"": ""12.1"", ""gpu"": ""NVIDIA RTX A4500"", ""numpy"": ""1.26.0"", ""python"": ""3.10.12"", ""deterministic"": true, ""grad_clip_max_norm"": 1.0, ""CUBLAS_WORKSPACE_CONFIG"": "":4096:8"", ""CUDA_VISIBLE_DEVICES"": ""1""}",2026-08-21T15:20:38
VNAT_5s_tcpdur_random70_stratified_flowlevel_splitseed42_3feat_autoformer_250ms_seed0,VNAT,VNAT_5s_tcp_duration,5,random70_stratified_flowlevel_splitseed42,42,7aa2fe07e2ffeadb,Validation,4,autoformer,3feat,250ms,21,3,0,256,1459,630,best_val,16,12345,0,True,True,1.0,3.7145,100.0,26,66.2903,47.6005,47.7778,47.6005,"{""Chat"": 50.59, ""Control"": 64.164, ""File Transfer"": 48.148, ""Streaming"": 27.5}","{""Chat"": 34.325, ""Control"": 83.186, ""File Transfer"": 41.935, ""Streaming"": 89.796}","{""Chat"": 96.154, ""Control"": 52.222, ""File Transfer"": 56.522, ""Streaming"": 16.236}","{""Chat"": 156, ""Control"": 180, ""File Transfer"": 23, ""Streaming"": 271}","{""Chat"": 1.045129, ""Control"": 0.868452, ""File Transfer"": 5.883065, ""Streaming"": 0.580812}","{""Chat"": 349, ""Control"": 420, ""File Transfer"": 62, ""Streaming"": 628}",105220,checkpoints/VNAT_5s_tcp_duration_3feat_seed0/VNAT_5s_tcpdur_random70_stratified_flowlevel_splitseed42_3feat_autoformer_250ms_seed0.pth,1718466,9.0,OK,,"{""torch"": ""2.4.1+cu121"", ""cuda"": ""12.1"", ""gpu"": ""NVIDIA RTX A4500"", ""numpy"": ""1.26.0"", ""python"": ""3.10.12"", ""deterministic"": true, ""grad_clip_max_norm"": 1.0, ""CUBLAS_WORKSPACE_CONFIG"": "":4096:8"", ""CUDA_VISIBLE_DEVICES"": ""1""}",2026-08-21T15:20:47
VNAT_5s_tcpdur_random70_stratified_flowlevel_splitseed42_3feat_autoformer_250ms_seed1,VNAT,VNAT_5s_tcp_duration,5,random70_stratified_flowlevel_splitseed42,42,7aa2fe07e2ffeadb,Validation,4,autoformer,3feat,250ms,21,3,1,256,1459,630,best_val,24,12345,0,True,True,1.0,3.5599,100.0,34,71.7113,53.37,51.9048,53.37,"{""Chat"": 52.686, ""Control"": 69.281, ""File Transfer"": 57.778, ""Streaming"": 33.735}","{""Chat"": 36.105, ""Control"": 84.127, ""File Transfer"": 59.091, ""Streaming"": 91.803}","{""Chat"": 97.436, ""Control"": 58.889, ""File Transfer"": 56.522, ""Streaming"": 20.664}","{""Chat"": 156, ""Control"": 180, ""File Transfer"": 23, ""Streaming"": 271}","{""Chat"": 1.045129, ""Control"": 0.868452, ""File Transfer"": 5.883065, ""Streaming"": 0.580812}","{""Chat"": 349, ""Control"": 420, ""File Transfer"": 62, ""Streaming"": 628}",105220,checkpoints/VNAT_5s_tcp_duration_3feat_seed1/VNAT_5s_tcpdur_random70_stratified_flowlevel_splitseed42_3feat_autoformer_250ms_seed1.pth,1718466,11.9,OK,,"{""torch"": ""2.4.1+cu121"", ""cuda"": ""12.1"", ""gpu"": ""NVIDIA RTX A4500"", ""numpy"": ""1.26.0"", ""python"": ""3.10.12"", ""deterministic"": true, ""grad_clip_max_norm"": 1.0, ""CUBLAS_WORKSPACE_CONFIG"": "":4096:8"", ""CUDA_VISIBLE_DEVICES"": ""1""}",2026-08-21T15:20:59
VNAT_5s_tcpdur_random70_stratified_flowlevel_splitseed42_3feat_autoformer_250ms_seed2,VNAT,VNAT_5s_tcp_duration,5,random70_stratified_flowlevel_splitseed42,42,7aa2fe07e2ffeadb,Validation,4,autoformer,3feat,250ms,21,3,2,256,1459,630,best_val,17,12345,0,True,True,1.0,3.4822,100.0,28,66.5268,49.1169,48.8889,49.1169,"{""Chat"": 51.602, ""Control"": 64.164, ""File Transfer"": 50.98, ""Streaming"": 29.721}","{""Chat"": 35.011, ""Control"": 83.186, ""File Transfer"": 46.429, ""Streaming"": 92.308}","{""Chat"": 98.077, ""Control"": 52.222, ""File Transfer"": 56.522, ""Streaming"": 17.712}","{""Chat"": 156, ""Control"": 180, ""File Transfer"": 23, ""Streaming"": 271}","{""Chat"": 1.045129, ""Control"": 0.868452, ""File Transfer"": 5.883065, ""Streaming"": 0.580812}","{""Chat"": 349, ""Control"": 420, ""File Transfer"": 62, ""Streaming"": 628}",105220,checkpoints/VNAT_5s_tcp_duration_3feat_seed2/VNAT_5s_tcpdur_random70_stratified_flowlevel_splitseed42_3feat_autoformer_250ms_seed2.pth,1718466,10.2,OK,,"{""torch"": ""2.4.1+cu121"", ""cuda"": ""12.1"", ""gpu"": ""NVIDIA RTX A4500"", ""numpy"": ""1.26.0"", ""python"": ""3.10.12"", ""deterministic"": true, ""grad_clip_max_norm"": 1.0, ""CUBLAS_WORKSPACE_CONFIG"": "":4096:8"", ""CUDA_VISIBLE_DEVICES"": ""1""}",2026-08-21T15:21:10
VNAT_5s_tcpdur_random70_stratified_flowlevel_splitseed42_3feat_fedformer_250ms_seed0,VNAT,VNAT_5s_tcp_duration,5,random70_stratified_flowlevel_splitseed42,42,7aa2fe07e2ffeadb,Validation,4,fedformer,3feat,250ms,21,3,0,256,1459,630,best_val,37,12345,4,True,True,1.0,4.1473,85.29,51,69.9141,68.1983,71.1111,68.1983,"{""Chat"": 67.857, ""Control"": 85.714, ""File Transfer"": 56.522, ""Streaming"": 62.7}","{""Chat"": 56.356, ""Control"": 80.488, ""File Transfer"": 56.522, ""Streaming"": 82.53}","{""Chat"": 85.256, ""Control"": 91.667, ""File Transfer"": 56.522, ""Streaming"": 50.554}","{""Chat"": 156, ""Control"": 180, ""File Transfer"": 23, ""Streaming"": 271}","{""Chat"": 1.045129, ""Control"": 0.868452, ""File Transfer"": 5.883065, ""Streaming"": 0.580812}","{""Chat"": 349, ""Control"": 420, ""File Transfer"": 62, ""Streaming"": 628}",213125,checkpoints/VNAT_5s_tcp_duration_3feat_seed0/VNAT_5s_tcpdur_random70_stratified_flowlevel_splitseed42_3feat_fedformer_250ms_seed0.pth,3448492,39.0,OK,,"{""torch"": ""2.4.1+cu121"", ""cuda"": ""12.1"", ""gpu"": ""NVIDIA RTX A4500"", ""numpy"": ""1.26.0"", ""python"": ""3.10.12"", ""deterministic"": true, ""grad_clip_max_norm"": 1.0, ""CUBLAS_WORKSPACE_CONFIG"": "":4096:8"", ""CUDA_VISIBLE_DEVICES"": ""1""}",2026-08-21T15:21:49
VNAT_5s_tcpdur_random70_stratified_flowlevel_splitseed42_3feat_fedformer_250ms_seed1,VNAT,VNAT_5s_tcp_duration,5,random70_stratified_flowlevel_splitseed42,42,7aa2fe07e2ffeadb,Validation,4,fedformer,3feat,250ms,21,3,1,256,1459,630,best_val,26,12345,4,True,True,1.0,5.0149,87.5,40,67.659,53.6614,55.3968,53.6614,"{""Chat"": 69.21, ""Control"": 66.54, ""File Transfer"": 57.778, ""Streaming"": 21.118}","{""Chat"": 60.19, ""Control"": 50.578, ""File Transfer"": 59.091, ""Streaming"": 66.667}","{""Chat"": 81.41, ""Control"": 97.222, ""File Transfer"": 56.522, ""Streaming"": 12.546}","{""Chat"": 156, ""Control"": 180, ""File Transfer"": 23, ""Streaming"": 271}","{""Chat"": 1.045129, ""Control"": 0.868452, ""File Transfer"": 5.883065, ""Streaming"": 0.580812}","{""Chat"": 349, ""Control"": 420, ""File Transfer"": 62, ""Streaming"": 628}",213125,checkpoints/VNAT_5s_tcp_duration_3feat_seed1/VNAT_5s_tcpdur_random70_stratified_flowlevel_splitseed42_3feat_fedformer_250ms_seed1.pth,3448492,30.5,OK,,"{""torch"": ""2.4.1+cu121"", ""cuda"": ""12.1"", ""gpu"": ""NVIDIA RTX A4500"", ""numpy"": ""1.26.0"", ""python"": ""3.10.12"", ""deterministic"": true, ""grad_clip_max_norm"": 1.0, ""CUBLAS_WORKSPACE_CONFIG"": "":4096:8"", ""CUDA_VISIBLE_DEVICES"": ""1""}",2026-08-21T15:22:19
VNAT_5s_tcpdur_random70_stratified_flowlevel_splitseed42_3feat_fedformer_250ms_seed2,VNAT,VNAT_5s_tcp_duration,5,random70_stratified_flowlevel_splitseed42,42,7aa2fe07e2ffeadb,Validation,4,fedformer,3feat,250ms,21,3,2,256,1459,630,best_val,17,12345,4,True,True,1.0,4.6527,87.18,39,60.6566,52.7444,55.5556,52.7444,"{""Chat"": 68.224, ""Control"": 68.016, ""File Transfer"": 59.091, ""Streaming"": 15.646}","{""Chat"": 53.676, ""Control"": 53.503, ""File Transfer"": 61.905, ""Streaming"": 100.0}","{""Chat"": 93.59, ""Control"": 93.333, ""File Transfer"": 56.522, ""Streaming"": 8.487}","{""Chat"": 156, ""Control"": 180, ""File Transfer"": 23, ""Streaming"": 271}","{""Chat"": 1.045129, ""Control"": 0.868452, ""File Transfer"": 5.883065, ""Streaming"": 0.580812}","{""Chat"": 349, ""Control"": 420, ""File Transfer"": 62, ""Streaming"": 628}",213125,checkpoints/VNAT_5s_tcp_duration_3feat_seed2/VNAT_5s_tcpdur_random70_stratified_flowlevel_splitseed42_3feat_fedformer_250ms_seed2.pth,3448492,30.2,OK,,"{""torch"": ""2.4.1+cu121"", ""cuda"": ""12.1"", ""gpu"": ""NVIDIA RTX A4500"", ""numpy"": ""1.26.0"", ""python"": ""3.10.12"", ""deterministic"": true, ""grad_clip_max_norm"": 1.0, ""CUBLAS_WORKSPACE_CONFIG"": "":4096:8"", ""CUDA_VISIBLE_DEVICES"": ""1""}",2026-08-21T15:22:50
VNAT_5s_tcpdur_random70_stratified_flowlevel_splitseed42_3feat_timemixer_250ms_seed0,VNAT,VNAT_5s_tcp_duration,5,random70_stratified_flowlevel_splitseed42,42,7aa2fe07e2ffeadb,Validation,4,timemixer,3feat,250ms,21,3,0,256,1459,630,best_val,12,12345,0,True,True,1.0,2.3305,7.81,32,45.2033,39.7453,41.5873,39.7453,"{""Chat"": 0.0, ""Control"": 54.762, ""File Transfer"": 66.667, ""Streaming"": 37.553}","{""Chat"": 0.0, ""Control"": 39.461, ""File Transfer"": 92.308, ""Streaming"": 43.842}","{""Chat"": 0.0, ""Control"": 89.444, ""File Transfer"": 52.174, ""Streaming"": 32.841}","{""Chat"": 156, ""Control"": 180, ""File Transfer"": 23, ""Streaming"": 271}","{""Chat"": 1.045129, ""Control"": 0.868452, ""File Transfer"": 5.883065, ""Streaming"": 0.580812}","{""Chat"": 349, ""Control"": 420, ""File Transfer"": 62, ""Streaming"": 628}",141458,checkpoints/VNAT_5s_tcp_duration_3feat_seed0/VNAT_5s_tcpdur_random70_stratified_flowlevel_splitseed42_3feat_timemixer_250ms_seed0.pth,1882506,11.5,OK,,"{""torch"": ""2.4.1+cu121"", ""cuda"": ""12.1"", ""gpu"": ""NVIDIA RTX A4500"", ""numpy"": ""1.26.0"", ""python"": ""3.10.12"", ""deterministic"": true, ""grad_clip_max_norm"": 1.0, ""CUBLAS_WORKSPACE_CONFIG"": "":4096:8"", ""CUDA_VISIBLE_DEVICES"": ""1""}",2026-08-21T15:23:01
VNAT_5s_tcpdur_random70_stratified_flowlevel_splitseed42_3feat_timemixer_250ms_seed1,VNAT,VNAT_5s_tcp_duration,5,random70_stratified_flowlevel_splitseed42,42,7aa2fe07e2ffeadb,Validation,4,timemixer,3feat,250ms,21,3,1,256,1459,630,best_val,19,12345,0,True,True,1.0,2.8663,5.83,40,46.6847,44.9985,43.3333,44.9985,"{""Chat"": 55.431, ""Control"": 50.123, ""File Transfer"": 66.667, ""Streaming"": 7.774}","{""Chat"": 39.153, ""Control"": 44.934, ""File Transfer"": 92.308, ""Streaming"": 91.667}","{""Chat"": 94.872, ""Control"": 56.667, ""File Transfer"": 52.174, ""Streaming"": 4.059}","{""Chat"": 156, ""Control"": 180, ""File Transfer"": 23, ""Streaming"": 271}","{""Chat"": 1.045129, ""Control"": 0.868452, ""File Transfer"": 5.883065, ""Streaming"": 0.580812}","{""Chat"": 349, ""Control"": 420, ""File Transfer"": 62, ""Streaming"": 628}",141458,checkpoints/VNAT_5s_tcp_duration_3feat_seed1/VNAT_5s_tcpdur_random70_stratified_flowlevel_splitseed42_3feat_timemixer_250ms_seed1.pth,1882506,14.2,OK,,"{""torch"": ""2.4.1+cu121"", ""cuda"": ""12.1"", ""gpu"": ""NVIDIA RTX A4500"", ""numpy"": ""1.26.0"", ""python"": ""3.10.12"", ""deterministic"": true, ""grad_clip_max_norm"": 1.0, ""CUBLAS_WORKSPACE_CONFIG"": "":4096:8"", ""CUDA_VISIBLE_DEVICES"": ""1""}",2026-08-21T15:23:16
VNAT_5s_tcpdur_random70_stratified_flowlevel_splitseed42_3feat_timemixer_250ms_seed2,VNAT,VNAT_5s_tcp_duration,5,random70_stratified_flowlevel_splitseed42,42,7aa2fe07e2ffeadb,Validation,4,timemixer,3feat,250ms,21,3,2,256,1459,630,best_val,24,12345,0,True,True,1.0,2.1318,7.66,37,49.1517,50.1609,46.9841,50.1609,"{""Chat"": 60.839, ""Control"": 53.907, ""File Transfer"": 68.421, ""Streaming"": 17.476}","{""Chat"": 66.923, ""Control"": 37.808, ""File Transfer"": 86.667, ""Streaming"": 71.053}","{""Chat"": 55.769, ""Control"": 93.889, ""File Transfer"": 56.522, ""Streaming"": 9.963}","{""Chat"": 156, ""Control"": 180, ""File Transfer"": 23, ""Streaming"": 271}","{""Chat"": 1.045129, ""Control"": 0.868452, ""File Transfer"": 5.883065, ""Streaming"": 0.580812}","{""Chat"": 349, ""Control"": 420, ""File Transfer"": 62, ""Streaming"": 628}",141458,checkpoints/VNAT_5s_tcp_duration_3feat_seed2/VNAT_5s_tcpdur_random70_stratified_flowlevel_splitseed42_3feat_timemixer_250ms_seed2.pth,1882506,13.2,OK,,"{""torch"": ""2.4.1+cu121"", ""cuda"": ""12.1"", ""gpu"": ""NVIDIA RTX A4500"", ""numpy"": ""1.26.0"", ""python"": ""3.10.12"", ""deterministic"": true, ""grad_clip_max_norm"": 1.0, ""CUBLAS_WORKSPACE_CONFIG"": "":4096:8"", ""CUDA_VISIBLE_DEVICES"": ""1""}",2026-08-21T15:23:29
VNAT_5s_tcpdur_random70_stratified_flowlevel_splitseed42_8feat_timesnet_20ms_seed0,VNAT,VNAT_5s_tcp_duration,5,random70_stratified_flowlevel_splitseed42,42,7aa2fe07e2ffeadb,Validation,4,timesnet,8feat,20ms,251,8,0,256,1459,630,best_val,23,12345,0,True,True,1.0,13.4392,100.0,35,89.6423,87.4809,91.5873,87.4809,"{""Chat"": 88.047, ""Control"": 96.154, ""File Transfer"": 73.684, ""Streaming"": 92.039}","{""Chat"": 80.749, ""Control"": 95.109, ""File Transfer"": 93.333, ""Streaming"": 97.131}","{""Chat"": 96.795, ""Control"": 97.222, ""File Transfer"": 60.87, ""Streaming"": 87.454}","{""Chat"": 156, ""Control"": 180, ""File Transfer"": 23, ""Streaming"": 271}","{""Chat"": 1.045129, ""Control"": 0.868452, ""File Transfer"": 5.883065, ""Streaming"": 0.580812}","{""Chat"": 349, ""Control"": 420, ""File Transfer"": 62, ""Streaming"": 628}",9440196,checkpoints/VNAT_5s_tcp_duration_8feat_seed0/VNAT_5s_tcpdur_random70_stratified_flowlevel_splitseed42_8feat_timesnet_20ms_seed0.pth,39070210,158.3,OK,,"{""torch"": ""2.4.1+cu121"", ""cuda"": ""12.1"", ""gpu"": ""NVIDIA RTX A4500"", ""numpy"": ""1.26.0"", ""python"": ""3.10.12"", ""deterministic"": true, ""grad_clip_max_norm"": 1.0, ""CUBLAS_WORKSPACE_CONFIG"": "":4096:8"", ""CUDA_VISIBLE_DEVICES"": ""1""}",2026-08-21T15:26:09
VNAT_5s_tcpdur_random70_stratified_flowlevel_splitseed42_8feat_timesnet_20ms_seed1,VNAT,VNAT_5s_tcp_duration,5,random70_stratified_flowlevel_splitseed42,42,7aa2fe07e2ffeadb,Validation,4,timesnet,8feat,20ms,251,8,1,256,1459,630,best_val,19,12345,0,True,True,1.0,14.9023,100.0,32,90.3324,85.6572,90.7937,85.6572,"{""Chat"": 87.283, ""Control"": 95.368, ""File Transfer"": 68.571, ""Streaming"": 91.406}","{""Chat"": 79.474, ""Control"": 93.583, ""File Transfer"": 100.0, ""Streaming"": 97.095}","{""Chat"": 96.795, ""Control"": 97.222, ""File Transfer"": 52.174, ""Streaming"": 86.347}","{""Chat"": 156, ""Control"": 180, ""File Transfer"": 23, ""Streaming"": 271}","{""Chat"": 1.045129, ""Control"": 0.868452, ""File Transfer"": 5.883065, ""Streaming"": 0.580812}","{""Chat"": 349, ""Control"": 420, ""File Transfer"": 62, ""Streaming"": 628}",9440196,checkpoints/VNAT_5s_tcp_duration_8feat_seed1/VNAT_5s_tcpdur_random70_stratified_flowlevel_splitseed42_8feat_timesnet_20ms_seed1.pth,39070210,209.4,OK,,"{""torch"": ""2.4.1+cu121"", ""cuda"": ""12.1"", ""gpu"": ""NVIDIA RTX A4500"", ""numpy"": ""1.26.0"", ""python"": ""3.10.12"", ""deterministic"": true, ""grad_clip_max_norm"": 1.0, ""CUBLAS_WORKSPACE_CONFIG"": "":4096:8"", ""CUDA_VISIBLE_DEVICES"": ""1""}",2026-08-21T15:29:40
VNAT_5s_tcpdur_random70_stratified_flowlevel_splitseed42_8feat_timesnet_20ms_seed2,VNAT,VNAT_5s_tcp_duration,5,random70_stratified_flowlevel_splitseed42,42,7aa2fe07e2ffeadb,Validation,4,timesnet,8feat,20ms,251,8,2,256,1459,630,best_val,19,12345,0,True,True,1.0,18.9705,100.0,33,88.7164,86.0374,91.2698,86.0374,"{""Chat"": 88.496, ""Control"": 95.368, ""File Transfer"": 68.571, ""Streaming"": 91.715}","{""Chat"": 81.967, ""Control"": 93.583, ""File Transfer"": 100.0, ""Streaming"": 95.968}","{""Chat"": 96.154, ""Control"": 97.222, ""File Transfer"": 52.174, ""Streaming"": 87.823}","{""Chat"": 156, ""Control"": 180, ""File Transfer"": 23, ""Streaming"": 271}","{""Chat"": 1.045129, ""Control"": 0.868452, ""File Transfer"": 5.883065, ""Streaming"": 0.580812}","{""Chat"": 349, ""Control"": 420, ""File Transfer"": 62, ""Streaming"": 628}",9440196,checkpoints/VNAT_5s_tcp_duration_8feat_seed2/VNAT_5s_tcpdur_random70_stratified_flowlevel_splitseed42_8feat_timesnet_20ms_seed2.pth,39070210,207.0,OK,,"{""torch"": ""2.4.1+cu121"", ""cuda"": ""12.1"", ""gpu"": ""NVIDIA RTX A4500"", ""numpy"": ""1.26.0"", ""python"": ""3.10.12"", ""deterministic"": true, ""grad_clip_max_norm"": 1.0, ""CUBLAS_WORKSPACE_CONFIG"": "":4096:8"", ""CUDA_VISIBLE_DEVICES"": ""1""}",2026-08-21T15:33:09
VNAT_5s_tcpdur_random70_stratified_flowlevel_splitseed42_8feat_informer_20ms_seed0,VNAT,VNAT_5s_tcp_duration,5,random70_stratified_flowlevel_splitseed42,42,7aa2fe07e2ffeadb,Validation,4,informer,8feat,20ms,251,8,0,64,1459,630,best_val,29,12345,0,True,True,1.0,86.1145,99.76,37,95.7946,93.3215,95.3968,92.5183,"{""Chat"": 93.458, ""Control"": 97.778, ""File Transfer"": 82.927, ""Streaming"": 95.911}","{""Chat"": 90.909, ""Control"": 97.778, ""File Transfer"": 94.444, ""Streaming"": 96.629}","{""Chat"": 96.154, ""Control"": 97.778, ""File Transfer"": 73.913, ""Streaming"": 95.203}","{""Chat"": 156, ""Control"": 180, ""File Transfer"": 23, ""Streaming"": 271}","{""Chat"": 1.045129, ""Control"": 0.868452, ""File Transfer"": 5.883065, ""Streaming"": 0.580812}","{""Chat"": 349, ""Control"": 420, ""File Transfer"": 62, ""Streaming"": 628}",2937605,checkpoints/VNAT_5s_tcp_duration_8feat_seed0/VNAT_5s_tcpdur_random70_stratified_flowlevel_splitseed42_8feat_informer_20ms_seed0.pth,22034434,123.8,OK,,"{""torch"": ""2.4.1+cu121"", ""cuda"": ""12.1"", ""gpu"": ""NVIDIA RTX A4500"", ""numpy"": ""1.26.0"", ""python"": ""3.10.12"", ""deterministic"": true, ""grad_clip_max_norm"": 1.0, ""CUBLAS_WORKSPACE_CONFIG"": "":4096:8"", ""CUDA_VISIBLE_DEVICES"": ""1""}",2026-08-21T15:35:15
VNAT_5s_tcpdur_random70_stratified_flowlevel_splitseed42_8feat_informer_20ms_seed1,VNAT,VNAT_5s_tcp_duration,5,random70_stratified_flowlevel_splitseed42,42,7aa2fe07e2ffeadb,Validation,4,informer,8feat,20ms,251,8,1,64,1459,630,best_val,15,12345,0,True,True,1.0,67.8262,97.54,23,96.3935,94.9793,96.9841,94.8566,"{""Chat"": 95.597, ""Control"": 98.607, ""File Transfer"": 87.805, ""Streaming"": 97.417}","{""Chat"": 93.827, ""Control"": 98.883, ""File Transfer"": 100.0, ""Streaming"": 97.417}","{""Chat"": 97.436, ""Control"": 98.333, ""File Transfer"": 78.261, ""Streaming"": 97.417}","{""Chat"": 156, ""Control"": 180, ""File Transfer"": 23, ""Streaming"": 271}","{""Chat"": 1.045129, ""Control"": 0.868452, ""File Transfer"": 5.883065, ""Streaming"": 0.580812}","{""Chat"": 349, ""Control"": 420, ""File Transfer"": 62, ""Streaming"": 628}",2937605,checkpoints/VNAT_5s_tcp_duration_8feat_seed1/VNAT_5s_tcpdur_random70_stratified_flowlevel_splitseed42_8feat_informer_20ms_seed1.pth,22034434,29.8,OK,,"{""torch"": ""2.4.1+cu121"", ""cuda"": ""12.1"", ""gpu"": ""NVIDIA RTX A4500"", ""numpy"": ""1.26.0"", ""python"": ""3.10.12"", ""deterministic"": true, ""grad_clip_max_norm"": 1.0, ""CUBLAS_WORKSPACE_CONFIG"": "":4096:8"", ""CUDA_VISIBLE_DEVICES"": ""1""}",2026-08-21T15:35:47
VNAT_5s_tcpdur_random70_stratified_flowlevel_splitseed42_8feat_informer_20ms_seed2,VNAT,VNAT_5s_tcp_duration,5,random70_stratified_flowlevel_splitseed42,42,7aa2fe07e2ffeadb,Validation,4,informer,8feat,20ms,251,8,2,64,1459,630,best_val,31,12345,0,True,True,1.0,74.9656,99.67,39,96.4383,94.8521,96.5079,93.5665,"{""Chat"": 95.268, ""Control"": 98.039, ""File Transfer"": 83.721, ""Streaming"": 97.238}","{""Chat"": 93.789, ""Control"": 98.87, ""File Transfer"": 90.0, ""Streaming"": 97.059}","{""Chat"": 96.795, ""Control"": 97.222, ""File Transfer"": 78.261, ""Streaming"": 97.417}","{""Chat"": 156, ""Control"": 180, ""File Transfer"": 23, ""Streaming"": 271}","{""Chat"": 1.045129, ""Control"": 0.868452, ""File Transfer"": 5.883065, ""Streaming"": 0.580812}","{""Chat"": 349, ""Control"": 420, ""File Transfer"": 62, ""Streaming"": 628}",2937605,checkpoints/VNAT_5s_tcp_duration_8feat_seed2/VNAT_5s_tcpdur_random70_stratified_flowlevel_splitseed42_8feat_informer_20ms_seed2.pth,22034434,49.2,OK,,"{""torch"": ""2.4.1+cu121"", ""cuda"": ""12.1"", ""gpu"": ""NVIDIA RTX A4500"", ""numpy"": ""1.26.0"", ""python"": ""3.10.12"", ""deterministic"": true, ""grad_clip_max_norm"": 1.0, ""CUBLAS_WORKSPACE_CONFIG"": "":4096:8"", ""CUDA_VISIBLE_DEVICES"": ""1""}",2026-08-21T15:36:36
VNAT_5s_tcpdur_random70_stratified_flowlevel_splitseed42_8feat_nst_20ms_seed0,VNAT,VNAT_5s_tcp_duration,5,random70_stratified_flowlevel_splitseed42,42,7aa2fe07e2ffeadb,Validation,4,nst,8feat,20ms,251,8,0,64,1459,630,best_val,16,12345,0,True,True,1.0,23.548,100.0,29,92.4372,89.0211,94.127,89.0211,"{""Chat"": 91.515, ""Control"": 97.253, ""File Transfer"": 72.222, ""Streaming"": 95.094}","{""Chat"": 86.782, ""Control"": 96.196, ""File Transfer"": 100.0, ""Streaming"": 97.297}","{""Chat"": 96.795, ""Control"": 98.333, ""File Transfer"": 56.522, ""Streaming"": 92.989}","{""Chat"": 156, ""Control"": 180, ""File Transfer"": 23, ""Streaming"": 271}","{""Chat"": 1.045129, ""Control"": 0.868452, ""File Transfer"": 5.883065, ""Streaming"": 0.580812}","{""Chat"": 349, ""Control"": 420, ""File Transfer"": 62, ""Streaming"": 628}",204710,checkpoints/VNAT_5s_tcp_duration_8feat_seed0/VNAT_5s_tcpdur_random70_stratified_flowlevel_splitseed42_8feat_nst_20ms_seed0.pth,2126922,22.4,OK,,"{""torch"": ""2.4.1+cu121"", ""cuda"": ""12.1"", ""gpu"": ""NVIDIA RTX A4500"", ""numpy"": ""1.26.0"", ""python"": ""3.10.12"", ""deterministic"": true, ""grad_clip_max_norm"": 1.0, ""CUBLAS_WORKSPACE_CONFIG"": "":4096:8"", ""CUDA_VISIBLE_DEVICES"": ""1""}",2026-08-21T15:36:59
VNAT_5s_tcpdur_random70_stratified_flowlevel_splitseed42_8feat_nst_20ms_seed1,VNAT,VNAT_5s_tcp_duration,5,random70_stratified_flowlevel_splitseed42,42,7aa2fe07e2ffeadb,Validation,4,nst,8feat,20ms,251,8,1,64,1459,630,best_val,19,12345,0,True,True,1.0,23.2954,100.0,38,94.857,90.872,95.0794,90.872,"{""Chat"": 92.879, ""Control"": 97.79, ""File Transfer"": 76.923, ""Streaming"": 95.896}","{""Chat"": 89.82, ""Control"": 97.253, ""File Transfer"": 93.75, ""Streaming"": 96.981}","{""Chat"": 96.154, ""Control"": 98.333, ""File Transfer"": 65.217, ""Streaming"": 94.834}","{""Chat"": 156, ""Control"": 180, ""File Transfer"": 23, ""Streaming"": 271}","{""Chat"": 1.045129, ""Control"": 0.868452, ""File Transfer"": 5.883065, ""Streaming"": 0.580812}","{""Chat"": 349, ""Control"": 420, ""File Transfer"": 62, ""Streaming"": 628}",204710,checkpoints/VNAT_5s_tcp_duration_8feat_seed1/VNAT_5s_tcpdur_random70_stratified_flowlevel_splitseed42_8feat_nst_20ms_seed1.pth,2126922,29.0,OK,,"{""torch"": ""2.4.1+cu121"", ""cuda"": ""12.1"", ""gpu"": ""NVIDIA RTX A4500"", ""numpy"": ""1.26.0"", ""python"": ""3.10.12"", ""deterministic"": true, ""grad_clip_max_norm"": 1.0, ""CUBLAS_WORKSPACE_CONFIG"": "":4096:8"", ""CUDA_VISIBLE_DEVICES"": ""1""}",2026-08-21T15:37:28
VNAT_5s_tcpdur_random70_stratified_flowlevel_splitseed42_8feat_nst_20ms_seed2,VNAT,VNAT_5s_tcp_duration,5,random70_stratified_flowlevel_splitseed42,42,7aa2fe07e2ffeadb,Validation,4,nst,8feat,20ms,251,8,2,64,1459,630,best_val,23,12345,0,True,True,1.0,29.148,96.2,40,95.6795,93.3864,96.8254,93.3864,"{""Chat"": 95.793, ""Control"": 98.061, ""File Transfer"": 82.051, ""Streaming"": 97.641}","{""Chat"": 96.732, ""Control"": 97.79, ""File Transfer"": 100.0, ""Streaming"": 96.071}","{""Chat"": 94.872, ""Control"": 98.333, ""File Transfer"": 69.565, ""Streaming"": 99.262}","{""Chat"": 156, ""Control"": 180, ""File Transfer"": 23, ""Streaming"": 271}","{""Chat"": 1.045129, ""Control"": 0.868452, ""File Transfer"": 5.883065, ""Streaming"": 0.580812}","{""Chat"": 349, ""Control"": 420, ""File Transfer"": 62, ""Streaming"": 628}",204710,checkpoints/VNAT_5s_tcp_duration_8feat_seed2/VNAT_5s_tcpdur_random70_stratified_flowlevel_splitseed42_8feat_nst_20ms_seed2.pth,2126922,31.2,OK,,"{""torch"": ""2.4.1+cu121"", ""cuda"": ""12.1"", ""gpu"": ""NVIDIA RTX A4500"", ""numpy"": ""1.26.0"", ""python"": ""3.10.12"", ""deterministic"": true, ""grad_clip_max_norm"": 1.0, ""CUBLAS_WORKSPACE_CONFIG"": "":4096:8"", ""CUDA_VISIBLE_DEVICES"": ""1""}",2026-08-21T15:38:00
VNAT_5s_tcpdur_random70_stratified_flowlevel_splitseed42_8feat_autoformer_20ms_seed0,VNAT,VNAT_5s_tcp_duration,5,random70_stratified_flowlevel_splitseed42,42,7aa2fe07e2ffeadb,Validation,4,autoformer,8feat,20ms,251,8,0,256,1459,630,best_val,45,12345,0,True,True,1.0,9.8604,99.72,60,95.6344,93.1894,96.0317,93.1894,"{""Chat"": 94.569, ""Control"": 97.753, ""File Transfer"": 83.721, ""Streaming"": 96.715}","{""Chat"": 94.268, ""Control"": 98.864, ""File Transfer"": 90.0, ""Streaming"": 95.668}","{""Chat"": 94.872, ""Control"": 96.667, ""File Transfer"": 78.261, ""Streaming"": 97.786}","{""Chat"": 156, ""Control"": 180, ""File Transfer"": 23, ""Streaming"": 271}","{""Chat"": 1.045129, ""Control"": 0.868452, ""File Transfer"": 5.883065, ""Streaming"": 0.580812}","{""Chat"": 349, ""Control"": 420, ""File Transfer"": 62, ""Streaming"": 628}",165060,checkpoints/VNAT_5s_tcp_duration_8feat_seed0/VNAT_5s_tcpdur_random70_stratified_flowlevel_splitseed42_8feat_autoformer_20ms_seed0.pth,1957730,45.1,OK,,"{""torch"": ""2.4.1+cu121"", ""cuda"": ""12.1"", ""gpu"": ""NVIDIA RTX A4500"", ""numpy"": ""1.26.0"", ""python"": ""3.10.12"", ""deterministic"": true, ""grad_clip_max_norm"": 1.0, ""CUBLAS_WORKSPACE_CONFIG"": "":4096:8"", ""CUDA_VISIBLE_DEVICES"": ""1""}",2026-08-21T15:38:45
VNAT_5s_tcpdur_random70_stratified_flowlevel_splitseed42_8feat_autoformer_20ms_seed1,VNAT,VNAT_5s_tcp_duration,5,random70_stratified_flowlevel_splitseed42,42,7aa2fe07e2ffeadb,Validation,4,autoformer,8feat,20ms,251,8,1,256,1459,630,best_val,28,12345,0,True,True,1.0,10.5179,100.0,41,92.9803,88.9559,93.8095,88.9559,"{""Chat"": 92.652, ""Control"": 96.338, ""File Transfer"": 72.0, ""Streaming"": 94.834}","{""Chat"": 92.357, ""Control"": 97.714, ""File Transfer"": 66.667, ""Streaming"": 94.834}","{""Chat"": 92.949, ""Control"": 95.0, ""File Transfer"": 78.261, ""Streaming"": 94.834}","{""Chat"": 156, ""Control"": 180, ""File Transfer"": 23, ""Streaming"": 271}","{""Chat"": 1.045129, ""Control"": 0.868452, ""File Transfer"": 5.883065, ""Streaming"": 0.580812}","{""Chat"": 349, ""Control"": 420, ""File Transfer"": 62, ""Streaming"": 628}",165060,checkpoints/VNAT_5s_tcp_duration_8feat_seed1/VNAT_5s_tcpdur_random70_stratified_flowlevel_splitseed42_8feat_autoformer_20ms_seed1.pth,1957730,31.4,OK,,"{""torch"": ""2.4.1+cu121"", ""cuda"": ""12.1"", ""gpu"": ""NVIDIA RTX A4500"", ""numpy"": ""1.26.0"", ""python"": ""3.10.12"", ""deterministic"": true, ""grad_clip_max_norm"": 1.0, ""CUBLAS_WORKSPACE_CONFIG"": "":4096:8"", ""CUDA_VISIBLE_DEVICES"": ""1""}",2026-08-21T15:39:17
VNAT_5s_tcpdur_random70_stratified_flowlevel_splitseed42_8feat_autoformer_20ms_seed2,VNAT,VNAT_5s_tcp_duration,5,random70_stratified_flowlevel_splitseed42,42,7aa2fe07e2ffeadb,Validation,4,autoformer,8feat,20ms,251,8,2,256,1459,630,best_val,34,12345,0,True,True,1.0,10.1634,100.0,49,92.2475,90.0237,93.9683,90.0237,"{""Chat"": 92.5, ""Control"": 95.935, ""File Transfer"": 76.923, ""Streaming"": 94.737}","{""Chat"": 90.244, ""Control"": 93.651, ""File Transfer"": 93.75, ""Streaming"": 96.552}","{""Chat"": 94.872, ""Control"": 98.333, ""File Transfer"": 65.217, ""Streaming"": 92.989}","{""Chat"": 156, ""Control"": 180, ""File Transfer"": 23, ""Streaming"": 271}","{""Chat"": 1.045129, ""Control"": 0.868452, ""File Transfer"": 5.883065, ""Streaming"": 0.580812}","{""Chat"": 349, ""Control"": 420, ""File Transfer"": 62, ""Streaming"": 628}",165060,checkpoints/VNAT_5s_tcp_duration_8feat_seed2/VNAT_5s_tcpdur_random70_stratified_flowlevel_splitseed42_8feat_autoformer_20ms_seed2.pth,1957730,37.3,OK,,"{""torch"": ""2.4.1+cu121"", ""cuda"": ""12.1"", ""gpu"": ""NVIDIA RTX A4500"", ""numpy"": ""1.26.0"", ""python"": ""3.10.12"", ""deterministic"": true, ""grad_clip_max_norm"": 1.0, ""CUBLAS_WORKSPACE_CONFIG"": "":4096:8"", ""CUDA_VISIBLE_DEVICES"": ""1""}",2026-08-21T15:39:55
VNAT_5s_tcpdur_random70_stratified_flowlevel_splitseed42_8feat_fedformer_20ms_seed0,VNAT,VNAT_5s_tcp_duration,5,random70_stratified_flowlevel_splitseed42,42,7aa2fe07e2ffeadb,Validation,4,fedformer,8feat,20ms,251,8,0,256,1459,630,best_val,30,12345,4,True,True,1.0,14.5085,100.0,44,93.4215,87.3183,92.381,87.3183,"{""Chat"": 90.116, ""Control"": 95.89, ""File Transfer"": 70.27, ""Streaming"": 92.996}","{""Chat"": 82.447, ""Control"": 94.595, ""File Transfer"": 92.857, ""Streaming"": 98.354}","{""Chat"": 99.359, ""Control"": 97.222, ""File Transfer"": 56.522, ""Streaming"": 88.192}","{""Chat"": 156, ""Control"": 180, ""File Transfer"": 23, ""Streaming"": 271}","{""Chat"": 1.045129, ""Control"": 0.868452, ""File Transfer"": 5.883065, ""Streaming"": 0.580812}","{""Chat"": 349, ""Control"": 420, ""File Transfer"": 62, ""Streaming"": 628}",428613,checkpoints/VNAT_5s_tcp_duration_8feat_seed0/VNAT_5s_tcpdur_random70_stratified_flowlevel_splitseed42_8feat_fedformer_20ms_seed0.pth,4310571,144.4,OK,,"{""torch"": ""2.4.1+cu121"", ""cuda"": ""12.1"", ""gpu"": ""NVIDIA RTX A4500"", ""numpy"": ""1.26.0"", ""python"": ""3.10.12"", ""deterministic"": true, ""grad_clip_max_norm"": 1.0, ""CUBLAS_WORKSPACE_CONFIG"": "":4096:8"", ""CUDA_VISIBLE_DEVICES"": ""1""}",2026-08-21T15:42:20
VNAT_5s_tcpdur_random70_stratified_flowlevel_splitseed42_8feat_fedformer_20ms_seed1,VNAT,VNAT_5s_tcp_duration,5,random70_stratified_flowlevel_splitseed42,42,7aa2fe07e2ffeadb,Validation,4,fedformer,8feat,20ms,251,8,1,256,1459,630,best_val,28,12345,4,True,True,1.0,14.0104,100.0,39,93.8375,85.3968,92.381,85.3968,"{""Chat"": 91.343, ""Control"": 95.628, ""File Transfer"": 61.538, ""Streaming"": 93.077}","{""Chat"": 85.475, ""Control"": 94.086, ""File Transfer"": 75.0, ""Streaming"": 97.189}","{""Chat"": 98.077, ""Control"": 97.222, ""File Transfer"": 52.174, ""Streaming"": 89.299}","{""Chat"": 156, ""Control"": 180, ""File Transfer"": 23, ""Streaming"": 271}","{""Chat"": 1.045129, ""Control"": 0.868452, ""File Transfer"": 5.883065, ""Streaming"": 0.580812}","{""Chat"": 349, ""Control"": 420, ""File Transfer"": 62, ""Streaming"": 628}",428613,checkpoints/VNAT_5s_tcp_duration_8feat_seed1/VNAT_5s_tcpdur_random70_stratified_flowlevel_splitseed42_8feat_fedformer_20ms_seed1.pth,4310571,90.1,OK,,"{""torch"": ""2.4.1+cu121"", ""cuda"": ""12.1"", ""gpu"": ""NVIDIA RTX A4500"", ""numpy"": ""1.26.0"", ""python"": ""3.10.12"", ""deterministic"": true, ""grad_clip_max_norm"": 1.0, ""CUBLAS_WORKSPACE_CONFIG"": "":4096:8"", ""CUDA_VISIBLE_DEVICES"": ""1""}",2026-08-21T15:43:51
VNAT_5s_tcpdur_random70_stratified_flowlevel_splitseed42_8feat_fedformer_20ms_seed2,VNAT,VNAT_5s_tcp_duration,5,random70_stratified_flowlevel_splitseed42,42,7aa2fe07e2ffeadb,Validation,4,fedformer,8feat,20ms,251,8,2,256,1459,630,best_val,25,12345,4,True,True,1.0,14.1203,100.0,40,91.7881,86.1147,90.7937,86.1147,"{""Chat"": 89.017, ""Control"": 94.118, ""File Transfer"": 70.27, ""Streaming"": 91.054}","{""Chat"": 81.053, ""Control"": 90.722, ""File Transfer"": 92.857, ""Streaming"": 98.707}","{""Chat"": 98.718, ""Control"": 97.778, ""File Transfer"": 56.522, ""Streaming"": 84.502}","{""Chat"": 156, ""Control"": 180, ""File Transfer"": 23, ""Streaming"": 271}","{""Chat"": 1.045129, ""Control"": 0.868452, ""File Transfer"": 5.883065, ""Streaming"": 0.580812}","{""Chat"": 349, ""Control"": 420, ""File Transfer"": 62, ""Streaming"": 628}",428613,checkpoints/VNAT_5s_tcp_duration_8feat_seed2/VNAT_5s_tcpdur_random70_stratified_flowlevel_splitseed42_8feat_fedformer_20ms_seed2.pth,4310571,113.5,OK,,"{""torch"": ""2.4.1+cu121"", ""cuda"": ""12.1"", ""gpu"": ""NVIDIA RTX A4500"", ""numpy"": ""1.26.0"", ""python"": ""3.10.12"", ""deterministic"": true, ""grad_clip_max_norm"": 1.0, ""CUBLAS_WORKSPACE_CONFIG"": "":4096:8"", ""CUDA_VISIBLE_DEVICES"": ""1""}",2026-08-21T15:45:46
VNAT_5s_tcpdur_random70_stratified_flowlevel_splitseed42_8feat_timemixer_20ms_seed0,VNAT,VNAT_5s_tcp_duration,5,random70_stratified_flowlevel_splitseed42,42,7aa2fe07e2ffeadb,Validation,4,timemixer,8feat,20ms,251,8,0,256,1459,630,best_val,28,12345,0,True,True,1.0,55.6381,69.44,42,88.8779,85.3134,90.3175,85.3134,"{""Chat"": 88.095, ""Control"": 94.149, ""File Transfer"": 68.421, ""Streaming"": 90.588}","{""Chat"": 82.222, ""Control"": 90.306, ""File Transfer"": 86.667, ""Streaming"": 96.653}","{""Chat"": 94.872, ""Control"": 98.333, ""File Transfer"": 56.522, ""Streaming"": 85.24}","{""Chat"": 156, ""Control"": 180, ""File Transfer"": 23, ""Streaming"": 271}","{""Chat"": 1.045129, ""Control"": 0.868452, ""File Transfer"": 5.883065, ""Streaming"": 0.580812}","{""Chat"": 349, ""Control"": 420, ""File Transfer"": 62, ""Streaming"": 628}",553714,checkpoints/VNAT_5s_tcp_duration_8feat_seed0/VNAT_5s_tcpdur_random70_stratified_flowlevel_splitseed42_8feat_timemixer_20ms_seed0.pth,3531654,33.7,OK,,"{""torch"": ""2.4.1+cu121"", ""cuda"": ""12.1"", ""gpu"": ""NVIDIA RTX A4500"", ""numpy"": ""1.26.0"", ""python"": ""3.10.12"", ""deterministic"": true, ""grad_clip_max_norm"": 1.0, ""CUBLAS_WORKSPACE_CONFIG"": "":4096:8"", ""CUDA_VISIBLE_DEVICES"": ""1""}",2026-08-21T15:46:20
VNAT_5s_tcpdur_random70_stratified_flowlevel_splitseed42_8feat_timemixer_20ms_seed1,VNAT,VNAT_5s_tcp_duration,5,random70_stratified_flowlevel_splitseed42,42,7aa2fe07e2ffeadb,Validation,4,timemixer,8feat,20ms,251,8,1,256,1459,630,best_val,6,12345,0,True,True,1.0,4.1906,9.26,18,74.1158,73.8196,76.9841,73.8196,"{""Chat"": 71.926, ""Control"": 93.889, ""File Transfer"": 60.0, ""Streaming"": 69.464}","{""Chat"": 56.364, ""Control"": 93.889, ""File Transfer"": 70.588, ""Streaming"": 94.304}","{""Chat"": 99.359, ""Control"": 93.889, ""File Transfer"": 52.174, ""Streaming"": 54.982}","{""Chat"": 156, ""Control"": 180, ""File Transfer"": 23, ""Streaming"": 271}","{""Chat"": 1.045129, ""Control"": 0.868452, ""File Transfer"": 5.883065, ""Streaming"": 0.580812}","{""Chat"": 349, ""Control"": 420, ""File Transfer"": 62, ""Streaming"": 628}",553714,checkpoints/VNAT_5s_tcp_duration_8feat_seed1/VNAT_5s_tcpdur_random70_stratified_flowlevel_splitseed42_8feat_timemixer_20ms_seed1.pth,3531654,13.2,OK,,"{""torch"": ""2.4.1+cu121"", ""cuda"": ""12.1"", ""gpu"": ""NVIDIA RTX A4500"", ""numpy"": ""1.26.0"", ""python"": ""3.10.12"", ""deterministic"": true, ""grad_clip_max_norm"": 1.0, ""CUBLAS_WORKSPACE_CONFIG"": "":4096:8"", ""CUDA_VISIBLE_DEVICES"": ""1""}",2026-08-21T15:46:34
VNAT_5s_tcpdur_random70_stratified_flowlevel_splitseed42_8feat_timemixer_20ms_seed2,VNAT,VNAT_5s_tcp_duration,5,random70_stratified_flowlevel_splitseed42,42,7aa2fe07e2ffeadb,Validation,4,timemixer,8feat,20ms,251,8,2,256,1459,630,best_val,122,12345,0,True,True,1.0,18.7857,41.92,134,87.1158,84.0075,89.6825,84.0075,"{""Chat"": 87.464, ""Control"": 93.583, ""File Transfer"": 64.865, ""Streaming"": 90.119}","{""Chat"": 80.214, ""Control"": 90.206, ""File Transfer"": 85.714, ""Streaming"": 97.021}","{""Chat"": 96.154, ""Control"": 97.222, ""File Transfer"": 52.174, ""Streaming"": 84.133}","{""Chat"": 156, ""Control"": 180, ""File Transfer"": 23, ""Streaming"": 271}","{""Chat"": 1.045129, ""Control"": 0.868452, ""File Transfer"": 5.883065, ""Streaming"": 0.580812}","{""Chat"": 349, ""Control"": 420, ""File Transfer"": 62, ""Streaming"": 628}",553714,checkpoints/VNAT_5s_tcp_duration_8feat_seed2/VNAT_5s_tcpdur_random70_stratified_flowlevel_splitseed42_8feat_timemixer_20ms_seed2.pth,3531654,110.2,OK,,"{""torch"": ""2.4.1+cu121"", ""cuda"": ""12.1"", ""gpu"": ""NVIDIA RTX A4500"", ""numpy"": ""1.26.0"", ""python"": ""3.10.12"", ""deterministic"": true, ""grad_clip_max_norm"": 1.0, ""CUBLAS_WORKSPACE_CONFIG"": "":4096:8"", ""CUDA_VISIBLE_DEVICES"": ""1""}",2026-08-21T15:48:25
VNAT_5s_tcpdur_random70_stratified_flowlevel_splitseed42_8feat_timesnet_30ms_seed0,VNAT,VNAT_5s_tcp_duration,5,random70_stratified_flowlevel_splitseed42,42,7aa2fe07e2ffeadb,Validation,4,timesnet,8feat,30ms,167,8,0,256,1459,630,best_val,27,12345,0,True,True,1.0,10.3885,100.0,46,88.1974,86.5614,91.4286,86.5614,"{""Chat"": 89.086, ""Control"": 94.851, ""File Transfer"": 70.27, ""Streaming"": 92.039}","{""Chat"": 82.514, ""Control"": 92.593, ""File Transfer"": 92.857, ""Streaming"": 97.131}","{""Chat"": 96.795, ""Control"": 97.222, ""File Transfer"": 56.522, ""Streaming"": 87.454}","{""Chat"": 156, ""Control"": 180, ""File Transfer"": 23, ""Streaming"": 271}","{""Chat"": 1.045129, ""Control"": 0.868452, ""File Transfer"": 5.883065, ""Streaming"": 0.580812}","{""Chat"": 349, ""Control"": 420, ""File Transfer"": 62, ""Streaming"": 628}",9418692,checkpoints/VNAT_5s_tcp_duration_8feat_seed0/VNAT_5s_tcpdur_random70_stratified_flowlevel_splitseed42_8feat_timesnet_30ms_seed0.pth,38984194,217.2,OK,,"{""torch"": ""2.4.1+cu121"", ""cuda"": ""12.1"", ""gpu"": ""NVIDIA RTX A4500"", ""numpy"": ""1.26.0"", ""python"": ""3.10.12"", ""deterministic"": true, ""grad_clip_max_norm"": 1.0, ""CUBLAS_WORKSPACE_CONFIG"": "":4096:8"", ""CUDA_VISIBLE_DEVICES"": ""1""}",2026-08-21T15:52:04
VNAT_5s_tcpdur_random70_stratified_flowlevel_splitseed42_8feat_timesnet_30ms_seed1,VNAT,VNAT_5s_tcp_duration,5,random70_stratified_flowlevel_splitseed42,42,7aa2fe07e2ffeadb,Validation,4,timesnet,8feat,30ms,167,8,1,256,1459,630,best_val,18,12345,0,True,True,1.0,11.1542,100.0,42,88.1267,85.2439,90.7937,85.2439,"{""Chat"": 88.304, ""Control"": 94.565, ""File Transfer"": 66.667, ""Streaming"": 91.44}","{""Chat"": 81.183, ""Control"": 92.553, ""File Transfer"": 92.308, ""Streaming"": 96.708}","{""Chat"": 96.795, ""Control"": 96.667, ""File Transfer"": 52.174, ""Streaming"": 86.716}","{""Chat"": 156, ""Control"": 180, ""File Transfer"": 23, ""Streaming"": 271}","{""Chat"": 1.045129, ""Control"": 0.868452, ""File Transfer"": 5.883065, ""Streaming"": 0.580812}","{""Chat"": 349, ""Control"": 420, ""File Transfer"": 62, ""Streaming"": 628}",9418692,checkpoints/VNAT_5s_tcp_duration_8feat_seed1/VNAT_5s_tcpdur_random70_stratified_flowlevel_splitseed42_8feat_timesnet_30ms_seed1.pth,38984194,137.9,OK,,"{""torch"": ""2.4.1+cu121"", ""cuda"": ""12.1"", ""gpu"": ""NVIDIA RTX A4500"", ""numpy"": ""1.26.0"", ""python"": ""3.10.12"", ""deterministic"": true, ""grad_clip_max_norm"": 1.0, ""CUBLAS_WORKSPACE_CONFIG"": "":4096:8"", ""CUDA_VISIBLE_DEVICES"": ""1""}",2026-08-21T15:54:23
VNAT_5s_tcpdur_random70_stratified_flowlevel_splitseed42_8feat_timesnet_30ms_seed2,VNAT,VNAT_5s_tcp_duration,5,random70_stratified_flowlevel_splitseed42,42,7aa2fe07e2ffeadb,Validation,4,timesnet,8feat,30ms,167,8,2,256,1459,630,best_val,28,12345,0,True,True,1.0,11.1785,100.0,42,88.6816,87.3379,91.9048,87.3379,"{""Chat"": 89.614, ""Control"": 94.851, ""File Transfer"": 72.222, ""Streaming"": 92.664}","{""Chat"": 83.425, ""Control"": 92.593, ""File Transfer"": 100.0, ""Streaming"": 97.166}","{""Chat"": 96.795, ""Control"": 97.222, ""File Transfer"": 56.522, ""Streaming"": 88.561}","{""Chat"": 156, ""Control"": 180, ""File Transfer"": 23, ""Streaming"": 271}","{""Chat"": 1.045129, ""Control"": 0.868452, ""File Transfer"": 5.883065, ""Streaming"": 0.580812}","{""Chat"": 349, ""Control"": 420, ""File Transfer"": 62, ""Streaming"": 628}",9418692,checkpoints/VNAT_5s_tcp_duration_8feat_seed2/VNAT_5s_tcpdur_random70_stratified_flowlevel_splitseed42_8feat_timesnet_30ms_seed2.pth,38984194,131.3,OK,,"{""torch"": ""2.4.1+cu121"", ""cuda"": ""12.1"", ""gpu"": ""NVIDIA RTX A4500"", ""numpy"": ""1.26.0"", ""python"": ""3.10.12"", ""deterministic"": true, ""grad_clip_max_norm"": 1.0, ""CUBLAS_WORKSPACE_CONFIG"": "":4096:8"", ""CUDA_VISIBLE_DEVICES"": ""1""}",2026-08-21T15:56:35
VNAT_5s_tcpdur_random70_stratified_flowlevel_splitseed42_8feat_informer_30ms_seed0,VNAT,VNAT_5s_tcp_duration,5,random70_stratified_flowlevel_splitseed42,42,7aa2fe07e2ffeadb,Validation,4,informer,8feat,30ms,167,8,0,64,1459,630,best_val,14,12345,0,True,True,1.0,68.782,100.0,27,93.5022,90.4433,95.3968,90.3148,"{""Chat"": 93.375, ""Control"": 97.521, ""File Transfer"": 73.684, ""Streaming"": 96.679}","{""Chat"": 91.925, ""Control"": 96.721, ""File Transfer"": 93.333, ""Streaming"": 96.679}","{""Chat"": 94.872, ""Control"": 98.333, ""File Transfer"": 60.87, ""Streaming"": 96.679}","{""Chat"": 156, ""Control"": 180, ""File Transfer"": 23, ""Streaming"": 271}","{""Chat"": 1.045129, ""Control"": 0.868452, ""File Transfer"": 5.883065, ""Streaming"": 0.580812}","{""Chat"": 349, ""Control"": 420, ""File Transfer"": 62, ""Streaming"": 628}",2851589,checkpoints/VNAT_5s_tcp_duration_8feat_seed0/VNAT_5s_tcpdur_random70_stratified_flowlevel_splitseed42_8feat_informer_30ms_seed0.pth,21690370,30.3,OK,,"{""torch"": ""2.4.1+cu121"", ""cuda"": ""12.1"", ""gpu"": ""NVIDIA RTX A4500"", ""numpy"": ""1.26.0"", ""python"": ""3.10.12"", ""deterministic"": true, ""grad_clip_max_norm"": 1.0, ""CUBLAS_WORKSPACE_CONFIG"": "":4096:8"", ""CUDA_VISIBLE_DEVICES"": ""1""}",2026-08-21T15:57:06
VNAT_5s_tcpdur_random70_stratified_flowlevel_splitseed42_8feat_informer_30ms_seed1,VNAT,VNAT_5s_tcp_duration,5,random70_stratified_flowlevel_splitseed42,42,7aa2fe07e2ffeadb,Validation,4,informer,8feat,30ms,167,8,1,64,1459,630,best_val,25,12345,0,True,True,1.0,41.5975,99.87,33,95.031,91.3471,95.873,91.0808,"{""Chat"": 93.968, ""Control"": 97.253, ""File Transfer"": 75.676, ""Streaming"": 97.426}","{""Chat"": 93.082, ""Control"": 96.196, ""File Transfer"": 100.0, ""Streaming"": 97.07}","{""Chat"": 94.872, ""Control"": 98.333, ""File Transfer"": 60.87, ""Streaming"": 97.786}","{""Chat"": 156, ""Control"": 180, ""File Transfer"": 23, ""Streaming"": 271}","{""Chat"": 1.045129, ""Control"": 0.868452, ""File Transfer"": 5.883065, ""Streaming"": 0.580812}","{""Chat"": 349, ""Control"": 420, ""File Transfer"": 62, ""Streaming"": 628}",2851589,checkpoints/VNAT_5s_tcp_duration_8feat_seed1/VNAT_5s_tcpdur_random70_stratified_flowlevel_splitseed42_8feat_informer_30ms_seed1.pth,21690370,36.0,OK,,"{""torch"": ""2.4.1+cu121"", ""cuda"": ""12.1"", ""gpu"": ""NVIDIA RTX A4500"", ""numpy"": ""1.26.0"", ""python"": ""3.10.12"", ""deterministic"": true, ""grad_clip_max_norm"": 1.0, ""CUBLAS_WORKSPACE_CONFIG"": "":4096:8"", ""CUDA_VISIBLE_DEVICES"": ""1""}",2026-08-21T15:57:42
VNAT_5s_tcpdur_random70_stratified_flowlevel_splitseed42_8feat_informer_30ms_seed2,VNAT,VNAT_5s_tcp_duration,5,random70_stratified_flowlevel_splitseed42,42,7aa2fe07e2ffeadb,Validation,4,informer,8feat,30ms,167,8,2,64,1459,630,best_val,7,12345,0,True,True,1.0,74.6897,98.39,35,91.6294,90.2664,95.873,90.2664,"{""Chat"": 94.118, ""Control"": 97.253, ""File Transfer"": 72.222, ""Streaming"": 97.473}","{""Chat"": 96.0, ""Control"": 96.196, ""File Transfer"": 100.0, ""Streaming"": 95.406}","{""Chat"": 92.308, ""Control"": 98.333, ""File Transfer"": 56.522, ""Streaming"": 99.631}","{""Chat"": 156, ""Control"": 180, ""File Transfer"": 23, ""Streaming"": 271}","{""Chat"": 1.045129, ""Control"": 0.868452, ""File Transfer"": 5.883065, ""Streaming"": 0.580812}","{""Chat"": 349, ""Control"": 420, ""File Transfer"": 62, ""Streaming"": 628}",2851589,checkpoints/VNAT_5s_tcp_duration_8feat_seed2/VNAT_5s_tcpdur_random70_stratified_flowlevel_splitseed42_8feat_informer_30ms_seed2.pth,21690370,38.8,OK,,"{""torch"": ""2.4.1+cu121"", ""cuda"": ""12.1"", ""gpu"": ""NVIDIA RTX A4500"", ""numpy"": ""1.26.0"", ""python"": ""3.10.12"", ""deterministic"": true, ""grad_clip_max_norm"": 1.0, ""CUBLAS_WORKSPACE_CONFIG"": "":4096:8"", ""CUDA_VISIBLE_DEVICES"": ""1""}",2026-08-21T15:58:21
VNAT_5s_tcpdur_random70_stratified_flowlevel_splitseed42_8feat_nst_30ms_seed0,VNAT,VNAT_5s_tcp_duration,5,random70_stratified_flowlevel_splitseed42,42,7aa2fe07e2ffeadb,Validation,4,nst,8feat,30ms,167,8,0,64,1459,630,best_val,19,12345,0,True,True,1.0,23.0605,98.59,40,93.4403,91.9726,96.9841,91.9726,"{""Chat"": 96.154, ""Control"": 97.521, ""File Transfer"": 75.676, ""Streaming"": 98.54}","{""Chat"": 96.154, ""Control"": 96.721, ""File Transfer"": 100.0, ""Streaming"": 97.473}","{""Chat"": 96.154, ""Control"": 98.333, ""File Transfer"": 60.87, ""Streaming"": 99.631}","{""Chat"": 156, ""Control"": 180, ""File Transfer"": 23, ""Streaming"": 271}","{""Chat"": 1.045129, ""Control"": 0.868452, ""File Transfer"": 5.883065, ""Streaming"": 0.580812}","{""Chat"": 349, ""Control"": 420, ""File Transfer"": 62, ""Streaming"": 628}",177326,checkpoints/VNAT_5s_tcp_duration_8feat_seed0/VNAT_5s_tcpdur_random70_stratified_flowlevel_splitseed42_8feat_nst_30ms_seed0.pth,2017354,30.3,OK,,"{""torch"": ""2.4.1+cu121"", ""cuda"": ""12.1"", ""gpu"": ""NVIDIA RTX A4500"", ""numpy"": ""1.26.0"", ""python"": ""3.10.12"", ""deterministic"": true, ""grad_clip_max_norm"": 1.0, ""CUBLAS_WORKSPACE_CONFIG"": "":4096:8"", ""CUDA_VISIBLE_DEVICES"": ""1""}",2026-08-21T15:58:51
VNAT_5s_tcpdur_random70_stratified_flowlevel_splitseed42_8feat_nst_30ms_seed1,VNAT,VNAT_5s_tcp_duration,5,random70_stratified_flowlevel_splitseed42,42,7aa2fe07e2ffeadb,Validation,4,nst,8feat,30ms,167,8,1,64,1459,630,best_val,18,12345,0,True,True,1.0,23.2859,100.0,28,91.6846,89.4563,94.2857,89.4563,"{""Chat"": 91.131, ""Control"": 97.521, ""File Transfer"": 73.684, ""Streaming"": 95.489}","{""Chat"": 87.135, ""Control"": 96.721, ""File Transfer"": 93.333, ""Streaming"": 97.318}","{""Chat"": 95.513, ""Control"": 98.333, ""File Transfer"": 60.87, ""Streaming"": 93.727}","{""Chat"": 156, ""Control"": 180, ""File Transfer"": 23, ""Streaming"": 271}","{""Chat"": 1.045129, ""Control"": 0.868452, ""File Transfer"": 5.883065, ""Streaming"": 0.580812}","{""Chat"": 349, ""Control"": 420, ""File Transfer"": 62, ""Streaming"": 628}",177326,checkpoints/VNAT_5s_tcp_duration_8feat_seed1/VNAT_5s_tcpdur_random70_stratified_flowlevel_splitseed42_8feat_nst_30ms_seed1.pth,2017354,20.7,OK,,"{""torch"": ""2.4.1+cu121"", ""cuda"": ""12.1"", ""gpu"": ""NVIDIA RTX A4500"", ""numpy"": ""1.26.0"", ""python"": ""3.10.12"", ""deterministic"": true, ""grad_clip_max_norm"": 1.0, ""CUBLAS_WORKSPACE_CONFIG"": "":4096:8"", ""CUDA_VISIBLE_DEVICES"": ""1""}",2026-08-21T15:59:12
VNAT_5s_tcpdur_random70_stratified_flowlevel_splitseed42_8feat_nst_30ms_seed2,VNAT,VNAT_5s_tcp_duration,5,random70_stratified_flowlevel_splitseed42,42,7aa2fe07e2ffeadb,Validation,4,nst,8feat,30ms,167,8,2,64,1459,630,best_val,26,12345,0,True,True,1.0,23.0235,97.18,37,94.4051,91.7155,96.6667,91.7155,"{""Chat"": 95.484, ""Control"": 97.521, ""File Transfer"": 75.676, ""Streaming"": 98.182}","{""Chat"": 96.104, ""Control"": 96.721, ""File Transfer"": 100.0, ""Streaming"": 96.774}","{""Chat"": 94.872, ""Control"": 98.333, ""File Transfer"": 60.87, ""Streaming"": 99.631}","{""Chat"": 156, ""Control"": 180, ""File Transfer"": 23, ""Streaming"": 271}","{""Chat"": 1.045129, ""Control"": 0.868452, ""File Transfer"": 5.883065, ""Streaming"": 0.580812}","{""Chat"": 349, ""Control"": 420, ""File Transfer"": 62, ""Streaming"": 628}",177326,checkpoints/VNAT_5s_tcp_duration_8feat_seed2/VNAT_5s_tcpdur_random70_stratified_flowlevel_splitseed42_8feat_nst_30ms_seed2.pth,2017354,27.1,OK,,"{""torch"": ""2.4.1+cu121"", ""cuda"": ""12.1"", ""gpu"": ""NVIDIA RTX A4500"", ""numpy"": ""1.26.0"", ""python"": ""3.10.12"", ""deterministic"": true, ""grad_clip_max_norm"": 1.0, ""CUBLAS_WORKSPACE_CONFIG"": "":4096:8"", ""CUDA_VISIBLE_DEVICES"": ""1""}",2026-08-21T15:59:40
VNAT_5s_tcpdur_random70_stratified_flowlevel_splitseed42_8feat_autoformer_30ms_seed0,VNAT,VNAT_5s_tcp_duration,5,random70_stratified_flowlevel_splitseed42,42,7aa2fe07e2ffeadb,Validation,4,autoformer,8feat,30ms,167,8,0,256,1459,630,best_val,43,12345,0,True,True,1.0,9.0675,100.0,55,91.9878,89.5087,93.8095,89.5087,"{""Chat"": 90.683, ""Control"": 96.667, ""File Transfer"": 75.676, ""Streaming"": 95.009}","{""Chat"": 87.952, ""Control"": 96.667, ""File Transfer"": 100.0, ""Streaming"": 95.185}","{""Chat"": 93.59, ""Control"": 96.667, ""File Transfer"": 60.87, ""Streaming"": 94.834}","{""Chat"": 156, ""Control"": 180, ""File Transfer"": 23, ""Streaming"": 271}","{""Chat"": 1.045129, ""Control"": 0.868452, ""File Transfer"": 5.883065, ""Streaming"": 0.580812}","{""Chat"": 349, ""Control"": 420, ""File Transfer"": 62, ""Streaming"": 628}",143556,checkpoints/VNAT_5s_tcp_duration_8feat_seed0/VNAT_5s_tcpdur_random70_stratified_flowlevel_splitseed42_8feat_autoformer_30ms_seed0.pth,1871714,27.7,OK,,"{""torch"": ""2.4.1+cu121"", ""cuda"": ""12.1"", ""gpu"": ""NVIDIA RTX A4500"", ""numpy"": ""1.26.0"", ""python"": ""3.10.12"", ""deterministic"": true, ""grad_clip_max_norm"": 1.0, ""CUBLAS_WORKSPACE_CONFIG"": "":4096:8"", ""CUDA_VISIBLE_DEVICES"": ""1""}",2026-08-21T16:00:07
VNAT_5s_tcpdur_random70_stratified_flowlevel_splitseed42_8feat_autoformer_30ms_seed1,VNAT,VNAT_5s_tcp_duration,5,random70_stratified_flowlevel_splitseed42,42,7aa2fe07e2ffeadb,Validation,4,autoformer,8feat,30ms,167,8,1,256,1459,630,best_val,22,12345,0,True,True,1.0,8.1118,100.0,42,90.4349,86.4594,91.5873,86.4594,"{""Chat"": 86.452, ""Control"": 96.685, ""File Transfer"": 70.0, ""Streaming"": 92.701}","{""Chat"": 87.013, ""Control"": 96.154, ""File Transfer"": 82.353, ""Streaming"": 91.697}","{""Chat"": 85.897, ""Control"": 97.222, ""File Transfer"": 60.87, ""Streaming"": 93.727}","{""Chat"": 156, ""Control"": 180, ""File Transfer"": 23, ""Streaming"": 271}","{""Chat"": 1.045129, ""Control"": 0.868452, ""File Transfer"": 5.883065, ""Streaming"": 0.580812}","{""Chat"": 349, ""Control"": 420, ""File Transfer"": 62, ""Streaming"": 628}",143556,checkpoints/VNAT_5s_tcp_duration_8feat_seed1/VNAT_5s_tcpdur_random70_stratified_flowlevel_splitseed42_8feat_autoformer_30ms_seed1.pth,1871714,21.0,OK,,"{""torch"": ""2.4.1+cu121"", ""cuda"": ""12.1"", ""gpu"": ""NVIDIA RTX A4500"", ""numpy"": ""1.26.0"", ""python"": ""3.10.12"", ""deterministic"": true, ""grad_clip_max_norm"": 1.0, ""CUBLAS_WORKSPACE_CONFIG"": "":4096:8"", ""CUDA_VISIBLE_DEVICES"": ""1""}",2026-08-21T16:00:29
VNAT_5s_tcpdur_random70_stratified_flowlevel_splitseed42_8feat_autoformer_30ms_seed2,VNAT,VNAT_5s_tcp_duration,5,random70_stratified_flowlevel_splitseed42,42,7aa2fe07e2ffeadb,Validation,4,autoformer,8feat,30ms,167,8,2,256,1459,630,best_val,24,12345,0,True,True,1.0,7.4161,100.0,38,90.3411,85.9853,91.4286,85.9853,"{""Chat"": 86.624, ""Control"": 96.419, ""File Transfer"": 68.421, ""Streaming"": 92.477}","{""Chat"": 86.076, ""Control"": 95.628, ""File Transfer"": 86.667, ""Streaming"": 91.971}","{""Chat"": 87.179, ""Control"": 97.222, ""File Transfer"": 56.522, ""Streaming"": 92.989}","{""Chat"": 156, ""Control"": 180, ""File Transfer"": 23, ""Streaming"": 271}","{""Chat"": 1.045129, ""Control"": 0.868452, ""File Transfer"": 5.883065, ""Streaming"": 0.580812}","{""Chat"": 349, ""Control"": 420, ""File Transfer"": 62, ""Streaming"": 628}",143556,checkpoints/VNAT_5s_tcp_duration_8feat_seed2/VNAT_5s_tcpdur_random70_stratified_flowlevel_splitseed42_8feat_autoformer_30ms_seed2.pth,1871714,19.4,OK,,"{""torch"": ""2.4.1+cu121"", ""cuda"": ""12.1"", ""gpu"": ""NVIDIA RTX A4500"", ""numpy"": ""1.26.0"", ""python"": ""3.10.12"", ""deterministic"": true, ""grad_clip_max_norm"": 1.0, ""CUBLAS_WORKSPACE_CONFIG"": "":4096:8"", ""CUDA_VISIBLE_DEVICES"": ""1""}",2026-08-21T16:00:48
VNAT_5s_tcpdur_random70_stratified_flowlevel_splitseed42_8feat_fedformer_30ms_seed0,VNAT,VNAT_5s_tcp_duration,5,random70_stratified_flowlevel_splitseed42,42,7aa2fe07e2ffeadb,Validation,4,fedformer,8feat,30ms,167,8,0,256,1459,630,best_val,29,12345,4,True,True,1.0,11.9684,100.0,43,91.1763,86.4863,91.2698,86.4863,"{""Chat"": 87.006, ""Control"": 96.97, ""File Transfer"": 70.27, ""Streaming"": 91.7}","{""Chat"": 77.778, ""Control"": 96.175, ""File Transfer"": 92.857, ""Streaming"": 98.723}","{""Chat"": 98.718, ""Control"": 97.778, ""File Transfer"": 56.522, ""Streaming"": 85.609}","{""Chat"": 156, ""Control"": 180, ""File Transfer"": 23, ""Streaming"": 271}","{""Chat"": 1.045129, ""Control"": 0.868452, ""File Transfer"": 5.883065, ""Streaming"": 0.580812}","{""Chat"": 349, ""Control"": 420, ""File Transfer"": 62, ""Streaming"": 628}",407109,checkpoints/VNAT_5s_tcp_duration_8feat_seed0/VNAT_5s_tcpdur_random70_stratified_flowlevel_splitseed42_8feat_fedformer_30ms_seed0.pth,4224555,88.0,OK,,"{""torch"": ""2.4.1+cu121"", ""cuda"": ""12.1"", ""gpu"": ""NVIDIA RTX A4500"", ""numpy"": ""1.26.0"", ""python"": ""3.10.12"", ""deterministic"": true, ""grad_clip_max_norm"": 1.0, ""CUBLAS_WORKSPACE_CONFIG"": "":4096:8"", ""CUDA_VISIBLE_DEVICES"": ""1""}",2026-08-21T16:02:17
VNAT_5s_tcpdur_random70_stratified_flowlevel_splitseed42_8feat_fedformer_30ms_seed1,VNAT,VNAT_5s_tcp_duration,5,random70_stratified_flowlevel_splitseed42,42,7aa2fe07e2ffeadb,Validation,4,fedformer,8feat,30ms,167,8,1,256,1459,630,best_val,35,12345,4,True,True,1.0,11.4035,100.0,49,89.8924,88.347,93.8095,88.347,"{""Chat"": 91.395, ""Control"": 96.685, ""File Transfer"": 70.27, ""Streaming"": 95.038}","{""Chat"": 85.083, ""Control"": 96.154, ""File Transfer"": 92.857, ""Streaming"": 98.419}","{""Chat"": 98.718, ""Control"": 97.222, ""File Transfer"": 56.522, ""Streaming"": 91.882}","{""Chat"": 156, ""Control"": 180, ""File Transfer"": 23, ""Streaming"": 271}","{""Chat"": 1.045129, ""Control"": 0.868452, ""File Transfer"": 5.883065, ""Streaming"": 0.580812}","{""Chat"": 349, ""Control"": 420, ""File Transfer"": 62, ""Streaming"": 628}",407109,checkpoints/VNAT_5s_tcp_duration_8feat_seed1/VNAT_5s_tcpdur_random70_stratified_flowlevel_splitseed42_8feat_fedformer_30ms_seed1.pth,4224555,102.5,OK,,"{""torch"": ""2.4.1+cu121"", ""cuda"": ""12.1"", ""gpu"": ""NVIDIA RTX A4500"", ""numpy"": ""1.26.0"", ""python"": ""3.10.12"", ""deterministic"": true, ""grad_clip_max_norm"": 1.0, ""CUBLAS_WORKSPACE_CONFIG"": "":4096:8"", ""CUDA_VISIBLE_DEVICES"": ""1""}",2026-08-21T16:04:00
VNAT_5s_tcpdur_random70_stratified_flowlevel_splitseed42_8feat_fedformer_30ms_seed2,VNAT,VNAT_5s_tcp_duration,5,random70_stratified_flowlevel_splitseed42,42,7aa2fe07e2ffeadb,Validation,4,fedformer,8feat,30ms,167,8,2,256,1459,630,best_val,30,12345,4,True,True,1.0,18.2865,100.0,43,92.0119,86.8118,91.746,86.8118,"{""Chat"": 87.356, ""Control"": 97.253, ""File Transfer"": 70.27, ""Streaming"": 92.368}","{""Chat"": 79.167, ""Control"": 96.196, ""File Transfer"": 92.857, ""Streaming"": 98.333}","{""Chat"": 97.436, ""Control"": 98.333, ""File Transfer"": 56.522, ""Streaming"": 87.085}","{""Chat"": 156, ""Control"": 180, ""File Transfer"": 23, ""Streaming"": 271}","{""Chat"": 1.045129, ""Control"": 0.868452, ""File Transfer"": 5.883065, ""Streaming"": 0.580812}","{""Chat"": 349, ""Control"": 420, ""File Transfer"": 62, ""Streaming"": 628}",407109,checkpoints/VNAT_5s_tcp_duration_8feat_seed2/VNAT_5s_tcpdur_random70_stratified_flowlevel_splitseed42_8feat_fedformer_30ms_seed2.pth,4224555,84.3,OK,,"{""torch"": ""2.4.1+cu121"", ""cuda"": ""12.1"", ""gpu"": ""NVIDIA RTX A4500"", ""numpy"": ""1.26.0"", ""python"": ""3.10.12"", ""deterministic"": true, ""grad_clip_max_norm"": 1.0, ""CUBLAS_WORKSPACE_CONFIG"": "":4096:8"", ""CUDA_VISIBLE_DEVICES"": ""1""}",2026-08-21T16:05:24
VNAT_5s_tcpdur_random70_stratified_flowlevel_splitseed42_8feat_timemixer_30ms_seed0,VNAT,VNAT_5s_tcp_duration,5,random70_stratified_flowlevel_splitseed42,42,7aa2fe07e2ffeadb,Validation,4,timemixer,8feat,30ms,167,8,0,256,1459,630,best_val,26,12345,0,True,True,1.0,41.6883,65.38,52,87.0999,84.4529,90.1587,84.4529,"{""Chat"": 87.688, ""Control"": 94.565, ""File Transfer"": 65.0, ""Streaming"": 90.559}","{""Chat"": 82.486, ""Control"": 92.553, ""File Transfer"": 76.471, ""Streaming"": 94.758}","{""Chat"": 93.59, ""Control"": 96.667, ""File Transfer"": 56.522, ""Streaming"": 86.716}","{""Chat"": 156, ""Control"": 180, ""File Transfer"": 23, ""Streaming"": 271}","{""Chat"": 1.045129, ""Control"": 0.868452, ""File Transfer"": 5.883065, ""Streaming"": 0.580812}","{""Chat"": 349, ""Control"": 420, ""File Transfer"": 62, ""Streaming"": 628}",334516,checkpoints/VNAT_5s_tcp_duration_8feat_seed0/VNAT_5s_tcpdur_random70_stratified_flowlevel_splitseed42_8feat_timemixer_30ms_seed0.pth,2654534,20.8,OK,,"{""torch"": ""2.4.1+cu121"", ""cuda"": ""12.1"", ""gpu"": ""NVIDIA RTX A4500"", ""numpy"": ""1.26.0"", ""python"": ""3.10.12"", ""deterministic"": true, ""grad_clip_max_norm"": 1.0, ""CUBLAS_WORKSPACE_CONFIG"": "":4096:8"", ""CUDA_VISIBLE_DEVICES"": ""1""}",2026-08-21T16:05:46
VNAT_5s_tcpdur_random70_stratified_flowlevel_splitseed42_8feat_timemixer_30ms_seed1,VNAT,VNAT_5s_tcp_duration,5,random70_stratified_flowlevel_splitseed42,42,7aa2fe07e2ffeadb,Validation,4,timemixer,8feat,30ms,167,8,1,256,1459,630,best_val,28,12345,0,True,True,1.0,15.3391,69.86,47,87.0792,84.9717,89.8413,84.9717,"{""Chat"": 87.688, ""Control"": 93.733, ""File Transfer"": 68.293, ""Streaming"": 90.173}","{""Chat"": 82.486, ""Control"": 91.979, ""File Transfer"": 77.778, ""Streaming"": 94.355}","{""Chat"": 93.59, ""Control"": 95.556, ""File Transfer"": 60.87, ""Streaming"": 86.347}","{""Chat"": 156, ""Control"": 180, ""File Transfer"": 23, ""Streaming"": 271}","{""Chat"": 1.045129, ""Control"": 0.868452, ""File Transfer"": 5.883065, ""Streaming"": 0.580812}","{""Chat"": 349, ""Control"": 420, ""File Transfer"": 62, ""Streaming"": 628}",334516,checkpoints/VNAT_5s_tcp_duration_8feat_seed1/VNAT_5s_tcpdur_random70_stratified_flowlevel_splitseed42_8feat_timemixer_30ms_seed1.pth,2654534,17.8,OK,,"{""torch"": ""2.4.1+cu121"", ""cuda"": ""12.1"", ""gpu"": ""NVIDIA RTX A4500"", ""numpy"": ""1.26.0"", ""python"": ""3.10.12"", ""deterministic"": true, ""grad_clip_max_norm"": 1.0, ""CUBLAS_WORKSPACE_CONFIG"": "":4096:8"", ""CUDA_VISIBLE_DEVICES"": ""1""}",2026-08-21T16:06:04
VNAT_5s_tcpdur_random70_stratified_flowlevel_splitseed42_8feat_timemixer_30ms_seed2,VNAT,VNAT_5s_tcp_duration,5,random70_stratified_flowlevel_splitseed42,42,7aa2fe07e2ffeadb,Validation,4,timemixer,8feat,30ms,167,8,2,256,1459,630,best_val,25,12345,0,True,True,1.0,44.8946,48.86,44,87.3504,85.8559,90.4762,85.8559,"{""Chat"": 88.496, ""Control"": 94.34, ""File Transfer"": 70.0, ""Streaming"": 90.588}","{""Chat"": 81.967, ""Control"": 91.623, ""File Transfer"": 82.353, ""Streaming"": 96.653}","{""Chat"": 96.154, ""Control"": 97.222, ""File Transfer"": 60.87, ""Streaming"": 85.24}","{""Chat"": 156, ""Control"": 180, ""File Transfer"": 23, ""Streaming"": 271}","{""Chat"": 1.045129, ""Control"": 0.868452, ""File Transfer"": 5.883065, ""Streaming"": 0.580812}","{""Chat"": 349, ""Control"": 420, ""File Transfer"": 62, ""Streaming"": 628}",334516,checkpoints/VNAT_5s_tcp_duration_8feat_seed2/VNAT_5s_tcpdur_random70_stratified_flowlevel_splitseed42_8feat_timemixer_30ms_seed2.pth,2654534,16.5,OK,,"{""torch"": ""2.4.1+cu121"", ""cuda"": ""12.1"", ""gpu"": ""NVIDIA RTX A4500"", ""numpy"": ""1.26.0"", ""python"": ""3.10.12"", ""deterministic"": true, ""grad_clip_max_norm"": 1.0, ""CUBLAS_WORKSPACE_CONFIG"": "":4096:8"", ""CUDA_VISIBLE_DEVICES"": ""1""}",2026-08-21T16:06:21
VNAT_5s_tcpdur_random70_stratified_flowlevel_splitseed42_8feat_timesnet_40ms_seed0,VNAT,VNAT_5s_tcp_duration,5,random70_stratified_flowlevel_splitseed42,42,7aa2fe07e2ffeadb,Validation,4,timesnet,8feat,40ms,126,8,0,256,1459,630,best_val,26,12345,0,True,True,1.0,10.9819,100.0,38,89.3744,84.3887,89.0476,84.3887,"{""Chat"": 86.455, ""Control"": 93.834, ""File Transfer"": 68.421, ""Streaming"": 88.845}","{""Chat"": 78.534, ""Control"": 90.674, ""File Transfer"": 86.667, ""Streaming"": 96.537}","{""Chat"": 96.154, ""Control"": 97.222, ""File Transfer"": 56.522, ""Streaming"": 82.288}","{""Chat"": 156, ""Control"": 180, ""File Transfer"": 23, ""Streaming"": 271}","{""Chat"": 1.045129, ""Control"": 0.868452, ""File Transfer"": 5.883065, ""Streaming"": 0.580812}","{""Chat"": 349, ""Control"": 420, ""File Transfer"": 62, ""Streaming"": 628}",9408196,checkpoints/VNAT_5s_tcp_duration_8feat_seed0/VNAT_5s_tcpdur_random70_stratified_flowlevel_splitseed42_8feat_timesnet_40ms_seed0.pth,38942210,79.8,OK,,"{""torch"": ""2.4.1+cu121"", ""cuda"": ""12.1"", ""gpu"": ""NVIDIA RTX A4500"", ""numpy"": ""1.26.0"", ""python"": ""3.10.12"", ""deterministic"": true, ""grad_clip_max_norm"": 1.0, ""CUBLAS_WORKSPACE_CONFIG"": "":4096:8"", ""CUDA_VISIBLE_DEVICES"": ""1""}",2026-08-21T16:07:41
VNAT_5s_tcpdur_random70_stratified_flowlevel_splitseed42_8feat_timesnet_40ms_seed1,VNAT,VNAT_5s_tcp_duration,5,random70_stratified_flowlevel_splitseed42,42,7aa2fe07e2ffeadb,Validation,4,timesnet,8feat,40ms,126,8,1,256,1459,630,best_val,21,12345,0,True,True,1.0,13.1554,100.0,32,86.6748,82.9936,86.6667,82.9936,"{""Chat"": 84.483, ""Control"": 91.623, ""File Transfer"": 70.27, ""Streaming"": 85.598}","{""Chat"": 76.562, ""Control"": 86.634, ""File Transfer"": 92.857, ""Streaming"": 95.045}","{""Chat"": 94.231, ""Control"": 97.222, ""File Transfer"": 56.522, ""Streaming"": 77.86}","{""Chat"": 156, ""Control"": 180, ""File Transfer"": 23, ""Streaming"": 271}","{""Chat"": 1.045129, ""Control"": 0.868452, ""File Transfer"": 5.883065, ""Streaming"": 0.580812}","{""Chat"": 349, ""Control"": 420, ""File Transfer"": 62, ""Streaming"": 628}",9408196,checkpoints/VNAT_5s_tcp_duration_8feat_seed1/VNAT_5s_tcpdur_random70_stratified_flowlevel_splitseed42_8feat_timesnet_40ms_seed1.pth,38942210,70.9,OK,,"{""torch"": ""2.4.1+cu121"", ""cuda"": ""12.1"", ""gpu"": ""NVIDIA RTX A4500"", ""numpy"": ""1.26.0"", ""python"": ""3.10.12"", ""deterministic"": true, ""grad_clip_max_norm"": 1.0, ""CUBLAS_WORKSPACE_CONFIG"": "":4096:8"", ""CUDA_VISIBLE_DEVICES"": ""1""}",2026-08-21T16:08:53
VNAT_5s_tcpdur_random70_stratified_flowlevel_splitseed42_8feat_timesnet_40ms_seed2,VNAT,VNAT_5s_tcp_duration,5,random70_stratified_flowlevel_splitseed42,42,7aa2fe07e2ffeadb,Validation,4,timesnet,8feat,40ms,126,8,2,256,1459,630,best_val,22,12345,0,True,True,1.0,9.3738,100.0,32,87.3759,84.1123,89.2063,84.1123,"{""Chat"": 86.957, ""Control"": 93.583, ""File Transfer"": 66.667, ""Streaming"": 89.243}","{""Chat"": 79.365, ""Control"": 90.206, ""File Transfer"": 81.25, ""Streaming"": 96.97}","{""Chat"": 96.154, ""Control"": 97.222, ""File Transfer"": 56.522, ""Streaming"": 82.657}","{""Chat"": 156, ""Control"": 180, ""File Transfer"": 23, ""Streaming"": 271}","{""Chat"": 1.045129, ""Control"": 0.868452, ""File Transfer"": 5.883065, ""Streaming"": 0.580812}","{""Chat"": 349, ""Control"": 420, ""File Transfer"": 62, ""Streaming"": 628}",9408196,checkpoints/VNAT_5s_tcp_duration_8feat_seed2/VNAT_5s_tcpdur_random70_stratified_flowlevel_splitseed42_8feat_timesnet_40ms_seed2.pth,38942210,71.2,OK,,"{""torch"": ""2.4.1+cu121"", ""cuda"": ""12.1"", ""gpu"": ""NVIDIA RTX A4500"", ""numpy"": ""1.26.0"", ""python"": ""3.10.12"", ""deterministic"": true, ""grad_clip_max_norm"": 1.0, ""CUBLAS_WORKSPACE_CONFIG"": "":4096:8"", ""CUDA_VISIBLE_DEVICES"": ""1""}",2026-08-21T16:10:05
VNAT_5s_tcpdur_random70_stratified_flowlevel_splitseed42_8feat_informer_40ms_seed0,VNAT,VNAT_5s_tcp_duration,5,random70_stratified_flowlevel_splitseed42,42,7aa2fe07e2ffeadb,Validation,4,informer,8feat,40ms,126,8,0,64,1459,630,best_val,25,12345,0,True,True,1.0,40.3585,99.74,33,95.0425,90.8845,95.3968,89.9024,"{""Chat"": 94.231, ""Control"": 96.703, ""File Transfer"": 71.795, ""Streaming"": 96.881}","{""Chat"": 94.231, ""Control"": 95.652, ""File Transfer"": 87.5, ""Streaming"": 96.35}","{""Chat"": 94.231, ""Control"": 97.778, ""File Transfer"": 60.87, ""Streaming"": 97.417}","{""Chat"": 156, ""Control"": 180, ""File Transfer"": 23, ""Streaming"": 271}","{""Chat"": 1.045129, ""Control"": 0.868452, ""File Transfer"": 5.883065, ""Streaming"": 0.580812}","{""Chat"": 349, ""Control"": 420, ""File Transfer"": 62, ""Streaming"": 628}",2809605,checkpoints/VNAT_5s_tcp_duration_8feat_seed0/VNAT_5s_tcpdur_random70_stratified_flowlevel_splitseed42_8feat_informer_40ms_seed0.pth,21522434,36.4,OK,,"{""torch"": ""2.4.1+cu121"", ""cuda"": ""12.1"", ""gpu"": ""NVIDIA RTX A4500"", ""numpy"": ""1.26.0"", ""python"": ""3.10.12"", ""deterministic"": true, ""grad_clip_max_norm"": 1.0, ""CUBLAS_WORKSPACE_CONFIG"": "":4096:8"", ""CUDA_VISIBLE_DEVICES"": ""1""}",2026-08-21T16:10:42
VNAT_5s_tcpdur_random70_stratified_flowlevel_splitseed42_8feat_informer_40ms_seed1,VNAT,VNAT_5s_tcp_duration,5,random70_stratified_flowlevel_splitseed42,42,7aa2fe07e2ffeadb,Validation,4,informer,8feat,40ms,126,8,1,64,1459,630,best_val,7,12345,0,True,True,1.0,49.6457,100.0,25,92.1571,89.2426,93.9683,88.8144,"{""Chat"": 91.875, ""Control"": 96.438, ""File Transfer"": 71.795, ""Streaming"": 95.149}","{""Chat"": 89.634, ""Control"": 95.135, ""File Transfer"": 87.5, ""Streaming"": 96.226}","{""Chat"": 94.231, ""Control"": 97.778, ""File Transfer"": 60.87, ""Streaming"": 94.096}","{""Chat"": 156, ""Control"": 180, ""File Transfer"": 23, ""Streaming"": 271}","{""Chat"": 1.045129, ""Control"": 0.868452, ""File Transfer"": 5.883065, ""Streaming"": 0.580812}","{""Chat"": 349, ""Control"": 420, ""File Transfer"": 62, ""Streaming"": 628}",2809605,checkpoints/VNAT_5s_tcp_duration_8feat_seed1/VNAT_5s_tcpdur_random70_stratified_flowlevel_splitseed42_8feat_informer_40ms_seed1.pth,21522434,23.5,OK,,"{""torch"": ""2.4.1+cu121"", ""cuda"": ""12.1"", ""gpu"": ""NVIDIA RTX A4500"", ""numpy"": ""1.26.0"", ""python"": ""3.10.12"", ""deterministic"": true, ""grad_clip_max_norm"": 1.0, ""CUBLAS_WORKSPACE_CONFIG"": "":4096:8"", ""CUDA_VISIBLE_DEVICES"": ""1""}",2026-08-21T16:11:05
VNAT_5s_tcpdur_random70_stratified_flowlevel_splitseed42_8feat_informer_40ms_seed2,VNAT,VNAT_5s_tcp_duration,5,random70_stratified_flowlevel_splitseed42,42,7aa2fe07e2ffeadb,Validation,4,informer,8feat,40ms,126,8,2,64,1459,630,best_val,16,12345,0,True,True,1.0,39.9966,96.58,28,96.959,92.8756,95.873,91.5996,"{""Chat"": 94.839, ""Control"": 97.207, ""File Transfer"": 77.273, ""Streaming"": 97.08}","{""Chat"": 95.455, ""Control"": 97.753, ""File Transfer"": 80.952, ""Streaming"": 96.029}","{""Chat"": 94.231, ""Control"": 96.667, ""File Transfer"": 73.913, ""Streaming"": 98.155}","{""Chat"": 156, ""Control"": 180, ""File Transfer"": 23, ""Streaming"": 271}","{""Chat"": 1.045129, ""Control"": 0.868452, ""File Transfer"": 5.883065, ""Streaming"": 0.580812}","{""Chat"": 349, ""Control"": 420, ""File Transfer"": 62, ""Streaming"": 628}",2809605,checkpoints/VNAT_5s_tcp_duration_8feat_seed2/VNAT_5s_tcpdur_random70_stratified_flowlevel_splitseed42_8feat_informer_40ms_seed2.pth,21522434,30.7,OK,,"{""torch"": ""2.4.1+cu121"", ""cuda"": ""12.1"", ""gpu"": ""NVIDIA RTX A4500"", ""numpy"": ""1.26.0"", ""python"": ""3.10.12"", ""deterministic"": true, ""grad_clip_max_norm"": 1.0, ""CUBLAS_WORKSPACE_CONFIG"": "":4096:8"", ""CUDA_VISIBLE_DEVICES"": ""1""}",2026-08-21T16:11:36
VNAT_5s_tcpdur_random70_stratified_flowlevel_splitseed42_8feat_nst_40ms_seed0,VNAT,VNAT_5s_tcp_duration,5,random70_stratified_flowlevel_splitseed42,42,7aa2fe07e2ffeadb,Validation,4,nst,8feat,40ms,126,8,0,64,1459,630,best_val,23,12345,0,True,True,1.0,17.6624,98.47,34,94.0438,90.0366,95.5556,90.0366,"{""Chat"": 93.711, ""Control"": 96.986, ""File Transfer"": 72.222, ""Streaming"": 97.227}","{""Chat"": 91.975, ""Control"": 95.676, ""File Transfer"": 100.0, ""Streaming"": 97.407}","{""Chat"": 95.513, ""Control"": 98.333, ""File Transfer"": 56.522, ""Streaming"": 97.048}","{""Chat"": 156, ""Control"": 180, ""File Transfer"": 23, ""Streaming"": 271}","{""Chat"": 1.045129, ""Control"": 0.868452, ""File Transfer"": 5.883065, ""Streaming"": 0.580812}","{""Chat"": 349, ""Control"": 420, ""File Transfer"": 62, ""Streaming"": 628}",163960,checkpoints/VNAT_5s_tcp_duration_8feat_seed0/VNAT_5s_tcpdur_random70_stratified_flowlevel_splitseed42_8feat_nst_40ms_seed0.pth,1963850,31.4,OK,,"{""torch"": ""2.4.1+cu121"", ""cuda"": ""12.1"", ""gpu"": ""NVIDIA RTX A4500"", ""numpy"": ""1.26.0"", ""python"": ""3.10.12"", ""deterministic"": true, ""grad_clip_max_norm"": 1.0, ""CUBLAS_WORKSPACE_CONFIG"": "":4096:8"", ""CUDA_VISIBLE_DEVICES"": ""1""}",2026-08-21T16:12:08
VNAT_5s_tcpdur_random70_stratified_flowlevel_splitseed42_8feat_nst_40ms_seed1,VNAT,VNAT_5s_tcp_duration,5,random70_stratified_flowlevel_splitseed42,42,7aa2fe07e2ffeadb,Validation,4,nst,8feat,40ms,126,8,1,64,1459,630,best_val,20,12345,0,True,True,1.0,19.2868,99.21,33,92.1786,90.344,95.3968,90.344,"{""Chat"": 94.304, ""Control"": 96.721, ""File Transfer"": 73.684, ""Streaming"": 96.667}","{""Chat"": 93.125, ""Control"": 95.161, ""File Transfer"": 93.333, ""Streaming"": 97.026}","{""Chat"": 95.513, ""Control"": 98.333, ""File Transfer"": 60.87, ""Streaming"": 96.31}","{""Chat"": 156, ""Control"": 180, ""File Transfer"": 23, ""Streaming"": 271}","{""Chat"": 1.045129, ""Control"": 0.868452, ""File Transfer"": 5.883065, ""Streaming"": 0.580812}","{""Chat"": 349, ""Control"": 420, ""File Transfer"": 62, ""Streaming"": 628}",163960,checkpoints/VNAT_5s_tcp_duration_8feat_seed1/VNAT_5s_tcpdur_random70_stratified_flowlevel_splitseed42_8feat_nst_40ms_seed1.pth,1963850,26.9,OK,,"{""torch"": ""2.4.1+cu121"", ""cuda"": ""12.1"", ""gpu"": ""NVIDIA RTX A4500"", ""numpy"": ""1.26.0"", ""python"": ""3.10.12"", ""deterministic"": true, ""grad_clip_max_norm"": 1.0, ""CUBLAS_WORKSPACE_CONFIG"": "":4096:8"", ""CUDA_VISIBLE_DEVICES"": ""1""}",2026-08-21T16:12:35
VNAT_5s_tcpdur_random70_stratified_flowlevel_splitseed42_8feat_nst_40ms_seed2,VNAT,VNAT_5s_tcp_duration,5,random70_stratified_flowlevel_splitseed42,42,7aa2fe07e2ffeadb,Validation,4,nst,8feat,40ms,126,8,2,64,1459,630,best_val,19,12345,0,True,True,1.0,18.7013,99.44,31,91.6927,88.1853,93.6508,88.1853,"{""Chat"": 90.854, ""Control"": 96.721, ""File Transfer"": 70.27, ""Streaming"": 94.896}","{""Chat"": 86.628, ""Control"": 95.161, ""File Transfer"": 92.857, ""Streaming"": 97.287}","{""Chat"": 95.513, ""Control"": 98.333, ""File Transfer"": 56.522, ""Streaming"": 92.62}","{""Chat"": 156, ""Control"": 180, ""File Transfer"": 23, ""Streaming"": 271}","{""Chat"": 1.045129, ""Control"": 0.868452, ""File Transfer"": 5.883065, ""Streaming"": 0.580812}","{""Chat"": 349, ""Control"": 420, ""File Transfer"": 62, ""Streaming"": 628}",163960,checkpoints/VNAT_5s_tcp_duration_8feat_seed2/VNAT_5s_tcpdur_random70_stratified_flowlevel_splitseed42_8feat_nst_40ms_seed2.pth,1963850,21.4,OK,,"{""torch"": ""2.4.1+cu121"", ""cuda"": ""12.1"", ""gpu"": ""NVIDIA RTX A4500"", ""numpy"": ""1.26.0"", ""python"": ""3.10.12"", ""deterministic"": true, ""grad_clip_max_norm"": 1.0, ""CUBLAS_WORKSPACE_CONFIG"": "":4096:8"", ""CUDA_VISIBLE_DEVICES"": ""1""}",2026-08-21T16:12:57
VNAT_5s_tcpdur_random70_stratified_flowlevel_splitseed42_8feat_autoformer_40ms_seed0,VNAT,VNAT_5s_tcp_duration,5,random70_stratified_flowlevel_splitseed42,42,7aa2fe07e2ffeadb,Validation,4,autoformer,8feat,40ms,126,8,0,256,1459,630,best_val,45,12345,0,True,True,1.0,7.8759,100.0,56,92.0545,89.2067,93.3333,89.2067,"{""Chat"": 91.077, ""Control"": 95.89, ""File Transfer"": 75.676, ""Streaming"": 94.184}","{""Chat"": 87.574, ""Control"": 94.595, ""File Transfer"": 100.0, ""Streaming"": 95.802}","{""Chat"": 94.872, ""Control"": 97.222, ""File Transfer"": 60.87, ""Streaming"": 92.62}","{""Chat"": 156, ""Control"": 180, ""File Transfer"": 23, ""Streaming"": 271}","{""Chat"": 1.045129, ""Control"": 0.868452, ""File Transfer"": 5.883065, ""Streaming"": 0.580812}","{""Chat"": 349, ""Control"": 420, ""File Transfer"": 62, ""Streaming"": 628}",133060,checkpoints/VNAT_5s_tcp_duration_8feat_seed0/VNAT_5s_tcpdur_random70_stratified_flowlevel_splitseed42_8feat_autoformer_40ms_seed0.pth,1829730,26.4,OK,,"{""torch"": ""2.4.1+cu121"", ""cuda"": ""12.1"", ""gpu"": ""NVIDIA RTX A4500"", ""numpy"": ""1.26.0"", ""python"": ""3.10.12"", ""deterministic"": true, ""grad_clip_max_norm"": 1.0, ""CUBLAS_WORKSPACE_CONFIG"": "":4096:8"", ""CUDA_VISIBLE_DEVICES"": ""1""}",2026-08-21T16:13:23
VNAT_5s_tcpdur_random70_stratified_flowlevel_splitseed42_8feat_autoformer_40ms_seed1,VNAT,VNAT_5s_tcp_duration,5,random70_stratified_flowlevel_splitseed42,42,7aa2fe07e2ffeadb,Validation,4,autoformer,8feat,40ms,126,8,1,256,1459,630,best_val,34,12345,0,True,True,1.0,7.754,100.0,44,90.0414,86.2668,91.2698,86.2668,"{""Chat"": 86.538, ""Control"": 96.419, ""File Transfer"": 70.0, ""Streaming"": 92.11}","{""Chat"": 86.538, ""Control"": 95.628, ""File Transfer"": 82.353, ""Streaming"": 91.606}","{""Chat"": 86.538, ""Control"": 97.222, ""File Transfer"": 60.87, ""Streaming"": 92.62}","{""Chat"": 156, ""Control"": 180, ""File Transfer"": 23, ""Streaming"": 271}","{""Chat"": 1.045129, ""Control"": 0.868452, ""File Transfer"": 5.883065, ""Streaming"": 0.580812}","{""Chat"": 349, ""Control"": 420, ""File Transfer"": 62, ""Streaming"": 628}",133060,checkpoints/VNAT_5s_tcp_duration_8feat_seed1/VNAT_5s_tcpdur_random70_stratified_flowlevel_splitseed42_8feat_autoformer_40ms_seed1.pth,1829730,25.2,OK,,"{""torch"": ""2.4.1+cu121"", ""cuda"": ""12.1"", ""gpu"": ""NVIDIA RTX A4500"", ""numpy"": ""1.26.0"", ""python"": ""3.10.12"", ""deterministic"": true, ""grad_clip_max_norm"": 1.0, ""CUBLAS_WORKSPACE_CONFIG"": "":4096:8"", ""CUDA_VISIBLE_DEVICES"": ""1""}",2026-08-21T16:13:49
VNAT_5s_tcpdur_random70_stratified_flowlevel_splitseed42_8feat_autoformer_40ms_seed2,VNAT,VNAT_5s_tcp_duration,5,random70_stratified_flowlevel_splitseed42,42,7aa2fe07e2ffeadb,Validation,4,autoformer,8feat,40ms,126,8,2,256,1459,630,best_val,41,12345,0,True,True,1.0,7.8242,99.74,65,91.1022,87.7371,92.5397,87.7371,"{""Chat"": 89.441, ""Control"": 95.628, ""File Transfer"": 72.222, ""Streaming"": 93.657}","{""Chat"": 86.747, ""Control"": 94.086, ""File Transfer"": 100.0, ""Streaming"": 94.717}","{""Chat"": 92.308, ""Control"": 97.222, ""File Transfer"": 56.522, ""Streaming"": 92.62}","{""Chat"": 156, ""Control"": 180, ""File Transfer"": 23, ""Streaming"": 271}","{""Chat"": 1.045129, ""Control"": 0.868452, ""File Transfer"": 5.883065, ""Streaming"": 0.580812}","{""Chat"": 349, ""Control"": 420, ""File Transfer"": 62, ""Streaming"": 628}",133060,checkpoints/VNAT_5s_tcp_duration_8feat_seed2/VNAT_5s_tcpdur_random70_stratified_flowlevel_splitseed42_8feat_autoformer_40ms_seed2.pth,1829730,38.9,OK,,"{""torch"": ""2.4.1+cu121"", ""cuda"": ""12.1"", ""gpu"": ""NVIDIA RTX A4500"", ""numpy"": ""1.26.0"", ""python"": ""3.10.12"", ""deterministic"": true, ""grad_clip_max_norm"": 1.0, ""CUBLAS_WORKSPACE_CONFIG"": "":4096:8"", ""CUDA_VISIBLE_DEVICES"": ""1""}",2026-08-21T16:14:28
VNAT_5s_tcpdur_random70_stratified_flowlevel_splitseed42_8feat_fedformer_40ms_seed0,VNAT,VNAT_5s_tcp_duration,5,random70_stratified_flowlevel_splitseed42,42,7aa2fe07e2ffeadb,Validation,4,fedformer,8feat,40ms,126,8,0,256,1459,630,best_val,21,12345,4,True,True,1.0,10.3526,100.0,34,87.7145,79.397,83.9683,79.397,"{""Chat"": 80.435, ""Control"": 92.388, ""File Transfer"": 63.158, ""Streaming"": 81.607}","{""Chat"": 69.811, ""Control"": 87.562, ""File Transfer"": 80.0, ""Streaming"": 95.545}","{""Chat"": 94.872, ""Control"": 97.778, ""File Transfer"": 52.174, ""Streaming"": 71.218}","{""Chat"": 156, ""Control"": 180, ""File Transfer"": 23, ""Streaming"": 271}","{""Chat"": 1.045129, ""Control"": 0.868452, ""File Transfer"": 5.883065, ""Streaming"": 0.580812}","{""Chat"": 349, ""Control"": 420, ""File Transfer"": 62, ""Streaming"": 628}",392517,checkpoints/VNAT_5s_tcp_duration_8feat_seed0/VNAT_5s_tcpdur_random70_stratified_flowlevel_splitseed42_8feat_fedformer_40ms_seed0.pth,4166187,67.8,OK,,"{""torch"": ""2.4.1+cu121"", ""cuda"": ""12.1"", ""gpu"": ""NVIDIA RTX A4500"", ""numpy"": ""1.26.0"", ""python"": ""3.10.12"", ""deterministic"": true, ""grad_clip_max_norm"": 1.0, ""CUBLAS_WORKSPACE_CONFIG"": "":4096:8"", ""CUDA_VISIBLE_DEVICES"": ""1""}",2026-08-21T16:15:37
VNAT_5s_tcpdur_random70_stratified_flowlevel_splitseed42_8feat_fedformer_40ms_seed1,VNAT,VNAT_5s_tcp_duration,5,random70_stratified_flowlevel_splitseed42,42,7aa2fe07e2ffeadb,Validation,4,fedformer,8feat,40ms,126,8,1,256,1459,630,best_val,22,12345,4,True,True,1.0,7.716,100.0,34,87.9489,82.1329,87.1429,82.1329,"{""Chat"": 83.944, ""Control"": 93.369, ""File Transfer"": 64.865, ""Streaming"": 86.354}","{""Chat"": 74.874, ""Control"": 89.34, ""File Transfer"": 85.714, ""Streaming"": 96.364}","{""Chat"": 95.513, ""Control"": 97.778, ""File Transfer"": 52.174, ""Streaming"": 78.229}","{""Chat"": 156, ""Control"": 180, ""File Transfer"": 23, ""Streaming"": 271}","{""Chat"": 1.045129, ""Control"": 0.868452, ""File Transfer"": 5.883065, ""Streaming"": 0.580812}","{""Chat"": 349, ""Control"": 420, ""File Transfer"": 62, ""Streaming"": 628}",392517,checkpoints/VNAT_5s_tcp_duration_8feat_seed1/VNAT_5s_tcpdur_random70_stratified_flowlevel_splitseed42_8feat_fedformer_40ms_seed1.pth,4166187,69.2,OK,,"{""torch"": ""2.4.1+cu121"", ""cuda"": ""12.1"", ""gpu"": ""NVIDIA RTX A4500"", ""numpy"": ""1.26.0"", ""python"": ""3.10.12"", ""deterministic"": true, ""grad_clip_max_norm"": 1.0, ""CUBLAS_WORKSPACE_CONFIG"": "":4096:8"", ""CUDA_VISIBLE_DEVICES"": ""1""}",2026-08-21T16:16:46
VNAT_5s_tcpdur_random70_stratified_flowlevel_splitseed42_8feat_fedformer_40ms_seed2,VNAT,VNAT_5s_tcp_duration,5,random70_stratified_flowlevel_splitseed42,42,7aa2fe07e2ffeadb,Validation,4,fedformer,8feat,40ms,126,8,2,256,1459,630,best_val,18,12345,4,True,True,1.0,8.2865,100.0,31,88.0072,78.8374,83.1746,78.8374,"{""Chat"": 79.474, ""Control"": 92.632, ""File Transfer"": 63.158, ""Streaming"": 80.087}","{""Chat"": 67.411, ""Control"": 88.0, ""File Transfer"": 80.0, ""Streaming"": 96.859}","{""Chat"": 96.795, ""Control"": 97.778, ""File Transfer"": 52.174, ""Streaming"": 68.266}","{""Chat"": 156, ""Control"": 180, ""File Transfer"": 23, ""Streaming"": 271}","{""Chat"": 1.045129, ""Control"": 0.868452, ""File Transfer"": 5.883065, ""Streaming"": 0.580812}","{""Chat"": 349, ""Control"": 420, ""File Transfer"": 62, ""Streaming"": 628}",392517,checkpoints/VNAT_5s_tcp_duration_8feat_seed2/VNAT_5s_tcpdur_random70_stratified_flowlevel_splitseed42_8feat_fedformer_40ms_seed2.pth,4166187,61.8,OK,,"{""torch"": ""2.4.1+cu121"", ""cuda"": ""12.1"", ""gpu"": ""NVIDIA RTX A4500"", ""numpy"": ""1.26.0"", ""python"": ""3.10.12"", ""deterministic"": true, ""grad_clip_max_norm"": 1.0, ""CUBLAS_WORKSPACE_CONFIG"": "":4096:8"", ""CUDA_VISIBLE_DEVICES"": ""1""}",2026-08-21T16:17:49
VNAT_5s_tcpdur_random70_stratified_flowlevel_splitseed42_8feat_timemixer_40ms_seed0,VNAT,VNAT_5s_tcp_duration,5,random70_stratified_flowlevel_splitseed42,42,7aa2fe07e2ffeadb,Validation,4,timemixer,8feat,40ms,126,8,0,256,1459,630,best_val,29,12345,0,True,True,1.0,22.4843,63.03,55,85.3268,83.0582,87.7778,83.0582,"{""Chat"": 86.982, ""Control"": 91.384, ""File Transfer"": 66.667, ""Streaming"": 87.2}","{""Chat"": 80.769, ""Control"": 86.207, ""File Transfer"": 81.25, ""Streaming"": 95.197}","{""Chat"": 94.231, ""Control"": 97.222, ""File Transfer"": 56.522, ""Streaming"": 80.443}","{""Chat"": 156, ""Control"": 180, ""File Transfer"": 23, ""Streaming"": 271}","{""Chat"": 1.045129, ""Control"": 0.868452, ""File Transfer"": 5.883065, ""Streaming"": 0.580812}","{""Chat"": 349, ""Control"": 420, ""File Transfer"": 62, ""Streaming"": 628}",257018,checkpoints/VNAT_5s_tcp_duration_8feat_seed0/VNAT_5s_tcpdur_random70_stratified_flowlevel_splitseed42_8feat_timemixer_40ms_seed0.pth,2345286,17.9,OK,,"{""torch"": ""2.4.1+cu121"", ""cuda"": ""12.1"", ""gpu"": ""NVIDIA RTX A4500"", ""numpy"": ""1.26.0"", ""python"": ""3.10.12"", ""deterministic"": true, ""grad_clip_max_norm"": 1.0, ""CUBLAS_WORKSPACE_CONFIG"": "":4096:8"", ""CUDA_VISIBLE_DEVICES"": ""1""}",2026-08-21T16:18:07
VNAT_5s_tcpdur_random70_stratified_flowlevel_splitseed42_8feat_timemixer_40ms_seed1,VNAT,VNAT_5s_tcp_duration,5,random70_stratified_flowlevel_splitseed42,42,7aa2fe07e2ffeadb,Validation,4,timemixer,8feat,40ms,126,8,1,256,1459,630,best_val,40,12345,0,True,True,1.0,77.7908,59.65,57,87.4998,83.5784,88.0952,83.5784,"{""Chat"": 84.663, ""Control"": 93.369, ""File Transfer"": 68.421, ""Streaming"": 87.861}","{""Chat"": 81.176, ""Control"": 89.34, ""File Transfer"": 86.667, ""Streaming"": 91.935}","{""Chat"": 88.462, ""Control"": 97.778, ""File Transfer"": 56.522, ""Streaming"": 84.133}","{""Chat"": 156, ""Control"": 180, ""File Transfer"": 23, ""Streaming"": 271}","{""Chat"": 1.045129, ""Control"": 0.868452, ""File Transfer"": 5.883065, ""Streaming"": 0.580812}","{""Chat"": 349, ""Control"": 420, ""File Transfer"": 62, ""Streaming"": 628}",257018,checkpoints/VNAT_5s_tcp_duration_8feat_seed1/VNAT_5s_tcpdur_random70_stratified_flowlevel_splitseed42_8feat_timemixer_40ms_seed1.pth,2345286,20.1,OK,,"{""torch"": ""2.4.1+cu121"", ""cuda"": ""12.1"", ""gpu"": ""NVIDIA RTX A4500"", ""numpy"": ""1.26.0"", ""python"": ""3.10.12"", ""deterministic"": true, ""grad_clip_max_norm"": 1.0, ""CUBLAS_WORKSPACE_CONFIG"": "":4096:8"", ""CUDA_VISIBLE_DEVICES"": ""1""}",2026-08-21T16:18:27
VNAT_5s_tcpdur_random70_stratified_flowlevel_splitseed42_8feat_timemixer_40ms_seed2,VNAT,VNAT_5s_tcp_duration,5,random70_stratified_flowlevel_splitseed42,42,7aa2fe07e2ffeadb,Validation,4,timemixer,8feat,40ms,126,8,2,256,1459,630,best_val,43,12345,0,True,True,1.0,14.3237,61.83,62,88.4801,84.1927,90.6349,84.1927,"{""Chat"": 88.822, ""Control"": 95.135, ""File Transfer"": 61.905, ""Streaming"": 90.909}","{""Chat"": 84.0, ""Control"": 92.632, ""File Transfer"": 68.421, ""Streaming"": 95.528}","{""Chat"": 94.231, ""Control"": 97.778, ""File Transfer"": 56.522, ""Streaming"": 86.716}","{""Chat"": 156, ""Control"": 180, ""File Transfer"": 23, ""Streaming"": 271}","{""Chat"": 1.045129, ""Control"": 0.868452, ""File Transfer"": 5.883065, ""Streaming"": 0.580812}","{""Chat"": 349, ""Control"": 420, ""File Transfer"": 62, ""Streaming"": 628}",257018,checkpoints/VNAT_5s_tcp_duration_8feat_seed2/VNAT_5s_tcpdur_random70_stratified_flowlevel_splitseed42_8feat_timemixer_40ms_seed2.pth,2345286,21.3,OK,,"{""torch"": ""2.4.1+cu121"", ""cuda"": ""12.1"", ""gpu"": ""NVIDIA RTX A4500"", ""numpy"": ""1.26.0"", ""python"": ""3.10.12"", ""deterministic"": true, ""grad_clip_max_norm"": 1.0, ""CUBLAS_WORKSPACE_CONFIG"": "":4096:8"", ""CUDA_VISIBLE_DEVICES"": ""1""}",2026-08-21T16:18:48
VNAT_5s_tcpdur_random70_stratified_flowlevel_splitseed42_8feat_timesnet_50ms_seed0,VNAT,VNAT_5s_tcp_duration,5,random70_stratified_flowlevel_splitseed42,42,7aa2fe07e2ffeadb,Validation,4,timesnet,8feat,50ms,101,8,0,256,1459,630,best_val,23,12345,0,True,True,1.0,9.1073,100.0,33,87.0604,83.948,87.9365,83.948,"{""Chat"": 84.814, ""Control"": 93.333, ""File Transfer"": 70.27, ""Streaming"": 87.375}","{""Chat"": 76.684, ""Control"": 89.744, ""File Transfer"": 92.857, ""Streaming"": 95.614}","{""Chat"": 94.872, ""Control"": 97.222, ""File Transfer"": 56.522, ""Streaming"": 80.443}","{""Chat"": 156, ""Control"": 180, ""File Transfer"": 23, ""Streaming"": 271}","{""Chat"": 1.045129, ""Control"": 0.868452, ""File Transfer"": 5.883065, ""Streaming"": 0.580812}","{""Chat"": 349, ""Control"": 420, ""File Transfer"": 62, ""Streaming"": 628}",9401796,checkpoints/VNAT_5s_tcp_duration_8feat_seed0/VNAT_5s_tcpdur_random70_stratified_flowlevel_splitseed42_8feat_timesnet_50ms_seed0.pth,38916610,66.6,OK,,"{""torch"": ""2.4.1+cu121"", ""cuda"": ""12.1"", ""gpu"": ""NVIDIA RTX A4500"", ""numpy"": ""1.26.0"", ""python"": ""3.10.12"", ""deterministic"": true, ""grad_clip_max_norm"": 1.0, ""CUBLAS_WORKSPACE_CONFIG"": "":4096:8"", ""CUDA_VISIBLE_DEVICES"": ""1""}",2026-08-21T16:19:55
VNAT_5s_tcpdur_random70_stratified_flowlevel_splitseed42_8feat_timesnet_50ms_seed1,VNAT,VNAT_5s_tcp_duration,5,random70_stratified_flowlevel_splitseed42,42,7aa2fe07e2ffeadb,Validation,4,timesnet,8feat,50ms,101,8,1,256,1459,630,best_val,23,12345,0,True,True,1.0,10.8768,100.0,36,87.3479,83.8789,87.3016,83.8789,"{""Chat"": 83.333, ""Control"": 93.333, ""File Transfer"": 72.222, ""Streaming"": 86.627}","{""Chat"": 75.521, ""Control"": 89.744, ""File Transfer"": 100.0, ""Streaming"": 94.348}","{""Chat"": 92.949, ""Control"": 97.222, ""File Transfer"": 56.522, ""Streaming"": 80.074}","{""Chat"": 156, ""Control"": 180, ""File Transfer"": 23, ""Streaming"": 271}","{""Chat"": 1.045129, ""Control"": 0.868452, ""File Transfer"": 5.883065, ""Streaming"": 0.580812}","{""Chat"": 349, ""Control"": 420, ""File Transfer"": 62, ""Streaming"": 628}",9401796,checkpoints/VNAT_5s_tcp_duration_8feat_seed1/VNAT_5s_tcpdur_random70_stratified_flowlevel_splitseed42_8feat_timesnet_50ms_seed1.pth,38916610,72.6,OK,,"{""torch"": ""2.4.1+cu121"", ""cuda"": ""12.1"", ""gpu"": ""NVIDIA RTX A4500"", ""numpy"": ""1.26.0"", ""python"": ""3.10.12"", ""deterministic"": true, ""grad_clip_max_norm"": 1.0, ""CUBLAS_WORKSPACE_CONFIG"": "":4096:8"", ""CUDA_VISIBLE_DEVICES"": ""1""}",2026-08-21T16:21:08
VNAT_5s_tcpdur_random70_stratified_flowlevel_splitseed42_8feat_timesnet_50ms_seed2,VNAT,VNAT_5s_tcp_duration,5,random70_stratified_flowlevel_splitseed42,42,7aa2fe07e2ffeadb,Validation,4,timesnet,8feat,50ms,101,8,2,256,1459,630,best_val,18,12345,0,True,True,1.0,10.5553,100.0,46,86.5315,83.6085,87.4603,83.6085,"{""Chat"": 84.986, ""Control"": 92.593, ""File Transfer"": 70.27, ""Streaming"": 86.585}","{""Chat"": 76.142, ""Control"": 88.384, ""File Transfer"": 92.857, ""Streaming"": 96.38}","{""Chat"": 96.154, ""Control"": 97.222, ""File Transfer"": 56.522, ""Streaming"": 78.598}","{""Chat"": 156, ""Control"": 180, ""File Transfer"": 23, ""Streaming"": 271}","{""Chat"": 1.045129, ""Control"": 0.868452, ""File Transfer"": 5.883065, ""Streaming"": 0.580812}","{""Chat"": 349, ""Control"": 420, ""File Transfer"": 62, ""Streaming"": 628}",9401796,checkpoints/VNAT_5s_tcp_duration_8feat_seed2/VNAT_5s_tcpdur_random70_stratified_flowlevel_splitseed42_8feat_timesnet_50ms_seed2.pth,38916610,93.5,OK,,"{""torch"": ""2.4.1+cu121"", ""cuda"": ""12.1"", ""gpu"": ""NVIDIA RTX A4500"", ""numpy"": ""1.26.0"", ""python"": ""3.10.12"", ""deterministic"": true, ""grad_clip_max_norm"": 1.0, ""CUBLAS_WORKSPACE_CONFIG"": "":4096:8"", ""CUDA_VISIBLE_DEVICES"": ""1""}",2026-08-21T16:22:42
VNAT_5s_tcpdur_random70_stratified_flowlevel_splitseed42_8feat_informer_50ms_seed0,VNAT,VNAT_5s_tcp_duration,5,random70_stratified_flowlevel_splitseed42,42,7aa2fe07e2ffeadb,Validation,4,informer,8feat,50ms,101,8,0,64,1459,630,best_val,8,12345,0,True,True,1.0,37.1964,100.0,25,89.9874,87.195,91.746,87.195,"{""Chat"": 87.906, ""Control"": 96.196, ""File Transfer"": 72.222, ""Streaming"": 92.456}","{""Chat"": 81.421, ""Control"": 94.149, ""File Transfer"": 100.0, ""Streaming"": 97.154}","{""Chat"": 95.513, ""Control"": 98.333, ""File Transfer"": 56.522, ""Streaming"": 88.192}","{""Chat"": 156, ""Control"": 180, ""File Transfer"": 23, ""Streaming"": 271}","{""Chat"": 1.045129, ""Control"": 0.868452, ""File Transfer"": 5.883065, ""Streaming"": 0.580812}","{""Chat"": 349, ""Control"": 420, ""File Transfer"": 62, ""Streaming"": 628}",2784005,checkpoints/VNAT_5s_tcp_duration_8feat_seed0/VNAT_5s_tcpdur_random70_stratified_flowlevel_splitseed42_8feat_informer_50ms_seed0.pth,21420034,22.4,OK,,"{""torch"": ""2.4.1+cu121"", ""cuda"": ""12.1"", ""gpu"": ""NVIDIA RTX A4500"", ""numpy"": ""1.26.0"", ""python"": ""3.10.12"", ""deterministic"": true, ""grad_clip_max_norm"": 1.0, ""CUBLAS_WORKSPACE_CONFIG"": "":4096:8"", ""CUDA_VISIBLE_DEVICES"": ""1""}",2026-08-21T16:23:05
VNAT_5s_tcpdur_random70_stratified_flowlevel_splitseed42_8feat_informer_50ms_seed1,VNAT,VNAT_5s_tcp_duration,5,random70_stratified_flowlevel_splitseed42,42,7aa2fe07e2ffeadb,Validation,4,informer,8feat,50ms,101,8,1,64,1459,630,best_val,12,12345,0,True,True,1.0,32.9852,100.0,24,94.1121,89.6998,94.7619,90.2457,"{""Chat"": 92.114, ""Control"": 97.253, ""File Transfer"": 75.676, ""Streaming"": 95.941}","{""Chat"": 90.683, ""Control"": 96.196, ""File Transfer"": 100.0, ""Streaming"": 95.941}","{""Chat"": 93.59, ""Control"": 98.333, ""File Transfer"": 60.87, ""Streaming"": 95.941}","{""Chat"": 156, ""Control"": 180, ""File Transfer"": 23, ""Streaming"": 271}","{""Chat"": 1.045129, ""Control"": 0.868452, ""File Transfer"": 5.883065, ""Streaming"": 0.580812}","{""Chat"": 349, ""Control"": 420, ""File Transfer"": 62, ""Streaming"": 628}",2784005,checkpoints/VNAT_5s_tcp_duration_8feat_seed1/VNAT_5s_tcpdur_random70_stratified_flowlevel_splitseed42_8feat_informer_50ms_seed1.pth,21420034,22.0,OK,,"{""torch"": ""2.4.1+cu121"", ""cuda"": ""12.1"", ""gpu"": ""NVIDIA RTX A4500"", ""numpy"": ""1.26.0"", ""python"": ""3.10.12"", ""deterministic"": true, ""grad_clip_max_norm"": 1.0, ""CUBLAS_WORKSPACE_CONFIG"": "":4096:8"", ""CUDA_VISIBLE_DEVICES"": ""1""}",2026-08-21T16:23:27
VNAT_5s_tcpdur_random70_stratified_flowlevel_splitseed42_8feat_informer_50ms_seed2,VNAT,VNAT_5s_tcp_duration,5,random70_stratified_flowlevel_splitseed42,42,7aa2fe07e2ffeadb,Validation,4,informer,8feat,50ms,101,8,2,64,1459,630,best_val,14,12345,0,True,True,1.0,40.8988,99.07,28,94.1138,89.6998,94.4444,89.1874,"{""Chat"": 92.163, ""Control"": 97.253, ""File Transfer"": 71.795, ""Streaming"": 95.539}","{""Chat"": 90.184, ""Control"": 96.196, ""File Transfer"": 87.5, ""Streaming"": 96.255}","{""Chat"": 94.231, ""Control"": 98.333, ""File Transfer"": 60.87, ""Streaming"": 94.834}","{""Chat"": 156, ""Control"": 180, ""File Transfer"": 23, ""Streaming"": 271}","{""Chat"": 1.045129, ""Control"": 0.868452, ""File Transfer"": 5.883065, ""Streaming"": 0.580812}","{""Chat"": 349, ""Control"": 420, ""File Transfer"": 62, ""Streaming"": 628}",2784005,checkpoints/VNAT_5s_tcp_duration_8feat_seed2/VNAT_5s_tcpdur_random70_stratified_flowlevel_splitseed42_8feat_informer_50ms_seed2.pth,21420034,25.4,OK,,"{""torch"": ""2.4.1+cu121"", ""cuda"": ""12.1"", ""gpu"": ""NVIDIA RTX A4500"", ""numpy"": ""1.26.0"", ""python"": ""3.10.12"", ""deterministic"": true, ""grad_clip_max_norm"": 1.0, ""CUBLAS_WORKSPACE_CONFIG"": "":4096:8"", ""CUDA_VISIBLE_DEVICES"": ""1""}",2026-08-21T16:23:53
VNAT_5s_tcpdur_random70_stratified_flowlevel_splitseed42_8feat_nst_50ms_seed0,VNAT,VNAT_5s_tcp_duration,5,random70_stratified_flowlevel_splitseed42,42,7aa2fe07e2ffeadb,Validation,4,nst,8feat,50ms,101,8,0,64,1459,630,best_val,18,12345,0,True,True,1.0,17.1347,100.0,30,91.2659,87.1845,91.746,87.1845,"{""Chat"": 88.095, ""Control"": 95.935, ""File Transfer"": 72.222, ""Streaming"": 92.486}","{""Chat"": 82.222, ""Control"": 93.651, ""File Transfer"": 100.0, ""Streaming"": 96.774}","{""Chat"": 94.872, ""Control"": 98.333, ""File Transfer"": 56.522, ""Streaming"": 88.561}","{""Chat"": 156, ""Control"": 180, ""File Transfer"": 23, ""Streaming"": 271}","{""Chat"": 1.045129, ""Control"": 0.868452, ""File Transfer"": 5.883065, ""Streaming"": 0.580812}","{""Chat"": 349, ""Control"": 420, ""File Transfer"": 62, ""Streaming"": 628}",155810,checkpoints/VNAT_5s_tcp_duration_8feat_seed0/VNAT_5s_tcpdur_random70_stratified_flowlevel_splitseed42_8feat_nst_50ms_seed0.pth,1931338,21.1,OK,,"{""torch"": ""2.4.1+cu121"", ""cuda"": ""12.1"", ""gpu"": ""NVIDIA RTX A4500"", ""numpy"": ""1.26.0"", ""python"": ""3.10.12"", ""deterministic"": true, ""grad_clip_max_norm"": 1.0, ""CUBLAS_WORKSPACE_CONFIG"": "":4096:8"", ""CUDA_VISIBLE_DEVICES"": ""1""}",2026-08-21T16:24:14
VNAT_5s_tcpdur_random70_stratified_flowlevel_splitseed42_8feat_nst_50ms_seed1,VNAT,VNAT_5s_tcp_duration,5,random70_stratified_flowlevel_splitseed42,42,7aa2fe07e2ffeadb,Validation,4,nst,8feat,50ms,101,8,1,64,1459,630,best_val,15,12345,0,True,True,1.0,17.4815,99.83,25,90.7832,85.9097,91.1111,85.9097,"{""Chat"": 86.726, ""Control"": 96.986, ""File Transfer"": 68.421, ""Streaming"": 91.506}","{""Chat"": 80.328, ""Control"": 95.676, ""File Transfer"": 86.667, ""Streaming"": 95.951}","{""Chat"": 94.231, ""Control"": 98.333, ""File Transfer"": 56.522, ""Streaming"": 87.454}","{""Chat"": 156, ""Control"": 180, ""File Transfer"": 23, ""Streaming"": 271}","{""Chat"": 1.045129, ""Control"": 0.868452, ""File Transfer"": 5.883065, ""Streaming"": 0.580812}","{""Chat"": 349, ""Control"": 420, ""File Transfer"": 62, ""Streaming"": 628}",155810,checkpoints/VNAT_5s_tcp_duration_8feat_seed1/VNAT_5s_tcpdur_random70_stratified_flowlevel_splitseed42_8feat_nst_50ms_seed1.pth,1931338,17.1,OK,,"{""torch"": ""2.4.1+cu121"", ""cuda"": ""12.1"", ""gpu"": ""NVIDIA RTX A4500"", ""numpy"": ""1.26.0"", ""python"": ""3.10.12"", ""deterministic"": true, ""grad_clip_max_norm"": 1.0, ""CUBLAS_WORKSPACE_CONFIG"": "":4096:8"", ""CUDA_VISIBLE_DEVICES"": ""1""}",2026-08-21T16:24:31
VNAT_5s_tcpdur_random70_stratified_flowlevel_splitseed42_8feat_nst_50ms_seed2,VNAT,VNAT_5s_tcp_duration,5,random70_stratified_flowlevel_splitseed42,42,7aa2fe07e2ffeadb,Validation,4,nst,8feat,50ms,101,8,2,64,1459,630,best_val,23,12345,0,True,True,1.0,19.3921,99.79,41,93.6496,89.9041,94.2857,89.9041,"{""Chat"": 91.875, ""Control"": 96.721, ""File Transfer"": 75.676, ""Streaming"": 95.345}","{""Chat"": 89.634, ""Control"": 95.161, ""File Transfer"": 100.0, ""Streaming"": 96.241}","{""Chat"": 94.231, ""Control"": 98.333, ""File Transfer"": 60.87, ""Streaming"": 94.465}","{""Chat"": 156, ""Control"": 180, ""File Transfer"": 23, ""Streaming"": 271}","{""Chat"": 1.045129, ""Control"": 0.868452, ""File Transfer"": 5.883065, ""Streaming"": 0.580812}","{""Chat"": 349, ""Control"": 420, ""File Transfer"": 62, ""Streaming"": 628}",155810,checkpoints/VNAT_5s_tcp_duration_8feat_seed2/VNAT_5s_tcpdur_random70_stratified_flowlevel_splitseed42_8feat_nst_50ms_seed2.pth,1931338,27.7,OK,,"{""torch"": ""2.4.1+cu121"", ""cuda"": ""12.1"", ""gpu"": ""NVIDIA RTX A4500"", ""numpy"": ""1.26.0"", ""python"": ""3.10.12"", ""deterministic"": true, ""grad_clip_max_norm"": 1.0, ""CUBLAS_WORKSPACE_CONFIG"": "":4096:8"", ""CUDA_VISIBLE_DEVICES"": ""1""}",2026-08-21T16:24:59
VNAT_5s_tcpdur_random70_stratified_flowlevel_splitseed42_8feat_autoformer_50ms_seed0,VNAT,VNAT_5s_tcp_duration,5,random70_stratified_flowlevel_splitseed42,42,7aa2fe07e2ffeadb,Validation,4,autoformer,8feat,50ms,101,8,0,256,1459,630,best_val,27,12345,0,True,True,1.0,7.6087,100.0,39,88.0708,83.4022,88.4127,83.4022,"{""Chat"": 83.019, ""Control"": 95.368, ""File Transfer"": 66.667, ""Streaming"": 88.555}","{""Chat"": 81.481, ""Control"": 93.583, ""File Transfer"": 73.684, ""Streaming"": 90.076}","{""Chat"": 84.615, ""Control"": 97.222, ""File Transfer"": 60.87, ""Streaming"": 87.085}","{""Chat"": 156, ""Control"": 180, ""File Transfer"": 23, ""Streaming"": 271}","{""Chat"": 1.045129, ""Control"": 0.868452, ""File Transfer"": 5.883065, ""Streaming"": 0.580812}","{""Chat"": 349, ""Control"": 420, ""File Transfer"": 62, ""Streaming"": 628}",126660,checkpoints/VNAT_5s_tcp_duration_8feat_seed0/VNAT_5s_tcpdur_random70_stratified_flowlevel_splitseed42_8feat_autoformer_50ms_seed0.pth,1804130,15.4,OK,,"{""torch"": ""2.4.1+cu121"", ""cuda"": ""12.1"", ""gpu"": ""NVIDIA RTX A4500"", ""numpy"": ""1.26.0"", ""python"": ""3.10.12"", ""deterministic"": true, ""grad_clip_max_norm"": 1.0, ""CUBLAS_WORKSPACE_CONFIG"": "":4096:8"", ""CUDA_VISIBLE_DEVICES"": ""1""}",2026-08-21T16:25:15
VNAT_5s_tcpdur_random70_stratified_flowlevel_splitseed42_8feat_autoformer_50ms_seed1,VNAT,VNAT_5s_tcp_duration,5,random70_stratified_flowlevel_splitseed42,42,7aa2fe07e2ffeadb,Validation,4,autoformer,8feat,50ms,101,8,1,256,1459,630,best_val,29,12345,0,True,True,1.0,6.9933,100.0,54,88.8672,83.7078,88.8889,83.7078,"{""Chat"": 83.75, ""Control"": 95.109, ""File Transfer"": 66.667, ""Streaming"": 89.306}","{""Chat"": 81.707, ""Control"": 93.085, ""File Transfer"": 81.25, ""Streaming"": 90.84}","{""Chat"": 85.897, ""Control"": 97.222, ""File Transfer"": 56.522, ""Streaming"": 87.823}","{""Chat"": 156, ""Control"": 180, ""File Transfer"": 23, ""Streaming"": 271}","{""Chat"": 1.045129, ""Control"": 0.868452, ""File Transfer"": 5.883065, ""Streaming"": 0.580812}","{""Chat"": 349, ""Control"": 420, ""File Transfer"": 62, ""Streaming"": 628}",126660,checkpoints/VNAT_5s_tcp_duration_8feat_seed1/VNAT_5s_tcpdur_random70_stratified_flowlevel_splitseed42_8feat_autoformer_50ms_seed1.pth,1804130,21.7,OK,,"{""torch"": ""2.4.1+cu121"", ""cuda"": ""12.1"", ""gpu"": ""NVIDIA RTX A4500"", ""numpy"": ""1.26.0"", ""python"": ""3.10.12"", ""deterministic"": true, ""grad_clip_max_norm"": 1.0, ""CUBLAS_WORKSPACE_CONFIG"": "":4096:8"", ""CUDA_VISIBLE_DEVICES"": ""1""}",2026-08-21T16:25:37
VNAT_5s_tcpdur_random70_stratified_flowlevel_splitseed42_8feat_autoformer_50ms_seed2,VNAT,VNAT_5s_tcp_duration,5,random70_stratified_flowlevel_splitseed42,42,7aa2fe07e2ffeadb,Validation,4,autoformer,8feat,50ms,101,8,2,256,1459,630,best_val,18,12345,0,True,True,1.0,7.2035,100.0,31,88.2549,82.2847,88.0952,82.2847,"{""Chat"": 82.5, ""Control"": 95.135, ""File Transfer"": 63.158, ""Streaming"": 88.346}","{""Chat"": 80.488, ""Control"": 92.632, ""File Transfer"": 80.0, ""Streaming"": 90.038}","{""Chat"": 84.615, ""Control"": 97.778, ""File Transfer"": 52.174, ""Streaming"": 86.716}","{""Chat"": 156, ""Control"": 180, ""File Transfer"": 23, ""Streaming"": 271}","{""Chat"": 1.045129, ""Control"": 0.868452, ""File Transfer"": 5.883065, ""Streaming"": 0.580812}","{""Chat"": 349, ""Control"": 420, ""File Transfer"": 62, ""Streaming"": 628}",126660,checkpoints/VNAT_5s_tcp_duration_8feat_seed2/VNAT_5s_tcpdur_random70_stratified_flowlevel_splitseed42_8feat_autoformer_50ms_seed2.pth,1804130,12.3,OK,,"{""torch"": ""2.4.1+cu121"", ""cuda"": ""12.1"", ""gpu"": ""NVIDIA RTX A4500"", ""numpy"": ""1.26.0"", ""python"": ""3.10.12"", ""deterministic"": true, ""grad_clip_max_norm"": 1.0, ""CUBLAS_WORKSPACE_CONFIG"": "":4096:8"", ""CUDA_VISIBLE_DEVICES"": ""1""}",2026-08-21T16:25:49
VNAT_5s_tcpdur_random70_stratified_flowlevel_splitseed42_8feat_fedformer_50ms_seed0,VNAT,VNAT_5s_tcp_duration,5,random70_stratified_flowlevel_splitseed42,42,7aa2fe07e2ffeadb,Validation,4,fedformer,8feat,50ms,101,8,0,256,1459,630,best_val,26,12345,4,True,True,1.0,9.2505,100.0,38,87.6867,79.9443,84.7619,79.9443,"{""Chat"": 81.793, ""Control"": 91.667, ""File Transfer"": 63.158, ""Streaming"": 83.16}","{""Chat"": 72.637, ""Control"": 86.275, ""File Transfer"": 80.0, ""Streaming"": 95.238}","{""Chat"": 93.59, ""Control"": 97.778, ""File Transfer"": 52.174, ""Streaming"": 73.801}","{""Chat"": 156, ""Control"": 180, ""File Transfer"": 23, ""Streaming"": 271}","{""Chat"": 1.045129, ""Control"": 0.868452, ""File Transfer"": 5.883065, ""Streaming"": 0.580812}","{""Chat"": 349, ""Control"": 420, ""File Transfer"": 62, ""Streaming"": 628}",361541,checkpoints/VNAT_5s_tcp_duration_8feat_seed0/VNAT_5s_tcpdur_random70_stratified_flowlevel_splitseed42_8feat_fedformer_50ms_seed0.pth,4042219,75.2,OK,,"{""torch"": ""2.4.1+cu121"", ""cuda"": ""12.1"", ""gpu"": ""NVIDIA RTX A4500"", ""numpy"": ""1.26.0"", ""python"": ""3.10.12"", ""deterministic"": true, ""grad_clip_max_norm"": 1.0, ""CUBLAS_WORKSPACE_CONFIG"": "":4096:8"", ""CUDA_VISIBLE_DEVICES"": ""1""}",2026-08-21T16:27:05
VNAT_5s_tcpdur_random70_stratified_flowlevel_splitseed42_8feat_fedformer_50ms_seed1,VNAT,VNAT_5s_tcp_duration,5,random70_stratified_flowlevel_splitseed42,42,7aa2fe07e2ffeadb,Validation,4,fedformer,8feat,50ms,101,8,1,256,1459,630,best_val,25,12345,4,True,True,1.0,10.5914,100.0,37,89.4215,82.1063,86.9841,82.1063,"{""Chat"": 82.486, ""Control"": 94.879, ""File Transfer"": 65.0, ""Streaming"": 86.061}","{""Chat"": 73.737, ""Control"": 92.147, ""File Transfer"": 76.471, ""Streaming"": 95.089}","{""Chat"": 93.59, ""Control"": 97.778, ""File Transfer"": 56.522, ""Streaming"": 78.598}","{""Chat"": 156, ""Control"": 180, ""File Transfer"": 23, ""Streaming"": 271}","{""Chat"": 1.045129, ""Control"": 0.868452, ""File Transfer"": 5.883065, ""Streaming"": 0.580812}","{""Chat"": 349, ""Control"": 420, ""File Transfer"": 62, ""Streaming"": 628}",361541,checkpoints/VNAT_5s_tcp_duration_8feat_seed1/VNAT_5s_tcpdur_random70_stratified_flowlevel_splitseed42_8feat_fedformer_50ms_seed1.pth,4042219,75.4,OK,,"{""torch"": ""2.4.1+cu121"", ""cuda"": ""12.1"", ""gpu"": ""NVIDIA RTX A4500"", ""numpy"": ""1.26.0"", ""python"": ""3.10.12"", ""deterministic"": true, ""grad_clip_max_norm"": 1.0, ""CUBLAS_WORKSPACE_CONFIG"": "":4096:8"", ""CUDA_VISIBLE_DEVICES"": ""1""}",2026-08-21T16:28:21
VNAT_5s_tcpdur_random70_stratified_flowlevel_splitseed42_8feat_fedformer_50ms_seed2,VNAT,VNAT_5s_tcp_duration,5,random70_stratified_flowlevel_splitseed42,42,7aa2fe07e2ffeadb,Validation,4,fedformer,8feat,50ms,101,8,2,256,1459,630,best_val,18,12345,4,True,True,1.0,7.7033,100.0,34,86.6996,79.5506,85.0794,79.5506,"{""Chat"": 80.441, ""Control"": 94.118, ""File Transfer"": 60.0, ""Streaming"": 83.644}","{""Chat"": 70.531, ""Control"": 90.722, ""File Transfer"": 70.588, ""Streaming"": 95.283}","{""Chat"": 93.59, ""Control"": 97.778, ""File Transfer"": 52.174, ""Streaming"": 74.539}","{""Chat"": 156, ""Control"": 180, ""File Transfer"": 23, ""Streaming"": 271}","{""Chat"": 1.045129, ""Control"": 0.868452, ""File Transfer"": 5.883065, ""Streaming"": 0.580812}","{""Chat"": 349, ""Control"": 420, ""File Transfer"": 62, ""Streaming"": 628}",361541,checkpoints/VNAT_5s_tcp_duration_8feat_seed2/VNAT_5s_tcpdur_random70_stratified_flowlevel_splitseed42_8feat_fedformer_50ms_seed2.pth,4042219,68.0,OK,,"{""torch"": ""2.4.1+cu121"", ""cuda"": ""12.1"", ""gpu"": ""NVIDIA RTX A4500"", ""numpy"": ""1.26.0"", ""python"": ""3.10.12"", ""deterministic"": true, ""grad_clip_max_norm"": 1.0, ""CUBLAS_WORKSPACE_CONFIG"": "":4096:8"", ""CUDA_VISIBLE_DEVICES"": ""1""}",2026-08-21T16:29:29
VNAT_5s_tcpdur_random70_stratified_flowlevel_splitseed42_8feat_timemixer_50ms_seed0,VNAT,VNAT_5s_tcp_duration,5,random70_stratified_flowlevel_splitseed42,42,7aa2fe07e2ffeadb,Validation,4,timemixer,8feat,50ms,101,8,0,256,1459,630,best_val,49,12345,0,True,True,1.0,27.1495,55.08,59,88.5859,83.432,88.8889,83.432,"{""Chat"": 83.929, ""Control"": 95.652, ""File Transfer"": 65.0, ""Streaming"": 89.147}","{""Chat"": 78.333, ""Control"": 93.617, ""File Transfer"": 76.471, ""Streaming"": 93.878}","{""Chat"": 90.385, ""Control"": 97.778, ""File Transfer"": 56.522, ""Streaming"": 84.871}","{""Chat"": 156, ""Control"": 180, ""File Transfer"": 23, ""Streaming"": 271}","{""Chat"": 1.045129, ""Control"": 0.868452, ""File Transfer"": 5.883065, ""Streaming"": 0.580812}","{""Chat"": 349, ""Control"": 420, ""File Transfer"": 62, ""Streaming"": 628}",218128,checkpoints/VNAT_5s_tcp_duration_8feat_seed0/VNAT_5s_tcpdur_random70_stratified_flowlevel_splitseed42_8feat_timemixer_50ms_seed0.pth,2189126,19.5,OK,,"{""torch"": ""2.4.1+cu121"", ""cuda"": ""12.1"", ""gpu"": ""NVIDIA RTX A4500"", ""numpy"": ""1.26.0"", ""python"": ""3.10.12"", ""deterministic"": true, ""grad_clip_max_norm"": 1.0, ""CUBLAS_WORKSPACE_CONFIG"": "":4096:8"", ""CUDA_VISIBLE_DEVICES"": ""1""}",2026-08-21T16:29:49
VNAT_5s_tcpdur_random70_stratified_flowlevel_splitseed42_8feat_timemixer_50ms_seed1,VNAT,VNAT_5s_tcp_duration,5,random70_stratified_flowlevel_splitseed42,42,7aa2fe07e2ffeadb,Validation,4,timemixer,8feat,50ms,101,8,1,256,1459,630,best_val,40,12345,0,True,True,1.0,11.8566,41.67,50,87.0243,83.4988,87.9365,83.4988,"{""Chat"": 84.024, ""Control"": 94.149, ""File Transfer"": 68.421, ""Streaming"": 87.402}","{""Chat"": 78.022, ""Control"": 90.306, ""File Transfer"": 86.667, ""Streaming"": 93.671}","{""Chat"": 91.026, ""Control"": 98.333, ""File Transfer"": 56.522, ""Streaming"": 81.919}","{""Chat"": 156, ""Control"": 180, ""File Transfer"": 23, ""Streaming"": 271}","{""Chat"": 1.045129, ""Control"": 0.868452, ""File Transfer"": 5.883065, ""Streaming"": 0.580812}","{""Chat"": 349, ""Control"": 420, ""File Transfer"": 62, ""Streaming"": 628}",218128,checkpoints/VNAT_5s_tcp_duration_8feat_seed1/VNAT_5s_tcpdur_random70_stratified_flowlevel_splitseed42_8feat_timemixer_50ms_seed1.pth,2189126,16.2,OK,,"{""torch"": ""2.4.1+cu121"", ""cuda"": ""12.1"", ""gpu"": ""NVIDIA RTX A4500"", ""numpy"": ""1.26.0"", ""python"": ""3.10.12"", ""deterministic"": true, ""grad_clip_max_norm"": 1.0, ""CUBLAS_WORKSPACE_CONFIG"": "":4096:8"", ""CUDA_VISIBLE_DEVICES"": ""1""}",2026-08-21T16:30:05
VNAT_5s_tcpdur_random70_stratified_flowlevel_splitseed42_8feat_timemixer_50ms_seed2,VNAT,VNAT_5s_tcp_duration,5,random70_stratified_flowlevel_splitseed42,42,7aa2fe07e2ffeadb,Validation,4,timemixer,8feat,50ms,101,8,2,256,1459,630,best_val,48,12345,0,True,True,1.0,20.425,53.55,61,89.3235,84.4667,90.1587,84.4667,"{""Chat"": 86.804, ""Control"": 95.652, ""File Transfer"": 65.0, ""Streaming"": 90.411}","{""Chat"": 80.0, ""Control"": 93.617, ""File Transfer"": 76.471, ""Streaming"": 96.25}","{""Chat"": 94.872, ""Control"": 97.778, ""File Transfer"": 56.522, ""Streaming"": 85.24}","{""Chat"": 156, ""Control"": 180, ""File Transfer"": 23, ""Streaming"": 271}","{""Chat"": 1.045129, ""Control"": 0.868452, ""File Transfer"": 5.883065, ""Streaming"": 0.580812}","{""Chat"": 349, ""Control"": 420, ""File Transfer"": 62, ""Streaming"": 628}",218128,checkpoints/VNAT_5s_tcp_duration_8feat_seed2/VNAT_5s_tcpdur_random70_stratified_flowlevel_splitseed42_8feat_timemixer_50ms_seed2.pth,2189126,19.8,OK,,"{""torch"": ""2.4.1+cu121"", ""cuda"": ""12.1"", ""gpu"": ""NVIDIA RTX A4500"", ""numpy"": ""1.26.0"", ""python"": ""3.10.12"", ""deterministic"": true, ""grad_clip_max_norm"": 1.0, ""CUBLAS_WORKSPACE_CONFIG"": "":4096:8"", ""CUDA_VISIBLE_DEVICES"": ""1""}",2026-08-21T16:30:25
VNAT_5s_tcpdur_random70_stratified_flowlevel_splitseed42_8feat_timesnet_75ms_seed0,VNAT,VNAT_5s_tcp_duration,5,random70_stratified_flowlevel_splitseed42,42,7aa2fe07e2ffeadb,Validation,4,timesnet,8feat,75ms,67,8,0,256,1459,630,best_val,18,12345,0,True,True,1.0,7.1428,97.92,32,83.5719,81.0447,83.6508,81.0447,"{""Chat"": 75.766, ""Control"": 93.333, ""File Transfer"": 72.222, ""Streaming"": 82.857}","{""Chat"": 66.995, ""Control"": 89.744, ""File Transfer"": 100.0, ""Streaming"": 92.694}","{""Chat"": 87.179, ""Control"": 97.222, ""File Transfer"": 56.522, ""Streaming"": 74.908}","{""Chat"": 156, ""Control"": 180, ""File Transfer"": 23, ""Streaming"": 271}","{""Chat"": 1.045129, ""Control"": 0.868452, ""File Transfer"": 5.883065, ""Streaming"": 0.580812}","{""Chat"": 349, ""Control"": 420, ""File Transfer"": 62, ""Streaming"": 628}",9393092,checkpoints/VNAT_5s_tcp_duration_8feat_seed0/VNAT_5s_tcpdur_random70_stratified_flowlevel_splitseed42_8feat_timesnet_75ms_seed0.pth,38881794,47.1,OK,,"{""torch"": ""2.4.1+cu121"", ""cuda"": ""12.1"", ""gpu"": ""NVIDIA RTX A4500"", ""numpy"": ""1.26.0"", ""python"": ""3.10.12"", ""deterministic"": true, ""grad_clip_max_norm"": 1.0, ""CUBLAS_WORKSPACE_CONFIG"": "":4096:8"", ""CUDA_VISIBLE_DEVICES"": ""1""}",2026-08-21T16:31:12
VNAT_5s_tcpdur_random70_stratified_flowlevel_splitseed42_8feat_timesnet_75ms_seed1,VNAT,VNAT_5s_tcp_duration,5,random70_stratified_flowlevel_splitseed42,42,7aa2fe07e2ffeadb,Validation,4,timesnet,8feat,75ms,67,8,1,256,1459,630,best_val,17,12345,0,True,True,1.0,8.4007,99.46,31,82.3753,80.503,82.8571,80.503,"{""Chat"": 74.725, ""Control"": 93.583, ""File Transfer"": 72.222, ""Streaming"": 81.481}","{""Chat"": 65.385, ""Control"": 90.206, ""File Transfer"": 100.0, ""Streaming"": 92.093}","{""Chat"": 87.179, ""Control"": 97.222, ""File Transfer"": 56.522, ""Streaming"": 73.063}","{""Chat"": 156, ""Control"": 180, ""File Transfer"": 23, ""Streaming"": 271}","{""Chat"": 1.045129, ""Control"": 0.868452, ""File Transfer"": 5.883065, ""Streaming"": 0.580812}","{""Chat"": 349, ""Control"": 420, ""File Transfer"": 62, ""Streaming"": 628}",9393092,checkpoints/VNAT_5s_tcp_duration_8feat_seed1/VNAT_5s_tcpdur_random70_stratified_flowlevel_splitseed42_8feat_timesnet_75ms_seed1.pth,38881794,45.8,OK,,"{""torch"": ""2.4.1+cu121"", ""cuda"": ""12.1"", ""gpu"": ""NVIDIA RTX A4500"", ""numpy"": ""1.26.0"", ""python"": ""3.10.12"", ""deterministic"": true, ""grad_clip_max_norm"": 1.0, ""CUBLAS_WORKSPACE_CONFIG"": "":4096:8"", ""CUDA_VISIBLE_DEVICES"": ""1""}",2026-08-21T16:31:59
VNAT_5s_tcpdur_random70_stratified_flowlevel_splitseed42_8feat_timesnet_75ms_seed2,VNAT,VNAT_5s_tcp_duration,5,random70_stratified_flowlevel_splitseed42,42,7aa2fe07e2ffeadb,Validation,4,timesnet,8feat,75ms,67,8,2,256,1459,630,best_val,19,12345,0,True,True,1.0,6.8659,100.0,29,84.0635,79.6332,82.2222,79.6332,"{""Chat"": 74.595, ""Control"": 93.333, ""File Transfer"": 70.27, ""Streaming"": 80.335}","{""Chat"": 64.486, ""Control"": 89.744, ""File Transfer"": 92.857, ""Streaming"": 92.754}","{""Chat"": 88.462, ""Control"": 97.222, ""File Transfer"": 56.522, ""Streaming"": 70.849}","{""Chat"": 156, ""Control"": 180, ""File Transfer"": 23, ""Streaming"": 271}","{""Chat"": 1.045129, ""Control"": 0.868452, ""File Transfer"": 5.883065, ""Streaming"": 0.580812}","{""Chat"": 349, ""Control"": 420, ""File Transfer"": 62, ""Streaming"": 628}",9393092,checkpoints/VNAT_5s_tcp_duration_8feat_seed2/VNAT_5s_tcpdur_random70_stratified_flowlevel_splitseed42_8feat_timesnet_75ms_seed2.pth,38881794,41.7,OK,,"{""torch"": ""2.4.1+cu121"", ""cuda"": ""12.1"", ""gpu"": ""NVIDIA RTX A4500"", ""numpy"": ""1.26.0"", ""python"": ""3.10.12"", ""deterministic"": true, ""grad_clip_max_norm"": 1.0, ""CUBLAS_WORKSPACE_CONFIG"": "":4096:8"", ""CUDA_VISIBLE_DEVICES"": ""1""}",2026-08-21T16:32:41
VNAT_5s_tcpdur_random70_stratified_flowlevel_splitseed42_8feat_informer_75ms_seed0,VNAT,VNAT_5s_tcp_duration,5,random70_stratified_flowlevel_splitseed42,42,7aa2fe07e2ffeadb,Validation,4,informer,8feat,75ms,67,8,0,64,1459,630,best_val,10,12345,0,True,True,1.0,28.6906,100.0,18,87.493,83.6131,85.7143,82.5835,"{""Chat"": 76.836, ""Control"": 95.676, ""File Transfer"": 72.222, ""Streaming"": 85.6}","{""Chat"": 68.687, ""Control"": 93.158, ""File Transfer"": 100.0, ""Streaming"": 93.45}","{""Chat"": 87.179, ""Control"": 98.333, ""File Transfer"": 56.522, ""Streaming"": 78.967}","{""Chat"": 156, ""Control"": 180, ""File Transfer"": 23, ""Streaming"": 271}","{""Chat"": 1.045129, ""Control"": 0.868452, ""File Transfer"": 5.883065, ""Streaming"": 0.580812}","{""Chat"": 349, ""Control"": 420, ""File Transfer"": 62, ""Streaming"": 628}",2749189,checkpoints/VNAT_5s_tcp_duration_8feat_seed0/VNAT_5s_tcpdur_random70_stratified_flowlevel_splitseed42_8feat_informer_75ms_seed0.pth,21280770,14.5,OK,,"{""torch"": ""2.4.1+cu121"", ""cuda"": ""12.1"", ""gpu"": ""NVIDIA RTX A4500"", ""numpy"": ""1.26.0"", ""python"": ""3.10.12"", ""deterministic"": true, ""grad_clip_max_norm"": 1.0, ""CUBLAS_WORKSPACE_CONFIG"": "":4096:8"", ""CUDA_VISIBLE_DEVICES"": ""1""}",2026-08-21T16:32:55
VNAT_5s_tcpdur_random70_stratified_flowlevel_splitseed42_8feat_informer_75ms_seed1,VNAT,VNAT_5s_tcp_duration,5,random70_stratified_flowlevel_splitseed42,42,7aa2fe07e2ffeadb,Validation,4,informer,8feat,75ms,67,8,1,64,1459,630,best_val,24,12345,0,True,True,1.0,26.2831,100.0,32,93.3708,87.9035,91.2698,87.3088,"{""Chat"": 86.761, ""Control"": 97.521, ""File Transfer"": 73.684, ""Streaming"": 91.27}","{""Chat"": 77.387, ""Control"": 96.721, ""File Transfer"": 93.333, ""Streaming"": 98.712}","{""Chat"": 98.718, ""Control"": 98.333, ""File Transfer"": 60.87, ""Streaming"": 84.871}","{""Chat"": 156, ""Control"": 180, ""File Transfer"": 23, ""Streaming"": 271}","{""Chat"": 1.045129, ""Control"": 0.868452, ""File Transfer"": 5.883065, ""Streaming"": 0.580812}","{""Chat"": 349, ""Control"": 420, ""File Transfer"": 62, ""Streaming"": 628}",2749189,checkpoints/VNAT_5s_tcp_duration_8feat_seed1/VNAT_5s_tcpdur_random70_stratified_flowlevel_splitseed42_8feat_informer_75ms_seed1.pth,21280770,25.6,OK,,"{""torch"": ""2.4.1+cu121"", ""cuda"": ""12.1"", ""gpu"": ""NVIDIA RTX A4500"", ""numpy"": ""1.26.0"", ""python"": ""3.10.12"", ""deterministic"": true, ""grad_clip_max_norm"": 1.0, ""CUBLAS_WORKSPACE_CONFIG"": "":4096:8"", ""CUDA_VISIBLE_DEVICES"": ""1""}",2026-08-21T16:33:21
VNAT_5s_tcpdur_random70_stratified_flowlevel_splitseed42_8feat_informer_75ms_seed2,VNAT,VNAT_5s_tcp_duration,5,random70_stratified_flowlevel_splitseed42,42,7aa2fe07e2ffeadb,Validation,4,informer,8feat,75ms,67,8,2,64,1459,630,best_val,7,12345,0,True,True,1.0,36.8823,100.0,19,87.3086,83.359,86.5079,83.2075,"{""Chat"": 78.187, ""Control"": 95.913, ""File Transfer"": 72.222, ""Streaming"": 86.508}","{""Chat"": 70.051, ""Control"": 94.118, ""File Transfer"": 100.0, ""Streaming"": 93.562}","{""Chat"": 88.462, ""Control"": 97.778, ""File Transfer"": 56.522, ""Streaming"": 80.443}","{""Chat"": 156, ""Control"": 180, ""File Transfer"": 23, ""Streaming"": 271}","{""Chat"": 1.045129, ""Control"": 0.868452, ""File Transfer"": 5.883065, ""Streaming"": 0.580812}","{""Chat"": 349, ""Control"": 420, ""File Transfer"": 62, ""Streaming"": 628}",2749189,checkpoints/VNAT_5s_tcp_duration_8feat_seed2/VNAT_5s_tcpdur_random70_stratified_flowlevel_splitseed42_8feat_informer_75ms_seed2.pth,21280770,15.6,OK,,"{""torch"": ""2.4.1+cu121"", ""cuda"": ""12.1"", ""gpu"": ""NVIDIA RTX A4500"", ""numpy"": ""1.26.0"", ""python"": ""3.10.12"", ""deterministic"": true, ""grad_clip_max_norm"": 1.0, ""CUBLAS_WORKSPACE_CONFIG"": "":4096:8"", ""CUDA_VISIBLE_DEVICES"": ""1""}",2026-08-21T16:33:37
VNAT_5s_tcpdur_random70_stratified_flowlevel_splitseed42_8feat_nst_75ms_seed0,VNAT,VNAT_5s_tcp_duration,5,random70_stratified_flowlevel_splitseed42,42,7aa2fe07e2ffeadb,Validation,4,nst,8feat,75ms,67,8,0,64,1459,630,best_val,11,12345,0,True,True,1.0,15.3227,100.0,28,85.9207,80.5285,83.8095,80.5285,"{""Chat"": 76.486, ""Control"": 94.906, ""File Transfer"": 68.571, ""Streaming"": 82.151}","{""Chat"": 64.069, ""Control"": 91.71, ""File Transfer"": 100.0, ""Streaming"": 98.454}","{""Chat"": 94.872, ""Control"": 98.333, ""File Transfer"": 52.174, ""Streaming"": 70.48}","{""Chat"": 156, ""Control"": 180, ""File Transfer"": 23, ""Streaming"": 271}","{""Chat"": 1.045129, ""Control"": 0.868452, ""File Transfer"": 5.883065, ""Streaming"": 0.580812}","{""Chat"": 349, ""Control"": 420, ""File Transfer"": 62, ""Streaming"": 628}",144726,checkpoints/VNAT_5s_tcp_duration_8feat_seed0/VNAT_5s_tcpdur_random70_stratified_flowlevel_splitseed42_8feat_nst_75ms_seed0.pth,1886922,19.3,OK,,"{""torch"": ""2.4.1+cu121"", ""cuda"": ""12.1"", ""gpu"": ""NVIDIA RTX A4500"", ""numpy"": ""1.26.0"", ""python"": ""3.10.12"", ""deterministic"": true, ""grad_clip_max_norm"": 1.0, ""CUBLAS_WORKSPACE_CONFIG"": "":4096:8"", ""CUDA_VISIBLE_DEVICES"": ""1""}",2026-08-21T16:33:56
VNAT_5s_tcpdur_random70_stratified_flowlevel_splitseed42_8feat_nst_75ms_seed1,VNAT,VNAT_5s_tcp_duration,5,random70_stratified_flowlevel_splitseed42,42,7aa2fe07e2ffeadb,Validation,4,nst,8feat,75ms,67,8,1,64,1459,630,best_val,12,12345,0,True,True,1.0,13.367,99.83,25,86.3717,81.6365,85.5556,81.6365,"{""Chat"": 77.966, ""Control"": 94.906, ""File Transfer"": 68.421, ""Streaming"": 85.253}","{""Chat"": 69.697, ""Control"": 91.71, ""File Transfer"": 86.667, ""Streaming"": 94.196}","{""Chat"": 88.462, ""Control"": 98.333, ""File Transfer"": 56.522, ""Streaming"": 77.86}","{""Chat"": 156, ""Control"": 180, ""File Transfer"": 23, ""Streaming"": 271}","{""Chat"": 1.045129, ""Control"": 0.868452, ""File Transfer"": 5.883065, ""Streaming"": 0.580812}","{""Chat"": 349, ""Control"": 420, ""File Transfer"": 62, ""Streaming"": 628}",144726,checkpoints/VNAT_5s_tcp_duration_8feat_seed1/VNAT_5s_tcpdur_random70_stratified_flowlevel_splitseed42_8feat_nst_75ms_seed1.pth,1886922,17.2,OK,,"{""torch"": ""2.4.1+cu121"", ""cuda"": ""12.1"", ""gpu"": ""NVIDIA RTX A4500"", ""numpy"": ""1.26.0"", ""python"": ""3.10.12"", ""deterministic"": true, ""grad_clip_max_norm"": 1.0, ""CUBLAS_WORKSPACE_CONFIG"": "":4096:8"", ""CUDA_VISIBLE_DEVICES"": ""1""}",2026-08-21T16:34:14
VNAT_5s_tcpdur_random70_stratified_flowlevel_splitseed42_8feat_nst_75ms_seed2,VNAT,VNAT_5s_tcp_duration,5,random70_stratified_flowlevel_splitseed42,42,7aa2fe07e2ffeadb,Validation,4,nst,8feat,75ms,67,8,2,64,1459,630,best_val,12,12345,0,True,True,1.0,13.3551,100.0,25,86.1395,81.7748,85.0794,81.7748,"{""Chat"": 76.796, ""Control"": 95.652, ""File Transfer"": 70.27, ""Streaming"": 84.381}","{""Chat"": 67.476, ""Control"": 93.617, ""File Transfer"": 92.857, ""Streaming"": 93.694}","{""Chat"": 89.103, ""Control"": 97.778, ""File Transfer"": 56.522, ""Streaming"": 76.753}","{""Chat"": 156, ""Control"": 180, ""File Transfer"": 23, ""Streaming"": 271}","{""Chat"": 1.045129, ""Control"": 0.868452, ""File Transfer"": 5.883065, ""Streaming"": 0.580812}","{""Chat"": 349, ""Control"": 420, ""File Transfer"": 62, ""Streaming"": 628}",144726,checkpoints/VNAT_5s_tcp_duration_8feat_seed2/VNAT_5s_tcpdur_random70_stratified_flowlevel_splitseed42_8feat_nst_75ms_seed2.pth,1886922,18.2,OK,,"{""torch"": ""2.4.1+cu121"", ""cuda"": ""12.1"", ""gpu"": ""NVIDIA RTX A4500"", ""numpy"": ""1.26.0"", ""python"": ""3.10.12"", ""deterministic"": true, ""grad_clip_max_norm"": 1.0, ""CUBLAS_WORKSPACE_CONFIG"": "":4096:8"", ""CUDA_VISIBLE_DEVICES"": ""1""}",2026-08-21T16:34:32
VNAT_5s_tcpdur_random70_stratified_flowlevel_splitseed42_8feat_autoformer_75ms_seed0,VNAT,VNAT_5s_tcp_duration,5,random70_stratified_flowlevel_splitseed42,42,7aa2fe07e2ffeadb,Validation,4,autoformer,8feat,75ms,67,8,0,256,1459,630,best_val,14,12345,0,True,True,1.0,6.0968,100.0,28,83.4579,77.4932,81.9048,77.4932,"{""Chat"": 74.157, ""Control"": 93.583, ""File Transfer"": 61.905, ""Streaming"": 80.328}","{""Chat"": 66.0, ""Control"": 90.206, ""File Transfer"": 68.421, ""Streaming"": 90.323}","{""Chat"": 84.615, ""Control"": 97.222, ""File Transfer"": 56.522, ""Streaming"": 72.325}","{""Chat"": 156, ""Control"": 180, ""File Transfer"": 23, ""Streaming"": 271}","{""Chat"": 1.045129, ""Control"": 0.868452, ""File Transfer"": 5.883065, ""Streaming"": 0.580812}","{""Chat"": 349, ""Control"": 420, ""File Transfer"": 62, ""Streaming"": 628}",117956,checkpoints/VNAT_5s_tcp_duration_8feat_seed0/VNAT_5s_tcpdur_random70_stratified_flowlevel_splitseed42_8feat_autoformer_75ms_seed0.pth,1769314,10.6,OK,,"{""torch"": ""2.4.1+cu121"", ""cuda"": ""12.1"", ""gpu"": ""NVIDIA RTX A4500"", ""numpy"": ""1.26.0"", ""python"": ""3.10.12"", ""deterministic"": true, ""grad_clip_max_norm"": 1.0, ""CUBLAS_WORKSPACE_CONFIG"": "":4096:8"", ""CUDA_VISIBLE_DEVICES"": ""1""}",2026-08-21T16:34:43
VNAT_5s_tcpdur_random70_stratified_flowlevel_splitseed42_8feat_autoformer_75ms_seed1,VNAT,VNAT_5s_tcp_duration,5,random70_stratified_flowlevel_splitseed42,42,7aa2fe07e2ffeadb,Validation,4,autoformer,8feat,75ms,67,8,1,256,1459,630,best_val,18,12345,0,True,True,1.0,7.1662,100.0,31,84.2207,78.3883,82.6984,78.3883,"{""Chat"": 75.429, ""Control"": 93.333, ""File Transfer"": 63.415, ""Streaming"": 81.377}","{""Chat"": 68.041, ""Control"": 89.744, ""File Transfer"": 72.222, ""Streaming"": 90.135}","{""Chat"": 84.615, ""Control"": 97.222, ""File Transfer"": 56.522, ""Streaming"": 74.17}","{""Chat"": 156, ""Control"": 180, ""File Transfer"": 23, ""Streaming"": 271}","{""Chat"": 1.045129, ""Control"": 0.868452, ""File Transfer"": 5.883065, ""Streaming"": 0.580812}","{""Chat"": 349, ""Control"": 420, ""File Transfer"": 62, ""Streaming"": 628}",117956,checkpoints/VNAT_5s_tcp_duration_8feat_seed1/VNAT_5s_tcpdur_random70_stratified_flowlevel_splitseed42_8feat_autoformer_75ms_seed1.pth,1769314,11.7,OK,,"{""torch"": ""2.4.1+cu121"", ""cuda"": ""12.1"", ""gpu"": ""NVIDIA RTX A4500"", ""numpy"": ""1.26.0"", ""python"": ""3.10.12"", ""deterministic"": true, ""grad_clip_max_norm"": 1.0, ""CUBLAS_WORKSPACE_CONFIG"": "":4096:8"", ""CUDA_VISIBLE_DEVICES"": ""1""}",2026-08-21T16:34:55
VNAT_5s_tcpdur_random70_stratified_flowlevel_splitseed42_8feat_autoformer_75ms_seed2,VNAT,VNAT_5s_tcp_duration,5,random70_stratified_flowlevel_splitseed42,42,7aa2fe07e2ffeadb,Validation,4,autoformer,8feat,75ms,67,8,2,256,1459,630,best_val,16,12345,0,True,True,1.0,8.2718,100.0,28,83.2099,77.8838,82.0635,77.8838,"{""Chat"": 75.204, ""Control"": 92.838, ""File Transfer"": 63.158, ""Streaming"": 80.335}","{""Chat"": 65.403, ""Control"": 88.832, ""File Transfer"": 80.0, ""Streaming"": 92.754}","{""Chat"": 88.462, ""Control"": 97.222, ""File Transfer"": 52.174, ""Streaming"": 70.849}","{""Chat"": 156, ""Control"": 180, ""File Transfer"": 23, ""Streaming"": 271}","{""Chat"": 1.045129, ""Control"": 0.868452, ""File Transfer"": 5.883065, ""Streaming"": 0.580812}","{""Chat"": 349, ""Control"": 420, ""File Transfer"": 62, ""Streaming"": 628}",117956,checkpoints/VNAT_5s_tcp_duration_8feat_seed2/VNAT_5s_tcpdur_random70_stratified_flowlevel_splitseed42_8feat_autoformer_75ms_seed2.pth,1769314,10.2,OK,,"{""torch"": ""2.4.1+cu121"", ""cuda"": ""12.1"", ""gpu"": ""NVIDIA RTX A4500"", ""numpy"": ""1.26.0"", ""python"": ""3.10.12"", ""deterministic"": true, ""grad_clip_max_norm"": 1.0, ""CUBLAS_WORKSPACE_CONFIG"": "":4096:8"", ""CUDA_VISIBLE_DEVICES"": ""1""}",2026-08-21T16:35:05
VNAT_5s_tcpdur_random70_stratified_flowlevel_splitseed42_8feat_fedformer_75ms_seed0,VNAT,VNAT_5s_tcp_duration,5,random70_stratified_flowlevel_splitseed42,42,7aa2fe07e2ffeadb,Validation,4,fedformer,8feat,75ms,67,8,0,256,1459,630,best_val,19,12345,4,True,True,1.0,8.1483,100.0,33,83.8764,77.6914,81.5873,77.6914,"{""Chat"": 74.531, ""Control"": 93.583, ""File Transfer"": 63.415, ""Streaming"": 79.237}","{""Chat"": 64.055, ""Control"": 90.206, ""File Transfer"": 72.222, ""Streaming"": 93.035}","{""Chat"": 89.103, ""Control"": 97.222, ""File Transfer"": 56.522, ""Streaming"": 69.004}","{""Chat"": 156, ""Control"": 180, ""File Transfer"": 23, ""Streaming"": 271}","{""Chat"": 1.045129, ""Control"": 0.868452, ""File Transfer"": 5.883065, ""Streaming"": 0.580812}","{""Chat"": 349, ""Control"": 420, ""File Transfer"": 62, ""Streaming"": 628}",315973,checkpoints/VNAT_5s_tcp_duration_8feat_seed0/VNAT_5s_tcpdur_random70_stratified_flowlevel_splitseed42_8feat_fedformer_75ms_seed0.pth,3859947,67.8,OK,,"{""torch"": ""2.4.1+cu121"", ""cuda"": ""12.1"", ""gpu"": ""NVIDIA RTX A4500"", ""numpy"": ""1.26.0"", ""python"": ""3.10.12"", ""deterministic"": true, ""grad_clip_max_norm"": 1.0, ""CUBLAS_WORKSPACE_CONFIG"": "":4096:8"", ""CUDA_VISIBLE_DEVICES"": ""1""}",2026-08-21T16:36:13
VNAT_5s_tcpdur_random70_stratified_flowlevel_splitseed42_8feat_fedformer_75ms_seed1,VNAT,VNAT_5s_tcp_duration,5,random70_stratified_flowlevel_splitseed42,42,7aa2fe07e2ffeadb,Validation,4,fedformer,8feat,75ms,67,8,1,256,1459,630,best_val,21,12345,4,True,True,1.0,8.2946,100.0,31,84.3073,75.9544,79.2063,75.9544,"{""Chat"": 71.688, ""Control"": 93.333, ""File Transfer"": 63.415, ""Streaming"": 75.381}","{""Chat"": 60.262, ""Control"": 89.744, ""File Transfer"": 72.222, ""Streaming"": 92.021}","{""Chat"": 88.462, ""Control"": 97.222, ""File Transfer"": 56.522, ""Streaming"": 63.838}","{""Chat"": 156, ""Control"": 180, ""File Transfer"": 23, ""Streaming"": 271}","{""Chat"": 1.045129, ""Control"": 0.868452, ""File Transfer"": 5.883065, ""Streaming"": 0.580812}","{""Chat"": 349, ""Control"": 420, ""File Transfer"": 62, ""Streaming"": 628}",315973,checkpoints/VNAT_5s_tcp_duration_8feat_seed1/VNAT_5s_tcpdur_random70_stratified_flowlevel_splitseed42_8feat_fedformer_75ms_seed1.pth,3859947,62.0,OK,,"{""torch"": ""2.4.1+cu121"", ""cuda"": ""12.1"", ""gpu"": ""NVIDIA RTX A4500"", ""numpy"": ""1.26.0"", ""python"": ""3.10.12"", ""deterministic"": true, ""grad_clip_max_norm"": 1.0, ""CUBLAS_WORKSPACE_CONFIG"": "":4096:8"", ""CUDA_VISIBLE_DEVICES"": ""1""}",2026-08-21T16:37:15
VNAT_5s_tcpdur_random70_stratified_flowlevel_splitseed42_8feat_fedformer_75ms_seed2,VNAT,VNAT_5s_tcp_duration,5,random70_stratified_flowlevel_splitseed42,42,7aa2fe07e2ffeadb,Validation,4,fedformer,8feat,75ms,67,8,2,256,1459,630,best_val,19,12345,4,True,True,1.0,7.1582,100.0,29,83.8044,74.4803,77.7778,74.4803,"{""Chat"": 70.324, ""Control"": 92.8, ""File Transfer"": 61.538, ""Streaming"": 73.258}","{""Chat"": 57.551, ""Control"": 89.231, ""File Transfer"": 75.0, ""Streaming"": 93.678}","{""Chat"": 90.385, ""Control"": 96.667, ""File Transfer"": 52.174, ""Streaming"": 60.148}","{""Chat"": 156, ""Control"": 180, ""File Transfer"": 23, ""Streaming"": 271}","{""Chat"": 1.045129, ""Control"": 0.868452, ""File Transfer"": 5.883065, ""Streaming"": 0.580812}","{""Chat"": 349, ""Control"": 420, ""File Transfer"": 62, ""Streaming"": 628}",315973,checkpoints/VNAT_5s_tcp_duration_8feat_seed2/VNAT_5s_tcpdur_random70_stratified_flowlevel_splitseed42_8feat_fedformer_75ms_seed2.pth,3859947,58.6,OK,,"{""torch"": ""2.4.1+cu121"", ""cuda"": ""12.1"", ""gpu"": ""NVIDIA RTX A4500"", ""numpy"": ""1.26.0"", ""python"": ""3.10.12"", ""deterministic"": true, ""grad_clip_max_norm"": 1.0, ""CUBLAS_WORKSPACE_CONFIG"": "":4096:8"", ""CUDA_VISIBLE_DEVICES"": ""1""}",2026-08-21T16:38:14
VNAT_5s_tcpdur_random70_stratified_flowlevel_splitseed42_8feat_timemixer_75ms_seed0,VNAT,VNAT_5s_tcp_duration,5,random70_stratified_flowlevel_splitseed42,42,7aa2fe07e2ffeadb,Validation,4,timemixer,8feat,75ms,67,8,0,256,1459,630,best_val,32,12345,0,True,True,1.0,11.7488,42.22,45,85.1042,79.3653,83.0159,79.3653,"{""Chat"": 75.0, ""Control"": 93.514, ""File Transfer"": 66.667, ""Streaming"": 82.281}","{""Chat"": 66.176, ""Control"": 91.053, ""File Transfer"": 81.25, ""Streaming"": 91.818}","{""Chat"": 86.538, ""Control"": 96.111, ""File Transfer"": 56.522, ""Streaming"": 74.539}","{""Chat"": 156, ""Control"": 180, ""File Transfer"": 23, ""Streaming"": 271}","{""Chat"": 1.045129, ""Control"": 0.868452, ""File Transfer"": 5.883065, ""Streaming"": 0.580812}","{""Chat"": 349, ""Control"": 420, ""File Transfer"": 62, ""Streaming"": 628}",177066,checkpoints/VNAT_5s_tcp_duration_8feat_seed0/VNAT_5s_tcpdur_random70_stratified_flowlevel_splitseed42_8feat_timemixer_75ms_seed0.pth,2025286,14.8,OK,,"{""torch"": ""2.4.1+cu121"", ""cuda"": ""12.1"", ""gpu"": ""NVIDIA RTX A4500"", ""numpy"": ""1.26.0"", ""python"": ""3.10.12"", ""deterministic"": true, ""grad_clip_max_norm"": 1.0, ""CUBLAS_WORKSPACE_CONFIG"": "":4096:8"", ""CUDA_VISIBLE_DEVICES"": ""1""}",2026-08-21T16:38:29
VNAT_5s_tcpdur_random70_stratified_flowlevel_splitseed42_8feat_timemixer_75ms_seed1,VNAT,VNAT_5s_tcp_duration,5,random70_stratified_flowlevel_splitseed42,42,7aa2fe07e2ffeadb,Validation,4,timemixer,8feat,75ms,67,8,1,256,1459,630,best_val,23,12345,0,True,True,1.0,4.0758,41.09,43,84.1713,79.3503,82.2222,79.3503,"{""Chat"": 76.042, ""Control"": 92.896, ""File Transfer"": 68.293, ""Streaming"": 80.171}","{""Chat"": 64.035, ""Control"": 91.398, ""File Transfer"": 77.778, ""Streaming"": 94.949}","{""Chat"": 93.59, ""Control"": 94.444, ""File Transfer"": 60.87, ""Streaming"": 69.373}","{""Chat"": 156, ""Control"": 180, ""File Transfer"": 23, ""Streaming"": 271}","{""Chat"": 1.045129, ""Control"": 0.868452, ""File Transfer"": 5.883065, ""Streaming"": 0.580812}","{""Chat"": 349, ""Control"": 420, ""File Transfer"": 62, ""Streaming"": 628}",177066,checkpoints/VNAT_5s_tcp_duration_8feat_seed1/VNAT_5s_tcpdur_random70_stratified_flowlevel_splitseed42_8feat_timemixer_75ms_seed1.pth,2025286,13.8,OK,,"{""torch"": ""2.4.1+cu121"", ""cuda"": ""12.1"", ""gpu"": ""NVIDIA RTX A4500"", ""numpy"": ""1.26.0"", ""python"": ""3.10.12"", ""deterministic"": true, ""grad_clip_max_norm"": 1.0, ""CUBLAS_WORKSPACE_CONFIG"": "":4096:8"", ""CUDA_VISIBLE_DEVICES"": ""1""}",2026-08-21T16:38:43
VNAT_5s_tcpdur_random70_stratified_flowlevel_splitseed42_8feat_timemixer_75ms_seed2,VNAT,VNAT_5s_tcp_duration,5,random70_stratified_flowlevel_splitseed42,42,7aa2fe07e2ffeadb,Validation,4,timemixer,8feat,75ms,67,8,2,256,1459,630,best_val,29,12345,0,True,True,1.0,9.5573,41.48,45,83.8276,79.6918,83.8095,79.6918,"{""Chat"": 77.507, ""Control"": 93.834, ""File Transfer"": 65.0, ""Streaming"": 82.427}","{""Chat"": 67.136, ""Control"": 90.674, ""File Transfer"": 76.471, ""Streaming"": 95.169}","{""Chat"": 91.667, ""Control"": 97.222, ""File Transfer"": 56.522, ""Streaming"": 72.694}","{""Chat"": 156, ""Control"": 180, ""File Transfer"": 23, ""Streaming"": 271}","{""Chat"": 1.045129, ""Control"": 0.868452, ""File Transfer"": 5.883065, ""Streaming"": 0.580812}","{""Chat"": 349, ""Control"": 420, ""File Transfer"": 62, ""Streaming"": 628}",177066,checkpoints/VNAT_5s_tcp_duration_8feat_seed2/VNAT_5s_tcpdur_random70_stratified_flowlevel_splitseed42_8feat_timemixer_75ms_seed2.pth,2025286,14.1,OK,,"{""torch"": ""2.4.1+cu121"", ""cuda"": ""12.1"", ""gpu"": ""NVIDIA RTX A4500"", ""numpy"": ""1.26.0"", ""python"": ""3.10.12"", ""deterministic"": true, ""grad_clip_max_norm"": 1.0, ""CUBLAS_WORKSPACE_CONFIG"": "":4096:8"", ""CUDA_VISIBLE_DEVICES"": ""1""}",2026-08-21T16:38:57
VNAT_5s_tcpdur_random70_stratified_flowlevel_splitseed42_8feat_timesnet_100ms_seed0,VNAT,VNAT_5s_tcp_duration,5,random70_stratified_flowlevel_splitseed42,42,7aa2fe07e2ffeadb,Validation,4,timesnet,8feat,100ms,51,8,0,256,1459,630,best_val,26,12345,0,True,True,1.0,7.8097,99.56,38,79.5341,75.2045,77.3016,75.2045,"{""Chat"": 70.185, ""Control"": 92.105, ""File Transfer"": 66.667, ""Streaming"": 71.861}","{""Chat"": 59.641, ""Control"": 87.5, ""File Transfer"": 81.25, ""Streaming"": 86.911}","{""Chat"": 85.256, ""Control"": 97.222, ""File Transfer"": 56.522, ""Streaming"": 61.255}","{""Chat"": 156, ""Control"": 180, ""File Transfer"": 23, ""Streaming"": 271}","{""Chat"": 1.045129, ""Control"": 0.868452, ""File Transfer"": 5.883065, ""Streaming"": 0.580812}","{""Chat"": 349, ""Control"": 420, ""File Transfer"": 62, ""Streaming"": 628}",9388996,checkpoints/VNAT_5s_tcp_duration_8feat_seed0/VNAT_5s_tcpdur_random70_stratified_flowlevel_splitseed42_8feat_timesnet_100ms_seed0.pth,38865470,44.5,OK,,"{""torch"": ""2.4.1+cu121"", ""cuda"": ""12.1"", ""gpu"": ""NVIDIA RTX A4500"", ""numpy"": ""1.26.0"", ""python"": ""3.10.12"", ""deterministic"": true, ""grad_clip_max_norm"": 1.0, ""CUBLAS_WORKSPACE_CONFIG"": "":4096:8"", ""CUDA_VISIBLE_DEVICES"": ""1""}",2026-08-21T16:39:42
VNAT_5s_tcpdur_random70_stratified_flowlevel_splitseed42_8feat_timesnet_100ms_seed1,VNAT,VNAT_5s_tcp_duration,5,random70_stratified_flowlevel_splitseed42,42,7aa2fe07e2ffeadb,Validation,4,timesnet,8feat,100ms,51,8,1,256,1459,630,best_val,23,12345,0,True,True,1.0,6.2136,98.37,41,78.6136,75.4541,77.7778,75.4541,"{""Chat"": 70.461, ""Control"": 91.384, ""File Transfer"": 66.667, ""Streaming"": 73.305}","{""Chat"": 61.033, ""Control"": 86.207, ""File Transfer"": 92.308, ""Streaming"": 86.07}","{""Chat"": 83.333, ""Control"": 97.222, ""File Transfer"": 52.174, ""Streaming"": 63.838}","{""Chat"": 156, ""Control"": 180, ""File Transfer"": 23, ""Streaming"": 271}","{""Chat"": 1.045129, ""Control"": 0.868452, ""File Transfer"": 5.883065, ""Streaming"": 0.580812}","{""Chat"": 349, ""Control"": 420, ""File Transfer"": 62, ""Streaming"": 628}",9388996,checkpoints/VNAT_5s_tcp_duration_8feat_seed1/VNAT_5s_tcpdur_random70_stratified_flowlevel_splitseed42_8feat_timesnet_100ms_seed1.pth,38865470,45.3,OK,,"{""torch"": ""2.4.1+cu121"", ""cuda"": ""12.1"", ""gpu"": ""NVIDIA RTX A4500"", ""numpy"": ""1.26.0"", ""python"": ""3.10.12"", ""deterministic"": true, ""grad_clip_max_norm"": 1.0, ""CUBLAS_WORKSPACE_CONFIG"": "":4096:8"", ""CUDA_VISIBLE_DEVICES"": ""1""}",2026-08-21T16:40:28
VNAT_5s_tcpdur_random70_stratified_flowlevel_splitseed42_8feat_timesnet_100ms_seed2,VNAT,VNAT_5s_tcp_duration,5,random70_stratified_flowlevel_splitseed42,42,7aa2fe07e2ffeadb,Validation,4,timesnet,8feat,100ms,51,8,2,256,1459,630,best_val,19,12345,0,True,True,1.0,5.604,98.48,33,80.2321,76.4445,77.3016,76.4445,"{""Chat"": 70.284, ""Control"": 91.623, ""File Transfer"": 72.222, ""Streaming"": 71.648}","{""Chat"": 58.874, ""Control"": 86.634, ""File Transfer"": 100.0, ""Streaming"": 88.587}","{""Chat"": 87.179, ""Control"": 97.222, ""File Transfer"": 56.522, ""Streaming"": 60.148}","{""Chat"": 156, ""Control"": 180, ""File Transfer"": 23, ""Streaming"": 271}","{""Chat"": 1.045129, ""Control"": 0.868452, ""File Transfer"": 5.883065, ""Streaming"": 0.580812}","{""Chat"": 349, ""Control"": 420, ""File Transfer"": 62, ""Streaming"": 628}",9388996,checkpoints/VNAT_5s_tcp_duration_8feat_seed2/VNAT_5s_tcpdur_random70_stratified_flowlevel_splitseed42_8feat_timesnet_100ms_seed2.pth,38865470,35.8,OK,,"{""torch"": ""2.4.1+cu121"", ""cuda"": ""12.1"", ""gpu"": ""NVIDIA RTX A4500"", ""numpy"": ""1.26.0"", ""python"": ""3.10.12"", ""deterministic"": true, ""grad_clip_max_norm"": 1.0, ""CUBLAS_WORKSPACE_CONFIG"": "":4096:8"", ""CUDA_VISIBLE_DEVICES"": ""1""}",2026-08-21T16:41:04
VNAT_5s_tcpdur_random70_stratified_flowlevel_splitseed42_8feat_informer_100ms_seed0,VNAT,VNAT_5s_tcp_duration,5,random70_stratified_flowlevel_splitseed42,42,7aa2fe07e2ffeadb,Validation,4,informer,8feat,100ms,51,8,0,64,1459,630,best_val,12,12345,0,True,True,1.0,24.0173,100.0,32,85.5601,81.2337,83.8095,80.9048,"{""Chat"": 76.374, ""Control"": 95.418, ""File Transfer"": 70.27, ""Streaming"": 81.557}","{""Chat"": 66.827, ""Control"": 92.67, ""File Transfer"": 92.857, ""Streaming"": 91.705}","{""Chat"": 89.103, ""Control"": 98.333, ""File Transfer"": 56.522, ""Streaming"": 73.432}","{""Chat"": 156, ""Control"": 180, ""File Transfer"": 23, ""Streaming"": 271}","{""Chat"": 1.045129, ""Control"": 0.868452, ""File Transfer"": 5.883065, ""Streaming"": 0.580812}","{""Chat"": 349, ""Control"": 420, ""File Transfer"": 62, ""Streaming"": 628}",2732805,checkpoints/VNAT_5s_tcp_duration_8feat_seed0/VNAT_5s_tcpdur_random70_stratified_flowlevel_splitseed42_8feat_informer_100ms_seed0.pth,21215318,30.2,OK,,"{""torch"": ""2.4.1+cu121"", ""cuda"": ""12.1"", ""gpu"": ""NVIDIA RTX A4500"", ""numpy"": ""1.26.0"", ""python"": ""3.10.12"", ""deterministic"": true, ""grad_clip_max_norm"": 1.0, ""CUBLAS_WORKSPACE_CONFIG"": "":4096:8"", ""CUDA_VISIBLE_DEVICES"": ""1""}",2026-08-21T16:41:34
VNAT_5s_tcpdur_random70_stratified_flowlevel_splitseed42_8feat_informer_100ms_seed1,VNAT,VNAT_5s_tcp_duration,5,random70_stratified_flowlevel_splitseed42,42,7aa2fe07e2ffeadb,Validation,4,informer,8feat,100ms,51,8,1,64,1459,630,best_val,5,12345,0,True,True,1.0,20.8177,100.0,29,81.3475,78.1105,78.8889,77.7366,"{""Chat"": 71.859, ""Control"": 93.651, ""File Transfer"": 72.222, ""Streaming"": 73.214}","{""Chat"": 59.091, ""Control"": 89.394, ""File Transfer"": 100.0, ""Streaming"": 92.655}","{""Chat"": 91.667, ""Control"": 98.333, ""File Transfer"": 56.522, ""Streaming"": 60.517}","{""Chat"": 156, ""Control"": 180, ""File Transfer"": 23, ""Streaming"": 271}","{""Chat"": 1.045129, ""Control"": 0.868452, ""File Transfer"": 5.883065, ""Streaming"": 0.580812}","{""Chat"": 349, ""Control"": 420, ""File Transfer"": 62, ""Streaming"": 628}",2732805,checkpoints/VNAT_5s_tcp_duration_8feat_seed1/VNAT_5s_tcpdur_random70_stratified_flowlevel_splitseed42_8feat_informer_100ms_seed1.pth,21215318,26.3,OK,,"{""torch"": ""2.4.1+cu121"", ""cuda"": ""12.1"", ""gpu"": ""NVIDIA RTX A4500"", ""numpy"": ""1.26.0"", ""python"": ""3.10.12"", ""deterministic"": true, ""grad_clip_max_norm"": 1.0, ""CUBLAS_WORKSPACE_CONFIG"": "":4096:8"", ""CUDA_VISIBLE_DEVICES"": ""1""}",2026-08-21T16:42:01
VNAT_5s_tcpdur_random70_stratified_flowlevel_splitseed42_8feat_informer_100ms_seed2,VNAT,VNAT_5s_tcp_duration,5,random70_stratified_flowlevel_splitseed42,42,7aa2fe07e2ffeadb,Validation,4,informer,8feat,100ms,51,8,2,64,1459,630,best_val,33,12345,0,True,True,1.0,22.9295,100.0,41,84.7936,79.8296,82.381,79.8386,"{""Chat"": 74.595, ""Control"": 94.906, ""File Transfer"": 70.27, ""Streaming"": 79.583}","{""Chat"": 64.486, ""Control"": 91.71, ""File Transfer"": 92.857, ""Streaming"": 91.388}","{""Chat"": 88.462, ""Control"": 98.333, ""File Transfer"": 56.522, ""Streaming"": 70.48}","{""Chat"": 156, ""Control"": 180, ""File Transfer"": 23, ""Streaming"": 271}","{""Chat"": 1.045129, ""Control"": 0.868452, ""File Transfer"": 5.883065, ""Streaming"": 0.580812}","{""Chat"": 349, ""Control"": 420, ""File Transfer"": 62, ""Streaming"": 628}",2732805,checkpoints/VNAT_5s_tcp_duration_8feat_seed2/VNAT_5s_tcpdur_random70_stratified_flowlevel_splitseed42_8feat_informer_100ms_seed2.pth,21215318,34.0,OK,,"{""torch"": ""2.4.1+cu121"", ""cuda"": ""12.1"", ""gpu"": ""NVIDIA RTX A4500"", ""numpy"": ""1.26.0"", ""python"": ""3.10.12"", ""deterministic"": true, ""grad_clip_max_norm"": 1.0, ""CUBLAS_WORKSPACE_CONFIG"": "":4096:8"", ""CUDA_VISIBLE_DEVICES"": ""1""}",2026-08-21T16:42:35
VNAT_5s_tcpdur_random70_stratified_flowlevel_splitseed42_8feat_nst_100ms_seed0,VNAT,VNAT_5s_tcp_duration,5,random70_stratified_flowlevel_splitseed42,42,7aa2fe07e2ffeadb,Validation,4,nst,8feat,100ms,51,8,0,64,1459,630,best_val,10,12345,0,True,True,1.0,11.3542,100.0,27,80.1341,78.6011,80.1587,78.6011,"{""Chat"": 72.973, ""Control"": 92.8, ""File Transfer"": 72.222, ""Streaming"": 76.409}","{""Chat"": 63.084, ""Control"": 89.231, ""File Transfer"": 100.0, ""Streaming"": 87.981}","{""Chat"": 86.538, ""Control"": 96.667, ""File Transfer"": 56.522, ""Streaming"": 67.528}","{""Chat"": 156, ""Control"": 180, ""File Transfer"": 23, ""Streaming"": 271}","{""Chat"": 1.045129, ""Control"": 0.868452, ""File Transfer"": 5.883065, ""Streaming"": 0.580812}","{""Chat"": 349, ""Control"": 420, ""File Transfer"": 62, ""Streaming"": 628}",139510,checkpoints/VNAT_5s_tcp_duration_8feat_seed0/VNAT_5s_tcpdur_random70_stratified_flowlevel_splitseed42_8feat_nst_100ms_seed0.pth,1866114,22.0,OK,,"{""torch"": ""2.4.1+cu121"", ""cuda"": ""12.1"", ""gpu"": ""NVIDIA RTX A4500"", ""numpy"": ""1.26.0"", ""python"": ""3.10.12"", ""deterministic"": true, ""grad_clip_max_norm"": 1.0, ""CUBLAS_WORKSPACE_CONFIG"": "":4096:8"", ""CUDA_VISIBLE_DEVICES"": ""1""}",2026-08-21T16:42:57
VNAT_5s_tcpdur_random70_stratified_flowlevel_splitseed42_8feat_nst_100ms_seed1,VNAT,VNAT_5s_tcp_duration,5,random70_stratified_flowlevel_splitseed42,42,7aa2fe07e2ffeadb,Validation,4,nst,8feat,100ms,51,8,1,64,1459,630,best_val,11,12345,0,True,True,1.0,11.7646,100.0,25,82.3912,79.3121,81.746,79.3121,"{""Chat"": 74.302, ""Control"": 94.149, ""File Transfer"": 70.27, ""Streaming"": 78.528}","{""Chat"": 65.842, ""Control"": 90.306, ""File Transfer"": 92.857, ""Streaming"": 88.073}","{""Chat"": 85.256, ""Control"": 98.333, ""File Transfer"": 56.522, ""Streaming"": 70.849}","{""Chat"": 156, ""Control"": 180, ""File Transfer"": 23, ""Streaming"": 271}","{""Chat"": 1.045129, ""Control"": 0.868452, ""File Transfer"": 5.883065, ""Streaming"": 0.580812}","{""Chat"": 349, ""Control"": 420, ""File Transfer"": 62, ""Streaming"": 628}",139510,checkpoints/VNAT_5s_tcp_duration_8feat_seed1/VNAT_5s_tcpdur_random70_stratified_flowlevel_splitseed42_8feat_nst_100ms_seed1.pth,1866114,18.8,OK,,"{""torch"": ""2.4.1+cu121"", ""cuda"": ""12.1"", ""gpu"": ""NVIDIA RTX A4500"", ""numpy"": ""1.26.0"", ""python"": ""3.10.12"", ""deterministic"": true, ""grad_clip_max_norm"": 1.0, ""CUBLAS_WORKSPACE_CONFIG"": "":4096:8"", ""CUDA_VISIBLE_DEVICES"": ""1""}",2026-08-21T16:43:16
VNAT_5s_tcpdur_random70_stratified_flowlevel_splitseed42_8feat_nst_100ms_seed2,VNAT,VNAT_5s_tcp_duration,5,random70_stratified_flowlevel_splitseed42,42,7aa2fe07e2ffeadb,Validation,4,nst,8feat,100ms,51,8,2,64,1459,630,best_val,9,12345,0,True,True,1.0,12.5102,100.0,29,80.9193,78.0391,79.3651,78.0391,"{""Chat"": 72.34, ""Control"": 92.225, ""File Transfer"": 72.222, ""Streaming"": 75.368}","{""Chat"": 61.818, ""Control"": 89.119, ""File Transfer"": 100.0, ""Streaming"": 87.745}","{""Chat"": 87.179, ""Control"": 95.556, ""File Transfer"": 56.522, ""Streaming"": 66.052}","{""Chat"": 156, ""Control"": 180, ""File Transfer"": 23, ""Streaming"": 271}","{""Chat"": 1.045129, ""Control"": 0.868452, ""File Transfer"": 5.883065, ""Streaming"": 0.580812}","{""Chat"": 349, ""Control"": 420, ""File Transfer"": 62, ""Streaming"": 628}",139510,checkpoints/VNAT_5s_tcp_duration_8feat_seed2/VNAT_5s_tcpdur_random70_stratified_flowlevel_splitseed42_8feat_nst_100ms_seed2.pth,1866114,21.7,OK,,"{""torch"": ""2.4.1+cu121"", ""cuda"": ""12.1"", ""gpu"": ""NVIDIA RTX A4500"", ""numpy"": ""1.26.0"", ""python"": ""3.10.12"", ""deterministic"": true, ""grad_clip_max_norm"": 1.0, ""CUBLAS_WORKSPACE_CONFIG"": "":4096:8"", ""CUDA_VISIBLE_DEVICES"": ""1""}",2026-08-21T16:43:38
VNAT_5s_tcpdur_random70_stratified_flowlevel_splitseed42_8feat_autoformer_100ms_seed0,VNAT,VNAT_5s_tcp_duration,5,random70_stratified_flowlevel_splitseed42,42,7aa2fe07e2ffeadb,Validation,4,autoformer,8feat,100ms,51,8,0,256,1459,630,best_val,14,12345,0,True,True,1.0,5.8251,100.0,28,77.5605,73.5646,77.3016,73.5646,"{""Chat"": 70.213, ""Control"": 92.267, ""File Transfer"": 59.091, ""Streaming"": 72.688}","{""Chat"": 60.0, ""Control"": 88.718, ""File Transfer"": 61.905, ""Streaming"": 87.113}","{""Chat"": 84.615, ""Control"": 96.111, ""File Transfer"": 56.522, ""Streaming"": 62.362}","{""Chat"": 156, ""Control"": 180, ""File Transfer"": 23, ""Streaming"": 271}","{""Chat"": 1.045129, ""Control"": 0.868452, ""File Transfer"": 5.883065, ""Streaming"": 0.580812}","{""Chat"": 349, ""Control"": 420, ""File Transfer"": 62, ""Streaming"": 628}",113860,checkpoints/VNAT_5s_tcp_duration_8feat_seed0/VNAT_5s_tcpdur_random70_stratified_flowlevel_splitseed42_8feat_autoformer_100ms_seed0.pth,1753026,10.5,OK,,"{""torch"": ""2.4.1+cu121"", ""cuda"": ""12.1"", ""gpu"": ""NVIDIA RTX A4500"", ""numpy"": ""1.26.0"", ""python"": ""3.10.12"", ""deterministic"": true, ""grad_clip_max_norm"": 1.0, ""CUBLAS_WORKSPACE_CONFIG"": "":4096:8"", ""CUDA_VISIBLE_DEVICES"": ""1""}",2026-08-21T16:43:49
VNAT_5s_tcpdur_random70_stratified_flowlevel_splitseed42_8feat_autoformer_100ms_seed1,VNAT,VNAT_5s_tcp_duration,5,random70_stratified_flowlevel_splitseed42,42,7aa2fe07e2ffeadb,Validation,4,autoformer,8feat,100ms,51,8,1,256,1459,630,best_val,30,12345,0,True,True,1.0,7.9039,100.0,44,81.0488,78.9736,82.381,78.9736,"{""Chat"": 74.713, ""Control"": 94.595, ""File Transfer"": 66.667, ""Streaming"": 79.92}","{""Chat"": 67.708, ""Control"": 92.105, ""File Transfer"": 81.25, ""Streaming"": 86.638}","{""Chat"": 83.333, ""Control"": 97.222, ""File Transfer"": 56.522, ""Streaming"": 74.17}","{""Chat"": 156, ""Control"": 180, ""File Transfer"": 23, ""Streaming"": 271}","{""Chat"": 1.045129, ""Control"": 0.868452, ""File Transfer"": 5.883065, ""Streaming"": 0.580812}","{""Chat"": 349, ""Control"": 420, ""File Transfer"": 62, ""Streaming"": 628}",113860,checkpoints/VNAT_5s_tcp_duration_8feat_seed1/VNAT_5s_tcpdur_random70_stratified_flowlevel_splitseed42_8feat_autoformer_100ms_seed1.pth,1753026,15.7,OK,,"{""torch"": ""2.4.1+cu121"", ""cuda"": ""12.1"", ""gpu"": ""NVIDIA RTX A4500"", ""numpy"": ""1.26.0"", ""python"": ""3.10.12"", ""deterministic"": true, ""grad_clip_max_norm"": 1.0, ""CUBLAS_WORKSPACE_CONFIG"": "":4096:8"", ""CUDA_VISIBLE_DEVICES"": ""1""}",2026-08-21T16:44:04
VNAT_5s_tcpdur_random70_stratified_flowlevel_splitseed42_8feat_autoformer_100ms_seed2,VNAT,VNAT_5s_tcp_duration,5,random70_stratified_flowlevel_splitseed42,42,7aa2fe07e2ffeadb,Validation,4,autoformer,8feat,100ms,51,8,2,256,1459,630,best_val,29,12345,0,True,True,1.0,5.1609,100.0,41,81.2127,75.3609,77.9365,75.3609,"{""Chat"": 69.149, ""Control"": 93.834, ""File Transfer"": 65.0, ""Streaming"": 73.461}","{""Chat"": 59.091, ""Control"": 90.674, ""File Transfer"": 76.471, ""Streaming"": 86.5}","{""Chat"": 83.333, ""Control"": 97.222, ""File Transfer"": 56.522, ""Streaming"": 63.838}","{""Chat"": 156, ""Control"": 180, ""File Transfer"": 23, ""Streaming"": 271}","{""Chat"": 1.045129, ""Control"": 0.868452, ""File Transfer"": 5.883065, ""Streaming"": 0.580812}","{""Chat"": 349, ""Control"": 420, ""File Transfer"": 62, ""Streaming"": 628}",113860,checkpoints/VNAT_5s_tcp_duration_8feat_seed2/VNAT_5s_tcpdur_random70_stratified_flowlevel_splitseed42_8feat_autoformer_100ms_seed2.pth,1753026,14.0,OK,,"{""torch"": ""2.4.1+cu121"", ""cuda"": ""12.1"", ""gpu"": ""NVIDIA RTX A4500"", ""numpy"": ""1.26.0"", ""python"": ""3.10.12"", ""deterministic"": true, ""grad_clip_max_norm"": 1.0, ""CUBLAS_WORKSPACE_CONFIG"": "":4096:8"", ""CUDA_VISIBLE_DEVICES"": ""1""}",2026-08-21T16:44:18
VNAT_5s_tcpdur_random70_stratified_flowlevel_splitseed42_8feat_fedformer_100ms_seed0,VNAT,VNAT_5s_tcp_duration,5,random70_stratified_flowlevel_splitseed42,42,7aa2fe07e2ffeadb,Validation,4,fedformer,8feat,100ms,51,8,0,256,1459,630,best_val,16,12345,4,True,True,1.0,5.9841,100.0,30,77.5499,72.1208,75.5556,72.1208,"{""Chat"": 70.0, ""Control"": 90.488, ""File Transfer"": 59.091, ""Streaming"": 68.904}","{""Chat"": 59.375, ""Control"": 84.211, ""File Transfer"": 61.905, ""Streaming"": 87.5}","{""Chat"": 85.256, ""Control"": 97.778, ""File Transfer"": 56.522, ""Streaming"": 56.827}","{""Chat"": 156, ""Control"": 180, ""File Transfer"": 23, ""Streaming"": 271}","{""Chat"": 1.045129, ""Control"": 0.868452, ""File Transfer"": 5.883065, ""Streaming"": 0.580812}","{""Chat"": 349, ""Control"": 420, ""File Transfer"": 62, ""Streaming"": 628}",281157,checkpoints/VNAT_5s_tcp_duration_8feat_seed0/VNAT_5s_tcpdur_random70_stratified_flowlevel_splitseed42_8feat_fedformer_100ms_seed0.pth,3720684,47.5,OK,,"{""torch"": ""2.4.1+cu121"", ""cuda"": ""12.1"", ""gpu"": ""NVIDIA RTX A4500"", ""numpy"": ""1.26.0"", ""python"": ""3.10.12"", ""deterministic"": true, ""grad_clip_max_norm"": 1.0, ""CUBLAS_WORKSPACE_CONFIG"": "":4096:8"", ""CUDA_VISIBLE_DEVICES"": ""1""}",2026-08-21T16:45:06
VNAT_5s_tcpdur_random70_stratified_flowlevel_splitseed42_8feat_fedformer_100ms_seed1,VNAT,VNAT_5s_tcp_duration,5,random70_stratified_flowlevel_splitseed42,42,7aa2fe07e2ffeadb,Validation,4,fedformer,8feat,100ms,51,8,1,256,1459,630,best_val,20,12345,4,True,True,1.0,10.0322,100.0,36,78.3883,72.5324,75.2381,72.5324,"{""Chat"": 69.251, ""Control"": 90.956, ""File Transfer"": 61.905, ""Streaming"": 68.018}","{""Chat"": 58.009, ""Control"": 85.024, ""File Transfer"": 68.421, ""Streaming"": 87.283}","{""Chat"": 85.897, ""Control"": 97.778, ""File Transfer"": 56.522, ""Streaming"": 55.72}","{""Chat"": 156, ""Control"": 180, ""File Transfer"": 23, ""Streaming"": 271}","{""Chat"": 1.045129, ""Control"": 0.868452, ""File Transfer"": 5.883065, ""Streaming"": 0.580812}","{""Chat"": 349, ""Control"": 420, ""File Transfer"": 62, ""Streaming"": 628}",281157,checkpoints/VNAT_5s_tcp_duration_8feat_seed1/VNAT_5s_tcpdur_random70_stratified_flowlevel_splitseed42_8feat_fedformer_100ms_seed1.pth,3720684,55.9,OK,,"{""torch"": ""2.4.1+cu121"", ""cuda"": ""12.1"", ""gpu"": ""NVIDIA RTX A4500"", ""numpy"": ""1.26.0"", ""python"": ""3.10.12"", ""deterministic"": true, ""grad_clip_max_norm"": 1.0, ""CUBLAS_WORKSPACE_CONFIG"": "":4096:8"", ""CUDA_VISIBLE_DEVICES"": ""1""}",2026-08-21T16:46:02
VNAT_5s_tcpdur_random70_stratified_flowlevel_splitseed42_8feat_fedformer_100ms_seed2,VNAT,VNAT_5s_tcp_duration,5,random70_stratified_flowlevel_splitseed42,42,7aa2fe07e2ffeadb,Validation,4,fedformer,8feat,100ms,51,8,2,256,1459,630,best_val,23,12345,4,True,True,1.0,5.722,100.0,35,79.5445,72.3398,74.6032,72.3398,"{""Chat"": 68.205, ""Control"": 90.769, ""File Transfer"": 63.415, ""Streaming"": 66.97}","{""Chat"": 56.838, ""Control"": 84.286, ""File Transfer"": 72.222, ""Streaming"": 87.5}","{""Chat"": 85.256, ""Control"": 98.333, ""File Transfer"": 56.522, ""Streaming"": 54.244}","{""Chat"": 156, ""Control"": 180, ""File Transfer"": 23, ""Streaming"": 271}","{""Chat"": 1.045129, ""Control"": 0.868452, ""File Transfer"": 5.883065, ""Streaming"": 0.580812}","{""Chat"": 349, ""Control"": 420, ""File Transfer"": 62, ""Streaming"": 628}",281157,checkpoints/VNAT_5s_tcp_duration_8feat_seed2/VNAT_5s_tcpdur_random70_stratified_flowlevel_splitseed42_8feat_fedformer_100ms_seed2.pth,3720684,55.5,OK,,"{""torch"": ""2.4.1+cu121"", ""cuda"": ""12.1"", ""gpu"": ""NVIDIA RTX A4500"", ""numpy"": ""1.26.0"", ""python"": ""3.10.12"", ""deterministic"": true, ""grad_clip_max_norm"": 1.0, ""CUBLAS_WORKSPACE_CONFIG"": "":4096:8"", ""CUDA_VISIBLE_DEVICES"": ""1""}",2026-08-21T16:46:58
VNAT_5s_tcpdur_random70_stratified_flowlevel_splitseed42_8feat_timemixer_100ms_seed0,VNAT,VNAT_5s_tcp_duration,5,random70_stratified_flowlevel_splitseed42,42,7aa2fe07e2ffeadb,Validation,4,timemixer,8feat,100ms,51,8,0,256,1459,630,best_val,38,12345,0,True,True,1.0,24.425,55.95,70,77.4664,75.4049,77.4603,75.4049,"{""Chat"": 69.767, ""Control"": 92.183, ""File Transfer"": 66.667, ""Streaming"": 73.002}","{""Chat"": 58.442, ""Control"": 89.529, ""File Transfer"": 81.25, ""Streaming"": 88.021}","{""Chat"": 86.538, ""Control"": 95.0, ""File Transfer"": 56.522, ""Streaming"": 62.362}","{""Chat"": 156, ""Control"": 180, ""File Transfer"": 23, ""Streaming"": 271}","{""Chat"": 1.045129, ""Control"": 0.868452, ""File Transfer"": 5.883065, ""Streaming"": 0.580812}","{""Chat"": 349, ""Control"": 420, ""File Transfer"": 62, ""Streaming"": 628}",162314,checkpoints/VNAT_5s_tcp_duration_8feat_seed0/VNAT_5s_tcpdur_random70_stratified_flowlevel_splitseed42_8feat_timemixer_100ms_seed0.pth,1965578,23.6,OK,,"{""torch"": ""2.4.1+cu121"", ""cuda"": ""12.1"", ""gpu"": ""NVIDIA RTX A4500"", ""numpy"": ""1.26.0"", ""python"": ""3.10.12"", ""deterministic"": true, ""grad_clip_max_norm"": 1.0, ""CUBLAS_WORKSPACE_CONFIG"": "":4096:8"", ""CUDA_VISIBLE_DEVICES"": ""1""}",2026-08-21T16:47:22
VNAT_5s_tcpdur_random70_stratified_flowlevel_splitseed42_8feat_timemixer_100ms_seed1,VNAT,VNAT_5s_tcp_duration,5,random70_stratified_flowlevel_splitseed42,42,7aa2fe07e2ffeadb,Validation,4,timemixer,8feat,100ms,51,8,1,256,1459,630,best_val,39,12345,0,True,True,1.0,11.3771,39.22,51,77.7184,74.0041,76.6667,74.0041,"{""Chat"": 69.452, ""Control"": 91.534, ""File Transfer"": 63.415, ""Streaming"": 71.616}","{""Chat"": 58.59, ""Control"": 87.374, ""File Transfer"": 72.222, ""Streaming"": 87.701}","{""Chat"": 85.256, ""Control"": 96.111, ""File Transfer"": 56.522, ""Streaming"": 60.517}","{""Chat"": 156, ""Control"": 180, ""File Transfer"": 23, ""Streaming"": 271}","{""Chat"": 1.045129, ""Control"": 0.868452, ""File Transfer"": 5.883065, ""Streaming"": 0.580812}","{""Chat"": 349, ""Control"": 420, ""File Transfer"": 62, ""Streaming"": 628}",162314,checkpoints/VNAT_5s_tcp_duration_8feat_seed1/VNAT_5s_tcpdur_random70_stratified_flowlevel_splitseed42_8feat_timemixer_100ms_seed1.pth,1965578,16.6,OK,,"{""torch"": ""2.4.1+cu121"", ""cuda"": ""12.1"", ""gpu"": ""NVIDIA RTX A4500"", ""numpy"": ""1.26.0"", ""python"": ""3.10.12"", ""deterministic"": true, ""grad_clip_max_norm"": 1.0, ""CUBLAS_WORKSPACE_CONFIG"": "":4096:8"", ""CUDA_VISIBLE_DEVICES"": ""1""}",2026-08-21T16:47:39
VNAT_5s_tcpdur_random70_stratified_flowlevel_splitseed42_8feat_timemixer_100ms_seed2,VNAT,VNAT_5s_tcp_duration,5,random70_stratified_flowlevel_splitseed42,42,7aa2fe07e2ffeadb,Validation,4,timemixer,8feat,100ms,51,8,2,256,1459,630,best_val,40,12345,0,True,True,1.0,14.5085,40.8,58,80.1054,75.2741,77.9365,75.2741,"{""Chat"": 70.557, ""Control"": 92.105, ""File Transfer"": 65.0, ""Streaming"": 73.434}","{""Chat"": 60.181, ""Control"": 87.5, ""File Transfer"": 76.471, ""Streaming"": 88.542}","{""Chat"": 85.256, ""Control"": 97.222, ""File Transfer"": 56.522, ""Streaming"": 62.731}","{""Chat"": 156, ""Control"": 180, ""File Transfer"": 23, ""Streaming"": 271}","{""Chat"": 1.045129, ""Control"": 0.868452, ""File Transfer"": 5.883065, ""Streaming"": 0.580812}","{""Chat"": 349, ""Control"": 420, ""File Transfer"": 62, ""Streaming"": 628}",162314,checkpoints/VNAT_5s_tcp_duration_8feat_seed2/VNAT_5s_tcpdur_random70_stratified_flowlevel_splitseed42_8feat_timemixer_100ms_seed2.pth,1965578,19.4,OK,,"{""torch"": ""2.4.1+cu121"", ""cuda"": ""12.1"", ""gpu"": ""NVIDIA RTX A4500"", ""numpy"": ""1.26.0"", ""python"": ""3.10.12"", ""deterministic"": true, ""grad_clip_max_norm"": 1.0, ""CUBLAS_WORKSPACE_CONFIG"": "":4096:8"", ""CUDA_VISIBLE_DEVICES"": ""1""}",2026-08-21T16:47:58
VNAT_5s_tcpdur_random70_stratified_flowlevel_splitseed42_8feat_timesnet_150ms_seed0,VNAT,VNAT_5s_tcp_duration,5,random70_stratified_flowlevel_splitseed42,42,7aa2fe07e2ffeadb,Validation,4,timesnet,8feat,150ms,34,8,0,256,1459,630,best_val,27,12345,0,True,True,1.0,5.4245,93.69,37,80.1418,75.7936,76.9841,75.7936,"{""Chat"": 71.679, ""Control"": 91.384, ""File Transfer"": 70.27, ""Streaming"": 69.841}","{""Chat"": 58.848, ""Control"": 86.207, ""File Transfer"": 92.857, ""Streaming"": 90.588}","{""Chat"": 91.667, ""Control"": 97.222, ""File Transfer"": 56.522, ""Streaming"": 56.827}","{""Chat"": 156, ""Control"": 180, ""File Transfer"": 23, ""Streaming"": 271}","{""Chat"": 1.045129, ""Control"": 0.868452, ""File Transfer"": 5.883065, ""Streaming"": 0.580812}","{""Chat"": 349, ""Control"": 420, ""File Transfer"": 62, ""Streaming"": 628}",9384644,checkpoints/VNAT_5s_tcp_duration_8feat_seed0/VNAT_5s_tcpdur_random70_stratified_flowlevel_splitseed42_8feat_timesnet_150ms_seed0.pth,38848062,30.0,OK,,"{""torch"": ""2.4.1+cu121"", ""cuda"": ""12.1"", ""gpu"": ""NVIDIA RTX A4500"", ""numpy"": ""1.26.0"", ""python"": ""3.10.12"", ""deterministic"": true, ""grad_clip_max_norm"": 1.0, ""CUBLAS_WORKSPACE_CONFIG"": "":4096:8"", ""CUDA_VISIBLE_DEVICES"": ""1""}",2026-08-21T16:48:28
VNAT_5s_tcpdur_random70_stratified_flowlevel_splitseed42_8feat_timesnet_150ms_seed1,VNAT,VNAT_5s_tcp_duration,5,random70_stratified_flowlevel_splitseed42,42,7aa2fe07e2ffeadb,Validation,4,timesnet,8feat,150ms,34,8,1,256,1459,630,best_val,23,12345,0,True,True,1.0,8.1393,93.59,39,77.7801,73.2744,75.2381,73.2744,"{""Chat"": 70.073, ""Control"": 91.339, ""File Transfer"": 64.865, ""Streaming"": 66.821}","{""Chat"": 56.471, ""Control"": 86.567, ""File Transfer"": 85.714, ""Streaming"": 90.0}","{""Chat"": 92.308, ""Control"": 96.667, ""File Transfer"": 52.174, ""Streaming"": 53.137}","{""Chat"": 156, ""Control"": 180, ""File Transfer"": 23, ""Streaming"": 271}","{""Chat"": 1.045129, ""Control"": 0.868452, ""File Transfer"": 5.883065, ""Streaming"": 0.580812}","{""Chat"": 349, ""Control"": 420, ""File Transfer"": 62, ""Streaming"": 628}",9384644,checkpoints/VNAT_5s_tcp_duration_8feat_seed1/VNAT_5s_tcpdur_random70_stratified_flowlevel_splitseed42_8feat_timesnet_150ms_seed1.pth,38848062,31.8,OK,,"{""torch"": ""2.4.1+cu121"", ""cuda"": ""12.1"", ""gpu"": ""NVIDIA RTX A4500"", ""numpy"": ""1.26.0"", ""python"": ""3.10.12"", ""deterministic"": true, ""grad_clip_max_norm"": 1.0, ""CUBLAS_WORKSPACE_CONFIG"": "":4096:8"", ""CUDA_VISIBLE_DEVICES"": ""1""}",2026-08-21T16:49:00
VNAT_5s_tcpdur_random70_stratified_flowlevel_splitseed42_8feat_timesnet_150ms_seed2,VNAT,VNAT_5s_tcp_duration,5,random70_stratified_flowlevel_splitseed42,42,7aa2fe07e2ffeadb,Validation,4,timesnet,8feat,150ms,34,8,2,256,1459,630,best_val,27,12345,0,True,True,1.0,6.7815,84.15,41,78.6527,78.0384,80.4762,78.0384,"{""Chat"": 76.64, ""Control"": 92.147, ""File Transfer"": 68.421, ""Streaming"": 74.946}","{""Chat"": 64.889, ""Control"": 87.129, ""File Transfer"": 86.667, ""Streaming"": 91.489}","{""Chat"": 93.59, ""Control"": 97.778, ""File Transfer"": 56.522, ""Streaming"": 63.469}","{""Chat"": 156, ""Control"": 180, ""File Transfer"": 23, ""Streaming"": 271}","{""Chat"": 1.045129, ""Control"": 0.868452, ""File Transfer"": 5.883065, ""Streaming"": 0.580812}","{""Chat"": 349, ""Control"": 420, ""File Transfer"": 62, ""Streaming"": 628}",9384644,checkpoints/VNAT_5s_tcp_duration_8feat_seed2/VNAT_5s_tcpdur_random70_stratified_flowlevel_splitseed42_8feat_timesnet_150ms_seed2.pth,38848062,33.5,OK,,"{""torch"": ""2.4.1+cu121"", ""cuda"": ""12.1"", ""gpu"": ""NVIDIA RTX A4500"", ""numpy"": ""1.26.0"", ""python"": ""3.10.12"", ""deterministic"": true, ""grad_clip_max_norm"": 1.0, ""CUBLAS_WORKSPACE_CONFIG"": "":4096:8"", ""CUDA_VISIBLE_DEVICES"": ""1""}",2026-08-21T16:49:34
VNAT_5s_tcpdur_random70_stratified_flowlevel_splitseed42_8feat_informer_150ms_seed0,VNAT,VNAT_5s_tcp_duration,5,random70_stratified_flowlevel_splitseed42,42,7aa2fe07e2ffeadb,Validation,4,informer,8feat,150ms,34,8,0,64,1459,630,best_val,21,12345,0,True,True,1.0,21.1781,100.0,29,88.3907,84.9834,86.9841,82.8223,"{""Chat"": 82.53, ""Control"": 94.624, ""File Transfer"": 68.421, ""Streaming"": 85.714}","{""Chat"": 77.841, ""Control"": 91.667, ""File Transfer"": 86.667, ""Streaming"": 89.879}","{""Chat"": 87.821, ""Control"": 97.778, ""File Transfer"": 56.522, ""Streaming"": 81.919}","{""Chat"": 156, ""Control"": 180, ""File Transfer"": 23, ""Streaming"": 271}","{""Chat"": 1.045129, ""Control"": 0.868452, ""File Transfer"": 5.883065, ""Streaming"": 0.580812}","{""Chat"": 349, ""Control"": 420, ""File Transfer"": 62, ""Streaming"": 628}",2715397,checkpoints/VNAT_5s_tcp_duration_8feat_seed0/VNAT_5s_tcpdur_random70_stratified_flowlevel_splitseed42_8feat_informer_150ms_seed0.pth,21145686,26.8,OK,,"{""torch"": ""2.4.1+cu121"", ""cuda"": ""12.1"", ""gpu"": ""NVIDIA RTX A4500"", ""numpy"": ""1.26.0"", ""python"": ""3.10.12"", ""deterministic"": true, ""grad_clip_max_norm"": 1.0, ""CUBLAS_WORKSPACE_CONFIG"": "":4096:8"", ""CUDA_VISIBLE_DEVICES"": ""1""}",2026-08-21T16:50:01
VNAT_5s_tcpdur_random70_stratified_flowlevel_splitseed42_8feat_informer_150ms_seed1,VNAT,VNAT_5s_tcp_duration,5,random70_stratified_flowlevel_splitseed42,42,7aa2fe07e2ffeadb,Validation,4,informer,8feat,150ms,34,8,1,64,1459,630,best_val,32,12345,0,True,True,1.0,24.7243,100.0,40,92.1061,88.1371,91.1111,87.6636,"{""Chat"": 88.372, ""Control"": 96.196, ""File Transfer"": 75.676, ""Streaming"": 90.411}","{""Chat"": 80.851, ""Control"": 94.149, ""File Transfer"": 100.0, ""Streaming"": 96.25}","{""Chat"": 97.436, ""Control"": 98.333, ""File Transfer"": 60.87, ""Streaming"": 85.24}","{""Chat"": 156, ""Control"": 180, ""File Transfer"": 23, ""Streaming"": 271}","{""Chat"": 1.045129, ""Control"": 0.868452, ""File Transfer"": 5.883065, ""Streaming"": 0.580812}","{""Chat"": 349, ""Control"": 420, ""File Transfer"": 62, ""Streaming"": 628}",2715397,checkpoints/VNAT_5s_tcp_duration_8feat_seed1/VNAT_5s_tcpdur_random70_stratified_flowlevel_splitseed42_8feat_informer_150ms_seed1.pth,21145686,34.1,OK,,"{""torch"": ""2.4.1+cu121"", ""cuda"": ""12.1"", ""gpu"": ""NVIDIA RTX A4500"", ""numpy"": ""1.26.0"", ""python"": ""3.10.12"", ""deterministic"": true, ""grad_clip_max_norm"": 1.0, ""CUBLAS_WORKSPACE_CONFIG"": "":4096:8"", ""CUDA_VISIBLE_DEVICES"": ""1""}",2026-08-21T16:50:35
VNAT_5s_tcpdur_random70_stratified_flowlevel_splitseed42_8feat_informer_150ms_seed2,VNAT,VNAT_5s_tcp_duration,5,random70_stratified_flowlevel_splitseed42,42,7aa2fe07e2ffeadb,Validation,4,informer,8feat,150ms,34,8,2,64,1459,630,best_val,20,12345,0,True,True,1.0,22.26,100.0,28,88.5376,83.5385,86.6667,82.528,"{""Chat"": 81.633, ""Control"": 94.118, ""File Transfer"": 68.421, ""Streaming"": 85.941}","{""Chat"": 74.866, ""Control"": 90.722, ""File Transfer"": 86.667, ""Streaming"": 92.735}","{""Chat"": 89.744, ""Control"": 97.778, ""File Transfer"": 56.522, ""Streaming"": 80.074}","{""Chat"": 156, ""Control"": 180, ""File Transfer"": 23, ""Streaming"": 271}","{""Chat"": 1.045129, ""Control"": 0.868452, ""File Transfer"": 5.883065, ""Streaming"": 0.580812}","{""Chat"": 349, ""Control"": 420, ""File Transfer"": 62, ""Streaming"": 628}",2715397,checkpoints/VNAT_5s_tcp_duration_8feat_seed2/VNAT_5s_tcpdur_random70_stratified_flowlevel_splitseed42_8feat_informer_150ms_seed2.pth,21145686,25.4,OK,,"{""torch"": ""2.4.1+cu121"", ""cuda"": ""12.1"", ""gpu"": ""NVIDIA RTX A4500"", ""numpy"": ""1.26.0"", ""python"": ""3.10.12"", ""deterministic"": true, ""grad_clip_max_norm"": 1.0, ""CUBLAS_WORKSPACE_CONFIG"": "":4096:8"", ""CUDA_VISIBLE_DEVICES"": ""1""}",2026-08-21T16:51:01
VNAT_5s_tcpdur_random70_stratified_flowlevel_splitseed42_8feat_nst_150ms_seed0,VNAT,VNAT_5s_tcp_duration,5,random70_stratified_flowlevel_splitseed42,42,7aa2fe07e2ffeadb,Validation,4,nst,8feat,150ms,34,8,0,64,1459,630,best_val,11,12345,0,True,True,1.0,9.7404,100.0,34,78.0739,77.7827,79.0476,77.7827,"{""Chat"": 75.263, ""Control"": 90.052, ""File Transfer"": 72.222, ""Streaming"": 73.593}","{""Chat"": 63.839, ""Control"": 85.149, ""File Transfer"": 100.0, ""Streaming"": 89.005}","{""Chat"": 91.667, ""Control"": 95.556, ""File Transfer"": 56.522, ""Streaming"": 62.731}","{""Chat"": 156, ""Control"": 180, ""File Transfer"": 23, ""Streaming"": 271}","{""Chat"": 1.045129, ""Control"": 0.868452, ""File Transfer"": 5.883065, ""Streaming"": 0.580812}","{""Chat"": 349, ""Control"": 420, ""File Transfer"": 62, ""Streaming"": 628}",133968,checkpoints/VNAT_5s_tcp_duration_8feat_seed0/VNAT_5s_tcpdur_random70_stratified_flowlevel_splitseed42_8feat_nst_150ms_seed0.pth,1843970,29.2,OK,,"{""torch"": ""2.4.1+cu121"", ""cuda"": ""12.1"", ""gpu"": ""NVIDIA RTX A4500"", ""numpy"": ""1.26.0"", ""python"": ""3.10.12"", ""deterministic"": true, ""grad_clip_max_norm"": 1.0, ""CUBLAS_WORKSPACE_CONFIG"": "":4096:8"", ""CUDA_VISIBLE_DEVICES"": ""1""}",2026-08-21T16:51:30
VNAT_5s_tcpdur_random70_stratified_flowlevel_splitseed42_8feat_nst_150ms_seed1,VNAT,VNAT_5s_tcp_duration,5,random70_stratified_flowlevel_splitseed42,42,7aa2fe07e2ffeadb,Validation,4,nst,8feat,150ms,34,8,1,64,1459,630,best_val,17,12345,0,True,True,1.0,11.4513,99.86,32,82.3823,80.2776,82.8571,80.2776,"{""Chat"": 75.399, ""Control"": 92.428, ""File Transfer"": 72.222, ""Streaming"": 81.061}","{""Chat"": 75.159, ""Control"": 87.192, ""File Transfer"": 100.0, ""Streaming"": 83.268}","{""Chat"": 75.641, ""Control"": 98.333, ""File Transfer"": 56.522, ""Streaming"": 78.967}","{""Chat"": 156, ""Control"": 180, ""File Transfer"": 23, ""Streaming"": 271}","{""Chat"": 1.045129, ""Control"": 0.868452, ""File Transfer"": 5.883065, ""Streaming"": 0.580812}","{""Chat"": 349, ""Control"": 420, ""File Transfer"": 62, ""Streaming"": 628}",133968,checkpoints/VNAT_5s_tcp_duration_8feat_seed1/VNAT_5s_tcpdur_random70_stratified_flowlevel_splitseed42_8feat_nst_150ms_seed1.pth,1843970,28.7,OK,,"{""torch"": ""2.4.1+cu121"", ""cuda"": ""12.1"", ""gpu"": ""NVIDIA RTX A4500"", ""numpy"": ""1.26.0"", ""python"": ""3.10.12"", ""deterministic"": true, ""grad_clip_max_norm"": 1.0, ""CUBLAS_WORKSPACE_CONFIG"": "":4096:8"", ""CUDA_VISIBLE_DEVICES"": ""1""}",2026-08-21T16:51:59
VNAT_5s_tcpdur_random70_stratified_flowlevel_splitseed42_8feat_nst_150ms_seed2,VNAT,VNAT_5s_tcp_duration,5,random70_stratified_flowlevel_splitseed42,42,7aa2fe07e2ffeadb,Validation,4,nst,8feat,150ms,34,8,2,64,1459,630,best_val,17,12345,0,True,True,1.0,9.5752,99.87,34,80.2982,78.2499,81.5873,78.2499,"{""Chat"": 75.46, ""Control"": 91.489, ""File Transfer"": 66.667, ""Streaming"": 79.383}","{""Chat"": 72.353, ""Control"": 87.755, ""File Transfer"": 81.25, ""Streaming"": 83.065}","{""Chat"": 78.846, ""Control"": 95.556, ""File Transfer"": 56.522, ""Streaming"": 76.015}","{""Chat"": 156, ""Control"": 180, ""File Transfer"": 23, ""Streaming"": 271}","{""Chat"": 1.045129, ""Control"": 0.868452, ""File Transfer"": 5.883065, ""Streaming"": 0.580812}","{""Chat"": 349, ""Control"": 420, ""File Transfer"": 62, ""Streaming"": 628}",133968,checkpoints/VNAT_5s_tcp_duration_8feat_seed2/VNAT_5s_tcpdur_random70_stratified_flowlevel_splitseed42_8feat_nst_150ms_seed2.pth,1843970,30.6,OK,,"{""torch"": ""2.4.1+cu121"", ""cuda"": ""12.1"", ""gpu"": ""NVIDIA RTX A4500"", ""numpy"": ""1.26.0"", ""python"": ""3.10.12"", ""deterministic"": true, ""grad_clip_max_norm"": 1.0, ""CUBLAS_WORKSPACE_CONFIG"": "":4096:8"", ""CUDA_VISIBLE_DEVICES"": ""1""}",2026-08-21T16:52:30
VNAT_5s_tcpdur_random70_stratified_flowlevel_splitseed42_8feat_autoformer_150ms_seed0,VNAT,VNAT_5s_tcp_duration,5,random70_stratified_flowlevel_splitseed42,42,7aa2fe07e2ffeadb,Validation,4,autoformer,8feat,150ms,34,8,0,256,1459,630,best_val,19,12345,0,True,True,1.0,4.5519,100.0,30,74.4629,70.3148,73.9683,70.3148,"{""Chat"": 74.169, ""Control"": 84.987, ""File Transfer"": 56.522, ""Streaming"": 65.581}","{""Chat"": 61.702, ""Control"": 78.404, ""File Transfer"": 56.522, ""Streaming"": 88.679}","{""Chat"": 92.949, ""Control"": 92.778, ""File Transfer"": 56.522, ""Streaming"": 52.03}","{""Chat"": 156, ""Control"": 180, ""File Transfer"": 23, ""Streaming"": 271}","{""Chat"": 1.045129, ""Control"": 0.868452, ""File Transfer"": 5.883065, ""Streaming"": 0.580812}","{""Chat"": 349, ""Control"": 420, ""File Transfer"": 62, ""Streaming"": 628}",109508,checkpoints/VNAT_5s_tcp_duration_8feat_seed0/VNAT_5s_tcpdur_random70_stratified_flowlevel_splitseed42_8feat_autoformer_150ms_seed0.pth,1735618,9.7,OK,,"{""torch"": ""2.4.1+cu121"", ""cuda"": ""12.1"", ""gpu"": ""NVIDIA RTX A4500"", ""numpy"": ""1.26.0"", ""python"": ""3.10.12"", ""deterministic"": true, ""grad_clip_max_norm"": 1.0, ""CUBLAS_WORKSPACE_CONFIG"": "":4096:8"", ""CUDA_VISIBLE_DEVICES"": ""1""}",2026-08-21T16:52:40
VNAT_5s_tcpdur_random70_stratified_flowlevel_splitseed42_8feat_autoformer_150ms_seed1,VNAT,VNAT_5s_tcp_duration,5,random70_stratified_flowlevel_splitseed42,42,7aa2fe07e2ffeadb,Validation,4,autoformer,8feat,150ms,34,8,1,256,1459,630,best_val,22,12345,0,True,True,1.0,5.2587,100.0,35,77.1063,71.8979,76.1905,71.8979,"{""Chat"": 73.629, ""Control"": 88.421, ""File Transfer"": 55.319, ""Streaming"": 70.222}","{""Chat"": 62.115, ""Control"": 84.0, ""File Transfer"": 54.167, ""Streaming"": 88.268}","{""Chat"": 90.385, ""Control"": 93.333, ""File Transfer"": 56.522, ""Streaming"": 58.303}","{""Chat"": 156, ""Control"": 180, ""File Transfer"": 23, ""Streaming"": 271}","{""Chat"": 1.045129, ""Control"": 0.868452, ""File Transfer"": 5.883065, ""Streaming"": 0.580812}","{""Chat"": 349, ""Control"": 420, ""File Transfer"": 62, ""Streaming"": 628}",109508,checkpoints/VNAT_5s_tcp_duration_8feat_seed1/VNAT_5s_tcpdur_random70_stratified_flowlevel_splitseed42_8feat_autoformer_150ms_seed1.pth,1735618,11.0,OK,,"{""torch"": ""2.4.1+cu121"", ""cuda"": ""12.1"", ""gpu"": ""NVIDIA RTX A4500"", ""numpy"": ""1.26.0"", ""python"": ""3.10.12"", ""deterministic"": true, ""grad_clip_max_norm"": 1.0, ""CUBLAS_WORKSPACE_CONFIG"": "":4096:8"", ""CUDA_VISIBLE_DEVICES"": ""1""}",2026-08-21T16:52:51
VNAT_5s_tcpdur_random70_stratified_flowlevel_splitseed42_8feat_autoformer_150ms_seed2,VNAT,VNAT_5s_tcp_duration,5,random70_stratified_flowlevel_splitseed42,42,7aa2fe07e2ffeadb,Validation,4,autoformer,8feat,150ms,34,8,2,256,1459,630,best_val,25,12345,0,True,True,1.0,4.6587,100.0,42,76.0162,69.7601,74.127,69.7601,"{""Chat"": 72.544, ""Control"": 86.458, ""File Transfer"": 53.061, ""Streaming"": 66.977}","{""Chat"": 59.751, ""Control"": 81.373, ""File Transfer"": 50.0, ""Streaming"": 90.566}","{""Chat"": 92.308, ""Control"": 92.222, ""File Transfer"": 56.522, ""Streaming"": 53.137}","{""Chat"": 156, ""Control"": 180, ""File Transfer"": 23, ""Streaming"": 271}","{""Chat"": 1.045129, ""Control"": 0.868452, ""File Transfer"": 5.883065, ""Streaming"": 0.580812}","{""Chat"": 349, ""Control"": 420, ""File Transfer"": 62, ""Streaming"": 628}",109508,checkpoints/VNAT_5s_tcp_duration_8feat_seed2/VNAT_5s_tcpdur_random70_stratified_flowlevel_splitseed42_8feat_autoformer_150ms_seed2.pth,1735618,13.5,OK,,"{""torch"": ""2.4.1+cu121"", ""cuda"": ""12.1"", ""gpu"": ""NVIDIA RTX A4500"", ""numpy"": ""1.26.0"", ""python"": ""3.10.12"", ""deterministic"": true, ""grad_clip_max_norm"": 1.0, ""CUBLAS_WORKSPACE_CONFIG"": "":4096:8"", ""CUDA_VISIBLE_DEVICES"": ""1""}",2026-08-21T16:53:04
VNAT_5s_tcpdur_random70_stratified_flowlevel_splitseed42_8feat_fedformer_150ms_seed0,VNAT,VNAT_5s_tcp_duration,5,random70_stratified_flowlevel_splitseed42,42,7aa2fe07e2ffeadb,Validation,4,fedformer,8feat,150ms,34,8,0,256,1459,630,best_val,25,12345,4,True,True,1.0,4.7803,99.12,38,74.5789,69.4914,71.9048,69.4914,"{""Chat"": 71.605, ""Control"": 81.934, ""File Transfer"": 60.465, ""Streaming"": 63.962}","{""Chat"": 58.233, ""Control"": 75.587, ""File Transfer"": 65.0, ""Streaming"": 90.541}","{""Chat"": 92.949, ""Control"": 89.444, ""File Transfer"": 56.522, ""Streaming"": 49.446}","{""Chat"": 156, ""Control"": 180, ""File Transfer"": 23, ""Streaming"": 271}","{""Chat"": 1.045129, ""Control"": 0.868452, ""File Transfer"": 5.883065, ""Streaming"": 0.580812}","{""Chat"": 349, ""Control"": 420, ""File Transfer"": 62, ""Streaming"": 628}",244037,checkpoints/VNAT_5s_tcp_duration_8feat_seed0/VNAT_5s_tcpdur_random70_stratified_flowlevel_splitseed42_8feat_fedformer_150ms_seed0.pth,3572140,43.9,OK,,"{""torch"": ""2.4.1+cu121"", ""cuda"": ""12.1"", ""gpu"": ""NVIDIA RTX A4500"", ""numpy"": ""1.26.0"", ""python"": ""3.10.12"", ""deterministic"": true, ""grad_clip_max_norm"": 1.0, ""CUBLAS_WORKSPACE_CONFIG"": "":4096:8"", ""CUDA_VISIBLE_DEVICES"": ""1""}",2026-08-21T16:53:48
VNAT_5s_tcpdur_random70_stratified_flowlevel_splitseed42_8feat_fedformer_150ms_seed1,VNAT,VNAT_5s_tcp_duration,5,random70_stratified_flowlevel_splitseed42,42,7aa2fe07e2ffeadb,Validation,4,fedformer,8feat,150ms,34,8,1,256,1459,630,best_val,28,12345,4,True,True,1.0,4.2265,95.93,45,76.1042,71.6376,74.4444,71.6376,"{""Chat"": 72.33, ""Control"": 88.189, ""File Transfer"": 60.465, ""Streaming"": 65.566}","{""Chat"": 58.203, ""Control"": 83.582, ""File Transfer"": 65.0, ""Streaming"": 90.85}","{""Chat"": 95.513, ""Control"": 93.333, ""File Transfer"": 56.522, ""Streaming"": 51.292}","{""Chat"": 156, ""Control"": 180, ""File Transfer"": 23, ""Streaming"": 271}","{""Chat"": 1.045129, ""Control"": 0.868452, ""File Transfer"": 5.883065, ""Streaming"": 0.580812}","{""Chat"": 349, ""Control"": 420, ""File Transfer"": 62, ""Streaming"": 628}",244037,checkpoints/VNAT_5s_tcp_duration_8feat_seed1/VNAT_5s_tcpdur_random70_stratified_flowlevel_splitseed42_8feat_fedformer_150ms_seed1.pth,3572140,53.2,OK,,"{""torch"": ""2.4.1+cu121"", ""cuda"": ""12.1"", ""gpu"": ""NVIDIA RTX A4500"", ""numpy"": ""1.26.0"", ""python"": ""3.10.12"", ""deterministic"": true, ""grad_clip_max_norm"": 1.0, ""CUBLAS_WORKSPACE_CONFIG"": "":4096:8"", ""CUDA_VISIBLE_DEVICES"": ""1""}",2026-08-21T16:54:42
VNAT_5s_tcpdur_random70_stratified_flowlevel_splitseed42_8feat_fedformer_150ms_seed2,VNAT,VNAT_5s_tcp_duration,5,random70_stratified_flowlevel_splitseed42,42,7aa2fe07e2ffeadb,Validation,4,fedformer,8feat,150ms,34,8,2,256,1459,630,best_val,15,12345,4,True,True,1.0,5.3105,97.5,40,72.5836,67.2117,69.6825,67.2117,"{""Chat"": 70.784, ""Control"": 81.683, ""File Transfer"": 59.091, ""Streaming"": 57.289}","{""Chat"": 56.226, ""Control"": 73.661, ""File Transfer"": 61.905, ""Streaming"": 93.333}","{""Chat"": 95.513, ""Control"": 91.667, ""File Transfer"": 56.522, ""Streaming"": 41.328}","{""Chat"": 156, ""Control"": 180, ""File Transfer"": 23, ""Streaming"": 271}","{""Chat"": 1.045129, ""Control"": 0.868452, ""File Transfer"": 5.883065, ""Streaming"": 0.580812}","{""Chat"": 349, ""Control"": 420, ""File Transfer"": 62, ""Streaming"": 628}",244037,checkpoints/VNAT_5s_tcp_duration_8feat_seed2/VNAT_5s_tcpdur_random70_stratified_flowlevel_splitseed42_8feat_fedformer_150ms_seed2.pth,3572140,45.9,OK,,"{""torch"": ""2.4.1+cu121"", ""cuda"": ""12.1"", ""gpu"": ""NVIDIA RTX A4500"", ""numpy"": ""1.26.0"", ""python"": ""3.10.12"", ""deterministic"": true, ""grad_clip_max_norm"": 1.0, ""CUBLAS_WORKSPACE_CONFIG"": "":4096:8"", ""CUDA_VISIBLE_DEVICES"": ""1""}",2026-08-21T16:55:28
VNAT_5s_tcpdur_random70_stratified_flowlevel_splitseed42_8feat_timemixer_150ms_seed0,VNAT,VNAT_5s_tcp_duration,5,random70_stratified_flowlevel_splitseed42,42,7aa2fe07e2ffeadb,Validation,4,timemixer,8feat,150ms,34,8,0,256,1459,630,best_val,47,12345,0,True,True,1.0,9.4091,42.9,61,77.3574,75.8185,77.619,75.8185,"{""Chat"": 73.766, ""Control"": 90.104, ""File Transfer"": 68.293, ""Streaming"": 71.111}","{""Chat"": 62.009, ""Control"": 84.804, ""File Transfer"": 77.778, ""Streaming"": 89.385}","{""Chat"": 91.026, ""Control"": 96.111, ""File Transfer"": 60.87, ""Streaming"": 59.041}","{""Chat"": 156, ""Control"": 180, ""File Transfer"": 23, ""Streaming"": 271}","{""Chat"": 1.045129, ""Control"": 0.868452, ""File Transfer"": 5.883065, ""Streaming"": 0.580812}","{""Chat"": 349, ""Control"": 420, ""File Transfer"": 62, ""Streaming"": 628}",149976,checkpoints/VNAT_5s_tcp_duration_8feat_seed0/VNAT_5s_tcpdur_random70_stratified_flowlevel_splitseed42_8feat_timemixer_150ms_seed0.pth,1916810,19.7,OK,,"{""torch"": ""2.4.1+cu121"", ""cuda"": ""12.1"", ""gpu"": ""NVIDIA RTX A4500"", ""numpy"": ""1.26.0"", ""python"": ""3.10.12"", ""deterministic"": true, ""grad_clip_max_norm"": 1.0, ""CUBLAS_WORKSPACE_CONFIG"": "":4096:8"", ""CUDA_VISIBLE_DEVICES"": ""1""}",2026-08-21T16:55:48
VNAT_5s_tcpdur_random70_stratified_flowlevel_splitseed42_8feat_timemixer_150ms_seed1,VNAT,VNAT_5s_tcp_duration,5,random70_stratified_flowlevel_splitseed42,42,7aa2fe07e2ffeadb,Validation,4,timemixer,8feat,150ms,34,8,1,256,1459,630,best_val,50,12345,0,True,True,1.0,13.7938,52.86,64,77.5749,73.1814,75.7143,73.1814,"{""Chat"": 71.429, ""Control"": 90.39, ""File Transfer"": 63.158, ""Streaming"": 67.749}","{""Chat"": 58.0, ""Control"": 84.878, ""File Transfer"": 80.0, ""Streaming"": 91.25}","{""Chat"": 92.949, ""Control"": 96.667, ""File Transfer"": 52.174, ""Streaming"": 53.875}","{""Chat"": 156, ""Control"": 180, ""File Transfer"": 23, ""Streaming"": 271}","{""Chat"": 1.045129, ""Control"": 0.868452, ""File Transfer"": 5.883065, ""Streaming"": 0.580812}","{""Chat"": 349, ""Control"": 420, ""File Transfer"": 62, ""Streaming"": 628}",149976,checkpoints/VNAT_5s_tcp_duration_8feat_seed1/VNAT_5s_tcpdur_random70_stratified_flowlevel_splitseed42_8feat_timemixer_150ms_seed1.pth,1916810,21.6,OK,,"{""torch"": ""2.4.1+cu121"", ""cuda"": ""12.1"", ""gpu"": ""NVIDIA RTX A4500"", ""numpy"": ""1.26.0"", ""python"": ""3.10.12"", ""deterministic"": true, ""grad_clip_max_norm"": 1.0, ""CUBLAS_WORKSPACE_CONFIG"": "":4096:8"", ""CUDA_VISIBLE_DEVICES"": ""1""}",2026-08-21T16:56:09
VNAT_5s_tcpdur_random70_stratified_flowlevel_splitseed42_8feat_timemixer_150ms_seed2,VNAT,VNAT_5s_tcp_duration,5,random70_stratified_flowlevel_splitseed42,42,7aa2fe07e2ffeadb,Validation,4,timemixer,8feat,150ms,34,8,2,256,1459,630,best_val,48,12345,0,True,True,1.0,28.1605,48.77,68,76.466,74.0635,74.7619,74.0635,"{""Chat"": 70.56, ""Control"": 87.368, ""File Transfer"": 70.27, ""Streaming"": 68.056}","{""Chat"": 56.863, ""Control"": 83.0, ""File Transfer"": 92.857, ""Streaming"": 91.304}","{""Chat"": 92.949, ""Control"": 92.222, ""File Transfer"": 56.522, ""Streaming"": 54.244}","{""Chat"": 156, ""Control"": 180, ""File Transfer"": 23, ""Streaming"": 271}","{""Chat"": 1.045129, ""Control"": 0.868452, ""File Transfer"": 5.883065, ""Streaming"": 0.580812}","{""Chat"": 349, ""Control"": 420, ""File Transfer"": 62, ""Streaming"": 628}",149976,checkpoints/VNAT_5s_tcp_duration_8feat_seed2/VNAT_5s_tcpdur_random70_stratified_flowlevel_splitseed42_8feat_timemixer_150ms_seed2.pth,1916810,19.8,OK,,"{""torch"": ""2.4.1+cu121"", ""cuda"": ""12.1"", ""gpu"": ""NVIDIA RTX A4500"", ""numpy"": ""1.26.0"", ""python"": ""3.10.12"", ""deterministic"": true, ""grad_clip_max_norm"": 1.0, ""CUBLAS_WORKSPACE_CONFIG"": "":4096:8"", ""CUDA_VISIBLE_DEVICES"": ""1""}",2026-08-21T16:56:29
VNAT_5s_tcpdur_random70_stratified_flowlevel_splitseed42_8feat_timesnet_200ms_seed0,VNAT,VNAT_5s_tcp_duration,5,random70_stratified_flowlevel_splitseed42,42,7aa2fe07e2ffeadb,Validation,4,timesnet,8feat,200ms,26,8,0,256,1459,630,best_val,25,12345,0,True,True,1.0,4.7677,84.59,53,79.603,75.612,76.6667,75.612,"{""Chat"": 70.471, ""Control"": 92.913, ""File Transfer"": 70.27, ""Streaming"": 68.793}","{""Chat"": 57.49, ""Control"": 88.06, ""File Transfer"": 92.857, ""Streaming"": 89.881}","{""Chat"": 91.026, ""Control"": 98.333, ""File Transfer"": 56.522, ""Streaming"": 55.72}","{""Chat"": 156, ""Control"": 180, ""File Transfer"": 23, ""Streaming"": 271}","{""Chat"": 1.045129, ""Control"": 0.868452, ""File Transfer"": 5.883065, ""Streaming"": 0.580812}","{""Chat"": 349, ""Control"": 420, ""File Transfer"": 62, ""Streaming"": 628}",9382596,checkpoints/VNAT_5s_tcp_duration_8feat_seed0/VNAT_5s_tcpdur_random70_stratified_flowlevel_splitseed42_8feat_timesnet_200ms_seed0.pth,38839870,33.7,OK,,"{""torch"": ""2.4.1+cu121"", ""cuda"": ""12.1"", ""gpu"": ""NVIDIA RTX A4500"", ""numpy"": ""1.26.0"", ""python"": ""3.10.12"", ""deterministic"": true, ""grad_clip_max_norm"": 1.0, ""CUBLAS_WORKSPACE_CONFIG"": "":4096:8"", ""CUDA_VISIBLE_DEVICES"": ""1""}",2026-08-21T16:57:03
VNAT_5s_tcpdur_random70_stratified_flowlevel_splitseed42_8feat_timesnet_200ms_seed1,VNAT,VNAT_5s_tcp_duration,5,random70_stratified_flowlevel_splitseed42,42,7aa2fe07e2ffeadb,Validation,4,timesnet,8feat,200ms,26,8,1,256,1459,630,best_val,28,12345,0,True,True,1.0,5.97,79.39,38,78.711,76.5885,79.0476,76.5885,"{""Chat"": 73.247, ""Control"": 93.122, ""File Transfer"": 66.667, ""Streaming"": 73.319}","{""Chat"": 61.572, ""Control"": 88.889, ""File Transfer"": 92.308, ""Streaming"": 88.947}","{""Chat"": 90.385, ""Control"": 97.778, ""File Transfer"": 52.174, ""Streaming"": 62.362}","{""Chat"": 156, ""Control"": 180, ""File Transfer"": 23, ""Streaming"": 271}","{""Chat"": 1.045129, ""Control"": 0.868452, ""File Transfer"": 5.883065, ""Streaming"": 0.580812}","{""Chat"": 349, ""Control"": 420, ""File Transfer"": 62, ""Streaming"": 628}",9382596,checkpoints/VNAT_5s_tcp_duration_8feat_seed1/VNAT_5s_tcpdur_random70_stratified_flowlevel_splitseed42_8feat_timesnet_200ms_seed1.pth,38839870,24.6,OK,,"{""torch"": ""2.4.1+cu121"", ""cuda"": ""12.1"", ""gpu"": ""NVIDIA RTX A4500"", ""numpy"": ""1.26.0"", ""python"": ""3.10.12"", ""deterministic"": true, ""grad_clip_max_norm"": 1.0, ""CUBLAS_WORKSPACE_CONFIG"": "":4096:8"", ""CUDA_VISIBLE_DEVICES"": ""1""}",2026-08-21T16:57:28
VNAT_5s_tcpdur_random70_stratified_flowlevel_splitseed42_8feat_timesnet_200ms_seed2,VNAT,VNAT_5s_tcp_duration,5,random70_stratified_flowlevel_splitseed42,42,7aa2fe07e2ffeadb,Validation,4,timesnet,8feat,200ms,26,8,2,256,1459,630,best_val,23,12345,0,True,True,1.0,5.8794,83.81,35,79.0945,76.1915,77.4603,76.1915,"{""Chat"": 72.362, ""Control"": 91.864, ""File Transfer"": 70.27, ""Streaming"": 70.27}","{""Chat"": 59.504, ""Control"": 87.065, ""File Transfer"": 92.857, ""Streaming"": 90.173}","{""Chat"": 92.308, ""Control"": 97.222, ""File Transfer"": 56.522, ""Streaming"": 57.565}","{""Chat"": 156, ""Control"": 180, ""File Transfer"": 23, ""Streaming"": 271}","{""Chat"": 1.045129, ""Control"": 0.868452, ""File Transfer"": 5.883065, ""Streaming"": 0.580812}","{""Chat"": 349, ""Control"": 420, ""File Transfer"": 62, ""Streaming"": 628}",9382596,checkpoints/VNAT_5s_tcp_duration_8feat_seed2/VNAT_5s_tcpdur_random70_stratified_flowlevel_splitseed42_8feat_timesnet_200ms_seed2.pth,38839870,22.6,OK,,"{""torch"": ""2.4.1+cu121"", ""cuda"": ""12.1"", ""gpu"": ""NVIDIA RTX A4500"", ""numpy"": ""1.26.0"", ""python"": ""3.10.12"", ""deterministic"": true, ""grad_clip_max_norm"": 1.0, ""CUBLAS_WORKSPACE_CONFIG"": "":4096:8"", ""CUDA_VISIBLE_DEVICES"": ""1""}",2026-08-21T16:57:51
VNAT_5s_tcpdur_random70_stratified_flowlevel_splitseed42_8feat_informer_200ms_seed0,VNAT,VNAT_5s_tcp_duration,5,random70_stratified_flowlevel_splitseed42,42,7aa2fe07e2ffeadb,Validation,4,informer,8feat,200ms,26,8,0,64,1459,630,best_val,7,12345,0,True,True,1.0,20.2609,100.0,35,79.1009,80.0107,83.4921,79.8939,"{""Chat"": 75.974, ""Control"": 93.158, ""File Transfer"": 68.421, ""Streaming"": 82.022}","{""Chat"": 76.974, ""Control"": 88.5, ""File Transfer"": 86.667, ""Streaming"": 83.27}","{""Chat"": 75.0, ""Control"": 98.333, ""File Transfer"": 56.522, ""Streaming"": 80.812}","{""Chat"": 156, ""Control"": 180, ""File Transfer"": 23, ""Streaming"": 271}","{""Chat"": 1.045129, ""Control"": 0.868452, ""File Transfer"": 5.883065, ""Streaming"": 0.580812}","{""Chat"": 349, ""Control"": 420, ""File Transfer"": 62, ""Streaming"": 628}",2707205,checkpoints/VNAT_5s_tcp_duration_8feat_seed0/VNAT_5s_tcpdur_random70_stratified_flowlevel_splitseed42_8feat_informer_200ms_seed0.pth,21112918,27.6,OK,,"{""torch"": ""2.4.1+cu121"", ""cuda"": ""12.1"", ""gpu"": ""NVIDIA RTX A4500"", ""numpy"": ""1.26.0"", ""python"": ""3.10.12"", ""deterministic"": true, ""grad_clip_max_norm"": 1.0, ""CUBLAS_WORKSPACE_CONFIG"": "":4096:8"", ""CUDA_VISIBLE_DEVICES"": ""1""}",2026-08-21T16:58:19
VNAT_5s_tcpdur_random70_stratified_flowlevel_splitseed42_8feat_informer_200ms_seed1,VNAT,VNAT_5s_tcp_duration,5,random70_stratified_flowlevel_splitseed42,42,7aa2fe07e2ffeadb,Validation,4,informer,8feat,200ms,26,8,1,64,1459,630,best_val,23,12345,0,True,True,1.0,15.3226,100.0,31,86.4191,82.3037,85.3968,81.8609,"{""Chat"": 78.37, ""Control"": 94.652, ""File Transfer"": 70.27, ""Streaming"": 84.151}","{""Chat"": 76.687, ""Control"": 91.237, ""File Transfer"": 92.857, ""Streaming"": 86.1}","{""Chat"": 80.128, ""Control"": 98.333, ""File Transfer"": 56.522, ""Streaming"": 82.288}","{""Chat"": 156, ""Control"": 180, ""File Transfer"": 23, ""Streaming"": 271}","{""Chat"": 1.045129, ""Control"": 0.868452, ""File Transfer"": 5.883065, ""Streaming"": 0.580812}","{""Chat"": 349, ""Control"": 420, ""File Transfer"": 62, ""Streaming"": 628}",2707205,checkpoints/VNAT_5s_tcp_duration_8feat_seed1/VNAT_5s_tcpdur_random70_stratified_flowlevel_splitseed42_8feat_informer_200ms_seed1.pth,21112918,31.0,OK,,"{""torch"": ""2.4.1+cu121"", ""cuda"": ""12.1"", ""gpu"": ""NVIDIA RTX A4500"", ""numpy"": ""1.26.0"", ""python"": ""3.10.12"", ""deterministic"": true, ""grad_clip_max_norm"": 1.0, ""CUBLAS_WORKSPACE_CONFIG"": "":4096:8"", ""CUDA_VISIBLE_DEVICES"": ""1""}",2026-08-21T16:58:50
VNAT_5s_tcpdur_random70_stratified_flowlevel_splitseed42_8feat_informer_200ms_seed2,VNAT,VNAT_5s_tcp_duration,5,random70_stratified_flowlevel_splitseed42,42,7aa2fe07e2ffeadb,Validation,4,informer,8feat,200ms,26,8,2,64,1459,630,best_val,6,12345,0,True,True,1.0,15.7675,100.0,22,78.4674,75.4716,76.9841,75.1331,"{""Chat"": 66.86, ""Control"": 92.67, ""File Transfer"": 68.421, ""Streaming"": 72.581}","{""Chat"": 61.17, ""Control"": 87.624, ""File Transfer"": 86.667, ""Streaming"": 80.0}","{""Chat"": 73.718, ""Control"": 98.333, ""File Transfer"": 56.522, ""Streaming"": 66.421}","{""Chat"": 156, ""Control"": 180, ""File Transfer"": 23, ""Streaming"": 271}","{""Chat"": 1.045129, ""Control"": 0.868452, ""File Transfer"": 5.883065, ""Streaming"": 0.580812}","{""Chat"": 349, ""Control"": 420, ""File Transfer"": 62, ""Streaming"": 628}",2707205,checkpoints/VNAT_5s_tcp_duration_8feat_seed2/VNAT_5s_tcpdur_random70_stratified_flowlevel_splitseed42_8feat_informer_200ms_seed2.pth,21112918,20.8,OK,,"{""torch"": ""2.4.1+cu121"", ""cuda"": ""12.1"", ""gpu"": ""NVIDIA RTX A4500"", ""numpy"": ""1.26.0"", ""python"": ""3.10.12"", ""deterministic"": true, ""grad_clip_max_norm"": 1.0, ""CUBLAS_WORKSPACE_CONFIG"": "":4096:8"", ""CUDA_VISIBLE_DEVICES"": ""1""}",2026-08-21T16:59:11
VNAT_5s_tcpdur_random70_stratified_flowlevel_splitseed42_8feat_nst_200ms_seed0,VNAT,VNAT_5s_tcp_duration,5,random70_stratified_flowlevel_splitseed42,42,7aa2fe07e2ffeadb,Validation,4,nst,8feat,200ms,26,8,0,64,1459,630,best_val,18,12345,0,True,True,1.0,10.676,100.0,28,80.3473,76.7272,78.7302,76.7272,"{""Chat"": 73.657, ""Control"": 92.67, ""File Transfer"": 68.421, ""Streaming"": 72.16}","{""Chat"": 61.277, ""Control"": 87.624, ""File Transfer"": 86.667, ""Streaming"": 91.011}","{""Chat"": 92.308, ""Control"": 98.333, ""File Transfer"": 56.522, ""Streaming"": 59.779}","{""Chat"": 156, ""Control"": 180, ""File Transfer"": 23, ""Streaming"": 271}","{""Chat"": 1.045129, ""Control"": 0.868452, ""File Transfer"": 5.883065, ""Streaming"": 0.580812}","{""Chat"": 349, ""Control"": 420, ""File Transfer"": 62, ""Streaming"": 628}",131360,checkpoints/VNAT_5s_tcp_duration_8feat_seed0/VNAT_5s_tcpdur_random70_stratified_flowlevel_splitseed42_8feat_nst_200ms_seed0.pth,1833474,26.4,OK,,"{""torch"": ""2.4.1+cu121"", ""cuda"": ""12.1"", ""gpu"": ""NVIDIA RTX A4500"", ""numpy"": ""1.26.0"", ""python"": ""3.10.12"", ""deterministic"": true, ""grad_clip_max_norm"": 1.0, ""CUBLAS_WORKSPACE_CONFIG"": "":4096:8"", ""CUDA_VISIBLE_DEVICES"": ""1""}",2026-08-21T16:59:38
VNAT_5s_tcpdur_random70_stratified_flowlevel_splitseed42_8feat_nst_200ms_seed1,VNAT,VNAT_5s_tcp_duration,5,random70_stratified_flowlevel_splitseed42,42,7aa2fe07e2ffeadb,Validation,4,nst,8feat,200ms,26,8,1,64,1459,630,best_val,19,12345,0,True,True,1.0,8.0347,99.69,28,80.9551,78.5553,80.9524,78.5553,"{""Chat"": 73.591, ""Control"": 92.428, ""File Transfer"": 70.27, ""Streaming"": 77.932}","{""Chat"": 68.508, ""Control"": 87.192, ""File Transfer"": 92.857, ""Streaming"": 84.483}","{""Chat"": 79.487, ""Control"": 98.333, ""File Transfer"": 56.522, ""Streaming"": 72.325}","{""Chat"": 156, ""Control"": 180, ""File Transfer"": 23, ""Streaming"": 271}","{""Chat"": 1.045129, ""Control"": 0.868452, ""File Transfer"": 5.883065, ""Streaming"": 0.580812}","{""Chat"": 349, ""Control"": 420, ""File Transfer"": 62, ""Streaming"": 628}",131360,checkpoints/VNAT_5s_tcp_duration_8feat_seed1/VNAT_5s_tcpdur_random70_stratified_flowlevel_splitseed42_8feat_nst_200ms_seed1.pth,1833474,24.0,OK,,"{""torch"": ""2.4.1+cu121"", ""cuda"": ""12.1"", ""gpu"": ""NVIDIA RTX A4500"", ""numpy"": ""1.26.0"", ""python"": ""3.10.12"", ""deterministic"": true, ""grad_clip_max_norm"": 1.0, ""CUBLAS_WORKSPACE_CONFIG"": "":4096:8"", ""CUDA_VISIBLE_DEVICES"": ""1""}",2026-08-21T17:00:02
VNAT_5s_tcpdur_random70_stratified_flowlevel_splitseed42_8feat_nst_200ms_seed2,VNAT,VNAT_5s_tcp_duration,5,random70_stratified_flowlevel_splitseed42,42,7aa2fe07e2ffeadb,Validation,4,nst,8feat,200ms,26,8,2,64,1459,630,best_val,11,12345,0,True,True,1.0,8.7542,99.5,26,78.7294,76.0629,77.9365,76.0629,"{""Chat"": 73.247, ""Control"": 91.473, ""File Transfer"": 68.421, ""Streaming"": 71.111}","{""Chat"": 61.572, ""Control"": 85.507, ""File Transfer"": 86.667, ""Streaming"": 89.385}","{""Chat"": 90.385, ""Control"": 98.333, ""File Transfer"": 56.522, ""Streaming"": 59.041}","{""Chat"": 156, ""Control"": 180, ""File Transfer"": 23, ""Streaming"": 271}","{""Chat"": 1.045129, ""Control"": 0.868452, ""File Transfer"": 5.883065, ""Streaming"": 0.580812}","{""Chat"": 349, ""Control"": 420, ""File Transfer"": 62, ""Streaming"": 628}",131360,checkpoints/VNAT_5s_tcp_duration_8feat_seed2/VNAT_5s_tcpdur_random70_stratified_flowlevel_splitseed42_8feat_nst_200ms_seed2.pth,1833474,24.7,OK,,"{""torch"": ""2.4.1+cu121"", ""cuda"": ""12.1"", ""gpu"": ""NVIDIA RTX A4500"", ""numpy"": ""1.26.0"", ""python"": ""3.10.12"", ""deterministic"": true, ""grad_clip_max_norm"": 1.0, ""CUBLAS_WORKSPACE_CONFIG"": "":4096:8"", ""CUDA_VISIBLE_DEVICES"": ""1""}",2026-08-21T17:00:26
VNAT_5s_tcpdur_random70_stratified_flowlevel_splitseed42_8feat_autoformer_200ms_seed0,VNAT,VNAT_5s_tcp_duration,5,random70_stratified_flowlevel_splitseed42,42,7aa2fe07e2ffeadb,Validation,4,autoformer,8feat,200ms,26,8,0,256,1459,630,best_val,34,12345,0,True,True,1.0,4.7171,97.22,48,77.4283,73.8384,77.619,73.8384,"{""Chat"": 73.575, ""Control"": 91.864, ""File Transfer"": 59.091, ""Streaming"": 70.824}","{""Chat"": 61.739, ""Control"": 87.065, ""File Transfer"": 61.905, ""Streaming"": 89.326}","{""Chat"": 91.026, ""Control"": 97.222, ""File Transfer"": 56.522, ""Streaming"": 58.672}","{""Chat"": 156, ""Control"": 180, ""File Transfer"": 23, ""Streaming"": 271}","{""Chat"": 1.045129, ""Control"": 0.868452, ""File Transfer"": 5.883065, ""Streaming"": 0.580812}","{""Chat"": 349, ""Control"": 420, ""File Transfer"": 62, ""Streaming"": 628}",107460,checkpoints/VNAT_5s_tcp_duration_8feat_seed0/VNAT_5s_tcpdur_random70_stratified_flowlevel_splitseed42_8feat_autoformer_200ms_seed0.pth,1727426,15.1,OK,,"{""torch"": ""2.4.1+cu121"", ""cuda"": ""12.1"", ""gpu"": ""NVIDIA RTX A4500"", ""numpy"": ""1.26.0"", ""python"": ""3.10.12"", ""deterministic"": true, ""grad_clip_max_norm"": 1.0, ""CUBLAS_WORKSPACE_CONFIG"": "":4096:8"", ""CUDA_VISIBLE_DEVICES"": ""1""}",2026-08-21T17:00:42
VNAT_5s_tcpdur_random70_stratified_flowlevel_splitseed42_8feat_autoformer_200ms_seed1,VNAT,VNAT_5s_tcp_duration,5,random70_stratified_flowlevel_splitseed42,42,7aa2fe07e2ffeadb,Validation,4,autoformer,8feat,200ms,26,8,1,256,1459,630,best_val,29,12345,0,True,True,1.0,5.3429,95.74,43,77.4041,73.7043,78.0952,73.7043,"{""Chat"": 73.902, ""Control"": 92.838, ""File Transfer"": 56.522, ""Streaming"": 71.556}","{""Chat"": 61.905, ""Control"": 88.832, ""File Transfer"": 56.522, ""Streaming"": 89.944}","{""Chat"": 91.667, ""Control"": 97.222, ""File Transfer"": 56.522, ""Streaming"": 59.41}","{""Chat"": 156, ""Control"": 180, ""File Transfer"": 23, ""Streaming"": 271}","{""Chat"": 1.045129, ""Control"": 0.868452, ""File Transfer"": 5.883065, ""Streaming"": 0.580812}","{""Chat"": 349, ""Control"": 420, ""File Transfer"": 62, ""Streaming"": 628}",107460,checkpoints/VNAT_5s_tcp_duration_8feat_seed1/VNAT_5s_tcpdur_random70_stratified_flowlevel_splitseed42_8feat_autoformer_200ms_seed1.pth,1727426,13.4,OK,,"{""torch"": ""2.4.1+cu121"", ""cuda"": ""12.1"", ""gpu"": ""NVIDIA RTX A4500"", ""numpy"": ""1.26.0"", ""python"": ""3.10.12"", ""deterministic"": true, ""grad_clip_max_norm"": 1.0, ""CUBLAS_WORKSPACE_CONFIG"": "":4096:8"", ""CUDA_VISIBLE_DEVICES"": ""1""}",2026-08-21T17:00:55
VNAT_5s_tcpdur_random70_stratified_flowlevel_splitseed42_8feat_autoformer_200ms_seed2,VNAT,VNAT_5s_tcp_duration,5,random70_stratified_flowlevel_splitseed42,42,7aa2fe07e2ffeadb,Validation,4,autoformer,8feat,200ms,26,8,2,256,1459,630,best_val,23,12345,0,True,True,1.0,5.3956,97.69,36,75.8688,72.4112,75.873,72.4112,"{""Chat"": 72.634, ""Control"": 90.488, ""File Transfer"": 59.091, ""Streaming"": 67.431}","{""Chat"": 60.426, ""Control"": 84.211, ""File Transfer"": 61.905, ""Streaming"": 89.091}","{""Chat"": 91.026, ""Control"": 97.778, ""File Transfer"": 56.522, ""Streaming"": 54.244}","{""Chat"": 156, ""Control"": 180, ""File Transfer"": 23, ""Streaming"": 271}","{""Chat"": 1.045129, ""Control"": 0.868452, ""File Transfer"": 5.883065, ""Streaming"": 0.580812}","{""Chat"": 349, ""Control"": 420, ""File Transfer"": 62, ""Streaming"": 628}",107460,checkpoints/VNAT_5s_tcp_duration_8feat_seed2/VNAT_5s_tcpdur_random70_stratified_flowlevel_splitseed42_8feat_autoformer_200ms_seed2.pth,1727426,11.1,OK,,"{""torch"": ""2.4.1+cu121"", ""cuda"": ""12.1"", ""gpu"": ""NVIDIA RTX A4500"", ""numpy"": ""1.26.0"", ""python"": ""3.10.12"", ""deterministic"": true, ""grad_clip_max_norm"": 1.0, ""CUBLAS_WORKSPACE_CONFIG"": "":4096:8"", ""CUDA_VISIBLE_DEVICES"": ""1""}",2026-08-21T17:01:06
VNAT_5s_tcpdur_random70_stratified_flowlevel_splitseed42_8feat_fedformer_200ms_seed0,VNAT,VNAT_5s_tcp_duration,5,random70_stratified_flowlevel_splitseed42,42,7aa2fe07e2ffeadb,Validation,4,fedformer,8feat,200ms,26,8,0,256,1459,630,best_val,30,12345,4,True,True,1.0,5.6894,93.25,42,77.8057,72.1388,74.7619,72.1388,"{""Chat"": 71.357, ""Control"": 90.026, ""File Transfer"": 61.905, ""Streaming"": 65.268}","{""Chat"": 58.678, ""Control"": 83.412, ""File Transfer"": 68.421, ""Streaming"": 88.608}","{""Chat"": 91.026, ""Control"": 97.778, ""File Transfer"": 56.522, ""Streaming"": 51.661}","{""Chat"": 156, ""Control"": 180, ""File Transfer"": 23, ""Streaming"": 271}","{""Chat"": 1.045129, ""Control"": 0.868452, ""File Transfer"": 5.883065, ""Streaming"": 0.580812}","{""Chat"": 349, ""Control"": 420, ""File Transfer"": 62, ""Streaming"": 628}",225605,checkpoints/VNAT_5s_tcp_duration_8feat_seed0/VNAT_5s_tcpdur_random70_stratified_flowlevel_splitseed42_8feat_fedformer_200ms_seed0.pth,3498412,40.0,OK,,"{""torch"": ""2.4.1+cu121"", ""cuda"": ""12.1"", ""gpu"": ""NVIDIA RTX A4500"", ""numpy"": ""1.26.0"", ""python"": ""3.10.12"", ""deterministic"": true, ""grad_clip_max_norm"": 1.0, ""CUBLAS_WORKSPACE_CONFIG"": "":4096:8"", ""CUDA_VISIBLE_DEVICES"": ""1""}",2026-08-21T17:01:46
VNAT_5s_tcpdur_random70_stratified_flowlevel_splitseed42_8feat_fedformer_200ms_seed1,VNAT,VNAT_5s_tcp_duration,5,random70_stratified_flowlevel_splitseed42,42,7aa2fe07e2ffeadb,Validation,4,fedformer,8feat,200ms,26,8,1,256,1459,630,best_val,35,12345,4,True,True,1.0,5.5182,91.84,49,78.5344,73.9124,76.0317,73.9124,"{""Chat"": 71.392, ""Control"": 91.384, ""File Transfer"": 65.0, ""Streaming"": 67.873}","{""Chat"": 58.996, ""Control"": 86.207, ""File Transfer"": 76.471, ""Streaming"": 87.719}","{""Chat"": 90.385, ""Control"": 97.222, ""File Transfer"": 56.522, ""Streaming"": 55.351}","{""Chat"": 156, ""Control"": 180, ""File Transfer"": 23, ""Streaming"": 271}","{""Chat"": 1.045129, ""Control"": 0.868452, ""File Transfer"": 5.883065, ""Streaming"": 0.580812}","{""Chat"": 349, ""Control"": 420, ""File Transfer"": 62, ""Streaming"": 628}",225605,checkpoints/VNAT_5s_tcp_duration_8feat_seed1/VNAT_5s_tcpdur_random70_stratified_flowlevel_splitseed42_8feat_fedformer_200ms_seed1.pth,3498412,46.9,OK,,"{""torch"": ""2.4.1+cu121"", ""cuda"": ""12.1"", ""gpu"": ""NVIDIA RTX A4500"", ""numpy"": ""1.26.0"", ""python"": ""3.10.12"", ""deterministic"": true, ""grad_clip_max_norm"": 1.0, ""CUBLAS_WORKSPACE_CONFIG"": "":4096:8"", ""CUDA_VISIBLE_DEVICES"": ""1""}",2026-08-21T17:02:33
VNAT_5s_tcpdur_random70_stratified_flowlevel_splitseed42_8feat_fedformer_200ms_seed2,VNAT,VNAT_5s_tcp_duration,5,random70_stratified_flowlevel_splitseed42,42,7aa2fe07e2ffeadb,Validation,4,fedformer,8feat,200ms,26,8,2,256,1459,630,best_val,30,12345,4,True,True,1.0,7.5101,92.8,44,76.8753,71.7886,74.7619,71.7886,"{""Chat"": 71.574, ""Control"": 89.848, ""File Transfer"": 60.465, ""Streaming"": 65.268}","{""Chat"": 59.244, ""Control"": 82.71, ""File Transfer"": 65.0, ""Streaming"": 88.608}","{""Chat"": 90.385, ""Control"": 98.333, ""File Transfer"": 56.522, ""Streaming"": 51.661}","{""Chat"": 156, ""Control"": 180, ""File Transfer"": 23, ""Streaming"": 271}","{""Chat"": 1.045129, ""Control"": 0.868452, ""File Transfer"": 5.883065, ""Streaming"": 0.580812}","{""Chat"": 349, ""Control"": 420, ""File Transfer"": 62, ""Streaming"": 628}",225605,checkpoints/VNAT_5s_tcp_duration_8feat_seed2/VNAT_5s_tcpdur_random70_stratified_flowlevel_splitseed42_8feat_fedformer_200ms_seed2.pth,3498412,41.9,OK,,"{""torch"": ""2.4.1+cu121"", ""cuda"": ""12.1"", ""gpu"": ""NVIDIA RTX A4500"", ""numpy"": ""1.26.0"", ""python"": ""3.10.12"", ""deterministic"": true, ""grad_clip_max_norm"": 1.0, ""CUBLAS_WORKSPACE_CONFIG"": "":4096:8"", ""CUDA_VISIBLE_DEVICES"": ""1""}",2026-08-21T17:03:15
VNAT_5s_tcpdur_random70_stratified_flowlevel_splitseed42_8feat_timemixer_200ms_seed0,VNAT,VNAT_5s_tcp_duration,5,random70_stratified_flowlevel_splitseed42,42,7aa2fe07e2ffeadb,Validation,4,timemixer,8feat,200ms,26,8,0,256,1459,630,best_val,36,12345,0,True,True,1.0,4.9944,26.92,65,77.4404,74.2969,75.5556,74.2969,"{""Chat"": 69.88, ""Control"": 91.906, ""File Transfer"": 68.421, ""Streaming"": 66.981}","{""Chat"": 55.985, ""Control"": 86.7, ""File Transfer"": 86.667, ""Streaming"": 92.81}","{""Chat"": 92.949, ""Control"": 97.778, ""File Transfer"": 56.522, ""Streaming"": 52.399}","{""Chat"": 156, ""Control"": 180, ""File Transfer"": 23, ""Streaming"": 271}","{""Chat"": 1.045129, ""Control"": 0.868452, ""File Transfer"": 5.883065, ""Streaming"": 0.580812}","{""Chat"": 349, ""Control"": 420, ""File Transfer"": 62, ""Streaming"": 628}",145168,checkpoints/VNAT_5s_tcp_duration_8feat_seed0/VNAT_5s_tcpdur_random70_stratified_flowlevel_splitseed42_8feat_timemixer_200ms_seed0.pth,1897610,19.1,OK,,"{""torch"": ""2.4.1+cu121"", ""cuda"": ""12.1"", ""gpu"": ""NVIDIA RTX A4500"", ""numpy"": ""1.26.0"", ""python"": ""3.10.12"", ""deterministic"": true, ""grad_clip_max_norm"": 1.0, ""CUBLAS_WORKSPACE_CONFIG"": "":4096:8"", ""CUDA_VISIBLE_DEVICES"": ""1""}",2026-08-21T17:03:35
VNAT_5s_tcpdur_random70_stratified_flowlevel_splitseed42_8feat_timemixer_200ms_seed1,VNAT,VNAT_5s_tcp_duration,5,random70_stratified_flowlevel_splitseed42,42,7aa2fe07e2ffeadb,Validation,4,timemixer,8feat,200ms,26,8,1,256,1459,630,best_val,32,12345,0,True,True,1.0,7.1443,33.59,66,78.781,74.5104,76.0317,74.5104,"{""Chat"": 70.558, ""Control"": 89.796, ""File Transfer"": 68.421, ""Streaming"": 69.266}","{""Chat"": 58.403, ""Control"": 83.019, ""File Transfer"": 86.667, ""Streaming"": 91.515}","{""Chat"": 89.103, ""Control"": 97.778, ""File Transfer"": 56.522, ""Streaming"": 55.72}","{""Chat"": 156, ""Control"": 180, ""File Transfer"": 23, ""Streaming"": 271}","{""Chat"": 1.045129, ""Control"": 0.868452, ""File Transfer"": 5.883065, ""Streaming"": 0.580812}","{""Chat"": 349, ""Control"": 420, ""File Transfer"": 62, ""Streaming"": 628}",145168,checkpoints/VNAT_5s_tcp_duration_8feat_seed1/VNAT_5s_tcpdur_random70_stratified_flowlevel_splitseed42_8feat_timemixer_200ms_seed1.pth,1897610,20.2,OK,,"{""torch"": ""2.4.1+cu121"", ""cuda"": ""12.1"", ""gpu"": ""NVIDIA RTX A4500"", ""numpy"": ""1.26.0"", ""python"": ""3.10.12"", ""deterministic"": true, ""grad_clip_max_norm"": 1.0, ""CUBLAS_WORKSPACE_CONFIG"": "":4096:8"", ""CUDA_VISIBLE_DEVICES"": ""1""}",2026-08-21T17:03:55
VNAT_5s_tcpdur_random70_stratified_flowlevel_splitseed42_8feat_timemixer_200ms_seed2,VNAT,VNAT_5s_tcp_duration,5,random70_stratified_flowlevel_splitseed42,42,7aa2fe07e2ffeadb,Validation,4,timemixer,8feat,200ms,26,8,2,256,1459,630,best_val,29,12345,0,True,True,1.0,8.4296,33.05,59,76.5453,74.0297,75.0794,74.0297,"{""Chat"": 70.685, ""Control"": 86.275, ""File Transfer"": 70.27, ""Streaming"": 68.889}","{""Chat"": 61.722, ""Control"": 77.193, ""File Transfer"": 92.857, ""Streaming"": 86.592}","{""Chat"": 82.692, ""Control"": 97.778, ""File Transfer"": 56.522, ""Streaming"": 57.196}","{""Chat"": 156, ""Control"": 180, ""File Transfer"": 23, ""Streaming"": 271}","{""Chat"": 1.045129, ""Control"": 0.868452, ""File Transfer"": 5.883065, ""Streaming"": 0.580812}","{""Chat"": 349, ""Control"": 420, ""File Transfer"": 62, ""Streaming"": 628}",145168,checkpoints/VNAT_5s_tcp_duration_8feat_seed2/VNAT_5s_tcpdur_random70_stratified_flowlevel_splitseed42_8feat_timemixer_200ms_seed2.pth,1897610,17.9,OK,,"{""torch"": ""2.4.1+cu121"", ""cuda"": ""12.1"", ""gpu"": ""NVIDIA RTX A4500"", ""numpy"": ""1.26.0"", ""python"": ""3.10.12"", ""deterministic"": true, ""grad_clip_max_norm"": 1.0, ""CUBLAS_WORKSPACE_CONFIG"": "":4096:8"", ""CUDA_VISIBLE_DEVICES"": ""1""}",2026-08-21T17:04:13
VNAT_5s_tcpdur_random70_stratified_flowlevel_splitseed42_8feat_timesnet_250ms_seed0,VNAT,VNAT_5s_tcp_duration,5,random70_stratified_flowlevel_splitseed42,42,7aa2fe07e2ffeadb,Validation,4,timesnet,8feat,250ms,21,8,0,256,1459,630,best_val,19,12345,0,True,True,1.0,6.516,78.57,42,78.3261,74.0302,76.3492,74.0302,"{""Chat"": 65.517, ""Control"": 94.118, ""File Transfer"": 65.0, ""Streaming"": 71.486}","{""Chat"": 59.375, ""Control"": 90.722, ""File Transfer"": 76.471, ""Streaming"": 78.414}","{""Chat"": 73.077, ""Control"": 97.778, ""File Transfer"": 56.522, ""Streaming"": 65.683}","{""Chat"": 156, ""Control"": 180, ""File Transfer"": 23, ""Streaming"": 271}","{""Chat"": 1.045129, ""Control"": 0.868452, ""File Transfer"": 5.883065, ""Streaming"": 0.580812}","{""Chat"": 349, ""Control"": 420, ""File Transfer"": 62, ""Streaming"": 628}",9381316,checkpoints/VNAT_5s_tcp_duration_8feat_seed0/VNAT_5s_tcpdur_random70_stratified_flowlevel_splitseed42_8feat_timesnet_250ms_seed0.pth,38834750,26.5,OK,,"{""torch"": ""2.4.1+cu121"", ""cuda"": ""12.1"", ""gpu"": ""NVIDIA RTX A4500"", ""numpy"": ""1.26.0"", ""python"": ""3.10.12"", ""deterministic"": true, ""grad_clip_max_norm"": 1.0, ""CUBLAS_WORKSPACE_CONFIG"": "":4096:8"", ""CUDA_VISIBLE_DEVICES"": ""1""}",2026-08-21T17:04:40
VNAT_5s_tcpdur_random70_stratified_flowlevel_splitseed42_8feat_timesnet_250ms_seed1,VNAT,VNAT_5s_tcp_duration,5,random70_stratified_flowlevel_splitseed42,42,7aa2fe07e2ffeadb,Validation,4,timesnet,8feat,250ms,21,8,1,256,1459,630,best_val,22,12345,0,True,True,1.0,4.8844,76.58,37,77.6792,75.6528,77.7778,75.6528,"{""Chat"": 72.081, ""Control"": 92.308, ""File Transfer"": 66.667, ""Streaming"": 71.556}","{""Chat"": 59.664, ""Control"": 88.325, ""File Transfer"": 81.25, ""Streaming"": 89.944}","{""Chat"": 91.026, ""Control"": 96.667, ""File Transfer"": 56.522, ""Streaming"": 59.41}","{""Chat"": 156, ""Control"": 180, ""File Transfer"": 23, ""Streaming"": 271}","{""Chat"": 1.045129, ""Control"": 0.868452, ""File Transfer"": 5.883065, ""Streaming"": 0.580812}","{""Chat"": 349, ""Control"": 420, ""File Transfer"": 62, ""Streaming"": 628}",9381316,checkpoints/VNAT_5s_tcp_duration_8feat_seed1/VNAT_5s_tcpdur_random70_stratified_flowlevel_splitseed42_8feat_timesnet_250ms_seed1.pth,38834750,23.8,OK,,"{""torch"": ""2.4.1+cu121"", ""cuda"": ""12.1"", ""gpu"": ""NVIDIA RTX A4500"", ""numpy"": ""1.26.0"", ""python"": ""3.10.12"", ""deterministic"": true, ""grad_clip_max_norm"": 1.0, ""CUBLAS_WORKSPACE_CONFIG"": "":4096:8"", ""CUDA_VISIBLE_DEVICES"": ""1""}",2026-08-21T17:05:04
VNAT_5s_tcpdur_random70_stratified_flowlevel_splitseed42_8feat_timesnet_250ms_seed2,VNAT,VNAT_5s_tcp_duration,5,random70_stratified_flowlevel_splitseed42,42,7aa2fe07e2ffeadb,Validation,4,timesnet,8feat,250ms,21,8,2,256,1459,630,best_val,22,12345,0,True,True,1.0,4.9909,78.43,34,78.6089,74.952,76.8254,74.952,"{""Chat"": 70.647, ""Control"": 93.404, ""File Transfer"": 66.667, ""Streaming"": 69.091}","{""Chat"": 57.724, ""Control"": 88.945, ""File Transfer"": 81.25, ""Streaming"": 89.941}","{""Chat"": 91.026, ""Control"": 98.333, ""File Transfer"": 56.522, ""Streaming"": 56.089}","{""Chat"": 156, ""Control"": 180, ""File Transfer"": 23, ""Streaming"": 271}","{""Chat"": 1.045129, ""Control"": 0.868452, ""File Transfer"": 5.883065, ""Streaming"": 0.580812}","{""Chat"": 349, ""Control"": 420, ""File Transfer"": 62, ""Streaming"": 628}",9381316,checkpoints/VNAT_5s_tcp_duration_8feat_seed2/VNAT_5s_tcpdur_random70_stratified_flowlevel_splitseed42_8feat_timesnet_250ms_seed2.pth,38834750,22.4,OK,,"{""torch"": ""2.4.1+cu121"", ""cuda"": ""12.1"", ""gpu"": ""NVIDIA RTX A4500"", ""numpy"": ""1.26.0"", ""python"": ""3.10.12"", ""deterministic"": true, ""grad_clip_max_norm"": 1.0, ""CUBLAS_WORKSPACE_CONFIG"": "":4096:8"", ""CUDA_VISIBLE_DEVICES"": ""1""}",2026-08-21T17:05:27
VNAT_5s_tcpdur_random70_stratified_flowlevel_splitseed42_8feat_informer_250ms_seed0,VNAT,VNAT_5s_tcp_duration,5,random70_stratified_flowlevel_splitseed42,42,7aa2fe07e2ffeadb,Validation,4,informer,8feat,250ms,21,8,0,64,1459,630,best_val,23,12345,0,True,True,1.0,14.8967,99.66,38,91.1215,86.3541,90.6349,86.4747,"{""Chat"": 86.517, ""Control"": 96.721, ""File Transfer"": 72.222, ""Streaming"": 90.438}","{""Chat"": 77.0, ""Control"": 95.161, ""File Transfer"": 100.0, ""Streaming"": 98.268}","{""Chat"": 98.718, ""Control"": 98.333, ""File Transfer"": 56.522, ""Streaming"": 83.764}","{""Chat"": 156, ""Control"": 180, ""File Transfer"": 23, ""Streaming"": 271}","{""Chat"": 1.045129, ""Control"": 0.868452, ""File Transfer"": 5.883065, ""Streaming"": 0.580812}","{""Chat"": 349, ""Control"": 420, ""File Transfer"": 62, ""Streaming"": 628}",2702085,checkpoints/VNAT_5s_tcp_duration_8feat_seed0/VNAT_5s_tcpdur_random70_stratified_flowlevel_splitseed42_8feat_informer_250ms_seed0.pth,21092438,38.0,OK,,"{""torch"": ""2.4.1+cu121"", ""cuda"": ""12.1"", ""gpu"": ""NVIDIA RTX A4500"", ""numpy"": ""1.26.0"", ""python"": ""3.10.12"", ""deterministic"": true, ""grad_clip_max_norm"": 1.0, ""CUBLAS_WORKSPACE_CONFIG"": "":4096:8"", ""CUDA_VISIBLE_DEVICES"": ""1""}",2026-08-21T17:06:05
VNAT_5s_tcpdur_random70_stratified_flowlevel_splitseed42_8feat_informer_250ms_seed1,VNAT,VNAT_5s_tcp_duration,5,random70_stratified_flowlevel_splitseed42,42,7aa2fe07e2ffeadb,Validation,4,informer,8feat,250ms,21,8,1,64,1459,630,best_val,33,12345,0,True,True,1.0,14.281,99.89,41,89.0923,85.9003,89.5238,85.6486,"{""Chat"": 85.549, ""Control"": 96.196, ""File Transfer"": 72.222, ""Streaming"": 88.627}","{""Chat"": 77.895, ""Control"": 94.149, ""File Transfer"": 100.0, ""Streaming"": 94.561}","{""Chat"": 94.872, ""Control"": 98.333, ""File Transfer"": 56.522, ""Streaming"": 83.395}","{""Chat"": 156, ""Control"": 180, ""File Transfer"": 23, ""Streaming"": 271}","{""Chat"": 1.045129, ""Control"": 0.868452, ""File Transfer"": 5.883065, ""Streaming"": 0.580812}","{""Chat"": 349, ""Control"": 420, ""File Transfer"": 62, ""Streaming"": 628}",2702085,checkpoints/VNAT_5s_tcp_duration_8feat_seed1/VNAT_5s_tcpdur_random70_stratified_flowlevel_splitseed42_8feat_informer_250ms_seed1.pth,21092438,40.6,OK,,"{""torch"": ""2.4.1+cu121"", ""cuda"": ""12.1"", ""gpu"": ""NVIDIA RTX A4500"", ""numpy"": ""1.26.0"", ""python"": ""3.10.12"", ""deterministic"": true, ""grad_clip_max_norm"": 1.0, ""CUBLAS_WORKSPACE_CONFIG"": "":4096:8"", ""CUDA_VISIBLE_DEVICES"": ""1""}",2026-08-21T17:06:46
VNAT_5s_tcpdur_random70_stratified_flowlevel_splitseed42_8feat_informer_250ms_seed2,VNAT,VNAT_5s_tcp_duration,5,random70_stratified_flowlevel_splitseed42,42,7aa2fe07e2ffeadb,Validation,4,informer,8feat,250ms,21,8,2,64,1459,630,best_val,25,12345,0,True,True,1.0,16.9759,100.0,33,89.2996,85.6414,89.3651,85.5206,"{""Chat"": 85.475, ""Control"": 95.676, ""File Transfer"": 72.222, ""Streaming"": 88.71}","{""Chat"": 75.743, ""Control"": 93.158, ""File Transfer"": 100.0, ""Streaming"": 97.778}","{""Chat"": 98.077, ""Control"": 98.333, ""File Transfer"": 56.522, ""Streaming"": 81.181}","{""Chat"": 156, ""Control"": 180, ""File Transfer"": 23, ""Streaming"": 271}","{""Chat"": 1.045129, ""Control"": 0.868452, ""File Transfer"": 5.883065, ""Streaming"": 0.580812}","{""Chat"": 349, ""Control"": 420, ""File Transfer"": 62, ""Streaming"": 628}",2702085,checkpoints/VNAT_5s_tcp_duration_8feat_seed2/VNAT_5s_tcpdur_random70_stratified_flowlevel_splitseed42_8feat_informer_250ms_seed2.pth,21092438,32.3,OK,,"{""torch"": ""2.4.1+cu121"", ""cuda"": ""12.1"", ""gpu"": ""NVIDIA RTX A4500"", ""numpy"": ""1.26.0"", ""python"": ""3.10.12"", ""deterministic"": true, ""grad_clip_max_norm"": 1.0, ""CUBLAS_WORKSPACE_CONFIG"": "":4096:8"", ""CUDA_VISIBLE_DEVICES"": ""1""}",2026-08-21T17:07:18
VNAT_5s_tcpdur_random70_stratified_flowlevel_splitseed42_8feat_nst_250ms_seed0,VNAT,VNAT_5s_tcp_duration,5,random70_stratified_flowlevel_splitseed42,42,7aa2fe07e2ffeadb,Validation,4,nst,8feat,250ms,21,8,0,64,1459,630,best_val,22,12345,0,True,True,1.0,8.0416,99.29,37,81.4533,80.3936,83.4921,80.3936,"{""Chat"": 75.155, ""Control"": 94.4, ""File Transfer"": 70.27, ""Streaming"": 81.749}","{""Chat"": 72.892, ""Control"": 90.769, ""File Transfer"": 92.857, ""Streaming"": 84.314}","{""Chat"": 77.564, ""Control"": 98.333, ""File Transfer"": 56.522, ""Streaming"": 79.336}","{""Chat"": 156, ""Control"": 180, ""File Transfer"": 23, ""Streaming"": 271}","{""Chat"": 1.045129, ""Control"": 0.868452, ""File Transfer"": 5.883065, ""Streaming"": 0.580812}","{""Chat"": 349, ""Control"": 420, ""File Transfer"": 62, ""Streaming"": 628}",129730,checkpoints/VNAT_5s_tcp_duration_8feat_seed0/VNAT_5s_tcpdur_random70_stratified_flowlevel_splitseed42_8feat_nst_250ms_seed0.pth,1827074,34.2,OK,,"{""torch"": ""2.4.1+cu121"", ""cuda"": ""12.1"", ""gpu"": ""NVIDIA RTX A4500"", ""numpy"": ""1.26.0"", ""python"": ""3.10.12"", ""deterministic"": true, ""grad_clip_max_norm"": 1.0, ""CUBLAS_WORKSPACE_CONFIG"": "":4096:8"", ""CUDA_VISIBLE_DEVICES"": ""1""}",2026-08-21T17:07:52
VNAT_5s_tcpdur_random70_stratified_flowlevel_splitseed42_8feat_nst_250ms_seed1,VNAT,VNAT_5s_tcp_duration,5,random70_stratified_flowlevel_splitseed42,42,7aa2fe07e2ffeadb,Validation,4,nst,8feat,250ms,21,8,1,64,1459,630,best_val,22,12345,0,True,True,1.0,7.7139,99.86,30,80.3184,79.9497,82.8571,79.9497,"{""Chat"": 74.691, ""Control"": 94.149, ""File Transfer"": 70.27, ""Streaming"": 80.688}","{""Chat"": 72.024, ""Control"": 90.306, ""File Transfer"": 92.857, ""Streaming"": 83.73}","{""Chat"": 77.564, ""Control"": 98.333, ""File Transfer"": 56.522, ""Streaming"": 77.86}","{""Chat"": 156, ""Control"": 180, ""File Transfer"": 23, ""Streaming"": 271}","{""Chat"": 1.045129, ""Control"": 0.868452, ""File Transfer"": 5.883065, ""Streaming"": 0.580812}","{""Chat"": 349, ""Control"": 420, ""File Transfer"": 62, ""Streaming"": 628}",129730,checkpoints/VNAT_5s_tcp_duration_8feat_seed1/VNAT_5s_tcpdur_random70_stratified_flowlevel_splitseed42_8feat_nst_250ms_seed1.pth,1827074,23.3,OK,,"{""torch"": ""2.4.1+cu121"", ""cuda"": ""12.1"", ""gpu"": ""NVIDIA RTX A4500"", ""numpy"": ""1.26.0"", ""python"": ""3.10.12"", ""deterministic"": true, ""grad_clip_max_norm"": 1.0, ""CUBLAS_WORKSPACE_CONFIG"": "":4096:8"", ""CUDA_VISIBLE_DEVICES"": ""1""}",2026-08-21T17:08:16
VNAT_5s_tcpdur_random70_stratified_flowlevel_splitseed42_8feat_nst_250ms_seed2,VNAT,VNAT_5s_tcp_duration,5,random70_stratified_flowlevel_splitseed42,42,7aa2fe07e2ffeadb,Validation,4,nst,8feat,250ms,21,8,2,64,1459,630,best_val,20,12345,0,True,True,1.0,8.0251,100.0,29,80.6749,78.4517,80.7937,78.4517,"{""Chat"": 72.239, ""Control"": 93.651, ""File Transfer"": 70.27, ""Streaming"": 77.647}","{""Chat"": 67.598, ""Control"": 89.394, ""File Transfer"": 92.857, ""Streaming"": 82.845}","{""Chat"": 77.564, ""Control"": 98.333, ""File Transfer"": 56.522, ""Streaming"": 73.063}","{""Chat"": 156, ""Control"": 180, ""File Transfer"": 23, ""Streaming"": 271}","{""Chat"": 1.045129, ""Control"": 0.868452, ""File Transfer"": 5.883065, ""Streaming"": 0.580812}","{""Chat"": 349, ""Control"": 420, ""File Transfer"": 62, ""Streaming"": 628}",129730,checkpoints/VNAT_5s_tcp_duration_8feat_seed2/VNAT_5s_tcpdur_random70_stratified_flowlevel_splitseed42_8feat_nst_250ms_seed2.pth,1827074,22.3,OK,,"{""torch"": ""2.4.1+cu121"", ""cuda"": ""12.1"", ""gpu"": ""NVIDIA RTX A4500"", ""numpy"": ""1.26.0"", ""python"": ""3.10.12"", ""deterministic"": true, ""grad_clip_max_norm"": 1.0, ""CUBLAS_WORKSPACE_CONFIG"": "":4096:8"", ""CUDA_VISIBLE_DEVICES"": ""1""}",2026-08-21T17:08:38
VNAT_5s_tcpdur_random70_stratified_flowlevel_splitseed42_8feat_autoformer_250ms_seed0,VNAT,VNAT_5s_tcp_duration,5,random70_stratified_flowlevel_splitseed42,42,7aa2fe07e2ffeadb,Validation,4,autoformer,8feat,250ms,21,8,0,256,1459,630,best_val,47,12345,0,True,True,1.0,4.6022,88.8,61,78.4817,74.1817,78.4127,74.1817,"{""Chat"": 74.479, ""Control"": 92.063, ""File Transfer"": 57.778, ""Streaming"": 72.406}","{""Chat"": 62.719, ""Control"": 87.879, ""File Transfer"": 59.091, ""Streaming"": 90.11}","{""Chat"": 91.667, ""Control"": 96.667, ""File Transfer"": 56.522, ""Streaming"": 60.517}","{""Chat"": 156, ""Control"": 180, ""File Transfer"": 23, ""Streaming"": 271}","{""Chat"": 1.045129, ""Control"": 0.868452, ""File Transfer"": 5.883065, ""Streaming"": 0.580812}","{""Chat"": 349, ""Control"": 420, ""File Transfer"": 62, ""Streaming"": 628}",106180,checkpoints/VNAT_5s_tcp_duration_8feat_seed0/VNAT_5s_tcpdur_random70_stratified_flowlevel_splitseed42_8feat_autoformer_250ms_seed0.pth,1722306,18.4,OK,,"{""torch"": ""2.4.1+cu121"", ""cuda"": ""12.1"", ""gpu"": ""NVIDIA RTX A4500"", ""numpy"": ""1.26.0"", ""python"": ""3.10.12"", ""deterministic"": true, ""grad_clip_max_norm"": 1.0, ""CUBLAS_WORKSPACE_CONFIG"": "":4096:8"", ""CUDA_VISIBLE_DEVICES"": ""1""}",2026-08-21T17:08:57
VNAT_5s_tcpdur_random70_stratified_flowlevel_splitseed42_8feat_autoformer_250ms_seed1,VNAT,VNAT_5s_tcp_duration,5,random70_stratified_flowlevel_splitseed42,42,7aa2fe07e2ffeadb,Validation,4,autoformer,8feat,250ms,21,8,1,256,1459,630,best_val,48,12345,0,True,True,1.0,4.9391,88.44,62,79.5354,77.6489,82.2222,77.6489,"{""Chat"": 79.784, ""Control"": 92.308, ""File Transfer"": 60.465, ""Streaming"": 78.038}","{""Chat"": 68.837, ""Control"": 88.325, ""File Transfer"": 65.0, ""Streaming"": 92.424}","{""Chat"": 94.872, ""Control"": 96.667, ""File Transfer"": 56.522, ""Streaming"": 67.528}","{""Chat"": 156, ""Control"": 180, ""File Transfer"": 23, ""Streaming"": 271}","{""Chat"": 1.045129, ""Control"": 0.868452, ""File Transfer"": 5.883065, ""Streaming"": 0.580812}","{""Chat"": 349, ""Control"": 420, ""File Transfer"": 62, ""Streaming"": 628}",106180,checkpoints/VNAT_5s_tcp_duration_8feat_seed1/VNAT_5s_tcpdur_random70_stratified_flowlevel_splitseed42_8feat_autoformer_250ms_seed1.pth,1722306,18.4,OK,,"{""torch"": ""2.4.1+cu121"", ""cuda"": ""12.1"", ""gpu"": ""NVIDIA RTX A4500"", ""numpy"": ""1.26.0"", ""python"": ""3.10.12"", ""deterministic"": true, ""grad_clip_max_norm"": 1.0, ""CUBLAS_WORKSPACE_CONFIG"": "":4096:8"", ""CUDA_VISIBLE_DEVICES"": ""1""}",2026-08-21T17:09:15
VNAT_5s_tcpdur_random70_stratified_flowlevel_splitseed42_8feat_autoformer_250ms_seed2,VNAT,VNAT_5s_tcp_duration,5,random70_stratified_flowlevel_splitseed42,42,7aa2fe07e2ffeadb,Validation,4,autoformer,8feat,250ms,21,8,2,256,1459,630,best_val,17,12345,0,True,True,1.0,5.2594,86.22,52,72.7946,71.166,75.7143,71.166,"{""Chat"": 73.057, ""Control"": 89.848, ""File Transfer"": 54.167, ""Streaming"": 67.593}","{""Chat"": 61.304, ""Control"": 82.71, ""File Transfer"": 52.0, ""Streaming"": 90.683}","{""Chat"": 90.385, ""Control"": 98.333, ""File Transfer"": 56.522, ""Streaming"": 53.875}","{""Chat"": 156, ""Control"": 180, ""File Transfer"": 23, ""Streaming"": 271}","{""Chat"": 1.045129, ""Control"": 0.868452, ""File Transfer"": 5.883065, ""Streaming"": 0.580812}","{""Chat"": 349, ""Control"": 420, ""File Transfer"": 62, ""Streaming"": 628}",106180,checkpoints/VNAT_5s_tcp_duration_8feat_seed2/VNAT_5s_tcpdur_random70_stratified_flowlevel_splitseed42_8feat_autoformer_250ms_seed2.pth,1722306,15.8,OK,,"{""torch"": ""2.4.1+cu121"", ""cuda"": ""12.1"", ""gpu"": ""NVIDIA RTX A4500"", ""numpy"": ""1.26.0"", ""python"": ""3.10.12"", ""deterministic"": true, ""grad_clip_max_norm"": 1.0, ""CUBLAS_WORKSPACE_CONFIG"": "":4096:8"", ""CUDA_VISIBLE_DEVICES"": ""1""}",2026-08-21T17:09:31
VNAT_5s_tcpdur_random70_stratified_flowlevel_splitseed42_8feat_fedformer_250ms_seed0,VNAT,VNAT_5s_tcp_duration,5,random70_stratified_flowlevel_splitseed42,42,7aa2fe07e2ffeadb,Validation,4,fedformer,8feat,250ms,21,8,0,256,1459,630,best_val,36,12345,4,True,True,1.0,6.2347,82.65,49,75.7973,72.0022,75.2381,72.0022,"{""Chat"": 71.717, ""Control"": 91.146, ""File Transfer"": 59.091, ""Streaming"": 66.055}","{""Chat"": 59.167, ""Control"": 85.784, ""File Transfer"": 61.905, ""Streaming"": 87.273}","{""Chat"": 91.026, ""Control"": 97.222, ""File Transfer"": 56.522, ""Streaming"": 53.137}","{""Chat"": 156, ""Control"": 180, ""File Transfer"": 23, ""Streaming"": 271}","{""Chat"": 1.045129, ""Control"": 0.868452, ""File Transfer"": 5.883065, ""Streaming"": 0.580812}","{""Chat"": 349, ""Control"": 420, ""File Transfer"": 62, ""Streaming"": 628}",214085,checkpoints/VNAT_5s_tcp_duration_8feat_seed0/VNAT_5s_tcpdur_random70_stratified_flowlevel_splitseed42_8feat_fedformer_250ms_seed0.pth,3452332,39.5,OK,,"{""torch"": ""2.4.1+cu121"", ""cuda"": ""12.1"", ""gpu"": ""NVIDIA RTX A4500"", ""numpy"": ""1.26.0"", ""python"": ""3.10.12"", ""deterministic"": true, ""grad_clip_max_norm"": 1.0, ""CUBLAS_WORKSPACE_CONFIG"": "":4096:8"", ""CUDA_VISIBLE_DEVICES"": ""1""}",2026-08-21T17:10:11
VNAT_5s_tcpdur_random70_stratified_flowlevel_splitseed42_8feat_fedformer_250ms_seed1,VNAT,VNAT_5s_tcp_duration,5,random70_stratified_flowlevel_splitseed42,42,7aa2fe07e2ffeadb,Validation,4,fedformer,8feat,250ms,21,8,1,256,1459,630,best_val,42,12345,4,True,True,1.0,3.4942,80.56,54,76.4477,73.5882,76.5079,73.5882,"{""Chat"": 72.319, ""Control"": 91.623, ""File Transfer"": 61.905, ""Streaming"": 68.506}","{""Chat"": 59.184, ""Control"": 86.634, ""File Transfer"": 68.421, ""Streaming"": 90.854}","{""Chat"": 92.949, ""Control"": 97.222, ""File Transfer"": 56.522, ""Streaming"": 54.982}","{""Chat"": 156, ""Control"": 180, ""File Transfer"": 23, ""Streaming"": 271}","{""Chat"": 1.045129, ""Control"": 0.868452, ""File Transfer"": 5.883065, ""Streaming"": 0.580812}","{""Chat"": 349, ""Control"": 420, ""File Transfer"": 62, ""Streaming"": 628}",214085,checkpoints/VNAT_5s_tcp_duration_8feat_seed1/VNAT_5s_tcpdur_random70_stratified_flowlevel_splitseed42_8feat_fedformer_250ms_seed1.pth,3452332,44.0,OK,,"{""torch"": ""2.4.1+cu121"", ""cuda"": ""12.1"", ""gpu"": ""NVIDIA RTX A4500"", ""numpy"": ""1.26.0"", ""python"": ""3.10.12"", ""deterministic"": true, ""grad_clip_max_norm"": 1.0, ""CUBLAS_WORKSPACE_CONFIG"": "":4096:8"", ""CUDA_VISIBLE_DEVICES"": ""1""}",2026-08-21T17:10:55
VNAT_5s_tcpdur_random70_stratified_flowlevel_splitseed42_8feat_fedformer_250ms_seed2,VNAT,VNAT_5s_tcp_duration,5,random70_stratified_flowlevel_splitseed42,42,7aa2fe07e2ffeadb,Validation,4,fedformer,8feat,250ms,21,8,2,256,1459,630,best_val,38,12345,4,True,True,1.0,3.4258,82.03,51,75.3981,71.8084,74.7619,71.8084,"{""Chat"": 71.357, ""Control"": 90.306, ""File Transfer"": 60.465, ""Streaming"": 65.105}","{""Chat"": 58.678, ""Control"": 83.491, ""File Transfer"": 65.0, ""Streaming"": 89.103}","{""Chat"": 91.026, ""Control"": 98.333, ""File Transfer"": 56.522, ""Streaming"": 51.292}","{""Chat"": 156, ""Control"": 180, ""File Transfer"": 23, ""Streaming"": 271}","{""Chat"": 1.045129, ""Control"": 0.868452, ""File Transfer"": 5.883065, ""Streaming"": 0.580812}","{""Chat"": 349, ""Control"": 420, ""File Transfer"": 62, ""Streaming"": 628}",214085,checkpoints/VNAT_5s_tcp_duration_8feat_seed2/VNAT_5s_tcpdur_random70_stratified_flowlevel_splitseed42_8feat_fedformer_250ms_seed2.pth,3452332,40.8,OK,,"{""torch"": ""2.4.1+cu121"", ""cuda"": ""12.1"", ""gpu"": ""NVIDIA RTX A4500"", ""numpy"": ""1.26.0"", ""python"": ""3.10.12"", ""deterministic"": true, ""grad_clip_max_norm"": 1.0, ""CUBLAS_WORKSPACE_CONFIG"": "":4096:8"", ""CUDA_VISIBLE_DEVICES"": ""1""}",2026-08-21T17:11:36
VNAT_5s_tcpdur_random70_stratified_flowlevel_splitseed42_8feat_timemixer_250ms_seed0,VNAT,VNAT_5s_tcp_duration,5,random70_stratified_flowlevel_splitseed42,42,7aa2fe07e2ffeadb,Validation,4,timemixer,8feat,250ms,21,8,0,256,1459,630,best_val,34,12345,0,True,True,1.0,9.7966,37.24,64,75.2735,75.3529,75.5556,75.3529,"{""Chat"": 68.421, ""Control"": 92.722, ""File Transfer"": 72.222, ""Streaming"": 68.046}","{""Chat"": 54.58, ""Control"": 90.052, ""File Transfer"": 100.0, ""Streaming"": 90.244}","{""Chat"": 91.667, ""Control"": 95.556, ""File Transfer"": 56.522, ""Streaming"": 54.613}","{""Chat"": 156, ""Control"": 180, ""File Transfer"": 23, ""Streaming"": 271}","{""Chat"": 1.045129, ""Control"": 0.868452, ""File Transfer"": 5.883065, ""Streaming"": 0.580812}","{""Chat"": 349, ""Control"": 420, ""File Transfer"": 62, ""Streaming"": 628}",142448,checkpoints/VNAT_5s_tcp_duration_8feat_seed0/VNAT_5s_tcpdur_random70_stratified_flowlevel_splitseed42_8feat_timemixer_250ms_seed0.pth,1886346,20.0,OK,,"{""torch"": ""2.4.1+cu121"", ""cuda"": ""12.1"", ""gpu"": ""NVIDIA RTX A4500"", ""numpy"": ""1.26.0"", ""python"": ""3.10.12"", ""deterministic"": true, ""grad_clip_max_norm"": 1.0, ""CUBLAS_WORKSPACE_CONFIG"": "":4096:8"", ""CUDA_VISIBLE_DEVICES"": ""1""}",2026-08-21T17:11:56
VNAT_5s_tcpdur_random70_stratified_flowlevel_splitseed42_8feat_timemixer_250ms_seed1,VNAT,VNAT_5s_tcp_duration,5,random70_stratified_flowlevel_splitseed42,42,7aa2fe07e2ffeadb,Validation,4,timemixer,8feat,250ms,21,8,1,256,1459,630,best_val,42,12345,0,True,True,1.0,18.6724,34.54,69,76.3002,72.8603,74.7619,72.8603,"{""Chat"": 69.873, ""Control"": 90.206, ""File Transfer"": 65.0, ""Streaming"": 66.362}","{""Chat"": 57.741, ""Control"": 84.135, ""File Transfer"": 76.471, ""Streaming"": 87.349}","{""Chat"": 88.462, ""Control"": 97.222, ""File Transfer"": 56.522, ""Streaming"": 53.506}","{""Chat"": 156, ""Control"": 180, ""File Transfer"": 23, ""Streaming"": 271}","{""Chat"": 1.045129, ""Control"": 0.868452, ""File Transfer"": 5.883065, ""Streaming"": 0.580812}","{""Chat"": 349, ""Control"": 420, ""File Transfer"": 62, ""Streaming"": 628}",142448,checkpoints/VNAT_5s_tcp_duration_8feat_seed1/VNAT_5s_tcpdur_random70_stratified_flowlevel_splitseed42_8feat_timemixer_250ms_seed1.pth,1886346,20.3,OK,,"{""torch"": ""2.4.1+cu121"", ""cuda"": ""12.1"", ""gpu"": ""NVIDIA RTX A4500"", ""numpy"": ""1.26.0"", ""python"": ""3.10.12"", ""deterministic"": true, ""grad_clip_max_norm"": 1.0, ""CUBLAS_WORKSPACE_CONFIG"": "":4096:8"", ""CUDA_VISIBLE_DEVICES"": ""1""}",2026-08-21T17:12:16
VNAT_5s_tcpdur_random70_stratified_flowlevel_splitseed42_8feat_timemixer_250ms_seed2,VNAT,VNAT_5s_tcp_duration,5,random70_stratified_flowlevel_splitseed42,42,7aa2fe07e2ffeadb,Validation,4,timemixer,8feat,250ms,21,8,2,256,1459,630,best_val,43,12345,0,True,True,1.0,3.3368,34.87,65,77.9559,75.4296,76.5079,75.4296,"{""Chat"": 70.707, ""Control"": 91.667, ""File Transfer"": 70.27, ""Streaming"": 69.074}","{""Chat"": 58.333, ""Control"": 86.275, ""File Transfer"": 92.857, ""Streaming"": 88.953}","{""Chat"": 89.744, ""Control"": 97.778, ""File Transfer"": 56.522, ""Streaming"": 56.458}","{""Chat"": 156, ""Control"": 180, ""File Transfer"": 23, ""Streaming"": 271}","{""Chat"": 1.045129, ""Control"": 0.868452, ""File Transfer"": 5.883065, ""Streaming"": 0.580812}","{""Chat"": 349, ""Control"": 420, ""File Transfer"": 62, ""Streaming"": 628}",142448,checkpoints/VNAT_5s_tcp_duration_8feat_seed2/VNAT_5s_tcpdur_random70_stratified_flowlevel_splitseed42_8feat_timemixer_250ms_seed2.pth,1886346,20.9,OK,,"{""torch"": ""2.4.1+cu121"", ""cuda"": ""12.1"", ""gpu"": ""NVIDIA RTX A4500"", ""numpy"": ""1.26.0"", ""python"": ""3.10.12"", ""deterministic"": true, ""grad_clip_max_norm"": 1.0, ""CUBLAS_WORKSPACE_CONFIG"": "":4096:8"", ""CUDA_VISIBLE_DEVICES"": ""1""}",2026-08-21T17:12:37
